!SESSION 2026-07-22 23:14:59.648 -----------------------------------------------
eclipse.buildId=unknown
java.version=1.8.0_144
java.vendor=Oracle Corporation
BootLoader constants: OS=win32, ARCH=x86_64, WS=win32, NL=zh_CN
Command-line arguments:  -os win32 -ws win32 -arch x86_64 -clean

This is a continuation of log file F:\code\vibe_project\rollerball\.metadata\.bak_6.log
Created Time: 2026-07-22 23:15:22.453

!ENTRY org.eclipse.debug.core 4 125 2026-07-22 23:15:22.453
!MESSAGE 调试核心所记录的错误：
!STACK 1
org.eclipse.debug.core.DebugException: 读取启动配置文件 F:\code\vibe_project\rollerball\M55\libraries\components\mtb-device-support-pse8xxgp\make\make\scripts\interface_version_4\eclipse\CM55\ram\virgin\KitProg3\multi\&&_PRJ_NAME&& Add CM55 to CM33 RAM (KitProg3_MiniProg4).launch 时发生了 org.xml.sax.SAXParseException; lineNumber: 3; columnNumber: 66; 在实体引用中, 实体名称必须紧跟在 '&' 后面。。
	at org.eclipse.debug.internal.core.LaunchManager.createDebugException(LaunchManager.java:886)
	at org.eclipse.debug.internal.core.LaunchManager.throwException(LaunchManager.java:2448)
	at org.eclipse.debug.internal.core.LaunchManager.getInfo(LaunchManager.java:1366)
	at org.eclipse.debug.internal.core.LaunchConfiguration.getInfo(LaunchConfiguration.java:490)
	at org.eclipse.debug.internal.core.LaunchConfiguration.getType(LaunchConfiguration.java:645)
	at org.eclipse.debug.internal.core.LaunchManager.isValid(LaunchManager.java:2091)
	at org.eclipse.debug.internal.core.LaunchManager.verifyConfigurations(LaunchManager.java:2462)
	at org.eclipse.debug.internal.core.LaunchManager.getAllLaunchConfigurations(LaunchManager.java:1140)
	at org.eclipse.debug.internal.core.LaunchManager.getLaunchConfigurations(LaunchManager.java:1444)
	at org.eclipse.debug.internal.core.LaunchManager.getLaunchConfigurations(LaunchManager.java:1439)
	at org.eclipse.debug.internal.ui.launchConfigurations.LaunchConfigurationManager.restoreHistory(LaunchConfigurationManager.java:573)
	at org.eclipse.debug.internal.ui.launchConfigurations.LaunchConfigurationManager.restoreLaunchHistory(LaunchConfigurationManager.java:542)
	at org.eclipse.debug.internal.ui.launchConfigurations.LaunchConfigurationManager.loadLaunchHistories(LaunchConfigurationManager.java:1070)
	at org.eclipse.debug.internal.ui.launchConfigurations.LaunchConfigurationManager.getLaunchHistory(LaunchConfigurationManager.java:1042)
	at org.eclipse.debug.ui.actions.AbstractLaunchHistoryAction.internalGetHistory(AbstractLaunchHistoryAction.java:550)
	at org.eclipse.debug.ui.actions.AbstractLaunchHistoryAction.getToolTip(AbstractLaunchHistoryAction.java:236)
	at org.eclipse.debug.ui.actions.AbstractLaunchHistoryAction.updateTooltip(AbstractLaunchHistoryAction.java:201)
	at org.eclipse.debug.ui.actions.AbstractLaunchHistoryAction.initialize(AbstractLaunchHistoryAction.java:171)
	at org.eclipse.debug.ui.actions.AbstractLaunchHistoryAction.selectionChanged(AbstractLaunchHistoryAction.java:516)
	at org.eclipse.ui.internal.PluginAction.refreshEnablement(PluginAction.java:209)
	at org.eclipse.ui.internal.PluginAction.createDelegate(PluginAction.java:129)
	at org.eclipse.ui.internal.WWinPluginAction.refreshActionList(WWinPluginAction.java:165)
	at org.eclipse.ui.plugin.AbstractUIPlugin.lambda$0(AbstractUIPlugin.java:552)
	at org.eclipse.swt.widgets.RunnableLock.run(RunnableLock.java:40)
	at org.eclipse.swt.widgets.Synchronizer.runAsyncMessages(Synchronizer.java:185)
	at org.eclipse.swt.widgets.Display.runAsyncMessages(Display.java:3919)
	at org.eclipse.swt.widgets.Display.readAndDispatch(Display.java:3550)
	at org.eclipse.e4.ui.internal.workbench.swt.PartRenderingEngine$5.run(PartRenderingEngine.java:1173)
	at org.eclipse.core.databinding.observable.Realm.runWithDefault(Realm.java:339)
	at org.eclipse.e4.ui.internal.workbench.swt.PartRenderingEngine.run(PartRenderingEngine.java:1062)
	at org.eclipse.e4.ui.internal.workbench.E4Workbench.createAndRunUI(E4Workbench.java:156)
	at org.eclipse.ui.internal.Workbench.lambda$3(Workbench.java:642)
	at org.eclipse.core.databinding.observable.Realm.runWithDefault(Realm.java:339)
	at org.eclipse.ui.internal.Workbench.createAndRunWorkbench(Workbench.java:569)
	at org.eclipse.ui.PlatformUI.createAndRunWorkbench(PlatformUI.java:151)
	at org.rtthread.studio.application.Application.start(Application.java:224)
	at org.eclipse.equinox.internal.app.EclipseAppHandle.run(EclipseAppHandle.java:203)
	at org.eclipse.core.runtime.internal.adaptor.EclipseAppLauncher.runApplication(EclipseAppLauncher.java:137)
	at org.eclipse.core.runtime.internal.adaptor.EclipseAppLauncher.start(EclipseAppLauncher.java:107)
	at org.eclipse.core.runtime.adaptor.EclipseStarter.run(EclipseStarter.java:400)
	at org.eclipse.core.runtime.adaptor.EclipseStarter.run(EclipseStarter.java:255)
	at sun.reflect.NativeMethodAccessorImpl.invoke0(Native Method)
	at sun.reflect.NativeMethodAccessorImpl.invoke(NativeMethodAccessorImpl.java:62)
	at sun.reflect.DelegatingMethodAccessorImpl.invoke(DelegatingMethodAccessorImpl.java:43)
	at java.lang.reflect.Method.invoke(Method.java:498)
	at org.eclipse.equinox.launcher.Main.invokeFramework(Main.java:659)
	at org.eclipse.equinox.launcher.Main.basicRun(Main.java:595)
	at org.eclipse.equinox.launcher.Main.run(Main.java:1501)
Caused by: org.xml.sax.SAXParseException; lineNumber: 3; columnNumber: 66; 在实体引用中, 实体名称必须紧跟在 '&' 后面。
	at com.sun.org.apache.xerces.internal.util.ErrorHandlerWrapper.createSAXParseException(ErrorHandlerWrapper.java:203)
	at com.sun.org.apache.xerces.internal.util.ErrorHandlerWrapper.fatalError(ErrorHandlerWrapper.java:177)
	at com.sun.org.apache.xerces.internal.impl.XMLErrorReporter.reportError(XMLErrorReporter.java:400)
	at com.sun.org.apache.xerces.internal.impl.XMLErrorReporter.reportError(XMLErrorReporter.java:327)
	at com.sun.org.apache.xerces.internal.impl.XMLScanner.reportFatalError(XMLScanner.java:1472)
	at com.sun.org.apache.xerces.internal.impl.XMLScanner.scanAttributeValue(XMLScanner.java:908)
	at com.sun.org.apache.xerces.internal.impl.XMLDocumentFragmentScannerImpl.scanAttribute(XMLDocumentFragmentScannerImpl.java:1548)
	at com.sun.org.apache.xerces.internal.impl.XMLDocumentFragmentScannerImpl.scanStartElement(XMLDocumentFragmentScannerImpl.java:1315)
	at com.sun.org.apache.xerces.internal.impl.XMLDocumentFragmentScannerImpl$FragmentContentDriver.next(XMLDocumentFragmentScannerImpl.java:2784)
	at com.sun.org.apache.xerces.internal.impl.XMLDocumentScannerImpl.next(XMLDocumentScannerImpl.java:602)
	at com.sun.org.apache.xerces.internal.impl.XMLDocumentFragmentScannerImpl.scanDocument(XMLDocumentFragmentScannerImpl.java:505)
	at com.sun.org.apache.xerces.internal.parsers.XML11Configuration.parse(XML11Configuration.java:841)
	at com.sun.org.apache.xerces.internal.parsers.XML11Configuration.parse(XML11Configuration.java:770)
	at com.sun.org.apache.xerces.internal.parsers.XMLParser.parse(XMLParser.java:141)
	at com.sun.org.apache.xerces.internal.parsers.DOMParser.parse(DOMParser.java:243)
	at com.sun.org.apache.xerces.internal.jaxp.DocumentBuilderImpl.parse(DocumentBuilderImpl.java:339)
	at org.eclipse.debug.internal.core.LaunchManager.createInfoFromXML(LaunchManager.java:935)
	at org.eclipse.debug.internal.core.LaunchManager.getInfo(LaunchManager.java:1359)
	... 45 more
!SUBENTRY 1 org.eclipse.debug.core 4 5012 2026-07-22 23:15:22.453
!MESSAGE 读取启动配置文件 F:\code\vibe_project\rollerball\M55\libraries\components\mtb-device-support-pse8xxgp\make\make\scripts\interface_version_4\eclipse\CM55\ram\virgin\KitProg3\multi\&&_PRJ_NAME&& Add CM55 to CM33 RAM (KitProg3_MiniProg4).launch 时发生了 org.xml.sax.SAXParseException; lineNumber: 3; columnNumber: 66; 在实体引用中, 实体名称必须紧跟在 '&' 后面。。
!STACK 0
org.xml.sax.SAXParseException; lineNumber: 3; columnNumber: 66; 在实体引用中, 实体名称必须紧跟在 '&' 后面。
	at com.sun.org.apache.xerces.internal.util.ErrorHandlerWrapper.createSAXParseException(ErrorHandlerWrapper.java:203)
	at com.sun.org.apache.xerces.internal.util.ErrorHandlerWrapper.fatalError(ErrorHandlerWrapper.java:177)
	at com.sun.org.apache.xerces.internal.impl.XMLErrorReporter.reportError(XMLErrorReporter.java:400)
	at com.sun.org.apache.xerces.internal.impl.XMLErrorReporter.reportError(XMLErrorReporter.java:327)
	at com.sun.org.apache.xerces.internal.impl.XMLScanner.reportFatalError(XMLScanner.java:1472)
	at com.sun.org.apache.xerces.internal.impl.XMLScanner.scanAttributeValue(XMLScanner.java:908)
	at com.sun.org.apache.xerces.internal.impl.XMLDocumentFragmentScannerImpl.scanAttribute(XMLDocumentFragmentScannerImpl.java:1548)
	at com.sun.org.apache.xerces.internal.impl.XMLDocumentFragmentScannerImpl.scanStartElement(XMLDocumentFragmentScannerImpl.java:1315)
	at com.sun.org.apache.xerces.internal.impl.XMLDocumentFragmentScannerImpl$FragmentContentDriver.next(XMLDocumentFragmentScannerImpl.java:2784)
	at com.sun.org.apache.xerces.internal.impl.XMLDocumentScannerImpl.next(XMLDocumentScannerImpl.java:602)
	at com.sun.org.apache.xerces.internal.impl.XMLDocumentFragmentScannerImpl.scanDocument(XMLDocumentFragmentScannerImpl.java:505)
	at com.sun.org.apache.xerces.internal.parsers.XML11Configuration.parse(XML11Configuration.java:841)
	at com.sun.org.apache.xerces.internal.parsers.XML11Configuration.parse(XML11Configuration.java:770)
	at com.sun.org.apache.xerces.internal.parsers.XMLParser.parse(XMLParser.java:141)
	at com.sun.org.apache.xerces.internal.parsers.DOMParser.parse(DOMParser.java:243)
	at com.sun.org.apache.xerces.internal.jaxp.DocumentBuilderImpl.parse(DocumentBuilderImpl.java:339)
	at org.eclipse.debug.internal.core.LaunchManager.createInfoFromXML(LaunchManager.java:935)
	at org.eclipse.debug.internal.core.LaunchManager.getInfo(LaunchManager.java:1359)
	at org.eclipse.debug.internal.core.LaunchConfiguration.getInfo(LaunchConfiguration.java:490)
	at org.eclipse.debug.internal.core.LaunchConfiguration.getType(LaunchConfiguration.java:645)
	at org.eclipse.debug.internal.core.LaunchManager.isValid(LaunchManager.java:2091)
	at org.eclipse.debug.internal.core.LaunchManager.verifyConfigurations(LaunchManager.java:2462)
	at org.eclipse.debug.internal.core.LaunchManager.getAllLaunchConfigurations(LaunchManager.java:1140)
	at org.eclipse.debug.internal.core.LaunchManager.getLaunchConfigurations(LaunchManager.java:1444)
	at org.eclipse.debug.internal.core.LaunchManager.getLaunchConfigurations(LaunchManager.java:1439)
	at org.eclipse.debug.internal.ui.launchConfigurations.LaunchConfigurationManager.restoreHistory(LaunchConfigurationManager.java:573)
	at org.eclipse.debug.internal.ui.launchConfigurations.LaunchConfigurationManager.restoreLaunchHistory(LaunchConfigurationManager.java:542)
	at org.eclipse.debug.internal.ui.launchConfigurations.LaunchConfigurationManager.loadLaunchHistories(LaunchConfigurationManager.java:1070)
	at org.eclipse.debug.internal.ui.launchConfigurations.LaunchConfigurationManager.getLaunchHistory(LaunchConfigurationManager.java:1042)
	at org.eclipse.debug.ui.actions.AbstractLaunchHistoryAction.internalGetHistory(AbstractLaunchHistoryAction.java:550)
	at org.eclipse.debug.ui.actions.AbstractLaunchHistoryAction.getToolTip(AbstractLaunchHistoryAction.java:236)
	at org.eclipse.debug.ui.actions.AbstractLaunchHistoryAction.updateTooltip(AbstractLaunchHistoryAction.java:201)
	at org.eclipse.debug.ui.actions.AbstractLaunchHistoryAction.initialize(AbstractLaunchHistoryAction.java:171)
	at org.eclipse.debug.ui.actions.AbstractLaunchHistoryAction.selectionChanged(AbstractLaunchHistoryAction.java:516)
	at org.eclipse.ui.internal.PluginAction.refreshEnablement(PluginAction.java:209)
	at org.eclipse.ui.internal.PluginAction.createDelegate(PluginAction.java:129)
	at org.eclipse.ui.internal.WWinPluginAction.refreshActionList(WWinPluginAction.java:165)
	at org.eclipse.ui.plugin.AbstractUIPlugin.lambda$0(AbstractUIPlugin.java:552)
	at org.eclipse.swt.widgets.RunnableLock.run(RunnableLock.java:40)
	at org.eclipse.swt.widgets.Synchronizer.runAsyncMessages(Synchronizer.java:185)
	at org.eclipse.swt.widgets.Display.runAsyncMessages(Display.java:3919)
	at org.eclipse.swt.widgets.Display.readAndDispatch(Display.java:3550)
	at org.eclipse.e4.ui.internal.workbench.swt.PartRenderingEngine$5.run(PartRenderingEngine.java:1173)
	at org.eclipse.core.databinding.observable.Realm.runWithDefault(Realm.java:339)
	at org.eclipse.e4.ui.internal.workbench.swt.PartRenderingEngine.run(PartRenderingEngine.java:1062)
	at org.eclipse.e4.ui.internal.workbench.E4Workbench.createAndRunUI(E4Workbench.java:156)
	at org.eclipse.ui.internal.Workbench.lambda$3(Workbench.java:642)
	at org.eclipse.core.databinding.observable.Realm.runWithDefault(Realm.java:339)
	at org.eclipse.ui.internal.Workbench.createAndRunWorkbench(Workbench.java:569)
	at org.eclipse.ui.PlatformUI.createAndRunWorkbench(PlatformUI.java:151)
	at org.rtthread.studio.application.Application.start(Application.java:224)
	at org.eclipse.equinox.internal.app.EclipseAppHandle.run(EclipseAppHandle.java:203)
	at org.eclipse.core.runtime.internal.adaptor.EclipseAppLauncher.runApplication(EclipseAppLauncher.java:137)
	at org.eclipse.core.runtime.internal.adaptor.EclipseAppLauncher.start(EclipseAppLauncher.java:107)
	at org.eclipse.core.runtime.adaptor.EclipseStarter.run(EclipseStarter.java:400)
	at org.eclipse.core.runtime.adaptor.EclipseStarter.run(EclipseStarter.java:255)
	at sun.reflect.NativeMethodAccessorImpl.invoke0(Native Method)
	at sun.reflect.NativeMethodAccessorImpl.invoke(NativeMethodAccessorImpl.java:62)
	at sun.reflect.DelegatingMethodAccessorImpl.invoke(DelegatingMethodAccessorImpl.java:43)
	at java.lang.reflect.Method.invoke(Method.java:498)
	at org.eclipse.equinox.launcher.Main.invokeFramework(Main.java:659)
	at org.eclipse.equinox.launcher.Main.basicRun(Main.java:595)
	at org.eclipse.equinox.launcher.Main.run(Main.java:1501)

!ENTRY org.rt-thread.studio.common.ui 1 0 2026-07-22 23:15:23.051
!MESSAGE eyJoYXNSZXEiOmZhbHNlfQ==

!ENTRY org.rt-thread.studio.application 4 4 2026-07-22 23:15:28.007
!MESSAGE start pkgs upgrade......

!ENTRY org.rt-thread.studio.common.core 4 4 2026-07-22 23:15:28.008
!MESSAGE =====>destiDir D:/RtThread/RT-ThreadStudio/platform/env_released/env

!ENTRY org.rt-thread.studio.common.core 4 4 2026-07-22 23:15:28.009
!MESSAGE ---toolchainpath--> D:/RtThread/RT-ThreadStudio/repo/Extract/ToolChain_Support_Packages/ARM/GNU_Tools_for_ARM_Embedded_Processors/5.4.1/bin

!ENTRY org.eclipse.ui 4 4 2026-07-22 23:15:30.151
!MESSAGE Unable to associate action set with part: org.eclipse.cdt.ui.editor.CEditor. Action set org.eclipse.cdt.ui.SearchActionSet not found.

!ENTRY org.eclipse.launchbar.core 2 0 2026-07-22 23:15:30.197
!MESSAGE Enablement expression is missing for descriptor type org.eclipse.cdt.debug.core.coreBuildDescriptorType

!ENTRY org.eclipse.launchbar.core 2 0 2026-07-22 23:15:30.198
!MESSAGE Enablement expression is missing for config provider for org.eclipse.cdt.debug.core.coreBuildDescriptorType

!ENTRY org.eclipse.launchbar.core 2 0 2026-07-22 23:15:30.199
!MESSAGE Enablement expression is missing for config provider for org.eclipse.cdt.debug.core.coreBuildDescriptorType

!ENTRY org.rt-thread.studio.application 4 4 2026-07-22 23:16:33.013
!MESSAGE end pkgs upgrade......

!ENTRY org.rt-thread.studio.flash.ui 1 0 2026-07-22 23:24:55.048
!MESSAGE VENDOR_SUPPORT_DEBUGGER_CONFIG -> [{"debuggers":["J-Link","OpenOCD"],"vendor":"HPMicro"},{"debuggers":["NU-LINK"],"vendor":"Nuvoton"},{"debuggers":["WCH-LINK"],"vendor":"WCH"}]

!ENTRY org.rt-thread.studio.flash.ui 1 0 2026-07-22 23:25:07.664
!MESSAGE VENDOR_SUPPORT_DEBUGGER_CONFIG -> [{"debuggers":["J-Link","OpenOCD"],"vendor":"HPMicro"},{"debuggers":["NU-LINK"],"vendor":"Nuvoton"},{"debuggers":["WCH-LINK"],"vendor":"WCH"}]

!ENTRY org.rt-thread.studio.common.core 4 4 2026-07-22 23:32:03.643
!MESSAGE =====>destiDir F:\code\vibe_project\rollerball\M55

!ENTRY org.rt-thread.studio.common.core 4 4 2026-07-22 23:32:03.643
!MESSAGE activeProj --> M55

!ENTRY org.rt-thread.studio.common.core 4 4 2026-07-22 23:32:03.646
!MESSAGE ----calculateTargetToolInvoking: Cross ARM C Linker

!ENTRY org.rt-thread.studio.common.core 4 4 2026-07-22 23:32:03.646
!MESSAGE =====> toolChainPath ==> ${toolchain_install_path}/ARM/GNU_Tools_for_ARM_Embedded_Processors/13.3/bin

!ENTRY org.rt-thread.studio.common.core 4 4 2026-07-22 23:32:03.648
!MESSAGE getToolChainPath -> D:/RtThread/RT-ThreadStudio/repo/Extract/ToolChain_Support_Packages/ARM/GNU_Tools_for_ARM_Embedded_Processors/13.3/bin

!ENTRY org.rt-thread.studio.common.core 4 4 2026-07-22 23:32:03.648
!MESSAGE ---toolchainpath--> D:/RtThread/RT-ThreadStudio/repo/Extract/ToolChain_Support_Packages/ARM/GNU_Tools_for_ARM_Embedded_Processors/13.3/bin

!ENTRY org.rt-thread.studio.common.ui 1 0 2026-07-22 23:32:03.755
!MESSAGE D:\RtThread\RT-ThreadStudio>cd /d F:\code\vibe_project\rollerball\M55 

!ENTRY org.rt-thread.studio.common.ui 1 0 2026-07-22 23:32:03.757
!MESSAGE F:\code\vibe_project\rollerball\M55>set RTT_ROOT= 

!ENTRY org.rt-thread.studio.common.ui 1 0 2026-07-22 23:32:03.757
!MESSAGE F:\code\vibe_project\rollerball\M55>set ENV_ROOT=D:/RtThread/RT-ThreadStudio/platform/env_released/env 

!ENTRY org.rt-thread.studio.common.ui 1 0 2026-07-22 23:32:03.759
!MESSAGE F:\code\vibe_project\rollerball\M55>set RTT_EXEC_PATH=D:/RtThread/RT-ThreadStudio/repo/Extract/ToolChain_Support_Packages/ARM/GNU_Tools_for_ARM_Embedded_Processors/13.3/bin 

!ENTRY org.rt-thread.studio.common.ui 1 0 2026-07-22 23:32:03.759
!MESSAGE F:\code\vibe_project\rollerball\M55>set KCONF_EXEC_PATH=D:/RtThread/RT-ThreadStudio/platform/env_released/env\tools\exec 

!ENTRY org.rt-thread.studio.common.ui 1 0 2026-07-22 23:32:03.759
!MESSAGE F:\code\vibe_project\rollerball\M55>set RTT_CC=gcc 

!ENTRY org.rt-thread.studio.common.ui 1 0 2026-07-22 23:32:03.759
!MESSAGE F:\code\vibe_project\rollerball\M55>set RTTS_PLATFORM=STUDIO 

!ENTRY org.rt-thread.studio.common.ui 1 0 2026-07-22 23:32:03.759
!MESSAGE F:\code\vibe_project\rollerball\M55>set SCONS=D:/RtThread/RT-ThreadStudio/platform/env_released/env\tools\Python27\Scripts 

!ENTRY org.rt-thread.studio.common.ui 1 0 2026-07-22 23:32:03.764
!MESSAGE F:\code\vibe_project\rollerball\M55>set PKGS_ROOT=D:/RtThread/RT-ThreadStudio/platform/env_released/env\packages 

!ENTRY org.rt-thread.studio.common.ui 1 0 2026-07-22 23:32:03.764
!MESSAGE F:\code\vibe_project\rollerball\M55>set PATH=D:/RtThread/RT-ThreadStudio/platform/env_released/env\tools\MinGit-2.25.1-32-bit\cmd;D:/RtThread/RT-ThreadStudio/jre/bin/server;D:/RtThread/RT-ThreadStudio/jre/bin;D:/RtThread/RT-ThreadStudio/jre/lib/amd64;C:\Program Files (x86)\STMicroelectronics\stlink_server;D:\STM32CubeCLT\STM32CubeCLT_1.19.0;D:\STM32CubeCLT\STM32CubeCLT_1.19.0\CMake\bin;D:\STM32CubeCLT\STM32CubeCLT_1.19.0\st-arm-clang\bin;D:\STM32CubeCLT\STM32CubeCLT_1.19.0\Ninja\bin;D:\STM32CubeCLT\STM32CubeCLT_1.19.0\GNU-tools-for-STM32\bin;D:\STM32CubeCLT\STM32CubeCLT_1.19.0\STLink-gdb-server\bin;D:\STM32CubeCLT\STM32CubeCLT_1.19.0\STM32CubeProgrammer\bin;D:\Vmware\bin\;C:\Program Files\Common Files\Oracle\Java\javapath;C:\Program Files (x86)\Common Files\Oracle\Java\java8path;C:\Program Files (x86)\Common Files\Oracle\Java\javapath;C:\WINDOWS\system32;C:\WINDOWS;C:\WINDOWS\System32\Wbem;C:\WINDOWS\System32\WindowsPowerShell\v1.0\;C:\WINDOWS\System32\OpenSSH\;C:\Program Files (x86)\NVIDIA Corporation\PhysX\Common;C:\Program Files\dotnet\;D:\Git\Git\cmd;%QUARTUS_ROOTDIR%\bin;C:\Program Files\Docker\Docker\resources\bin;D:\Git\Git\usr\bin;D:\PuTTY\;D:\BandiZip\;C:\Program Files\mingw64\bin;C:\Program Files\NVIDIA Corporation\NVIDIA App\NvDLISR;D:\nodeJS\;D:\OpenOCD\OpenOCD-20250710-0.12.0\bin;F:\Matlab\R2024B\bin;C:\DevEnv\Python3.11\Scripts\;C:\DevEnv\Python3.11\;C:\Users\22067\AppData\Local\Programs\Python\Python312\Scripts\;C:\Users\22067\AppData\Local\Programs\Python\Python312\;C:\Users\22067\AppData\Local\Microsoft\WindowsApps;D:\STM32_Development\MinGW64\mingw64\bin;D:\big shuju\DataGrip\DataGrip 2024.2.2\bin;D:\Clion\CLion 2025.1.2\bin;D:\VScode\Microsoft VS Code\bin;C:\Users\22067\AppData\Roaming\npm;C:\Users\22067\bin;D:\RtThread\RT-ThreadStudio; 

!ENTRY org.rt-thread.studio.common.ui 1 0 2026-07-22 23:32:03.764
!MESSAGE F:\code\vibe_project\rollerball\M55>set PATH=D:/RtThread/RT-ThreadStudio/platform/env_released/env\tools\Python27;D:/RtThread/RT-ThreadStudio/platform/env_released/env\tools\MinGit-2.25.1-32-bit\cmd;D:/RtThread/RT-ThreadStudio/jre/bin/server;D:/RtThread/RT-ThreadStudio/jre/bin;D:/RtThread/RT-ThreadStudio/jre/lib/amd64;C:\Program Files (x86)\STMicroelectronics\stlink_server;D:\STM32CubeCLT\STM32CubeCLT_1.19.0;D:\STM32CubeCLT\STM32CubeCLT_1.19.0\CMake\bin;D:\STM32CubeCLT\STM32CubeCLT_1.19.0\st-arm-clang\bin;D:\STM32CubeCLT\STM32CubeCLT_1.19.0\Ninja\bin;D:\STM32CubeCLT\STM32CubeCLT_1.19.0\GNU-tools-for-STM32\bin;D:\STM32CubeCLT\STM32CubeCLT_1.19.0\STLink-gdb-server\bin;D:\STM32CubeCLT\STM32CubeCLT_1.19.0\STM32CubeProgrammer\bin;D:\Vmware\bin\;C:\Program Files\Common Files\Oracle\Java\javapath;C:\Program Files (x86)\Common Files\Oracle\Java\java8path;C:\Program Files (x86)\Common Files\Oracle\Java\javapath;C:\WINDOWS\system32;C:\WINDOWS;C:\WINDOWS\System32\Wbem;C:\WINDOWS\System32\WindowsPowerShell\v1.0\;C:\WINDOWS\System32\OpenSSH\;C:\Program Files (x86)\NVIDIA Corporation\PhysX\Common;C:\Program Files\dotnet\;D:\Git\Git\cmd;%QUARTUS_ROOTDIR%\bin;C:\Program Files\Docker\Docker\resources\bin;D:\Git\Git\usr\bin;D:\PuTTY\;D:\BandiZip\;C:\Program Files\mingw64\bin;C:\Program Files\NVIDIA Corporation\NVIDIA App\NvDLISR;D:\nodeJS\;D:\OpenOCD\OpenOCD-20250710-0.12.0\bin;F:\Matlab\R2024B\bin;C:\DevEnv\Python3.11\Scripts\;C:\DevEnv\Python3.11\;C:\Users\22067\AppData\Local\Programs\Python\Python312\Scripts\;C:\Users\22067\AppData\Local\Programs\Python\Python312\;C:\Users\22067\AppData\Local\Microsoft\WindowsApps;D:\STM32_Development\MinGW64\mingw64\bin;D:\big shuju\DataGrip\DataGrip 2024.2.2\bin;D:\Clion\CLion 2025.1.2\bin;D:\VScode\Microsoft VS Code\bin;C:\Users\22067\AppData\Roaming\npm;C:\Users\22067\bin;D:\RtThread\RT-ThreadStudio; 

!ENTRY org.rt-thread.studio.common.ui 1 0 2026-07-22 23:32:03.764
!MESSAGE F:\code\vibe_project\rollerball\M55>set PATH=D:/RtThread/RT-ThreadStudio/platform/env_released/env\tools\Python27\Scripts;D:/RtThread/RT-ThreadStudio/platform/env_released/env\tools\Python27;D:/RtThread/RT-ThreadStudio/platform/env_released/env\tools\MinGit-2.25.1-32-bit\cmd;D:/RtThread/RT-ThreadStudio/jre/bin/server;D:/RtThread/RT-ThreadStudio/jre/bin;D:/RtThread/RT-ThreadStudio/jre/lib/amd64;C:\Program Files (x86)\STMicroelectronics\stlink_server;D:\STM32CubeCLT\STM32CubeCLT_1.19.0;D:\STM32CubeCLT\STM32CubeCLT_1.19.0\CMake\bin;D:\STM32CubeCLT\STM32CubeCLT_1.19.0\st-arm-clang\bin;D:\STM32CubeCLT\STM32CubeCLT_1.19.0\Ninja\bin;D:\STM32CubeCLT\STM32CubeCLT_1.19.0\GNU-tools-for-STM32\bin;D:\STM32CubeCLT\STM32CubeCLT_1.19.0\STLink-gdb-server\bin;D:\STM32CubeCLT\STM32CubeCLT_1.19.0\STM32CubeProgrammer\bin;D:\Vmware\bin\;C:\Program Files\Common Files\Oracle\Java\javapath;C:\Program Files (x86)\Common Files\Oracle\Java\java8path;C:\Program Files (x86)\Common Files\Oracle\Java\javapath;C:\WINDOWS\system32;C:\WINDOWS;C:\WINDOWS\System32\Wbem;C:\WINDOWS\System32\WindowsPowerShell\v1.0\;C:\WINDOWS\System32\OpenSSH\;C:\Program Files (x86)\NVIDIA Corporation\PhysX\Common;C:\Program Files\dotnet\;D:\Git\Git\cmd;%QUARTUS_ROOTDIR%\bin;C:\Program Files\Docker\Docker\resources\bin;D:\Git\Git\usr\bin;D:\PuTTY\;D:\BandiZip\;C:\Program Files\mingw64\bin;C:\Program Files\NVIDIA Corporation\NVIDIA App\NvDLISR;D:\nodeJS\;D:\OpenOCD\OpenOCD-20250710-0.12.0\bin;F:\Matlab\R2024B\bin;C:\DevEnv\Python3.11\Scripts\;C:\DevEnv\Python3.11\;C:\Users\22067\AppData\Local\Programs\Python\Python312\Scripts\;C:\Users\22067\AppData\Local\Programs\Python\Python312\;C:\Users\22067\AppData\Local\Microsoft\WindowsApps;D:\STM32_Development\MinGW64\mingw64\bin;D:\big shuju\DataGrip\DataGrip 2024.2.2\bin;D:\Clion\CLion 2025.1.2\bin;D:\VScode\Microsoft VS Code\bin;C:\Users\22067\AppData\Roaming\npm;C:\Users\22067\bin;D:\RtThread\RT-ThreadStudio; 

!ENTRY org.rt-thread.studio.common.ui 1 0 2026-07-22 23:32:03.764
!MESSAGE F:\code\vibe_project\rollerball\M55>set PATH=D:/RtThread/RT-ThreadStudio/platform/env_released/env\tools\bin;D:/RtThread/RT-ThreadStudio/platform/env_released/env\tools\Python27\Scripts;D:/RtThread/RT-ThreadStudio/platform/env_released/env\tools\Python27;D:/RtThread/RT-ThreadStudio/platform/env_released/env\tools\MinGit-2.25.1-32-bit\cmd;D:/RtThread/RT-ThreadStudio/jre/bin/server;D:/RtThread/RT-ThreadStudio/jre/bin;D:/RtThread/RT-ThreadStudio/jre/lib/amd64;C:\Program Files (x86)\STMicroelectronics\stlink_server;D:\STM32CubeCLT\STM32CubeCLT_1.19.0;D:\STM32CubeCLT\STM32CubeCLT_1.19.0\CMake\bin;D:\STM32CubeCLT\STM32CubeCLT_1.19.0\st-arm-clang\bin;D:\STM32CubeCLT\STM32CubeCLT_1.19.0\Ninja\bin;D:\STM32CubeCLT\STM32CubeCLT_1.19.0\GNU-tools-for-STM32\bin;D:\STM32CubeCLT\STM32CubeCLT_1.19.0\STLink-gdb-server\bin;D:\STM32CubeCLT\STM32CubeCLT_1.19.0\STM32CubeProgrammer\bin;D:\Vmware\bin\;C:\Program Files\Common Files\Oracle\Java\javapath;C:\Program Files (x86)\Common Files\Oracle\Java\java8path;C:\Program Files (x86)\Common Files\Oracle\Java\javapath;C:\WINDOWS\system32;C:\WINDOWS;C:\WINDOWS\System32\Wbem;C:\WINDOWS\System32\WindowsPowerShell\v1.0\;C:\WINDOWS\System32\OpenSSH\;C:\Program Files (x86)\NVIDIA Corporation\PhysX\Common;C:\Program Files\dotnet\;D:\Git\Git\cmd;%QUARTUS_ROOTDIR%\bin;C:\Program Files\Docker\Docker\resources\bin;D:\Git\Git\usr\bin;D:\PuTTY\;D:\BandiZip\;C:\Program Files\mingw64\bin;C:\Program Files\NVIDIA Corporation\NVIDIA App\NvDLISR;D:\nodeJS\;D:\OpenOCD\OpenOCD-20250710-0.12.0\bin;F:\Matlab\R2024B\bin;C:\DevEnv\Python3.11\Scripts\;C:\DevEnv\Python3.11\;C:\Users\22067\AppData\Local\Programs\Python\Python312\Scripts\;C:\Users\22067\AppData\Local\Programs\Python\Python312\;C:\Users\22067\AppData\Local\Microsoft\WindowsApps;D:\STM32_Development\MinGW64\mingw64\bin;D:\big shuju\DataGrip\DataGrip 2024.2.2\bin;D:\Clion\CLion 2025.1.2\bin;D:\VScode\Microsoft VS Code\bin;C:\Users\22067\AppData\Roaming\npm;C:\Users\22067\bin;D:\RtThread\RT-ThreadStudio; 

!ENTRY org.rt-thread.studio.common.ui 1 0 2026-07-22 23:32:03.764
!MESSAGE F:\code\vibe_project\rollerball\M55>set PATH=D:/RtThread/RT-ThreadStudio/repo/Extract/ToolChain_Support_Packages/ARM/GNU_Tools_for_ARM_Embedded_Processors/13.3/bin;D:/RtThread/RT-ThreadStudio/platform/env_released/env\tools\bin;D:/RtThread/RT-ThreadStudio/platform/env_released/env\tools\Python27\Scripts;D:/RtThread/RT-ThreadStudio/platform/env_released/env\tools\Python27;D:/RtThread/RT-ThreadStudio/platform/env_released/env\tools\MinGit-2.25.1-32-bit\cmd;D:/RtThread/RT-ThreadStudio/jre/bin/server;D:/RtThread/RT-ThreadStudio/jre/bin;D:/RtThread/RT-ThreadStudio/jre/lib/amd64;C:\Program Files (x86)\STMicroelectronics\stlink_server;D:\STM32CubeCLT\STM32CubeCLT_1.19.0;D:\STM32CubeCLT\STM32CubeCLT_1.19.0\CMake\bin;D:\STM32CubeCLT\STM32CubeCLT_1.19.0\st-arm-clang\bin;D:\STM32CubeCLT\STM32CubeCLT_1.19.0\Ninja\bin;D:\STM32CubeCLT\STM32CubeCLT_1.19.0\GNU-tools-for-STM32\bin;D:\STM32CubeCLT\STM32CubeCLT_1.19.0\STLink-gdb-server\bin;D:\STM32CubeCLT\STM32CubeCLT_1.19.0\STM32CubeProgrammer\bin;D:\Vmware\bin\;C:\Program Files\Common Files\Oracle\Java\javapath;C:\Program Files (x86)\Common Files\Oracle\Java\java8path;C:\Program Files (x86)\Common Files\Oracle\Java\javapath;C:\WINDOWS\system32;C:\WINDOWS;C:\WINDOWS\System32\Wbem;C:\WINDOWS\System32\WindowsPowerShell\v1.0\;C:\WINDOWS\System32\OpenSSH\;C:\Program Files (x86)\NVIDIA Corporation\PhysX\Common;C:\Program Files\dotnet\;D:\Git\Git\cmd;%QUARTUS_ROOTDIR%\bin;C:\Program Files\Docker\Docker\resources\bin;D:\Git\Git\usr\bin;D:\PuTTY\;D:\BandiZip\;C:\Program Files\mingw64\bin;C:\Program Files\NVIDIA Corporation\NVIDIA App\NvDLISR;D:\nodeJS\;D:\OpenOCD\OpenOCD-20250710-0.12.0\bin;F:\Matlab\R2024B\bin;C:\DevEnv\Python3.11\Scripts\;C:\DevEnv\Python3.11\;C:\Users\22067\AppData\Local\Programs\Python\Python312\Scripts\;C:\Users\22067\AppData\Local\Programs\Python\Python312\;C:\Users\22067\AppData\Local\Microsoft\WindowsApps;D:\STM32_Development\MinGW64\mingw64\bin;D:\big shuju\DataGrip\DataGrip 2024.2.2\bin;D:\Clion\CLion 2025.1.2\bin;D:\VScode\Microsoft VS Code\bin;C:\Users\22067\AppData\Roaming\npm;C:\Users\22067\bin;D:\RtThread\RT-ThreadStudio; 

!ENTRY org.rt-thread.studio.common.ui 1 0 2026-07-22 23:32:03.764
!MESSAGE F:\code\vibe_project\rollerball\M55>set PATH=D:/RtThread/RT-ThreadStudio/platform/env_released/env\tools\exec;D:/RtThread/RT-ThreadStudio/repo/Extract/ToolChain_Support_Packages/ARM/GNU_Tools_for_ARM_Embedded_Processors/13.3/bin;D:/RtThread/RT-ThreadStudio/platform/env_released/env\tools\bin;D:/RtThread/RT-ThreadStudio/platform/env_released/env\tools\Python27\Scripts;D:/RtThread/RT-ThreadStudio/platform/env_released/env\tools\Python27;D:/RtThread/RT-ThreadStudio/platform/env_released/env\tools\MinGit-2.25.1-32-bit\cmd;D:/RtThread/RT-ThreadStudio/jre/bin/server;D:/RtThread/RT-ThreadStudio/jre/bin;D:/RtThread/RT-ThreadStudio/jre/lib/amd64;C:\Program Files (x86)\STMicroelectronics\stlink_server;D:\STM32CubeCLT\STM32CubeCLT_1.19.0;D:\STM32CubeCLT\STM32CubeCLT_1.19.0\CMake\bin;D:\STM32CubeCLT\STM32CubeCLT_1.19.0\st-arm-clang\bin;D:\STM32CubeCLT\STM32CubeCLT_1.19.0\Ninja\bin;D:\STM32CubeCLT\STM32CubeCLT_1.19.0\GNU-tools-for-STM32\bin;D:\STM32CubeCLT\STM32CubeCLT_1.19.0\STLink-gdb-server\bin;D:\STM32CubeCLT\STM32CubeCLT_1.19.0\STM32CubeProgrammer\bin;D:\Vmware\bin\;C:\Program Files\Common Files\Oracle\Java\javapath;C:\Program Files (x86)\Common Files\Oracle\Java\java8path;C:\Program Files (x86)\Common Files\Oracle\Java\javapath;C:\WINDOWS\system32;C:\WINDOWS;C:\WINDOWS\System32\Wbem;C:\WINDOWS\System32\WindowsPowerShell\v1.0\;C:\WINDOWS\System32\OpenSSH\;C:\Program Files (x86)\NVIDIA Corporation\PhysX\Common;C:\Program Files\dotnet\;D:\Git\Git\cmd;%QUARTUS_ROOTDIR%\bin;C:\Program Files\Docker\Docker\resources\bin;D:\Git\Git\usr\bin;D:\PuTTY\;D:\BandiZip\;C:\Program Files\mingw64\bin;C:\Program Files\NVIDIA Corporation\NVIDIA App\NvDLISR;D:\nodeJS\;D:\OpenOCD\OpenOCD-20250710-0.12.0\bin;F:\Matlab\R2024B\bin;C:\DevEnv\Python3.11\Scripts\;C:\DevEnv\Python3.11\;C:\Users\22067\AppData\Local\Programs\Python\Python312\Scripts\;C:\Users\22067\AppData\Local\Programs\Python\Python312\;C:\Users\22067\AppData\Local\Microsoft\WindowsApps;D:\STM32_Development\MinGW64\mingw64\bin;D:\big shuju\DataGrip\DataGrip 2024.2.2\bin;D:\Clion\CLion 2025.1.2\bin;D:\VScode\Microsoft VS Code\bin;C:\Users\22067\AppData\Roaming\npm;C:\Users\22067\bin;D:\RtThread\RT-ThreadStudio; 

!ENTRY org.rt-thread.studio.common.ui 1 0 2026-07-22 23:32:03.769
!MESSAGE F:\code\vibe_project\rollerball\M55>set PATH=D:/RtThread/RT-ThreadStudio/platform/env_released/env\tools\qemu\qemu32;D:/RtThread/RT-ThreadStudio/platform/env_released/env\tools\exec;D:/RtThread/RT-ThreadStudio/repo/Extract/ToolChain_Support_Packages/ARM/GNU_Tools_for_ARM_Embedded_Processors/13.3/bin;D:/RtThread/RT-ThreadStudio/platform/env_released/env\tools\bin;D:/RtThread/RT-ThreadStudio/platform/env_released/env\tools\Python27\Scripts;D:/RtThread/RT-ThreadStudio/platform/env_released/env\tools\Python27;D:/RtThread/RT-ThreadStudio/platform/env_released/env\tools\MinGit-2.25.1-32-bit\cmd;D:/RtThread/RT-ThreadStudio/jre/bin/server;D:/RtThread/RT-ThreadStudio/jre/bin;D:/RtThread/RT-ThreadStudio/jre/lib/amd64;C:\Program Files (x86)\STMicroelectronics\stlink_server;D:\STM32CubeCLT\STM32CubeCLT_1.19.0;D:\STM32CubeCLT\STM32CubeCLT_1.19.0\CMake\bin;D:\STM32CubeCLT\STM32CubeCLT_1.19.0\st-arm-clang\bin;D:\STM32CubeCLT\STM32CubeCLT_1.19.0\Ninja\bin;D:\STM32CubeCLT\STM32CubeCLT_1.19.0\GNU-tools-for-STM32\bin;D:\STM32CubeCLT\STM32CubeCLT_1.19.0\STLink-gdb-server\bin;D:\STM32CubeCLT\STM32CubeCLT_1.19.0\STM32CubeProgrammer\bin;D:\Vmware\bin\;C:\Program Files\Common Files\Oracle\Java\javapath;C:\Program Files (x86)\Common Files\Oracle\Java\java8path;C:\Program Files (x86)\Common Files\Oracle\Java\javapath;C:\WINDOWS\system32;C:\WINDOWS;C:\WINDOWS\System32\Wbem;C:\WINDOWS\System32\WindowsPowerShell\v1.0\;C:\WINDOWS\System32\OpenSSH\;C:\Program Files (x86)\NVIDIA Corporation\PhysX\Common;C:\Program Files\dotnet\;D:\Git\Git\cmd;%QUARTUS_ROOTDIR%\bin;C:\Program Files\Docker\Docker\resources\bin;D:\Git\Git\usr\bin;D:\PuTTY\;D:\BandiZip\;C:\Program Files\mingw64\bin;C:\Program Files\NVIDIA Corporation\NVIDIA App\NvDLISR;D:\nodeJS\;D:\OpenOCD\OpenOCD-20250710-0.12.0\bin;F:\Matlab\R2024B\bin;C:\DevEnv\Python3.11\Scripts\;C:\DevEnv\Python3.11\;C:\Users\22067\AppData\Local\Programs\Python\Python312\Scripts\;C:\Users\22067\AppData\Local\Programs\Python\Python312\;C:\Users\22067\AppData\Local\Microsoft\WindowsApps;D:\STM32_Development\MinGW64\mingw64\bin;D:\big shuju\DataGrip\DataGrip 2024.2.2\bin;D:\Clion\CLion 2025.1.2\bin;D:\VScode\Microsoft VS Code\bin;C:\Users\22067\AppData\Roaming\npm;C:\Users\22067\bin;D:\RtThread\RT-ThreadStudio; 

!ENTRY org.rt-thread.studio.common.ui 1 0 2026-07-22 23:32:03.770
!MESSAGE F:\code\vibe_project\rollerball\M55>set PYTHONPATH=D:/RtThread/RT-ThreadStudio/platform/env_released/env\tools\Python27; 

!ENTRY org.rt-thread.studio.common.ui 1 0 2026-07-22 23:32:03.770
!MESSAGE F:\code\vibe_project\rollerball\M55>set PATH=D:/RtThread/RT-ThreadStudio/platform/env_released/env\tools\qemu\qemu32;D:/RtThread/RT-ThreadStudio/platform/env_released/env\tools\exec;D:/RtThread/RT-ThreadStudio/repo/Extract/ToolChain_Support_Packages/ARM/GNU_Tools_for_ARM_Embedded_Processors/13.3/bin;D:/RtThread/RT-ThreadStudio/platform/env_released/env\tools\bin;D:/RtThread/RT-ThreadStudio/platform/env_released/env\tools\Python27\Scripts;D:/RtThread/RT-ThreadStudio/platform/env_released/env\tools\Python27;D:/RtThread/RT-ThreadStudio/platform/env_released/env\tools\MinGit-2.25.1-32-bit\cmd;D:/RtThread/RT-ThreadStudio/jre/bin/server;D:/RtThread/RT-ThreadStudio/jre/bin;D:/RtThread/RT-ThreadStudio/jre/lib/amd64;C:\Program Files (x86)\STMicroelectronics\stlink_server;D:\STM32CubeCLT\STM32CubeCLT_1.19.0;D:\STM32CubeCLT\STM32CubeCLT_1.19.0\CMake\bin;D:\STM32CubeCLT\STM32CubeCLT_1.19.0\st-arm-clang\bin;D:\STM32CubeCLT\STM32CubeCLT_1.19.0\Ninja\bin;D:\STM32CubeCLT\STM32CubeCLT_1.19.0\GNU-tools-for-STM32\bin;D:\STM32CubeCLT\STM32CubeCLT_1.19.0\STLink-gdb-server\bin;D:\STM32CubeCLT\STM32CubeCLT_1.19.0\STM32CubeProgrammer\bin;D:\Vmware\bin\;C:\Program Files\Common Files\Oracle\Java\javapath;C:\Program Files (x86)\Common Files\Oracle\Java\java8path;C:\Program Files (x86)\Common Files\Oracle\Java\javapath;C:\WINDOWS\system32;C:\WINDOWS;C:\WINDOWS\System32\Wbem;C:\WINDOWS\System32\WindowsPowerShell\v1.0\;C:\WINDOWS\System32\OpenSSH\;C:\Program Files (x86)\NVIDIA Corporation\PhysX\Common;C:\Program Files\dotnet\;D:\Git\Git\cmd;%QUARTUS_ROOTDIR%\bin;C:\Program Files\Docker\Docker\resources\bin;D:\Git\Git\usr\bin;D:\PuTTY\;D:\BandiZip\;C:\Program Files\mingw64\bin;C:\Program Files\NVIDIA Corporation\NVIDIA App\NvDLISR;D:\nodeJS\;D:\OpenOCD\OpenOCD-20250710-0.12.0\bin;F:\Matlab\R2024B\bin;C:\DevEnv\Python3.11\Scripts\;C:\DevEnv\Python3.11\;C:\Users\22067\AppData\Local\Programs\Python\Python312\Scripts\;C:\Users\22067\AppData\Local\Programs\Python\Python312\;C:\Users\22067\AppData\Local\Microsoft\WindowsApps;D:\STM32_Development\MinGW64\mingw64\bin;D:\big shuju\DataGrip\DataGrip 2024.2.2\bin;D:\Clion\CLion 2025.1.2\bin;D:\VScode\Microsoft VS Code\bin;C:\Users\22067\AppData\Roaming\npm;C:\Users\22067\bin;D:\RtThread\RT-ThreadStudio;; 

!ENTRY org.rt-thread.studio.common.ui 1 0 2026-07-22 23:32:03.770
!MESSAGE F:\code\vibe_project\rollerball\M55>D:/RtThread/RT-ThreadStudio/plugins/org.rt-thread.studio.kconfig.exec_1.0.15/exec/k2j.exe --config ./.config --kconfig ./Kconfig --output json_menus ./.settings/.rtmenus 

!ENTRY org.rt-thread.studio.common.ui 1 0 2026-07-22 23:32:10.007
!MESSAGE ./Kconfig:5: warning: BSP_ROOT has 'option env="BSP_DIR"', but the environment variable BSP_DIR is not set

!ENTRY org.rt-thread.studio.common.ui 1 0 2026-07-22 23:32:10.008
!MESSAGE ./Kconfig:5: warning: Kconfiglib expands environment variables in strings directly, meaning you do not need 'option env=...' "bounce" symbols. For compatibility with the C tools, rename BSP_DIR to BSP_ROOT (so that the symbol name matches the environment variable name).

!ENTRY org.rt-thread.studio.common.ui 1 0 2026-07-22 23:32:10.008
!MESSAGE ./Kconfig:10: warning: RTT_ROOT has 'option env="RTT_DIR"', but the environment variable RTT_DIR is not set

!ENTRY org.rt-thread.studio.common.ui 1 0 2026-07-22 23:32:10.009
!MESSAGE ./Kconfig:10: warning: Kconfiglib expands environment variables in strings directly, meaning you do not need 'option env=...' "bounce" symbols. For compatibility with the C tools, rename RTT_DIR to RTT_ROOT (so that the symbol name matches the environment variable name).

!ENTRY org.rt-thread.studio.common.ui 1 0 2026-07-22 23:32:10.010
!MESSAGE ./Kconfig:18: warning: Kconfiglib expands environment variables in strings directly, meaning you do not need 'option env=...' "bounce" symbols. For compatibility with the C tools, rename PKGS_DIR to PKGS_ROOT (so that the symbol name matches the environment variable name).

!ENTRY org.rt-thread.studio.common.ui 1 0 2026-07-22 23:32:10.010
!MESSAGE ./Kconfig:23: warning: Kconfiglib expands environment variables in strings directly, meaning you do not need 'option env=...' "bounce" symbols. For compatibility with the C tools, rename ENV_DIR to ENV_ROOT (so that the symbol name matches the environment variable name).

!ENTRY org.rt-thread.studio.common.ui 1 0 2026-07-22 23:32:10.011
!MESSAGE ./Kconfig:28: warning: PLATFORM_DIR has 'option env="PLATFORM_DIR"', but the environment variable PLATFORM_DIR is not set

!ENTRY org.rt-thread.studio.common.ui 1 0 2026-07-22 23:32:10.012
!MESSAGE warning: FDT_USING_DEBUG (defined at rt-thread/components/drivers/Kconfig:228) has leading or trailing whitespace in its prompt

!ENTRY org.rt-thread.studio.common.ui 1 0 2026-07-22 23:32:10.012
!MESSAGE warning: RT_VBUS_USING_TESTS (defined at rt-thread/components/vbus/Kconfig:20) has leading or trailing whitespace in its prompt

!ENTRY org.rt-thread.studio.common.ui 1 0 2026-07-22 23:32:10.013
!MESSAGE warning: RT_VBUS_GUEST_VIRQ (defined at rt-thread/components/vbus/Kconfig:34) defined with more than one help text -- only the last one will be used

!ENTRY org.rt-thread.studio.common.ui 1 0 2026-07-22 23:32:10.014
!MESSAGE warning: style: quotes recommended around default value for string symbol RT_LWIP_IPADDR (defined at rt-thread/components/net/lwip/Kconfig:93, D:/RtThread/RT-ThreadStudio/platform/env_released/env\packages/packages/iot/p-net-rtt/Kconfig:59)

!ENTRY org.rt-thread.studio.common.ui 1 0 2026-07-22 23:32:10.014
!MESSAGE warning: style: quotes recommended around default value for string symbol RT_LWIP_GWADDR (defined at rt-thread/components/net/lwip/Kconfig:97, D:/RtThread/RT-ThreadStudio/platform/env_released/env\packages/packages/iot/p-net-rtt/Kconfig:62)

!ENTRY org.rt-thread.studio.common.ui 1 0 2026-07-22 23:32:10.015
!MESSAGE warning: style: quotes recommended around default value for string symbol RT_LWIP_MSKADDR (defined at rt-thread/components/net/lwip/Kconfig:101, D:/RtThread/RT-ThreadStudio/platform/env_released/env\packages/packages/iot/p-net-rtt/Kconfig:65)

!ENTRY org.rt-thread.studio.common.ui 1 0 2026-07-22 23:32:10.016
!MESSAGE warning: style: quotes recommended around default value for string symbol DHCPD_SERVER_IP (defined at rt-thread/components/net/lwip/Kconfig:263)

!ENTRY org.rt-thread.studio.common.ui 1 0 2026-07-22 23:32:10.017
!MESSAGE warning: style: quotes recommended around default value for string symbol DHCP_DNS_SERVER_IP (defined at rt-thread/components/net/lwip/Kconfig:275)

!ENTRY org.rt-thread.studio.common.ui 1 0 2026-07-22 23:32:10.017
!MESSAGE warning: the default selection WHD_RESOURCES_IN_EXTERNAL_STORAGE_FAL (defined at D:/RtThread/RT-ThreadStudio/platform/env_released/env\packages/packages/iot/wifi-host-driver/Kconfig:88, libraries/components/wifi-host-driver/Kconfig:98) of <choice> (defined at D:/RtThread/RT-ThreadStudio/platform/env_released/env\packages/packages/iot/wifi-host-driver/Kconfig:80) is not contained in the choice

!ENTRY org.rt-thread.studio.common.ui 1 0 2026-07-22 23:32:10.018
!MESSAGE warning: the choice symbol WHD_RESOURCES_IN_EXTERNAL_STORAGE_FS (defined at D:/RtThread/RT-ThreadStudio/platform/env_released/env\packages/packages/iot/wifi-host-driver/Kconfig:84, libraries/components/wifi-host-driver/Kconfig:94) is defined with a prompt outside the choice

!ENTRY org.rt-thread.studio.common.ui 1 0 2026-07-22 23:32:10.018
!MESSAGE warning: the choice symbol WHD_RESOURCES_IN_EXTERNAL_STORAGE_FAL (defined at D:/RtThread/RT-ThreadStudio/platform/env_released/env\packages/packages/iot/wifi-host-driver/Kconfig:88, libraries/components/wifi-host-driver/Kconfig:98) is defined with a prompt outside the choice

!ENTRY org.rt-thread.studio.common.ui 1 0 2026-07-22 23:32:10.019
!MESSAGE warning: the default selection WHD_USING_CHIP_CYW43438 (defined at D:/RtThread/RT-ThreadStudio/platform/env_released/env\packages/packages/iot/wifi-host-driver/Kconfig:145, libraries/components/wifi-host-driver/Kconfig:143) of <choice> (defined at D:/RtThread/RT-ThreadStudio/platform/env_released/env\packages/packages/iot/wifi-host-driver/Kconfig:141) is not contained in the choice

!ENTRY org.rt-thread.studio.common.ui 1 0 2026-07-22 23:32:10.020
!MESSAGE warning: the choice symbol WHD_USING_CHIP_CYW43438 (defined at D:/RtThread/RT-ThreadStudio/platform/env_released/env\packages/packages/iot/wifi-host-driver/Kconfig:145, libraries/components/wifi-host-driver/Kconfig:143) is defined with a prompt outside the choice

!ENTRY org.rt-thread.studio.common.ui 1 0 2026-07-22 23:32:10.021
!MESSAGE warning: the choice symbol WHD_USING_CHIP_CYW4373 (defined at D:/RtThread/RT-ThreadStudio/platform/env_released/env\packages/packages/iot/wifi-host-driver/Kconfig:149, libraries/components/wifi-host-driver/Kconfig:147) is defined with a prompt outside the choice

!ENTRY org.rt-thread.studio.common.ui 1 0 2026-07-22 23:32:10.021
!MESSAGE warning: the choice symbol WHD_USING_CHIP_CYW43012 (defined at D:/RtThread/RT-ThreadStudio/platform/env_released/env\packages/packages/iot/wifi-host-driver/Kconfig:153, libraries/components/wifi-host-driver/Kconfig:151) is defined with a prompt outside the choice

!ENTRY org.rt-thread.studio.common.ui 1 0 2026-07-22 23:32:10.022
!MESSAGE warning: the choice symbol WHD_USING_CHIP_CYW43439 (defined at D:/RtThread/RT-ThreadStudio/platform/env_released/env\packages/packages/iot/wifi-host-driver/Kconfig:157, libraries/components/wifi-host-driver/Kconfig:155) is defined with a prompt outside the choice

!ENTRY org.rt-thread.studio.common.ui 1 0 2026-07-22 23:32:10.022
!MESSAGE warning: the choice symbol WHD_USING_CHIP_CYW43022 (defined at D:/RtThread/RT-ThreadStudio/platform/env_released/env\packages/packages/iot/wifi-host-driver/Kconfig:161, libraries/components/wifi-host-driver/Kconfig:159) is defined with a prompt outside the choice

!ENTRY org.rt-thread.studio.common.ui 1 0 2026-07-22 23:32:10.023
!MESSAGE warning: the choice symbol WHD_USING_CHIP_CYW4343W (defined at D:/RtThread/RT-ThreadStudio/platform/env_released/env\packages/packages/iot/wifi-host-driver/Kconfig:165, libraries/components/wifi-host-driver/Kconfig:163) is defined with a prompt outside the choice

!ENTRY org.rt-thread.studio.common.ui 1 0 2026-07-22 23:32:10.024
!MESSAGE warning: the choice symbol WHD_USING_CHIP_CYW55500 (defined at D:/RtThread/RT-ThreadStudio/platform/env_released/env\packages/packages/iot/wifi-host-driver/Kconfig:170, libraries/components/wifi-host-driver/Kconfig:167) is defined with a prompt outside the choice

!ENTRY org.rt-thread.studio.common.ui 1 0 2026-07-22 23:32:10.024
!MESSAGE warning: the choice symbol WHD_USING_CHIP_CYW55572 (defined at D:/RtThread/RT-ThreadStudio/platform/env_released/env\packages/packages/iot/wifi-host-driver/Kconfig:178, libraries/components/wifi-host-driver/Kconfig:175) is defined with a prompt outside the choice

!ENTRY org.rt-thread.studio.common.ui 1 0 2026-07-22 23:32:10.025
!MESSAGE warning: the default selection CYBSP_USING_PIN_NUMBER (defined at D:/RtThread/RT-ThreadStudio/platform/env_released/env\packages/packages/iot/wifi-host-driver/Kconfig:202, libraries/components/wifi-host-driver/Kconfig:198) of <choice> (defined at D:/RtThread/RT-ThreadStudio/platform/env_released/env\packages/packages/iot/wifi-host-driver/Kconfig:192) is not contained in the choice

!ENTRY org.rt-thread.studio.common.ui 1 0 2026-07-22 23:32:10.026
!MESSAGE warning: the choice symbol CYBSP_USING_PIN_NAME (defined at D:/RtThread/RT-ThreadStudio/platform/env_released/env\packages/packages/iot/wifi-host-driver/Kconfig:199, libraries/components/wifi-host-driver/Kconfig:195) is defined with a prompt outside the choice

!ENTRY org.rt-thread.studio.common.ui 1 0 2026-07-22 23:32:10.026
!MESSAGE warning: the choice symbol CYBSP_USING_PIN_NUMBER (defined at D:/RtThread/RT-ThreadStudio/platform/env_released/env\packages/packages/iot/wifi-host-driver/Kconfig:202, libraries/components/wifi-host-driver/Kconfig:198) is defined with a prompt outside the choice

!ENTRY org.rt-thread.studio.common.ui 1 0 2026-07-22 23:32:10.027
!MESSAGE warning: the default selection CYBSP_HOST_WAKE_IRQ_EVENT_FALL (defined at D:/RtThread/RT-ThreadStudio/platform/env_released/env\packages/packages/iot/wifi-host-driver/Kconfig:250, libraries/components/wifi-host-driver/Kconfig:226) of <choice> (defined at D:/RtThread/RT-ThreadStudio/platform/env_released/env\packages/packages/iot/wifi-host-driver/Kconfig:246) is not contained in the choice

!ENTRY org.rt-thread.studio.common.ui 1 0 2026-07-22 23:32:10.028
!MESSAGE warning: the choice symbol CYBSP_HOST_WAKE_IRQ_EVENT_FALL (defined at D:/RtThread/RT-ThreadStudio/platform/env_released/env\packages/packages/iot/wifi-host-driver/Kconfig:250, libraries/components/wifi-host-driver/Kconfig:226) is defined with a prompt outside the choice

!ENTRY org.rt-thread.studio.common.ui 1 0 2026-07-22 23:32:10.028
!MESSAGE warning: the choice symbol CYBSP_HOST_WAKE_IRQ_EVENT_RISE (defined at D:/RtThread/RT-ThreadStudio/platform/env_released/env\packages/packages/iot/wifi-host-driver/Kconfig:253, libraries/components/wifi-host-driver/Kconfig:229) is defined with a prompt outside the choice

!ENTRY org.rt-thread.studio.common.ui 1 0 2026-07-22 23:32:10.030
!MESSAGE warning: the default selection WHD_LOG_LEVEL_ERROR (defined at D:/RtThread/RT-ThreadStudio/platform/env_released/env\packages/packages/iot/wifi-host-driver/Kconfig:312, libraries/components/wifi-host-driver/Kconfig:284) of <choice> (defined at D:/RtThread/RT-ThreadStudio/platform/env_released/env\packages/packages/iot/wifi-host-driver/Kconfig:304) is not contained in the choice

!ENTRY org.rt-thread.studio.common.ui 1 0 2026-07-22 23:32:11.340
!MESSAGE warning: the choice symbol WHD_LOG_LEVEL_NONE (defined at D:/RtThread/RT-ThreadStudio/platform/env_released/env\packages/packages/iot/wifi-host-driver/Kconfig:308, libraries/components/wifi-host-driver/Kconfig:280) is defined with a prompt outside the choice

!ENTRY org.rt-thread.studio.common.ui 1 0 2026-07-22 23:32:11.341
!MESSAGE warning: the choice symbol WHD_LOG_LEVEL_ERROR (defined at D:/RtThread/RT-ThreadStudio/platform/env_released/env\packages/packages/iot/wifi-host-driver/Kconfig:312, libraries/components/wifi-host-driver/Kconfig:284) is defined with a prompt outside the choice

!ENTRY org.rt-thread.studio.common.ui 1 0 2026-07-22 23:32:11.341
!MESSAGE warning: the choice symbol WHD_LOG_LEVEL_INFO (defined at D:/RtThread/RT-ThreadStudio/platform/env_released/env\packages/packages/iot/wifi-host-driver/Kconfig:315, libraries/components/wifi-host-driver/Kconfig:287) is defined with a prompt outside the choice

!ENTRY org.rt-thread.studio.common.ui 1 0 2026-07-22 23:32:11.342
!MESSAGE warning: the choice symbol WHD_LOG_LEVEL_DEBUG (defined at D:/RtThread/RT-ThreadStudio/platform/env_released/env\packages/packages/iot/wifi-host-driver/Kconfig:319, libraries/components/wifi-host-driver/Kconfig:291) is defined with a prompt outside the choice

!ENTRY org.rt-thread.studio.common.ui 1 0 2026-07-22 23:32:11.343
!MESSAGE warning: the choice symbol WHD_LOG_LEVEL_DATA_TRACE (defined at D:/RtThread/RT-ThreadStudio/platform/env_released/env\packages/packages/iot/wifi-host-driver/Kconfig:325, libraries/components/wifi-host-driver/Kconfig:297) is defined with a prompt outside the choice

!ENTRY org.rt-thread.studio.common.ui 1 0 2026-07-22 23:32:11.344
!MESSAGE warning: the choice symbol WHD_RESOURCES_IN_EXTERNAL_STORAGE_FS (defined at D:/RtThread/RT-ThreadStudio/platform/env_released/env\packages/packages/iot/wifi-host-driver/Kconfig:84, libraries/components/wifi-host-driver/Kconfig:94) is defined with a prompt outside the choice

!ENTRY org.rt-thread.studio.common.ui 1 0 2026-07-22 23:32:11.345
!MESSAGE warning: the choice symbol WHD_RESOURCES_IN_EXTERNAL_STORAGE_FAL (defined at D:/RtThread/RT-ThreadStudio/platform/env_released/env\packages/packages/iot/wifi-host-driver/Kconfig:88, libraries/components/wifi-host-driver/Kconfig:98) is defined with a prompt outside the choice

!ENTRY org.rt-thread.studio.common.ui 1 0 2026-07-22 23:32:11.345
!MESSAGE warning: the choice symbol WHD_USING_CHIP_CYW43438 (defined at D:/RtThread/RT-ThreadStudio/platform/env_released/env\packages/packages/iot/wifi-host-driver/Kconfig:145, libraries/components/wifi-host-driver/Kconfig:143) is defined with a prompt outside the choice

!ENTRY org.rt-thread.studio.common.ui 1 0 2026-07-22 23:32:11.346
!MESSAGE warning: the choice symbol WHD_USING_CHIP_CYW4373 (defined at D:/RtThread/RT-ThreadStudio/platform/env_released/env\packages/packages/iot/wifi-host-driver/Kconfig:149, libraries/components/wifi-host-driver/Kconfig:147) is defined with a prompt outside the choice

!ENTRY org.rt-thread.studio.common.ui 1 0 2026-07-22 23:32:11.347
!MESSAGE warning: the choice symbol WHD_USING_CHIP_CYW43012 (defined at D:/RtThread/RT-ThreadStudio/platform/env_released/env\packages/packages/iot/wifi-host-driver/Kconfig:153, libraries/components/wifi-host-driver/Kconfig:151) is defined with a prompt outside the choice

!ENTRY org.rt-thread.studio.common.ui 1 0 2026-07-22 23:32:11.347
!MESSAGE warning: the choice symbol WHD_USING_CHIP_CYW43439 (defined at D:/RtThread/RT-ThreadStudio/platform/env_released/env\packages/packages/iot/wifi-host-driver/Kconfig:157, libraries/components/wifi-host-driver/Kconfig:155) is defined with a prompt outside the choice

!ENTRY org.rt-thread.studio.common.ui 1 0 2026-07-22 23:32:11.348
!MESSAGE warning: the choice symbol WHD_USING_CHIP_CYW43022 (defined at D:/RtThread/RT-ThreadStudio/platform/env_released/env\packages/packages/iot/wifi-host-driver/Kconfig:161, libraries/components/wifi-host-driver/Kconfig:159) is defined with a prompt outside the choice

!ENTRY org.rt-thread.studio.common.ui 1 0 2026-07-22 23:32:11.349
!MESSAGE warning: the choice symbol WHD_USING_CHIP_CYW4343W (defined at D:/RtThread/RT-ThreadStudio/platform/env_released/env\packages/packages/iot/wifi-host-driver/Kconfig:165, libraries/components/wifi-host-driver/Kconfig:163) is defined with a prompt outside the choice

!ENTRY org.rt-thread.studio.common.ui 1 0 2026-07-22 23:32:11.349
!MESSAGE warning: the choice symbol WHD_USING_CHIP_CYW55500 (defined at D:/RtThread/RT-ThreadStudio/platform/env_released/env\packages/packages/iot/wifi-host-driver/Kconfig:170, libraries/components/wifi-host-driver/Kconfig:167) is defined with a prompt outside the choice

!ENTRY org.rt-thread.studio.common.ui 1 0 2026-07-22 23:32:11.350
!MESSAGE warning: the choice symbol WHD_USING_CHIP_CYW55572 (defined at D:/RtThread/RT-ThreadStudio/platform/env_released/env\packages/packages/iot/wifi-host-driver/Kconfig:178, libraries/components/wifi-host-driver/Kconfig:175) is defined with a prompt outside the choice

!ENTRY org.rt-thread.studio.common.ui 1 0 2026-07-22 23:32:11.350
!MESSAGE warning: the choice symbol CYBSP_USING_PIN_NAME (defined at D:/RtThread/RT-ThreadStudio/platform/env_released/env\packages/packages/iot/wifi-host-driver/Kconfig:199, libraries/components/wifi-host-driver/Kconfig:195) is defined with a prompt outside the choice

!ENTRY org.rt-thread.studio.common.ui 1 0 2026-07-22 23:32:11.351
!MESSAGE warning: the choice symbol CYBSP_USING_PIN_NUMBER (defined at D:/RtThread/RT-ThreadStudio/platform/env_released/env\packages/packages/iot/wifi-host-driver/Kconfig:202, libraries/components/wifi-host-driver/Kconfig:198) is defined with a prompt outside the choice

!ENTRY org.rt-thread.studio.common.ui 1 0 2026-07-22 23:32:11.352
!MESSAGE warning: the choice symbol CYBSP_HOST_WAKE_IRQ_EVENT_FALL (defined at D:/RtThread/RT-ThreadStudio/platform/env_released/env\packages/packages/iot/wifi-host-driver/Kconfig:250, libraries/components/wifi-host-driver/Kconfig:226) is defined with a prompt outside the choice

!ENTRY org.rt-thread.studio.common.ui 1 0 2026-07-22 23:32:11.352
!MESSAGE warning: the choice symbol CYBSP_HOST_WAKE_IRQ_EVENT_RISE (defined at D:/RtThread/RT-ThreadStudio/platform/env_released/env\packages/packages/iot/wifi-host-driver/Kconfig:253, libraries/components/wifi-host-driver/Kconfig:229) is defined with a prompt outside the choice

!ENTRY org.rt-thread.studio.common.ui 1 0 2026-07-22 23:32:11.353
!MESSAGE warning: the choice symbol WHD_LOG_LEVEL_NONE (defined at D:/RtThread/RT-ThreadStudio/platform/env_released/env\packages/packages/iot/wifi-host-driver/Kconfig:308, libraries/components/wifi-host-driver/Kconfig:280) is defined with a prompt outside the choice

!ENTRY org.rt-thread.studio.common.ui 1 0 2026-07-22 23:32:11.353
!MESSAGE warning: the choice symbol WHD_LOG_LEVEL_ERROR (defined at D:/RtThread/RT-ThreadStudio/platform/env_released/env\packages/packages/iot/wifi-host-driver/Kconfig:312, libraries/components/wifi-host-driver/Kconfig:284) is defined with a prompt outside the choice

!ENTRY org.rt-thread.studio.common.ui 1 0 2026-07-22 23:32:11.354
!MESSAGE warning: the choice symbol WHD_LOG_LEVEL_INFO (defined at D:/RtThread/RT-ThreadStudio/platform/env_released/env\packages/packages/iot/wifi-host-driver/Kconfig:315, libraries/components/wifi-host-driver/Kconfig:287) is defined with a prompt outside the choice

!ENTRY org.rt-thread.studio.common.ui 1 0 2026-07-22 23:32:11.355
!MESSAGE warning: the choice symbol WHD_LOG_LEVEL_DEBUG (defined at D:/RtThread/RT-ThreadStudio/platform/env_released/env\packages/packages/iot/wifi-host-driver/Kconfig:319, libraries/components/wifi-host-driver/Kconfig:291) is defined with a prompt outside the choice

!ENTRY org.rt-thread.studio.common.ui 1 0 2026-07-22 23:32:11.356
!MESSAGE warning: the choice symbol WHD_LOG_LEVEL_DATA_TRACE (defined at D:/RtThread/RT-ThreadStudio/platform/env_released/env\packages/packages/iot/wifi-host-driver/Kconfig:325, libraries/components/wifi-host-driver/Kconfig:297) is defined with a prompt outside the choice

!ENTRY org.rt-thread.studio.rttconfig.core 1 0 2026-07-22 23:32:16.874
!MESSAGE warning: the default selection WHD_LOG_LEVEL_ERROR (defined at D:/RtThread/RT-ThreadStudio/platform/env_released/env/packages/packages/iot/wifi-host-driver/Kconfig:312, libraries/components/wifi-host-driver/Kconfig:284) of <choice> (defined at D:/RtThread/RT-ThreadStudio/platform/env_released/env/packages/packages/iot/wifi-host-driver/Kconfig:304) is not contained in the choice


!ENTRY org.rt-thread.studio.common.core 4 4 2026-07-22 23:33:12.249
!MESSAGE =====>destiDir F:\code\vibe_project\rollerball\M55

!ENTRY org.rt-thread.studio.common.core 4 4 2026-07-22 23:33:12.251
!MESSAGE activeProj --> M55

!ENTRY org.rt-thread.studio.common.core 4 4 2026-07-22 23:33:12.252
!MESSAGE ----calculateTargetToolInvoking: Cross ARM C Linker

!ENTRY org.rt-thread.studio.common.core 4 4 2026-07-22 23:33:12.255
!MESSAGE =====> toolChainPath ==> ${toolchain_install_path}/ARM/GNU_Tools_for_ARM_Embedded_Processors/13.3/bin

!ENTRY org.rt-thread.studio.common.core 4 4 2026-07-22 23:33:12.256
!MESSAGE getToolChainPath -> D:/RtThread/RT-ThreadStudio/repo/Extract/ToolChain_Support_Packages/ARM/GNU_Tools_for_ARM_Embedded_Processors/13.3/bin

!ENTRY org.rt-thread.studio.common.core 4 4 2026-07-22 23:33:12.257
!MESSAGE ---toolchainpath--> D:/RtThread/RT-ThreadStudio/repo/Extract/ToolChain_Support_Packages/ARM/GNU_Tools_for_ARM_Embedded_Processors/13.3/bin

!ENTRY org.rt-thread.studio.common.ui 1 0 2026-07-22 23:33:12.356
!MESSAGE D:\RtThread\RT-ThreadStudio>cd /d F:\code\vibe_project\rollerball\M55 

!ENTRY org.rt-thread.studio.common.ui 1 0 2026-07-22 23:33:12.361
!MESSAGE F:\code\vibe_project\rollerball\M55>set RTT_ROOT= 

!ENTRY org.rt-thread.studio.common.ui 1 0 2026-07-22 23:33:12.362
!MESSAGE F:\code\vibe_project\rollerball\M55>set ENV_ROOT=D:/RtThread/RT-ThreadStudio/platform/env_released/env 

!ENTRY org.rt-thread.studio.common.ui 1 0 2026-07-22 23:33:12.363
!MESSAGE F:\code\vibe_project\rollerball\M55>set RTT_EXEC_PATH=D:/RtThread/RT-ThreadStudio/repo/Extract/ToolChain_Support_Packages/ARM/GNU_Tools_for_ARM_Embedded_Processors/13.3/bin 

!ENTRY org.rt-thread.studio.common.ui 1 0 2026-07-22 23:33:12.364
!MESSAGE F:\code\vibe_project\rollerball\M55>set KCONF_EXEC_PATH=D:/RtThread/RT-ThreadStudio/platform/env_released/env\tools\exec 

!ENTRY org.rt-thread.studio.common.ui 1 0 2026-07-22 23:33:12.365
!MESSAGE F:\code\vibe_project\rollerball\M55>set RTT_CC=gcc 

!ENTRY org.rt-thread.studio.common.ui 1 0 2026-07-22 23:33:12.366
!MESSAGE F:\code\vibe_project\rollerball\M55>set RTTS_PLATFORM=STUDIO 

!ENTRY org.rt-thread.studio.common.ui 1 0 2026-07-22 23:33:12.368
!MESSAGE F:\code\vibe_project\rollerball\M55>set SCONS=D:/RtThread/RT-ThreadStudio/platform/env_released/env\tools\Python27\Scripts 

!ENTRY org.rt-thread.studio.common.ui 1 0 2026-07-22 23:33:12.370
!MESSAGE F:\code\vibe_project\rollerball\M55>set PKGS_ROOT=D:/RtThread/RT-ThreadStudio/platform/env_released/env\packages 

!ENTRY org.rt-thread.studio.common.ui 1 0 2026-07-22 23:33:12.372
!MESSAGE F:\code\vibe_project\rollerball\M55>set PATH=D:/RtThread/RT-ThreadStudio/platform/env_released/env\tools\MinGit-2.25.1-32-bit\cmd;D:/RtThread/RT-ThreadStudio/jre/bin/server;D:/RtThread/RT-ThreadStudio/jre/bin;D:/RtThread/RT-ThreadStudio/jre/lib/amd64;C:\Program Files (x86)\STMicroelectronics\stlink_server;D:\STM32CubeCLT\STM32CubeCLT_1.19.0;D:\STM32CubeCLT\STM32CubeCLT_1.19.0\CMake\bin;D:\STM32CubeCLT\STM32CubeCLT_1.19.0\st-arm-clang\bin;D:\STM32CubeCLT\STM32CubeCLT_1.19.0\Ninja\bin;D:\STM32CubeCLT\STM32CubeCLT_1.19.0\GNU-tools-for-STM32\bin;D:\STM32CubeCLT\STM32CubeCLT_1.19.0\STLink-gdb-server\bin;D:\STM32CubeCLT\STM32CubeCLT_1.19.0\STM32CubeProgrammer\bin;D:\Vmware\bin\;C:\Program Files\Common Files\Oracle\Java\javapath;C:\Program Files (x86)\Common Files\Oracle\Java\java8path;C:\Program Files (x86)\Common Files\Oracle\Java\javapath;C:\WINDOWS\system32;C:\WINDOWS;C:\WINDOWS\System32\Wbem;C:\WINDOWS\System32\WindowsPowerShell\v1.0\;C:\WINDOWS\System32\OpenSSH\;C:\Program Files (x86)\NVIDIA Corporation\PhysX\Common;C:\Program Files\dotnet\;D:\Git\Git\cmd;%QUARTUS_ROOTDIR%\bin;C:\Program Files\Docker\Docker\resources\bin;D:\Git\Git\usr\bin;D:\PuTTY\;D:\BandiZip\;C:\Program Files\mingw64\bin;C:\Program Files\NVIDIA Corporation\NVIDIA App\NvDLISR;D:\nodeJS\;D:\OpenOCD\OpenOCD-20250710-0.12.0\bin;F:\Matlab\R2024B\bin;C:\DevEnv\Python3.11\Scripts\;C:\DevEnv\Python3.11\;C:\Users\22067\AppData\Local\Programs\Python\Python312\Scripts\;C:\Users\22067\AppData\Local\Programs\Python\Python312\;C:\Users\22067\AppData\Local\Microsoft\WindowsApps;D:\STM32_Development\MinGW64\mingw64\bin;D:\big shuju\DataGrip\DataGrip 2024.2.2\bin;D:\Clion\CLion 2025.1.2\bin;D:\VScode\Microsoft VS Code\bin;C:\Users\22067\AppData\Roaming\npm;C:\Users\22067\bin;D:\RtThread\RT-ThreadStudio; 

!ENTRY org.rt-thread.studio.common.ui 1 0 2026-07-22 23:33:12.372
!MESSAGE F:\code\vibe_project\rollerball\M55>set PATH=D:/RtThread/RT-ThreadStudio/platform/env_released/env\tools\Python27;D:/RtThread/RT-ThreadStudio/platform/env_released/env\tools\MinGit-2.25.1-32-bit\cmd;D:/RtThread/RT-ThreadStudio/jre/bin/server;D:/RtThread/RT-ThreadStudio/jre/bin;D:/RtThread/RT-ThreadStudio/jre/lib/amd64;C:\Program Files (x86)\STMicroelectronics\stlink_server;D:\STM32CubeCLT\STM32CubeCLT_1.19.0;D:\STM32CubeCLT\STM32CubeCLT_1.19.0\CMake\bin;D:\STM32CubeCLT\STM32CubeCLT_1.19.0\st-arm-clang\bin;D:\STM32CubeCLT\STM32CubeCLT_1.19.0\Ninja\bin;D:\STM32CubeCLT\STM32CubeCLT_1.19.0\GNU-tools-for-STM32\bin;D:\STM32CubeCLT\STM32CubeCLT_1.19.0\STLink-gdb-server\bin;D:\STM32CubeCLT\STM32CubeCLT_1.19.0\STM32CubeProgrammer\bin;D:\Vmware\bin\;C:\Program Files\Common Files\Oracle\Java\javapath;C:\Program Files (x86)\Common Files\Oracle\Java\java8path;C:\Program Files (x86)\Common Files\Oracle\Java\javapath;C:\WINDOWS\system32;C:\WINDOWS;C:\WINDOWS\System32\Wbem;C:\WINDOWS\System32\WindowsPowerShell\v1.0\;C:\WINDOWS\System32\OpenSSH\;C:\Program Files (x86)\NVIDIA Corporation\PhysX\Common;C:\Program Files\dotnet\;D:\Git\Git\cmd;%QUARTUS_ROOTDIR%\bin;C:\Program Files\Docker\Docker\resources\bin;D:\Git\Git\usr\bin;D:\PuTTY\;D:\BandiZip\;C:\Program Files\mingw64\bin;C:\Program Files\NVIDIA Corporation\NVIDIA App\NvDLISR;D:\nodeJS\;D:\OpenOCD\OpenOCD-20250710-0.12.0\bin;F:\Matlab\R2024B\bin;C:\DevEnv\Python3.11\Scripts\;C:\DevEnv\Python3.11\;C:\Users\22067\AppData\Local\Programs\Python\Python312\Scripts\;C:\Users\22067\AppData\Local\Programs\Python\Python312\;C:\Users\22067\AppData\Local\Microsoft\WindowsApps;D:\STM32_Development\MinGW64\mingw64\bin;D:\big shuju\DataGrip\DataGrip 2024.2.2\bin;D:\Clion\CLion 2025.1.2\bin;D:\VScode\Microsoft VS Code\bin;C:\Users\22067\AppData\Roaming\npm;C:\Users\22067\bin;D:\RtThread\RT-ThreadStudio; 

!ENTRY org.rt-thread.studio.common.ui 1 0 2026-07-22 23:33:12.373
!MESSAGE F:\code\vibe_project\rollerball\M55>set PATH=D:/RtThread/RT-ThreadStudio/platform/env_released/env\tools\Python27\Scripts;D:/RtThread/RT-ThreadStudio/platform/env_released/env\tools\Python27;D:/RtThread/RT-ThreadStudio/platform/env_released/env\tools\MinGit-2.25.1-32-bit\cmd;D:/RtThread/RT-ThreadStudio/jre/bin/server;D:/RtThread/RT-ThreadStudio/jre/bin;D:/RtThread/RT-ThreadStudio/jre/lib/amd64;C:\Program Files (x86)\STMicroelectronics\stlink_server;D:\STM32CubeCLT\STM32CubeCLT_1.19.0;D:\STM32CubeCLT\STM32CubeCLT_1.19.0\CMake\bin;D:\STM32CubeCLT\STM32CubeCLT_1.19.0\st-arm-clang\bin;D:\STM32CubeCLT\STM32CubeCLT_1.19.0\Ninja\bin;D:\STM32CubeCLT\STM32CubeCLT_1.19.0\GNU-tools-for-STM32\bin;D:\STM32CubeCLT\STM32CubeCLT_1.19.0\STLink-gdb-server\bin;D:\STM32CubeCLT\STM32CubeCLT_1.19.0\STM32CubeProgrammer\bin;D:\Vmware\bin\;C:\Program Files\Common Files\Oracle\Java\javapath;C:\Program Files (x86)\Common Files\Oracle\Java\java8path;C:\Program Files (x86)\Common Files\Oracle\Java\javapath;C:\WINDOWS\system32;C:\WINDOWS;C:\WINDOWS\System32\Wbem;C:\WINDOWS\System32\WindowsPowerShell\v1.0\;C:\WINDOWS\System32\OpenSSH\;C:\Program Files (x86)\NVIDIA Corporation\PhysX\Common;C:\Program Files\dotnet\;D:\Git\Git\cmd;%QUARTUS_ROOTDIR%\bin;C:\Program Files\Docker\Docker\resources\bin;D:\Git\Git\usr\bin;D:\PuTTY\;D:\BandiZip\;C:\Program Files\mingw64\bin;C:\Program Files\NVIDIA Corporation\NVIDIA App\NvDLISR;D:\nodeJS\;D:\OpenOCD\OpenOCD-20250710-0.12.0\bin;F:\Matlab\R2024B\bin;C:\DevEnv\Python3.11\Scripts\;C:\DevEnv\Python3.11\;C:\Users\22067\AppData\Local\Programs\Python\Python312\Scripts\;C:\Users\22067\AppData\Local\Programs\Python\Python312\;C:\Users\22067\AppData\Local\Microsoft\WindowsApps;D:\STM32_Development\MinGW64\mingw64\bin;D:\big shuju\DataGrip\DataGrip 2024.2.2\bin;D:\Clion\CLion 2025.1.2\bin;D:\VScode\Microsoft VS Code\bin;C:\Users\22067\AppData\Roaming\npm;C:\Users\22067\bin;D:\RtThread\RT-ThreadStudio; 

!ENTRY org.rt-thread.studio.common.ui 1 0 2026-07-22 23:33:12.375
!MESSAGE F:\code\vibe_project\rollerball\M55>set PATH=D:/RtThread/RT-ThreadStudio/platform/env_released/env\tools\bin;D:/RtThread/RT-ThreadStudio/platform/env_released/env\tools\Python27\Scripts;D:/RtThread/RT-ThreadStudio/platform/env_released/env\tools\Python27;D:/RtThread/RT-ThreadStudio/platform/env_released/env\tools\MinGit-2.25.1-32-bit\cmd;D:/RtThread/RT-ThreadStudio/jre/bin/server;D:/RtThread/RT-ThreadStudio/jre/bin;D:/RtThread/RT-ThreadStudio/jre/lib/amd64;C:\Program Files (x86)\STMicroelectronics\stlink_server;D:\STM32CubeCLT\STM32CubeCLT_1.19.0;D:\STM32CubeCLT\STM32CubeCLT_1.19.0\CMake\bin;D:\STM32CubeCLT\STM32CubeCLT_1.19.0\st-arm-clang\bin;D:\STM32CubeCLT\STM32CubeCLT_1.19.0\Ninja\bin;D:\STM32CubeCLT\STM32CubeCLT_1.19.0\GNU-tools-for-STM32\bin;D:\STM32CubeCLT\STM32CubeCLT_1.19.0\STLink-gdb-server\bin;D:\STM32CubeCLT\STM32CubeCLT_1.19.0\STM32CubeProgrammer\bin;D:\Vmware\bin\;C:\Program Files\Common Files\Oracle\Java\javapath;C:\Program Files (x86)\Common Files\Oracle\Java\java8path;C:\Program Files (x86)\Common Files\Oracle\Java\javapath;C:\WINDOWS\system32;C:\WINDOWS;C:\WINDOWS\System32\Wbem;C:\WINDOWS\System32\WindowsPowerShell\v1.0\;C:\WINDOWS\System32\OpenSSH\;C:\Program Files (x86)\NVIDIA Corporation\PhysX\Common;C:\Program Files\dotnet\;D:\Git\Git\cmd;%QUARTUS_ROOTDIR%\bin;C:\Program Files\Docker\Docker\resources\bin;D:\Git\Git\usr\bin;D:\PuTTY\;D:\BandiZip\;C:\Program Files\mingw64\bin;C:\Program Files\NVIDIA Corporation\NVIDIA App\NvDLISR;D:\nodeJS\;D:\OpenOCD\OpenOCD-20250710-0.12.0\bin;F:\Matlab\R2024B\bin;C:\DevEnv\Python3.11\Scripts\;C:\DevEnv\Python3.11\;C:\Users\22067\AppData\Local\Programs\Python\Python312\Scripts\;C:\Users\22067\AppData\Local\Programs\Python\Python312\;C:\Users\22067\AppData\Local\Microsoft\WindowsApps;D:\STM32_Development\MinGW64\mingw64\bin;D:\big shuju\DataGrip\DataGrip 2024.2.2\bin;D:\Clion\CLion 2025.1.2\bin;D:\VScode\Microsoft VS Code\bin;C:\Users\22067\AppData\Roaming\npm;C:\Users\22067\bin;D:\RtThread\RT-ThreadStudio; 

!ENTRY org.rt-thread.studio.common.ui 1 0 2026-07-22 23:33:12.376
!MESSAGE F:\code\vibe_project\rollerball\M55>set PATH=D:/RtThread/RT-ThreadStudio/repo/Extract/ToolChain_Support_Packages/ARM/GNU_Tools_for_ARM_Embedded_Processors/13.3/bin;D:/RtThread/RT-ThreadStudio/platform/env_released/env\tools\bin;D:/RtThread/RT-ThreadStudio/platform/env_released/env\tools\Python27\Scripts;D:/RtThread/RT-ThreadStudio/platform/env_released/env\tools\Python27;D:/RtThread/RT-ThreadStudio/platform/env_released/env\tools\MinGit-2.25.1-32-bit\cmd;D:/RtThread/RT-ThreadStudio/jre/bin/server;D:/RtThread/RT-ThreadStudio/jre/bin;D:/RtThread/RT-ThreadStudio/jre/lib/amd64;C:\Program Files (x86)\STMicroelectronics\stlink_server;D:\STM32CubeCLT\STM32CubeCLT_1.19.0;D:\STM32CubeCLT\STM32CubeCLT_1.19.0\CMake\bin;D:\STM32CubeCLT\STM32CubeCLT_1.19.0\st-arm-clang\bin;D:\STM32CubeCLT\STM32CubeCLT_1.19.0\Ninja\bin;D:\STM32CubeCLT\STM32CubeCLT_1.19.0\GNU-tools-for-STM32\bin;D:\STM32CubeCLT\STM32CubeCLT_1.19.0\STLink-gdb-server\bin;D:\STM32CubeCLT\STM32CubeCLT_1.19.0\STM32CubeProgrammer\bin;D:\Vmware\bin\;C:\Program Files\Common Files\Oracle\Java\javapath;C:\Program Files (x86)\Common Files\Oracle\Java\java8path;C:\Program Files (x86)\Common Files\Oracle\Java\javapath;C:\WINDOWS\system32;C:\WINDOWS;C:\WINDOWS\System32\Wbem;C:\WINDOWS\System32\WindowsPowerShell\v1.0\;C:\WINDOWS\System32\OpenSSH\;C:\Program Files (x86)\NVIDIA Corporation\PhysX\Common;C:\Program Files\dotnet\;D:\Git\Git\cmd;%QUARTUS_ROOTDIR%\bin;C:\Program Files\Docker\Docker\resources\bin;D:\Git\Git\usr\bin;D:\PuTTY\;D:\BandiZip\;C:\Program Files\mingw64\bin;C:\Program Files\NVIDIA Corporation\NVIDIA App\NvDLISR;D:\nodeJS\;D:\OpenOCD\OpenOCD-20250710-0.12.0\bin;F:\Matlab\R2024B\bin;C:\DevEnv\Python3.11\Scripts\;C:\DevEnv\Python3.11\;C:\Users\22067\AppData\Local\Programs\Python\Python312\Scripts\;C:\Users\22067\AppData\Local\Programs\Python\Python312\;C:\Users\22067\AppData\Local\Microsoft\WindowsApps;D:\STM32_Development\MinGW64\mingw64\bin;D:\big shuju\DataGrip\DataGrip 2024.2.2\bin;D:\Clion\CLion 2025.1.2\bin;D:\VScode\Microsoft VS Code\bin;C:\Users\22067\AppData\Roaming\npm;C:\Users\22067\bin;D:\RtThread\RT-ThreadStudio; 

!ENTRY org.rt-thread.studio.common.ui 1 0 2026-07-22 23:33:12.377
!MESSAGE F:\code\vibe_project\rollerball\M55>set PATH=D:/RtThread/RT-ThreadStudio/platform/env_released/env\tools\exec;D:/RtThread/RT-ThreadStudio/repo/Extract/ToolChain_Support_Packages/ARM/GNU_Tools_for_ARM_Embedded_Processors/13.3/bin;D:/RtThread/RT-ThreadStudio/platform/env_released/env\tools\bin;D:/RtThread/RT-ThreadStudio/platform/env_released/env\tools\Python27\Scripts;D:/RtThread/RT-ThreadStudio/platform/env_released/env\tools\Python27;D:/RtThread/RT-ThreadStudio/platform/env_released/env\tools\MinGit-2.25.1-32-bit\cmd;D:/RtThread/RT-ThreadStudio/jre/bin/server;D:/RtThread/RT-ThreadStudio/jre/bin;D:/RtThread/RT-ThreadStudio/jre/lib/amd64;C:\Program Files (x86)\STMicroelectronics\stlink_server;D:\STM32CubeCLT\STM32CubeCLT_1.19.0;D:\STM32CubeCLT\STM32CubeCLT_1.19.0\CMake\bin;D:\STM32CubeCLT\STM32CubeCLT_1.19.0\st-arm-clang\bin;D:\STM32CubeCLT\STM32CubeCLT_1.19.0\Ninja\bin;D:\STM32CubeCLT\STM32CubeCLT_1.19.0\GNU-tools-for-STM32\bin;D:\STM32CubeCLT\STM32CubeCLT_1.19.0\STLink-gdb-server\bin;D:\STM32CubeCLT\STM32CubeCLT_1.19.0\STM32CubeProgrammer\bin;D:\Vmware\bin\;C:\Program Files\Common Files\Oracle\Java\javapath;C:\Program Files (x86)\Common Files\Oracle\Java\java8path;C:\Program Files (x86)\Common Files\Oracle\Java\javapath;C:\WINDOWS\system32;C:\WINDOWS;C:\WINDOWS\System32\Wbem;C:\WINDOWS\System32\WindowsPowerShell\v1.0\;C:\WINDOWS\System32\OpenSSH\;C:\Program Files (x86)\NVIDIA Corporation\PhysX\Common;C:\Program Files\dotnet\;D:\Git\Git\cmd;%QUARTUS_ROOTDIR%\bin;C:\Program Files\Docker\Docker\resources\bin;D:\Git\Git\usr\bin;D:\PuTTY\;D:\BandiZip\;C:\Program Files\mingw64\bin;C:\Program Files\NVIDIA Corporation\NVIDIA App\NvDLISR;D:\nodeJS\;D:\OpenOCD\OpenOCD-20250710-0.12.0\bin;F:\Matlab\R2024B\bin;C:\DevEnv\Python3.11\Scripts\;C:\DevEnv\Python3.11\;C:\Users\22067\AppData\Local\Programs\Python\Python312\Scripts\;C:\Users\22067\AppData\Local\Programs\Python\Python312\;C:\Users\22067\AppData\Local\Microsoft\WindowsApps;D:\STM32_Development\MinGW64\mingw64\bin;D:\big shuju\DataGrip\DataGrip 2024.2.2\bin;D:\Clion\CLion 2025.1.2\bin;D:\VScode\Microsoft VS Code\bin;C:\Users\22067\AppData\Roaming\npm;C:\Users\22067\bin;D:\RtThread\RT-ThreadStudio; 

!ENTRY org.rt-thread.studio.common.ui 1 0 2026-07-22 23:33:12.378
!MESSAGE F:\code\vibe_project\rollerball\M55>set PATH=D:/RtThread/RT-ThreadStudio/platform/env_released/env\tools\qemu\qemu32;D:/RtThread/RT-ThreadStudio/platform/env_released/env\tools\exec;D:/RtThread/RT-ThreadStudio/repo/Extract/ToolChain_Support_Packages/ARM/GNU_Tools_for_ARM_Embedded_Processors/13.3/bin;D:/RtThread/RT-ThreadStudio/platform/env_released/env\tools\bin;D:/RtThread/RT-ThreadStudio/platform/env_released/env\tools\Python27\Scripts;D:/RtThread/RT-ThreadStudio/platform/env_released/env\tools\Python27;D:/RtThread/RT-ThreadStudio/platform/env_released/env\tools\MinGit-2.25.1-32-bit\cmd;D:/RtThread/RT-ThreadStudio/jre/bin/server;D:/RtThread/RT-ThreadStudio/jre/bin;D:/RtThread/RT-ThreadStudio/jre/lib/amd64;C:\Program Files (x86)\STMicroelectronics\stlink_server;D:\STM32CubeCLT\STM32CubeCLT_1.19.0;D:\STM32CubeCLT\STM32CubeCLT_1.19.0\CMake\bin;D:\STM32CubeCLT\STM32CubeCLT_1.19.0\st-arm-clang\bin;D:\STM32CubeCLT\STM32CubeCLT_1.19.0\Ninja\bin;D:\STM32CubeCLT\STM32CubeCLT_1.19.0\GNU-tools-for-STM32\bin;D:\STM32CubeCLT\STM32CubeCLT_1.19.0\STLink-gdb-server\bin;D:\STM32CubeCLT\STM32CubeCLT_1.19.0\STM32CubeProgrammer\bin;D:\Vmware\bin\;C:\Program Files\Common Files\Oracle\Java\javapath;C:\Program Files (x86)\Common Files\Oracle\Java\java8path;C:\Program Files (x86)\Common Files\Oracle\Java\javapath;C:\WINDOWS\system32;C:\WINDOWS;C:\WINDOWS\System32\Wbem;C:\WINDOWS\System32\WindowsPowerShell\v1.0\;C:\WINDOWS\System32\OpenSSH\;C:\Program Files (x86)\NVIDIA Corporation\PhysX\Common;C:\Program Files\dotnet\;D:\Git\Git\cmd;%QUARTUS_ROOTDIR%\bin;C:\Program Files\Docker\Docker\resources\bin;D:\Git\Git\usr\bin;D:\PuTTY\;D:\BandiZip\;C:\Program Files\mingw64\bin;C:\Program Files\NVIDIA Corporation\NVIDIA App\NvDLISR;D:\nodeJS\;D:\OpenOCD\OpenOCD-20250710-0.12.0\bin;F:\Matlab\R2024B\bin;C:\DevEnv\Python3.11\Scripts\;C:\DevEnv\Python3.11\;C:\Users\22067\AppData\Local\Programs\Python\Python312\Scripts\;C:\Users\22067\AppData\Local\Programs\Python\Python312\;C:\Users\22067\AppData\Local\Microsoft\WindowsApps;D:\STM32_Development\MinGW64\mingw64\bin;D:\big shuju\DataGrip\DataGrip 2024.2.2\bin;D:\Clion\CLion 2025.1.2\bin;D:\VScode\Microsoft VS Code\bin;C:\Users\22067\AppData\Roaming\npm;C:\Users\22067\bin;D:\RtThread\RT-ThreadStudio; 

!ENTRY org.rt-thread.studio.common.ui 1 0 2026-07-22 23:33:12.379
!MESSAGE F:\code\vibe_project\rollerball\M55>set PYTHONPATH=D:/RtThread/RT-ThreadStudio/platform/env_released/env\tools\Python27; 

!ENTRY org.rt-thread.studio.common.ui 1 0 2026-07-22 23:33:12.380
!MESSAGE F:\code\vibe_project\rollerball\M55>set PATH=D:/RtThread/RT-ThreadStudio/platform/env_released/env\tools\qemu\qemu32;D:/RtThread/RT-ThreadStudio/platform/env_released/env\tools\exec;D:/RtThread/RT-ThreadStudio/repo/Extract/ToolChain_Support_Packages/ARM/GNU_Tools_for_ARM_Embedded_Processors/13.3/bin;D:/RtThread/RT-ThreadStudio/platform/env_released/env\tools\bin;D:/RtThread/RT-ThreadStudio/platform/env_released/env\tools\Python27\Scripts;D:/RtThread/RT-ThreadStudio/platform/env_released/env\tools\Python27;D:/RtThread/RT-ThreadStudio/platform/env_released/env\tools\MinGit-2.25.1-32-bit\cmd;D:/RtThread/RT-ThreadStudio/jre/bin/server;D:/RtThread/RT-ThreadStudio/jre/bin;D:/RtThread/RT-ThreadStudio/jre/lib/amd64;C:\Program Files (x86)\STMicroelectronics\stlink_server;D:\STM32CubeCLT\STM32CubeCLT_1.19.0;D:\STM32CubeCLT\STM32CubeCLT_1.19.0\CMake\bin;D:\STM32CubeCLT\STM32CubeCLT_1.19.0\st-arm-clang\bin;D:\STM32CubeCLT\STM32CubeCLT_1.19.0\Ninja\bin;D:\STM32CubeCLT\STM32CubeCLT_1.19.0\GNU-tools-for-STM32\bin;D:\STM32CubeCLT\STM32CubeCLT_1.19.0\STLink-gdb-server\bin;D:\STM32CubeCLT\STM32CubeCLT_1.19.0\STM32CubeProgrammer\bin;D:\Vmware\bin\;C:\Program Files\Common Files\Oracle\Java\javapath;C:\Program Files (x86)\Common Files\Oracle\Java\java8path;C:\Program Files (x86)\Common Files\Oracle\Java\javapath;C:\WINDOWS\system32;C:\WINDOWS;C:\WINDOWS\System32\Wbem;C:\WINDOWS\System32\WindowsPowerShell\v1.0\;C:\WINDOWS\System32\OpenSSH\;C:\Program Files (x86)\NVIDIA Corporation\PhysX\Common;C:\Program Files\dotnet\;D:\Git\Git\cmd;%QUARTUS_ROOTDIR%\bin;C:\Program Files\Docker\Docker\resources\bin;D:\Git\Git\usr\bin;D:\PuTTY\;D:\BandiZip\;C:\Program Files\mingw64\bin;C:\Program Files\NVIDIA Corporation\NVIDIA App\NvDLISR;D:\nodeJS\;D:\OpenOCD\OpenOCD-20250710-0.12.0\bin;F:\Matlab\R2024B\bin;C:\DevEnv\Python3.11\Scripts\;C:\DevEnv\Python3.11\;C:\Users\22067\AppData\Local\Programs\Python\Python312\Scripts\;C:\Users\22067\AppData\Local\Programs\Python\Python312\;C:\Users\22067\AppData\Local\Microsoft\WindowsApps;D:\STM32_Development\MinGW64\mingw64\bin;D:\big shuju\DataGrip\DataGrip 2024.2.2\bin;D:\Clion\CLion 2025.1.2\bin;D:\VScode\Microsoft VS Code\bin;C:\Users\22067\AppData\Roaming\npm;C:\Users\22067\bin;D:\RtThread\RT-ThreadStudio;; 

!ENTRY org.rt-thread.studio.common.ui 1 0 2026-07-22 23:33:12.381
!MESSAGE F:\code\vibe_project\rollerball\M55>scons --useconfig=.config 

!ENTRY org.rt-thread.studio.common.ui 1 0 2026-07-22 23:33:15.363
!MESSAGE scons: Reading SConscript files ...

!ENTRY org.rt-thread.studio.common.core 4 4 2026-07-22 23:33:15.910
!MESSAGE =====>destiDir F:\code\vibe_project\rollerball\M55

!ENTRY org.rt-thread.studio.common.core 4 4 2026-07-22 23:33:15.916
!MESSAGE activeProj --> M55

!ENTRY org.rt-thread.studio.common.core 4 4 2026-07-22 23:33:15.916
!MESSAGE ----calculateTargetToolInvoking: Cross ARM C Linker

!ENTRY org.rt-thread.studio.common.core 4 4 2026-07-22 23:33:15.916
!MESSAGE =====> toolChainPath ==> ${toolchain_install_path}/ARM/GNU_Tools_for_ARM_Embedded_Processors/13.3/bin

!ENTRY org.rt-thread.studio.common.core 4 4 2026-07-22 23:33:15.921
!MESSAGE getToolChainPath -> D:/RtThread/RT-ThreadStudio/repo/Extract/ToolChain_Support_Packages/ARM/GNU_Tools_for_ARM_Embedded_Processors/13.3/bin

!ENTRY org.rt-thread.studio.common.core 4 4 2026-07-22 23:33:15.921
!MESSAGE ---toolchainpath--> D:/RtThread/RT-ThreadStudio/repo/Extract/ToolChain_Support_Packages/ARM/GNU_Tools_for_ARM_Embedded_Processors/13.3/bin

!ENTRY org.rt-thread.studio.common.ui 1 0 2026-07-22 23:33:15.985
!MESSAGE D:\RtThread\RT-ThreadStudio>cd /d F:\code\vibe_project\rollerball\M55 

!ENTRY org.rt-thread.studio.common.ui 1 0 2026-07-22 23:33:15.985
!MESSAGE F:\code\vibe_project\rollerball\M55>set RTT_ROOT= 

!ENTRY org.rt-thread.studio.common.ui 1 0 2026-07-22 23:33:15.988
!MESSAGE F:\code\vibe_project\rollerball\M55>set ENV_ROOT=D:/RtThread/RT-ThreadStudio/platform/env_released/env 

!ENTRY org.rt-thread.studio.common.ui 1 0 2026-07-22 23:33:15.988
!MESSAGE F:\code\vibe_project\rollerball\M55>set RTT_EXEC_PATH=D:/RtThread/RT-ThreadStudio/repo/Extract/ToolChain_Support_Packages/ARM/GNU_Tools_for_ARM_Embedded_Processors/13.3/bin 

!ENTRY org.rt-thread.studio.common.ui 1 0 2026-07-22 23:33:15.988
!MESSAGE F:\code\vibe_project\rollerball\M55>set KCONF_EXEC_PATH=D:/RtThread/RT-ThreadStudio/platform/env_released/env\tools\exec 

!ENTRY org.rt-thread.studio.common.ui 1 0 2026-07-22 23:33:15.988
!MESSAGE F:\code\vibe_project\rollerball\M55>set RTT_CC=gcc 

!ENTRY org.rt-thread.studio.common.ui 1 0 2026-07-22 23:33:15.991
!MESSAGE F:\code\vibe_project\rollerball\M55>set RTTS_PLATFORM=STUDIO 

!ENTRY org.rt-thread.studio.common.ui 1 0 2026-07-22 23:33:15.991
!MESSAGE F:\code\vibe_project\rollerball\M55>set SCONS=D:/RtThread/RT-ThreadStudio/platform/env_released/env\tools\Python27\Scripts 

!ENTRY org.rt-thread.studio.common.ui 1 0 2026-07-22 23:33:15.991
!MESSAGE F:\code\vibe_project\rollerball\M55>set PKGS_ROOT=D:/RtThread/RT-ThreadStudio/platform/env_released/env\packages 

!ENTRY org.rt-thread.studio.common.ui 1 0 2026-07-22 23:33:15.991
!MESSAGE F:\code\vibe_project\rollerball\M55>set PATH=D:/RtThread/RT-ThreadStudio/platform/env_released/env\tools\MinGit-2.25.1-32-bit\cmd;D:/RtThread/RT-ThreadStudio/jre/bin/server;D:/RtThread/RT-ThreadStudio/jre/bin;D:/RtThread/RT-ThreadStudio/jre/lib/amd64;C:\Program Files (x86)\STMicroelectronics\stlink_server;D:\STM32CubeCLT\STM32CubeCLT_1.19.0;D:\STM32CubeCLT\STM32CubeCLT_1.19.0\CMake\bin;D:\STM32CubeCLT\STM32CubeCLT_1.19.0\st-arm-clang\bin;D:\STM32CubeCLT\STM32CubeCLT_1.19.0\Ninja\bin;D:\STM32CubeCLT\STM32CubeCLT_1.19.0\GNU-tools-for-STM32\bin;D:\STM32CubeCLT\STM32CubeCLT_1.19.0\STLink-gdb-server\bin;D:\STM32CubeCLT\STM32CubeCLT_1.19.0\STM32CubeProgrammer\bin;D:\Vmware\bin\;C:\Program Files\Common Files\Oracle\Java\javapath;C:\Program Files (x86)\Common Files\Oracle\Java\java8path;C:\Program Files (x86)\Common Files\Oracle\Java\javapath;C:\WINDOWS\system32;C:\WINDOWS;C:\WINDOWS\System32\Wbem;C:\WINDOWS\System32\WindowsPowerShell\v1.0\;C:\WINDOWS\System32\OpenSSH\;C:\Program Files (x86)\NVIDIA Corporation\PhysX\Common;C:\Program Files\dotnet\;D:\Git\Git\cmd;%QUARTUS_ROOTDIR%\bin;C:\Program Files\Docker\Docker\resources\bin;D:\Git\Git\usr\bin;D:\PuTTY\;D:\BandiZip\;C:\Program Files\mingw64\bin;C:\Program Files\NVIDIA Corporation\NVIDIA App\NvDLISR;D:\nodeJS\;D:\OpenOCD\OpenOCD-20250710-0.12.0\bin;F:\Matlab\R2024B\bin;C:\DevEnv\Python3.11\Scripts\;C:\DevEnv\Python3.11\;C:\Users\22067\AppData\Local\Programs\Python\Python312\Scripts\;C:\Users\22067\AppData\Local\Programs\Python\Python312\;C:\Users\22067\AppData\Local\Microsoft\WindowsApps;D:\STM32_Development\MinGW64\mingw64\bin;D:\big shuju\DataGrip\DataGrip 2024.2.2\bin;D:\Clion\CLion 2025.1.2\bin;D:\VScode\Microsoft VS Code\bin;C:\Users\22067\AppData\Roaming\npm;C:\Users\22067\bin;D:\RtThread\RT-ThreadStudio; 

!ENTRY org.rt-thread.studio.common.ui 1 0 2026-07-22 23:33:15.991
!MESSAGE F:\code\vibe_project\rollerball\M55>set PATH=D:/RtThread/RT-ThreadStudio/platform/env_released/env\tools\Python27;D:/RtThread/RT-ThreadStudio/platform/env_released/env\tools\MinGit-2.25.1-32-bit\cmd;D:/RtThread/RT-ThreadStudio/jre/bin/server;D:/RtThread/RT-ThreadStudio/jre/bin;D:/RtThread/RT-ThreadStudio/jre/lib/amd64;C:\Program Files (x86)\STMicroelectronics\stlink_server;D:\STM32CubeCLT\STM32CubeCLT_1.19.0;D:\STM32CubeCLT\STM32CubeCLT_1.19.0\CMake\bin;D:\STM32CubeCLT\STM32CubeCLT_1.19.0\st-arm-clang\bin;D:\STM32CubeCLT\STM32CubeCLT_1.19.0\Ninja\bin;D:\STM32CubeCLT\STM32CubeCLT_1.19.0\GNU-tools-for-STM32\bin;D:\STM32CubeCLT\STM32CubeCLT_1.19.0\STLink-gdb-server\bin;D:\STM32CubeCLT\STM32CubeCLT_1.19.0\STM32CubeProgrammer\bin;D:\Vmware\bin\;C:\Program Files\Common Files\Oracle\Java\javapath;C:\Program Files (x86)\Common Files\Oracle\Java\java8path;C:\Program Files (x86)\Common Files\Oracle\Java\javapath;C:\WINDOWS\system32;C:\WINDOWS;C:\WINDOWS\System32\Wbem;C:\WINDOWS\System32\WindowsPowerShell\v1.0\;C:\WINDOWS\System32\OpenSSH\;C:\Program Files (x86)\NVIDIA Corporation\PhysX\Common;C:\Program Files\dotnet\;D:\Git\Git\cmd;%QUARTUS_ROOTDIR%\bin;C:\Program Files\Docker\Docker\resources\bin;D:\Git\Git\usr\bin;D:\PuTTY\;D:\BandiZip\;C:\Program Files\mingw64\bin;C:\Program Files\NVIDIA Corporation\NVIDIA App\NvDLISR;D:\nodeJS\;D:\OpenOCD\OpenOCD-20250710-0.12.0\bin;F:\Matlab\R2024B\bin;C:\DevEnv\Python3.11\Scripts\;C:\DevEnv\Python3.11\;C:\Users\22067\AppData\Local\Programs\Python\Python312\Scripts\;C:\Users\22067\AppData\Local\Programs\Python\Python312\;C:\Users\22067\AppData\Local\Microsoft\WindowsApps;D:\STM32_Development\MinGW64\mingw64\bin;D:\big shuju\DataGrip\DataGrip 2024.2.2\bin;D:\Clion\CLion 2025.1.2\bin;D:\VScode\Microsoft VS Code\bin;C:\Users\22067\AppData\Roaming\npm;C:\Users\22067\bin;D:\RtThread\RT-ThreadStudio; 

!ENTRY org.rt-thread.studio.common.ui 1 0 2026-07-22 23:33:15.991
!MESSAGE F:\code\vibe_project\rollerball\M55>set PATH=D:/RtThread/RT-ThreadStudio/platform/env_released/env\tools\Python27\Scripts;D:/RtThread/RT-ThreadStudio/platform/env_released/env\tools\Python27;D:/RtThread/RT-ThreadStudio/platform/env_released/env\tools\MinGit-2.25.1-32-bit\cmd;D:/RtThread/RT-ThreadStudio/jre/bin/server;D:/RtThread/RT-ThreadStudio/jre/bin;D:/RtThread/RT-ThreadStudio/jre/lib/amd64;C:\Program Files (x86)\STMicroelectronics\stlink_server;D:\STM32CubeCLT\STM32CubeCLT_1.19.0;D:\STM32CubeCLT\STM32CubeCLT_1.19.0\CMake\bin;D:\STM32CubeCLT\STM32CubeCLT_1.19.0\st-arm-clang\bin;D:\STM32CubeCLT\STM32CubeCLT_1.19.0\Ninja\bin;D:\STM32CubeCLT\STM32CubeCLT_1.19.0\GNU-tools-for-STM32\bin;D:\STM32CubeCLT\STM32CubeCLT_1.19.0\STLink-gdb-server\bin;D:\STM32CubeCLT\STM32CubeCLT_1.19.0\STM32CubeProgrammer\bin;D:\Vmware\bin\;C:\Program Files\Common Files\Oracle\Java\javapath;C:\Program Files (x86)\Common Files\Oracle\Java\java8path;C:\Program Files (x86)\Common Files\Oracle\Java\javapath;C:\WINDOWS\system32;C:\WINDOWS;C:\WINDOWS\System32\Wbem;C:\WINDOWS\System32\WindowsPowerShell\v1.0\;C:\WINDOWS\System32\OpenSSH\;C:\Program Files (x86)\NVIDIA Corporation\PhysX\Common;C:\Program Files\dotnet\;D:\Git\Git\cmd;%QUARTUS_ROOTDIR%\bin;C:\Program Files\Docker\Docker\resources\bin;D:\Git\Git\usr\bin;D:\PuTTY\;D:\BandiZip\;C:\Program Files\mingw64\bin;C:\Program Files\NVIDIA Corporation\NVIDIA App\NvDLISR;D:\nodeJS\;D:\OpenOCD\OpenOCD-20250710-0.12.0\bin;F:\Matlab\R2024B\bin;C:\DevEnv\Python3.11\Scripts\;C:\DevEnv\Python3.11\;C:\Users\22067\AppData\Local\Programs\Python\Python312\Scripts\;C:\Users\22067\AppData\Local\Programs\Python\Python312\;C:\Users\22067\AppData\Local\Microsoft\WindowsApps;D:\STM32_Development\MinGW64\mingw64\bin;D:\big shuju\DataGrip\DataGrip 2024.2.2\bin;D:\Clion\CLion 2025.1.2\bin;D:\VScode\Microsoft VS Code\bin;C:\Users\22067\AppData\Roaming\npm;C:\Users\22067\bin;D:\RtThread\RT-ThreadStudio; 

!ENTRY org.rt-thread.studio.common.ui 1 0 2026-07-22 23:33:15.991
!MESSAGE F:\code\vibe_project\rollerball\M55>set PATH=D:/RtThread/RT-ThreadStudio/platform/env_released/env\tools\bin;D:/RtThread/RT-ThreadStudio/platform/env_released/env\tools\Python27\Scripts;D:/RtThread/RT-ThreadStudio/platform/env_released/env\tools\Python27;D:/RtThread/RT-ThreadStudio/platform/env_released/env\tools\MinGit-2.25.1-32-bit\cmd;D:/RtThread/RT-ThreadStudio/jre/bin/server;D:/RtThread/RT-ThreadStudio/jre/bin;D:/RtThread/RT-ThreadStudio/jre/lib/amd64;C:\Program Files (x86)\STMicroelectronics\stlink_server;D:\STM32CubeCLT\STM32CubeCLT_1.19.0;D:\STM32CubeCLT\STM32CubeCLT_1.19.0\CMake\bin;D:\STM32CubeCLT\STM32CubeCLT_1.19.0\st-arm-clang\bin;D:\STM32CubeCLT\STM32CubeCLT_1.19.0\Ninja\bin;D:\STM32CubeCLT\STM32CubeCLT_1.19.0\GNU-tools-for-STM32\bin;D:\STM32CubeCLT\STM32CubeCLT_1.19.0\STLink-gdb-server\bin;D:\STM32CubeCLT\STM32CubeCLT_1.19.0\STM32CubeProgrammer\bin;D:\Vmware\bin\;C:\Program Files\Common Files\Oracle\Java\javapath;C:\Program Files (x86)\Common Files\Oracle\Java\java8path;C:\Program Files (x86)\Common Files\Oracle\Java\javapath;C:\WINDOWS\system32;C:\WINDOWS;C:\WINDOWS\System32\Wbem;C:\WINDOWS\System32\WindowsPowerShell\v1.0\;C:\WINDOWS\System32\OpenSSH\;C:\Program Files (x86)\NVIDIA Corporation\PhysX\Common;C:\Program Files\dotnet\;D:\Git\Git\cmd;%QUARTUS_ROOTDIR%\bin;C:\Program Files\Docker\Docker\resources\bin;D:\Git\Git\usr\bin;D:\PuTTY\;D:\BandiZip\;C:\Program Files\mingw64\bin;C:\Program Files\NVIDIA Corporation\NVIDIA App\NvDLISR;D:\nodeJS\;D:\OpenOCD\OpenOCD-20250710-0.12.0\bin;F:\Matlab\R2024B\bin;C:\DevEnv\Python3.11\Scripts\;C:\DevEnv\Python3.11\;C:\Users\22067\AppData\Local\Programs\Python\Python312\Scripts\;C:\Users\22067\AppData\Local\Programs\Python\Python312\;C:\Users\22067\AppData\Local\Microsoft\WindowsApps;D:\STM32_Development\MinGW64\mingw64\bin;D:\big shuju\DataGrip\DataGrip 2024.2.2\bin;D:\Clion\CLion 2025.1.2\bin;D:\VScode\Microsoft VS Code\bin;C:\Users\22067\AppData\Roaming\npm;C:\Users\22067\bin;D:\RtThread\RT-ThreadStudio; 

!ENTRY org.rt-thread.studio.common.ui 1 0 2026-07-22 23:33:15.991
!MESSAGE F:\code\vibe_project\rollerball\M55>set PATH=D:/RtThread/RT-ThreadStudio/repo/Extract/ToolChain_Support_Packages/ARM/GNU_Tools_for_ARM_Embedded_Processors/13.3/bin;D:/RtThread/RT-ThreadStudio/platform/env_released/env\tools\bin;D:/RtThread/RT-ThreadStudio/platform/env_released/env\tools\Python27\Scripts;D:/RtThread/RT-ThreadStudio/platform/env_released/env\tools\Python27;D:/RtThread/RT-ThreadStudio/platform/env_released/env\tools\MinGit-2.25.1-32-bit\cmd;D:/RtThread/RT-ThreadStudio/jre/bin/server;D:/RtThread/RT-ThreadStudio/jre/bin;D:/RtThread/RT-ThreadStudio/jre/lib/amd64;C:\Program Files (x86)\STMicroelectronics\stlink_server;D:\STM32CubeCLT\STM32CubeCLT_1.19.0;D:\STM32CubeCLT\STM32CubeCLT_1.19.0\CMake\bin;D:\STM32CubeCLT\STM32CubeCLT_1.19.0\st-arm-clang\bin;D:\STM32CubeCLT\STM32CubeCLT_1.19.0\Ninja\bin;D:\STM32CubeCLT\STM32CubeCLT_1.19.0\GNU-tools-for-STM32\bin;D:\STM32CubeCLT\STM32CubeCLT_1.19.0\STLink-gdb-server\bin;D:\STM32CubeCLT\STM32CubeCLT_1.19.0\STM32CubeProgrammer\bin;D:\Vmware\bin\;C:\Program Files\Common Files\Oracle\Java\javapath;C:\Program Files (x86)\Common Files\Oracle\Java\java8path;C:\Program Files (x86)\Common Files\Oracle\Java\javapath;C:\WINDOWS\system32;C:\WINDOWS;C:\WINDOWS\System32\Wbem;C:\WINDOWS\System32\WindowsPowerShell\v1.0\;C:\WINDOWS\System32\OpenSSH\;C:\Program Files (x86)\NVIDIA Corporation\PhysX\Common;C:\Program Files\dotnet\;D:\Git\Git\cmd;%QUARTUS_ROOTDIR%\bin;C:\Program Files\Docker\Docker\resources\bin;D:\Git\Git\usr\bin;D:\PuTTY\;D:\BandiZip\;C:\Program Files\mingw64\bin;C:\Program Files\NVIDIA Corporation\NVIDIA App\NvDLISR;D:\nodeJS\;D:\OpenOCD\OpenOCD-20250710-0.12.0\bin;F:\Matlab\R2024B\bin;C:\DevEnv\Python3.11\Scripts\;C:\DevEnv\Python3.11\;C:\Users\22067\AppData\Local\Programs\Python\Python312\Scripts\;C:\Users\22067\AppData\Local\Programs\Python\Python312\;C:\Users\22067\AppData\Local\Microsoft\WindowsApps;D:\STM32_Development\MinGW64\mingw64\bin;D:\big shuju\DataGrip\DataGrip 2024.2.2\bin;D:\Clion\CLion 2025.1.2\bin;D:\VScode\Microsoft VS Code\bin;C:\Users\22067\AppData\Roaming\npm;C:\Users\22067\bin;D:\RtThread\RT-ThreadStudio; 

!ENTRY org.rt-thread.studio.common.ui 1 0 2026-07-22 23:33:15.991
!MESSAGE F:\code\vibe_project\rollerball\M55>set PATH=D:/RtThread/RT-ThreadStudio/platform/env_released/env\tools\exec;D:/RtThread/RT-ThreadStudio/repo/Extract/ToolChain_Support_Packages/ARM/GNU_Tools_for_ARM_Embedded_Processors/13.3/bin;D:/RtThread/RT-ThreadStudio/platform/env_released/env\tools\bin;D:/RtThread/RT-ThreadStudio/platform/env_released/env\tools\Python27\Scripts;D:/RtThread/RT-ThreadStudio/platform/env_released/env\tools\Python27;D:/RtThread/RT-ThreadStudio/platform/env_released/env\tools\MinGit-2.25.1-32-bit\cmd;D:/RtThread/RT-ThreadStudio/jre/bin/server;D:/RtThread/RT-ThreadStudio/jre/bin;D:/RtThread/RT-ThreadStudio/jre/lib/amd64;C:\Program Files (x86)\STMicroelectronics\stlink_server;D:\STM32CubeCLT\STM32CubeCLT_1.19.0;D:\STM32CubeCLT\STM32CubeCLT_1.19.0\CMake\bin;D:\STM32CubeCLT\STM32CubeCLT_1.19.0\st-arm-clang\bin;D:\STM32CubeCLT\STM32CubeCLT_1.19.0\Ninja\bin;D:\STM32CubeCLT\STM32CubeCLT_1.19.0\GNU-tools-for-STM32\bin;D:\STM32CubeCLT\STM32CubeCLT_1.19.0\STLink-gdb-server\bin;D:\STM32CubeCLT\STM32CubeCLT_1.19.0\STM32CubeProgrammer\bin;D:\Vmware\bin\;C:\Program Files\Common Files\Oracle\Java\javapath;C:\Program Files (x86)\Common Files\Oracle\Java\java8path;C:\Program Files (x86)\Common Files\Oracle\Java\javapath;C:\WINDOWS\system32;C:\WINDOWS;C:\WINDOWS\System32\Wbem;C:\WINDOWS\System32\WindowsPowerShell\v1.0\;C:\WINDOWS\System32\OpenSSH\;C:\Program Files (x86)\NVIDIA Corporation\PhysX\Common;C:\Program Files\dotnet\;D:\Git\Git\cmd;%QUARTUS_ROOTDIR%\bin;C:\Program Files\Docker\Docker\resources\bin;D:\Git\Git\usr\bin;D:\PuTTY\;D:\BandiZip\;C:\Program Files\mingw64\bin;C:\Program Files\NVIDIA Corporation\NVIDIA App\NvDLISR;D:\nodeJS\;D:\OpenOCD\OpenOCD-20250710-0.12.0\bin;F:\Matlab\R2024B\bin;C:\DevEnv\Python3.11\Scripts\;C:\DevEnv\Python3.11\;C:\Users\22067\AppData\Local\Programs\Python\Python312\Scripts\;C:\Users\22067\AppData\Local\Programs\Python\Python312\;C:\Users\22067\AppData\Local\Microsoft\WindowsApps;D:\STM32_Development\MinGW64\mingw64\bin;D:\big shuju\DataGrip\DataGrip 2024.2.2\bin;D:\Clion\CLion 2025.1.2\bin;D:\VScode\Microsoft VS Code\bin;C:\Users\22067\AppData\Roaming\npm;C:\Users\22067\bin;D:\RtThread\RT-ThreadStudio; 

!ENTRY org.rt-thread.studio.common.ui 1 0 2026-07-22 23:33:15.991
!MESSAGE F:\code\vibe_project\rollerball\M55>set PATH=D:/RtThread/RT-ThreadStudio/platform/env_released/env\tools\qemu\qemu32;D:/RtThread/RT-ThreadStudio/platform/env_released/env\tools\exec;D:/RtThread/RT-ThreadStudio/repo/Extract/ToolChain_Support_Packages/ARM/GNU_Tools_for_ARM_Embedded_Processors/13.3/bin;D:/RtThread/RT-ThreadStudio/platform/env_released/env\tools\bin;D:/RtThread/RT-ThreadStudio/platform/env_released/env\tools\Python27\Scripts;D:/RtThread/RT-ThreadStudio/platform/env_released/env\tools\Python27;D:/RtThread/RT-ThreadStudio/platform/env_released/env\tools\MinGit-2.25.1-32-bit\cmd;D:/RtThread/RT-ThreadStudio/jre/bin/server;D:/RtThread/RT-ThreadStudio/jre/bin;D:/RtThread/RT-ThreadStudio/jre/lib/amd64;C:\Program Files (x86)\STMicroelectronics\stlink_server;D:\STM32CubeCLT\STM32CubeCLT_1.19.0;D:\STM32CubeCLT\STM32CubeCLT_1.19.0\CMake\bin;D:\STM32CubeCLT\STM32CubeCLT_1.19.0\st-arm-clang\bin;D:\STM32CubeCLT\STM32CubeCLT_1.19.0\Ninja\bin;D:\STM32CubeCLT\STM32CubeCLT_1.19.0\GNU-tools-for-STM32\bin;D:\STM32CubeCLT\STM32CubeCLT_1.19.0\STLink-gdb-server\bin;D:\STM32CubeCLT\STM32CubeCLT_1.19.0\STM32CubeProgrammer\bin;D:\Vmware\bin\;C:\Program Files\Common Files\Oracle\Java\javapath;C:\Program Files (x86)\Common Files\Oracle\Java\java8path;C:\Program Files (x86)\Common Files\Oracle\Java\javapath;C:\WINDOWS\system32;C:\WINDOWS;C:\WINDOWS\System32\Wbem;C:\WINDOWS\System32\WindowsPowerShell\v1.0\;C:\WINDOWS\System32\OpenSSH\;C:\Program Files (x86)\NVIDIA Corporation\PhysX\Common;C:\Program Files\dotnet\;D:\Git\Git\cmd;%QUARTUS_ROOTDIR%\bin;C:\Program Files\Docker\Docker\resources\bin;D:\Git\Git\usr\bin;D:\PuTTY\;D:\BandiZip\;C:\Program Files\mingw64\bin;C:\Program Files\NVIDIA Corporation\NVIDIA App\NvDLISR;D:\nodeJS\;D:\OpenOCD\OpenOCD-20250710-0.12.0\bin;F:\Matlab\R2024B\bin;C:\DevEnv\Python3.11\Scripts\;C:\DevEnv\Python3.11\;C:\Users\22067\AppData\Local\Programs\Python\Python312\Scripts\;C:\Users\22067\AppData\Local\Programs\Python\Python312\;C:\Users\22067\AppData\Local\Microsoft\WindowsApps;D:\STM32_Development\MinGW64\mingw64\bin;D:\big shuju\DataGrip\DataGrip 2024.2.2\bin;D:\Clion\CLion 2025.1.2\bin;D:\VScode\Microsoft VS Code\bin;C:\Users\22067\AppData\Roaming\npm;C:\Users\22067\bin;D:\RtThread\RT-ThreadStudio; 

!ENTRY org.rt-thread.studio.common.ui 1 0 2026-07-22 23:33:15.991
!MESSAGE F:\code\vibe_project\rollerball\M55>set PYTHONPATH=D:/RtThread/RT-ThreadStudio/platform/env_released/env\tools\Python27; 

!ENTRY org.rt-thread.studio.common.ui 1 0 2026-07-22 23:33:15.991
!MESSAGE F:\code\vibe_project\rollerball\M55>set PATH=D:/RtThread/RT-ThreadStudio/platform/env_released/env\tools\qemu\qemu32;D:/RtThread/RT-ThreadStudio/platform/env_released/env\tools\exec;D:/RtThread/RT-ThreadStudio/repo/Extract/ToolChain_Support_Packages/ARM/GNU_Tools_for_ARM_Embedded_Processors/13.3/bin;D:/RtThread/RT-ThreadStudio/platform/env_released/env\tools\bin;D:/RtThread/RT-ThreadStudio/platform/env_released/env\tools\Python27\Scripts;D:/RtThread/RT-ThreadStudio/platform/env_released/env\tools\Python27;D:/RtThread/RT-ThreadStudio/platform/env_released/env\tools\MinGit-2.25.1-32-bit\cmd;D:/RtThread/RT-ThreadStudio/jre/bin/server;D:/RtThread/RT-ThreadStudio/jre/bin;D:/RtThread/RT-ThreadStudio/jre/lib/amd64;C:\Program Files (x86)\STMicroelectronics\stlink_server;D:\STM32CubeCLT\STM32CubeCLT_1.19.0;D:\STM32CubeCLT\STM32CubeCLT_1.19.0\CMake\bin;D:\STM32CubeCLT\STM32CubeCLT_1.19.0\st-arm-clang\bin;D:\STM32CubeCLT\STM32CubeCLT_1.19.0\Ninja\bin;D:\STM32CubeCLT\STM32CubeCLT_1.19.0\GNU-tools-for-STM32\bin;D:\STM32CubeCLT\STM32CubeCLT_1.19.0\STLink-gdb-server\bin;D:\STM32CubeCLT\STM32CubeCLT_1.19.0\STM32CubeProgrammer\bin;D:\Vmware\bin\;C:\Program Files\Common Files\Oracle\Java\javapath;C:\Program Files (x86)\Common Files\Oracle\Java\java8path;C:\Program Files (x86)\Common Files\Oracle\Java\javapath;C:\WINDOWS\system32;C:\WINDOWS;C:\WINDOWS\System32\Wbem;C:\WINDOWS\System32\WindowsPowerShell\v1.0\;C:\WINDOWS\System32\OpenSSH\;C:\Program Files (x86)\NVIDIA Corporation\PhysX\Common;C:\Program Files\dotnet\;D:\Git\Git\cmd;%QUARTUS_ROOTDIR%\bin;C:\Program Files\Docker\Docker\resources\bin;D:\Git\Git\usr\bin;D:\PuTTY\;D:\BandiZip\;C:\Program Files\mingw64\bin;C:\Program Files\NVIDIA Corporation\NVIDIA App\NvDLISR;D:\nodeJS\;D:\OpenOCD\OpenOCD-20250710-0.12.0\bin;F:\Matlab\R2024B\bin;C:\DevEnv\Python3.11\Scripts\;C:\DevEnv\Python3.11\;C:\Users\22067\AppData\Local\Programs\Python\Python312\Scripts\;C:\Users\22067\AppData\Local\Programs\Python\Python312\;C:\Users\22067\AppData\Local\Microsoft\WindowsApps;D:\STM32_Development\MinGW64\mingw64\bin;D:\big shuju\DataGrip\DataGrip 2024.2.2\bin;D:\Clion\CLion 2025.1.2\bin;D:\VScode\Microsoft VS Code\bin;C:\Users\22067\AppData\Roaming\npm;C:\Users\22067\bin;D:\RtThread\RT-ThreadStudio;; 

!ENTRY org.rt-thread.studio.common.ui 1 0 2026-07-22 23:33:15.991
!MESSAGE F:\code\vibe_project\rollerball\M55>pkgs --update 

!ENTRY org.rt-thread.studio.common.ui 1 0 2026-07-22 23:33:54.748
!MESSAGE [Use Gitee server]

!ENTRY org.rt-thread.studio.common.ui 1 0 2026-07-22 23:33:54.748
!MESSAGE ==============================> updating

!ENTRY org.rt-thread.studio.common.ui 1 0 2026-07-22 23:33:54.748
!MESSAGE Package path: F:\code\vibe_project\rollerball\M55\packages\cpu_usage-latest

!ENTRY org.rt-thread.studio.common.ui 1 0 2026-07-22 23:33:54.748
!MESSAGE Git root: F:/code/vibe_project/rollerball

!ENTRY org.rt-thread.studio.common.ui 1 0 2026-07-22 23:33:54.750
!MESSAGE Error: Not currently in a git root directory, cannot switch upstream.

!ENTRY org.rt-thread.studio.common.ui 1 0 2026-07-22 23:33:54.750
!MESSAGE Operation failed.

!ENTRY org.rt-thread.studio.common.ui 1 0 2026-07-22 23:33:54.754
!MESSAGE F:\code\vibe_project\rollerball\M55>scons --target=eclipse 

!ENTRY org.rt-thread.studio.common.ui 1 0 2026-07-22 23:33:55.353
!MESSAGE scons: Reading SConscript files ...

!ENTRY org.rt-thread.studio.common.ui 1 0 2026-07-22 23:33:55.920
!MESSAGE Newlib version: 4.4.0

!ENTRY org.rt-thread.studio.common.ui 1 0 2026-07-22 23:33:57.997
!MESSAGE Update eclipse setting...

!ENTRY org.rt-thread.studio.common.ui 1 0 2026-07-22 23:34:20.521
!MESSAGE done!

!ENTRY org.rt-thread.studio.flash.ui 1 0 2026-07-22 23:39:09.838
!MESSAGE VENDOR_SUPPORT_DEBUGGER_CONFIG -> [{"debuggers":["J-Link","OpenOCD"],"vendor":"HPMicro"},{"debuggers":["NU-LINK"],"vendor":"Nuvoton"},{"debuggers":["WCH-LINK"],"vendor":"WCH"}]
!SESSION 2026-07-28 11:02:53.530 -----------------------------------------------
eclipse.buildId=unknown
java.version=1.8.0_144
java.vendor=Oracle Corporation
BootLoader constants: OS=win32, ARCH=x86_64, WS=win32, NL=zh_CN
Command-line arguments:  -os win32 -ws win32 -arch x86_64 -clean

!ENTRY org.eclipse.ui 4 4 2026-07-28 11:03:09.775
!MESSAGE Plug-in 'org.eclipse.search' contributed an invalid Menu Extension (Path: 'org.eclipse.search.menu' is invalid): org.eclipse.search.OpenFileSearchPage

!ENTRY org.eclipse.ui 4 4 2026-07-28 11:03:09.785
!MESSAGE Plug-in 'org.eclipse.search' contributed an invalid Menu Extension (Path: 'org.eclipse.search.menu' is invalid): org.eclipse.search.OpenSearchDialog

!ENTRY org.eclipse.ui 4 4 2026-07-28 11:03:09.785
!MESSAGE Plug-in 'org.eclipse.search' contributed an invalid Menu Extension (Path: 'org.eclipse.search.menu/textSearchSubMenu' is invalid): org.eclipse.search.TextSearchWorkingSet

!ENTRY org.eclipse.ui 4 4 2026-07-28 11:03:09.785
!MESSAGE Plug-in 'org.eclipse.search' contributed an invalid Menu Extension (Path: 'org.eclipse.search.menu/textSearchSubMenu' is invalid): org.eclipse.search.TextSearchFile

!ENTRY org.eclipse.ui 4 4 2026-07-28 11:03:09.785
!MESSAGE Plug-in 'org.eclipse.search' contributed an invalid Menu Extension (Path: 'org.eclipse.search.menu/textSearchSubMenu' is invalid): org.eclipse.search.TextSearchProject

!ENTRY org.eclipse.ui 4 4 2026-07-28 11:03:09.785
!MESSAGE Plug-in 'org.eclipse.search' contributed an invalid Menu Extension (Path: 'org.eclipse.search.menu/textSearchSubMenu' is invalid): org.eclipse.search.TextSearchWorkspace

!ENTRY org.rt-thread.studio.application 4 4 2026-07-28 11:03:09.924
!MESSAGE ------------>>>>F:\code\vibe_project\rollerball/.metadata/Temp/

!ENTRY org.rt-thread.studio.application 4 4 2026-07-28 11:03:13.913
!MESSAGE -------window open use time 16

!ENTRY org.eclipse.egit.ui 2 0 2026-07-28 11:03:16.645
!MESSAGE Warning: The environment variable HOME is not set. The following directory will be used to store the Git
user global configuration and to define the default location to store repositories: 'C:\Users\22067'. If this is
not correct please set the HOME environment variable and restart Eclipse. Otherwise Git for Windows and
EGit might behave differently since they see different configuration options.
This warning can be switched off on the Team > Git > Confirmations and Warnings preference page.

!ENTRY org.eclipse.cdt.core 4 0 2026-07-28 11:03:16.687
!MESSAGE Error: 无法运行程序“arm-none-eabi-gcc.exe”：Launching failed
!STACK 0
java.io.IOException: 无法运行程序“arm-none-eabi-gcc.exe”：Launching failed
	at org.eclipse.cdt.utils.spawner.Spawner.exec(Spawner.java:352)
	at org.eclipse.cdt.utils.spawner.Spawner.<init>(Spawner.java:94)
	at org.eclipse.cdt.utils.spawner.ProcessFactory.exec(ProcessFactory.java:91)
	at org.eclipse.cdt.core.CommandLauncher.execute(CommandLauncher.java:227)
	at org.eclipse.cdt.internal.core.BuildRunnerHelper.build(BuildRunnerHelper.java:274)
	at org.eclipse.cdt.managedbuilder.language.settings.providers.AbstractBuiltinSpecsDetector.runProgramForLanguage(AbstractBuiltinSpecsDetector.java:801)
	at org.eclipse.cdt.managedbuilder.language.settings.providers.AbstractBuiltinSpecsDetector.runForLanguage(AbstractBuiltinSpecsDetector.java:726)
	at org.eclipse.cdt.managedbuilder.language.settings.providers.AbstractBuiltinSpecsDetector.runForEachLanguage(AbstractBuiltinSpecsDetector.java:591)
	at org.eclipse.cdt.managedbuilder.language.settings.providers.AbstractBuiltinSpecsDetector$1.runInWorkspace(AbstractBuiltinSpecsDetector.java:517)
	at org.eclipse.core.internal.resources.InternalWorkspaceJob.run(InternalWorkspaceJob.java:42)
	at org.eclipse.core.internal.jobs.Worker.run(Worker.java:63)

!ENTRY org.eclipse.cdt.core 4 0 2026-07-28 11:03:16.986
!MESSAGE Error: 无法运行程序“arm-none-eabi-gcc.exe”：Launching failed
!STACK 0
java.io.IOException: 无法运行程序“arm-none-eabi-gcc.exe”：Launching failed
	at org.eclipse.cdt.utils.spawner.Spawner.exec(Spawner.java:352)
	at org.eclipse.cdt.utils.spawner.Spawner.<init>(Spawner.java:94)
	at org.eclipse.cdt.utils.spawner.ProcessFactory.exec(ProcessFactory.java:91)
	at org.eclipse.cdt.core.CommandLauncher.execute(CommandLauncher.java:227)
	at org.eclipse.cdt.internal.core.BuildRunnerHelper.build(BuildRunnerHelper.java:274)
	at org.eclipse.cdt.managedbuilder.language.settings.providers.AbstractBuiltinSpecsDetector.runProgramForLanguage(AbstractBuiltinSpecsDetector.java:801)
	at org.eclipse.cdt.managedbuilder.language.settings.providers.AbstractBuiltinSpecsDetector.runForLanguage(AbstractBuiltinSpecsDetector.java:726)
	at org.eclipse.cdt.managedbuilder.language.settings.providers.AbstractBuiltinSpecsDetector.runForEachLanguage(AbstractBuiltinSpecsDetector.java:591)
	at org.eclipse.cdt.managedbuilder.language.settings.providers.AbstractBuiltinSpecsDetector$1.runInWorkspace(AbstractBuiltinSpecsDetector.java:517)
	at org.eclipse.core.internal.resources.InternalWorkspaceJob.run(InternalWorkspaceJob.java:42)
	at org.eclipse.core.internal.jobs.Worker.run(Worker.java:63)

!ENTRY org.eclipse.cdt.core 4 0 2026-07-28 11:03:17.247
!MESSAGE Error: 无法运行程序“arm-none-eabi-g++.exe”：Launching failed
!STACK 0
java.io.IOException: 无法运行程序“arm-none-eabi-g++.exe”：Launching failed
	at org.eclipse.cdt.utils.spawner.Spawner.exec(Spawner.java:352)
	at org.eclipse.cdt.utils.spawner.Spawner.<init>(Spawner.java:94)
	at org.eclipse.cdt.utils.spawner.ProcessFactory.exec(ProcessFactory.java:91)
	at org.eclipse.cdt.core.CommandLauncher.execute(CommandLauncher.java:227)
	at org.eclipse.cdt.internal.core.BuildRunnerHelper.build(BuildRunnerHelper.java:274)
	at org.eclipse.cdt.managedbuilder.language.settings.providers.AbstractBuiltinSpecsDetector.runProgramForLanguage(AbstractBuiltinSpecsDetector.java:801)
	at org.eclipse.cdt.managedbuilder.language.settings.providers.AbstractBuiltinSpecsDetector.runForLanguage(AbstractBuiltinSpecsDetector.java:726)
	at org.eclipse.cdt.managedbuilder.language.settings.providers.AbstractBuiltinSpecsDetector.runForEachLanguage(AbstractBuiltinSpecsDetector.java:591)
	at org.eclipse.cdt.managedbuilder.language.settings.providers.AbstractBuiltinSpecsDetector$1.runInWorkspace(AbstractBuiltinSpecsDetector.java:517)
	at org.eclipse.core.internal.resources.InternalWorkspaceJob.run(InternalWorkspaceJob.java:42)
	at org.eclipse.core.internal.jobs.Worker.run(Worker.java:63)

!ENTRY org.eclipse.cdt.core 4 0 2026-07-28 11:03:17.583
!MESSAGE Error: 无法运行程序“arm-none-eabi-g++.exe”：Launching failed
!STACK 0
java.io.IOException: 无法运行程序“arm-none-eabi-g++.exe”：Launching failed
	at org.eclipse.cdt.utils.spawner.Spawner.exec(Spawner.java:352)
	at org.eclipse.cdt.utils.spawner.Spawner.<init>(Spawner.java:94)
	at org.eclipse.cdt.utils.spawner.ProcessFactory.exec(ProcessFactory.java:91)
	at org.eclipse.cdt.core.CommandLauncher.execute(CommandLauncher.java:227)
	at org.eclipse.cdt.internal.core.BuildRunnerHelper.build(BuildRunnerHelper.java:274)
	at org.eclipse.cdt.managedbuilder.language.settings.providers.AbstractBuiltinSpecsDetector.runProgramForLanguage(AbstractBuiltinSpecsDetector.java:801)
	at org.eclipse.cdt.managedbuilder.language.settings.providers.AbstractBuiltinSpecsDetector.runForLanguage(AbstractBuiltinSpecsDetector.java:726)
	at org.eclipse.cdt.managedbuilder.language.settings.providers.AbstractBuiltinSpecsDetector.runForEachLanguage(AbstractBuiltinSpecsDetector.java:591)
	at org.eclipse.cdt.managedbuilder.language.settings.providers.AbstractBuiltinSpecsDetector$1.runInWorkspace(AbstractBuiltinSpecsDetector.java:517)
	at org.eclipse.core.internal.resources.InternalWorkspaceJob.run(InternalWorkspaceJob.java:42)
	at org.eclipse.core.internal.jobs.Worker.run(Worker.java:63)

!ENTRY org.rt-thread.studio.common.ui 1 0 2026-07-28 11:03:18.977
!MESSAGE eyJoYXNSZXEiOmZhbHNlfQ==

!ENTRY org.eclipse.ui 4 4 2026-07-28 11:03:22.693
!MESSAGE Unable to associate action set with part: org.eclipse.cdt.ui.editor.CEditor. Action set org.eclipse.cdt.ui.SearchActionSet not found.

!ENTRY org.rt-thread.studio.application 4 4 2026-07-28 11:03:23.909
!MESSAGE start pkgs upgrade......

!ENTRY org.rt-thread.studio.common.core 4 4 2026-07-28 11:03:23.911
!MESSAGE =====>destiDir D:/RtThread/RT-ThreadStudio/platform/env_released/env

!ENTRY org.rt-thread.studio.common.core 4 4 2026-07-28 11:03:23.911
!MESSAGE ---toolchainpath--> D:/RtThread/RT-ThreadStudio/repo/Extract/ToolChain_Support_Packages/ARM/GNU_Tools_for_ARM_Embedded_Processors/5.4.1/bin

!ENTRY org.rt-thread.studio.application 4 4 2026-07-28 11:03:38.142
!MESSAGE end pkgs upgrade......

!ENTRY org.eclipse.launchbar.core 2 0 2026-07-28 11:20:40.539
!MESSAGE Enablement expression is missing for descriptor type org.eclipse.cdt.debug.core.coreBuildDescriptorType

!ENTRY org.eclipse.launchbar.core 2 0 2026-07-28 11:20:40.539
!MESSAGE Enablement expression is missing for config provider for org.eclipse.cdt.debug.core.coreBuildDescriptorType

!ENTRY org.eclipse.launchbar.core 2 0 2026-07-28 11:20:40.541
!MESSAGE Enablement expression is missing for config provider for org.eclipse.cdt.debug.core.coreBuildDescriptorType

!ENTRY org.eclipse.debug.core 4 125 2026-07-28 11:20:40.584
!MESSAGE 调试核心所记录的错误：
!STACK 1
org.eclipse.debug.core.DebugException: 读取启动配置文件 F:\code\vibe_project\rollerball\M33\libraries\components\mtb-device-support-pse8xxgp\make\make\recipe\interface_version_3\App\JLink\external\&&_MTB_RECIPE__APP_NAME&& Erase All (JLink).launch 时发生了 org.xml.sax.SAXParseException; lineNumber: 11; columnNumber: 83; 在实体引用中, 实体名称必须紧跟在 '&' 后面。。
	at org.eclipse.debug.internal.core.LaunchManager.createDebugException(LaunchManager.java:886)
	at org.eclipse.debug.internal.core.LaunchManager.throwException(LaunchManager.java:2448)
	at org.eclipse.debug.internal.core.LaunchManager.getInfo(LaunchManager.java:1366)
	at org.eclipse.debug.internal.core.LaunchConfiguration.getInfo(LaunchConfiguration.java:490)
	at org.eclipse.debug.internal.core.LaunchConfiguration.getType(LaunchConfiguration.java:645)
	at org.eclipse.debug.internal.core.LaunchManager.isValid(LaunchManager.java:2091)
	at org.eclipse.debug.internal.core.LaunchManager.verifyConfigurations(LaunchManager.java:2462)
	at org.eclipse.debug.internal.core.LaunchManager.getAllLaunchConfigurations(LaunchManager.java:1140)
	at org.eclipse.debug.internal.core.LaunchManager.getLaunchConfigurations(LaunchManager.java:1444)
	at org.eclipse.debug.internal.core.LaunchManager.getLaunchConfigurations(LaunchManager.java:1439)
	at org.eclipse.launchbar.core.internal.LaunchBarManager.init(LaunchBarManager.java:130)
	at org.eclipse.launchbar.core.internal.LaunchBarManager$1.run(LaunchBarManager.java:96)
	at org.eclipse.core.internal.jobs.Worker.run(Worker.java:63)
Caused by: org.xml.sax.SAXParseException; lineNumber: 11; columnNumber: 83; 在实体引用中, 实体名称必须紧跟在 '&' 后面。
	at com.sun.org.apache.xerces.internal.util.ErrorHandlerWrapper.createSAXParseException(ErrorHandlerWrapper.java:203)
	at com.sun.org.apache.xerces.internal.util.ErrorHandlerWrapper.fatalError(ErrorHandlerWrapper.java:177)
	at com.sun.org.apache.xerces.internal.impl.XMLErrorReporter.reportError(XMLErrorReporter.java:400)
	at com.sun.org.apache.xerces.internal.impl.XMLErrorReporter.reportError(XMLErrorReporter.java:327)
	at com.sun.org.apache.xerces.internal.impl.XMLScanner.reportFatalError(XMLScanner.java:1472)
	at com.sun.org.apache.xerces.internal.impl.XMLScanner.scanAttributeValue(XMLScanner.java:908)
	at com.sun.org.apache.xerces.internal.impl.XMLDocumentFragmentScannerImpl.scanAttribute(XMLDocumentFragmentScannerImpl.java:1548)
	at com.sun.org.apache.xerces.internal.impl.XMLDocumentFragmentScannerImpl.scanStartElement(XMLDocumentFragmentScannerImpl.java:1315)
	at com.sun.org.apache.xerces.internal.impl.XMLDocumentFragmentScannerImpl$FragmentContentDriver.next(XMLDocumentFragmentScannerImpl.java:2784)
	at com.sun.org.apache.xerces.internal.impl.XMLDocumentScannerImpl.next(XMLDocumentScannerImpl.java:602)
	at com.sun.org.apache.xerces.internal.impl.XMLDocumentFragmentScannerImpl.scanDocument(XMLDocumentFragmentScannerImpl.java:505)
	at com.sun.org.apache.xerces.internal.parsers.XML11Configuration.parse(XML11Configuration.java:841)
	at com.sun.org.apache.xerces.internal.parsers.XML11Configuration.parse(XML11Configuration.java:770)
	at com.sun.org.apache.xerces.internal.parsers.XMLParser.parse(XMLParser.java:141)
	at com.sun.org.apache.xerces.internal.parsers.DOMParser.parse(DOMParser.java:243)
	at com.sun.org.apache.xerces.internal.jaxp.DocumentBuilderImpl.parse(DocumentBuilderImpl.java:339)
	at org.eclipse.debug.internal.core.LaunchManager.createInfoFromXML(LaunchManager.java:935)
	at org.eclipse.debug.internal.core.LaunchManager.getInfo(LaunchManager.java:1359)
	... 10 more
!SUBENTRY 1 org.eclipse.debug.core 4 5012 2026-07-28 11:20:40.584
!MESSAGE 读取启动配置文件 F:\code\vibe_project\rollerball\M33\libraries\components\mtb-device-support-pse8xxgp\make\make\recipe\interface_version_3\App\JLink\external\&&_MTB_RECIPE__APP_NAME&& Erase All (JLink).launch 时发生了 org.xml.sax.SAXParseException; lineNumber: 11; columnNumber: 83; 在实体引用中, 实体名称必须紧跟在 '&' 后面。。
!STACK 0
org.xml.sax.SAXParseException; lineNumber: 11; columnNumber: 83; 在实体引用中, 实体名称必须紧跟在 '&' 后面。
	at com.sun.org.apache.xerces.internal.util.ErrorHandlerWrapper.createSAXParseException(ErrorHandlerWrapper.java:203)
	at com.sun.org.apache.xerces.internal.util.ErrorHandlerWrapper.fatalError(ErrorHandlerWrapper.java:177)
	at com.sun.org.apache.xerces.internal.impl.XMLErrorReporter.reportError(XMLErrorReporter.java:400)
	at com.sun.org.apache.xerces.internal.impl.XMLErrorReporter.reportError(XMLErrorReporter.java:327)
	at com.sun.org.apache.xerces.internal.impl.XMLScanner.reportFatalError(XMLScanner.java:1472)
	at com.sun.org.apache.xerces.internal.impl.XMLScanner.scanAttributeValue(XMLScanner.java:908)
	at com.sun.org.apache.xerces.internal.impl.XMLDocumentFragmentScannerImpl.scanAttribute(XMLDocumentFragmentScannerImpl.java:1548)
	at com.sun.org.apache.xerces.internal.impl.XMLDocumentFragmentScannerImpl.scanStartElement(XMLDocumentFragmentScannerImpl.java:1315)
	at com.sun.org.apache.xerces.internal.impl.XMLDocumentFragmentScannerImpl$FragmentContentDriver.next(XMLDocumentFragmentScannerImpl.java:2784)
	at com.sun.org.apache.xerces.internal.impl.XMLDocumentScannerImpl.next(XMLDocumentScannerImpl.java:602)
	at com.sun.org.apache.xerces.internal.impl.XMLDocumentFragmentScannerImpl.scanDocument(XMLDocumentFragmentScannerImpl.java:505)
	at com.sun.org.apache.xerces.internal.parsers.XML11Configuration.parse(XML11Configuration.java:841)
	at com.sun.org.apache.xerces.internal.parsers.XML11Configuration.parse(XML11Configuration.java:770)
	at com.sun.org.apache.xerces.internal.parsers.XMLParser.parse(XMLParser.java:141)
	at com.sun.org.apache.xerces.internal.parsers.DOMParser.parse(DOMParser.java:243)
	at com.sun.org.apache.xerces.internal.jaxp.DocumentBuilderImpl.parse(DocumentBuilderImpl.java:339)
	at org.eclipse.debug.internal.core.LaunchManager.createInfoFromXML(LaunchManager.java:935)
	at org.eclipse.debug.internal.core.LaunchManager.getInfo(LaunchManager.java:1359)
	at org.eclipse.debug.internal.core.LaunchConfiguration.getInfo(LaunchConfiguration.java:490)
	at org.eclipse.debug.internal.core.LaunchConfiguration.getType(LaunchConfiguration.java:645)
	at org.eclipse.debug.internal.core.LaunchManager.isValid(LaunchManager.java:2091)
	at org.eclipse.debug.internal.core.LaunchManager.verifyConfigurations(LaunchManager.java:2462)
	at org.eclipse.debug.internal.core.LaunchManager.getAllLaunchConfigurations(LaunchManager.java:1140)
	at org.eclipse.debug.internal.core.LaunchManager.getLaunchConfigurations(LaunchManager.java:1444)
	at org.eclipse.debug.internal.core.LaunchManager.getLaunchConfigurations(LaunchManager.java:1439)
	at org.eclipse.launchbar.core.internal.LaunchBarManager.init(LaunchBarManager.java:130)
	at org.eclipse.launchbar.core.internal.LaunchBarManager$1.run(LaunchBarManager.java:96)
	at org.eclipse.core.internal.jobs.Worker.run(Worker.java:63)

!ENTRY org.eclipse.debug.core 4 125 2026-07-28 11:20:40.588
!MESSAGE 调试核心所记录的错误：
!STACK 1
org.eclipse.debug.core.DebugException: 读取启动配置文件 F:\code\vibe_project\rollerball\M33\libraries\components\mtb-device-support-pse8xxgp\make\make\recipe\interface_version_3\App\JLink\internal\&&_MTB_RECIPE__APP_NAME&& Erase Device (JLink).launch 时发生了 org.xml.sax.SAXParseException; lineNumber: 11; columnNumber: 83; 在实体引用中, 实体名称必须紧跟在 '&' 后面。。
	at org.eclipse.debug.internal.core.LaunchManager.createDebugException(LaunchManager.java:886)
	at org.eclipse.debug.internal.core.LaunchManager.throwException(LaunchManager.java:2448)
	at org.eclipse.debug.internal.core.LaunchManager.getInfo(LaunchManager.java:1366)
	at org.eclipse.debug.internal.core.LaunchConfiguration.getInfo(LaunchConfiguration.java:490)
	at org.eclipse.debug.internal.core.LaunchConfiguration.getType(LaunchConfiguration.java:645)
	at org.eclipse.debug.internal.core.LaunchManager.isValid(LaunchManager.java:2091)
	at org.eclipse.debug.internal.core.LaunchManager.verifyConfigurations(LaunchManager.java:2462)
	at org.eclipse.debug.internal.core.LaunchManager.getAllLaunchConfigurations(LaunchManager.java:1140)
	at org.eclipse.debug.internal.core.LaunchManager.getLaunchConfigurations(LaunchManager.java:1444)
	at org.eclipse.debug.internal.core.LaunchManager.getLaunchConfigurations(LaunchManager.java:1439)
	at org.eclipse.launchbar.core.internal.LaunchBarManager.init(LaunchBarManager.java:130)
	at org.eclipse.launchbar.core.internal.LaunchBarManager$1.run(LaunchBarManager.java:96)
	at org.eclipse.core.internal.jobs.Worker.run(Worker.java:63)
Caused by: org.xml.sax.SAXParseException; lineNumber: 11; columnNumber: 83; 在实体引用中, 实体名称必须紧跟在 '&' 后面。
	at com.sun.org.apache.xerces.internal.util.ErrorHandlerWrapper.createSAXParseException(ErrorHandlerWrapper.java:203)
	at com.sun.org.apache.xerces.internal.util.ErrorHandlerWrapper.fatalError(ErrorHandlerWrapper.java:177)
	at com.sun.org.apache.xerces.internal.impl.XMLErrorReporter.reportError(XMLErrorReporter.java:400)
	at com.sun.org.apache.xerces.internal.impl.XMLErrorReporter.reportError(XMLErrorReporter.java:327)
	at com.sun.org.apache.xerces.internal.impl.XMLScanner.reportFatalError(XMLScanner.java:1472)
	at com.sun.org.apache.xerces.internal.impl.XMLScanner.scanAttributeValue(XMLScanner.java:908)
	at com.sun.org.apache.xerces.internal.impl.XMLDocumentFragmentScannerImpl.scanAttribute(XMLDocumentFragmentScannerImpl.java:1548)
	at com.sun.org.apache.xerces.internal.impl.XMLDocumentFragmentScannerImpl.scanStartElement(XMLDocumentFragmentScannerImpl.java:1315)
	at com.sun.org.apache.xerces.internal.impl.XMLDocumentFragmentScannerImpl$FragmentContentDriver.next(XMLDocumentFragmentScannerImpl.java:2784)
	at com.sun.org.apache.xerces.internal.impl.XMLDocumentScannerImpl.next(XMLDocumentScannerImpl.java:602)
	at com.sun.org.apache.xerces.internal.impl.XMLDocumentFragmentScannerImpl.scanDocument(XMLDocumentFragmentScannerImpl.java:505)
	at com.sun.org.apache.xerces.internal.parsers.XML11Configuration.parse(XML11Configuration.java:841)
	at com.sun.org.apache.xerces.internal.parsers.XML11Configuration.parse(XML11Configuration.java:770)
	at com.sun.org.apache.xerces.internal.parsers.XMLParser.parse(XMLParser.java:141)
	at com.sun.org.apache.xerces.internal.parsers.DOMParser.parse(DOMParser.java:243)
	at com.sun.org.apache.xerces.internal.jaxp.DocumentBuilderImpl.parse(DocumentBuilderImpl.java:339)
	at org.eclipse.debug.internal.core.LaunchManager.createInfoFromXML(LaunchManager.java:935)
	at org.eclipse.debug.internal.core.LaunchManager.getInfo(LaunchManager.java:1359)
	... 10 more
!SUBENTRY 1 org.eclipse.debug.core 4 5012 2026-07-28 11:20:40.588
!MESSAGE 读取启动配置文件 F:\code\vibe_project\rollerball\M33\libraries\components\mtb-device-support-pse8xxgp\make\make\recipe\interface_version_3\App\JLink\internal\&&_MTB_RECIPE__APP_NAME&& Erase Device (JLink).launch 时发生了 org.xml.sax.SAXParseException; lineNumber: 11; columnNumber: 83; 在实体引用中, 实体名称必须紧跟在 '&' 后面。。
!STACK 0
org.xml.sax.SAXParseException; lineNumber: 11; columnNumber: 83; 在实体引用中, 实体名称必须紧跟在 '&' 后面。
	at com.sun.org.apache.xerces.internal.util.ErrorHandlerWrapper.createSAXParseException(ErrorHandlerWrapper.java:203)
	at com.sun.org.apache.xerces.internal.util.ErrorHandlerWrapper.fatalError(ErrorHandlerWrapper.java:177)
	at com.sun.org.apache.xerces.internal.impl.XMLErrorReporter.reportError(XMLErrorReporter.java:400)
	at com.sun.org.apache.xerces.internal.impl.XMLErrorReporter.reportError(XMLErrorReporter.java:327)
	at com.sun.org.apache.xerces.internal.impl.XMLScanner.reportFatalError(XMLScanner.java:1472)
	at com.sun.org.apache.xerces.internal.impl.XMLScanner.scanAttributeValue(XMLScanner.java:908)
	at com.sun.org.apache.xerces.internal.impl.XMLDocumentFragmentScannerImpl.scanAttribute(XMLDocumentFragmentScannerImpl.java:1548)
	at com.sun.org.apache.xerces.internal.impl.XMLDocumentFragmentScannerImpl.scanStartElement(XMLDocumentFragmentScannerImpl.java:1315)
	at com.sun.org.apache.xerces.internal.impl.XMLDocumentFragmentScannerImpl$FragmentContentDriver.next(XMLDocumentFragmentScannerImpl.java:2784)
	at com.sun.org.apache.xerces.internal.impl.XMLDocumentScannerImpl.next(XMLDocumentScannerImpl.java:602)
	at com.sun.org.apache.xerces.internal.impl.XMLDocumentFragmentScannerImpl.scanDocument(XMLDocumentFragmentScannerImpl.java:505)
	at com.sun.org.apache.xerces.internal.parsers.XML11Configuration.parse(XML11Configuration.java:841)
	at com.sun.org.apache.xerces.internal.parsers.XML11Configuration.parse(XML11Configuration.java:770)
	at com.sun.org.apache.xerces.internal.parsers.XMLParser.parse(XMLParser.java:141)
	at com.sun.org.apache.xerces.internal.parsers.DOMParser.parse(DOMParser.java:243)
	at com.sun.org.apache.xerces.internal.jaxp.DocumentBuilderImpl.parse(DocumentBuilderImpl.java:339)
	at org.eclipse.debug.internal.core.LaunchManager.createInfoFromXML(LaunchManager.java:935)
	at org.eclipse.debug.internal.core.LaunchManager.getInfo(LaunchManager.java:1359)
	at org.eclipse.debug.internal.core.LaunchConfiguration.getInfo(LaunchConfiguration.java:490)
	at org.eclipse.debug.internal.core.LaunchConfiguration.getType(LaunchConfiguration.java:645)
	at org.eclipse.debug.internal.core.LaunchManager.isValid(LaunchManager.java:2091)
	at org.eclipse.debug.internal.core.LaunchManager.verifyConfigurations(LaunchManager.java:2462)
	at org.eclipse.debug.internal.core.LaunchManager.getAllLaunchConfigurations(LaunchManager.java:1140)
	at org.eclipse.debug.internal.core.LaunchManager.getLaunchConfigurations(LaunchManager.java:1444)
	at org.eclipse.debug.internal.core.LaunchManager.getLaunchConfigurations(LaunchManager.java:1439)
	at org.eclipse.launchbar.core.internal.LaunchBarManager.init(LaunchBarManager.java:130)
	at org.eclipse.launchbar.core.internal.LaunchBarManager$1.run(LaunchBarManager.java:96)
	at org.eclipse.core.internal.jobs.Worker.run(Worker.java:63)

!ENTRY org.eclipse.debug.core 4 125 2026-07-28 11:20:40.602
!MESSAGE 调试核心所记录的错误：
!STACK 1
org.eclipse.debug.core.DebugException: 读取启动配置文件 F:\code\vibe_project\rollerball\M33\libraries\components\mtb-device-support-pse8xxgp\make\make\recipe\interface_version_3\App\JLink\internal\&&_MTB_RECIPE__APP_NAME&& Program Application (JLink).launch 时发生了 org.xml.sax.SAXParseException; lineNumber: 10; columnNumber: 83; 在实体引用中, 实体名称必须紧跟在 '&' 后面。。
	at org.eclipse.debug.internal.core.LaunchManager.createDebugException(LaunchManager.java:886)
	at org.eclipse.debug.internal.core.LaunchManager.throwException(LaunchManager.java:2448)
	at org.eclipse.debug.internal.core.LaunchManager.getInfo(LaunchManager.java:1366)
	at org.eclipse.debug.internal.core.LaunchConfiguration.getInfo(LaunchConfiguration.java:490)
	at org.eclipse.debug.internal.core.LaunchConfiguration.getType(LaunchConfiguration.java:645)
	at org.eclipse.debug.internal.core.LaunchManager.isValid(LaunchManager.java:2091)
	at org.eclipse.debug.internal.core.LaunchManager.verifyConfigurations(LaunchManager.java:2462)
	at org.eclipse.debug.internal.core.LaunchManager.getAllLaunchConfigurations(LaunchManager.java:1140)
	at org.eclipse.debug.internal.core.LaunchManager.getLaunchConfigurations(LaunchManager.java:1444)
	at org.eclipse.debug.internal.core.LaunchManager.getLaunchConfigurations(LaunchManager.java:1439)
	at org.eclipse.launchbar.core.internal.LaunchBarManager.init(LaunchBarManager.java:130)
	at org.eclipse.launchbar.core.internal.LaunchBarManager$1.run(LaunchBarManager.java:96)
	at org.eclipse.core.internal.jobs.Worker.run(Worker.java:63)
Caused by: org.xml.sax.SAXParseException; lineNumber: 10; columnNumber: 83; 在实体引用中, 实体名称必须紧跟在 '&' 后面。
	at com.sun.org.apache.xerces.internal.util.ErrorHandlerWrapper.createSAXParseException(ErrorHandlerWrapper.java:203)
	at com.sun.org.apache.xerces.internal.util.ErrorHandlerWrapper.fatalError(ErrorHandlerWrapper.java:177)
	at com.sun.org.apache.xerces.internal.impl.XMLErrorReporter.reportError(XMLErrorReporter.java:400)
	at com.sun.org.apache.xerces.internal.impl.XMLErrorReporter.reportError(XMLErrorReporter.java:327)
	at com.sun.org.apache.xerces.internal.impl.XMLScanner.reportFatalError(XMLScanner.java:1472)
	at com.sun.org.apache.xerces.internal.impl.XMLScanner.scanAttributeValue(XMLScanner.java:908)
	at com.sun.org.apache.xerces.internal.impl.XMLDocumentFragmentScannerImpl.scanAttribute(XMLDocumentFragmentScannerImpl.java:1548)
	at com.sun.org.apache.xerces.internal.impl.XMLDocumentFragmentScannerImpl.scanStartElement(XMLDocumentFragmentScannerImpl.java:1315)
	at com.sun.org.apache.xerces.internal.impl.XMLDocumentFragmentScannerImpl$FragmentContentDriver.next(XMLDocumentFragmentScannerImpl.java:2784)
	at com.sun.org.apache.xerces.internal.impl.XMLDocumentScannerImpl.next(XMLDocumentScannerImpl.java:602)
	at com.sun.org.apache.xerces.internal.impl.XMLDocumentFragmentScannerImpl.scanDocument(XMLDocumentFragmentScannerImpl.java:505)
	at com.sun.org.apache.xerces.internal.parsers.XML11Configuration.parse(XML11Configuration.java:841)
	at com.sun.org.apache.xerces.internal.parsers.XML11Configuration.parse(XML11Configuration.java:770)
	at com.sun.org.apache.xerces.internal.parsers.XMLParser.parse(XMLParser.java:141)
	at com.sun.org.apache.xerces.internal.parsers.DOMParser.parse(DOMParser.java:243)
	at com.sun.org.apache.xerces.internal.jaxp.DocumentBuilderImpl.parse(DocumentBuilderImpl.java:339)
	at org.eclipse.debug.internal.core.LaunchManager.createInfoFromXML(LaunchManager.java:935)
	at org.eclipse.debug.internal.core.LaunchManager.getInfo(LaunchManager.java:1359)
	... 10 more
!SUBENTRY 1 org.eclipse.debug.core 4 5012 2026-07-28 11:20:40.602
!MESSAGE 读取启动配置文件 F:\code\vibe_project\rollerball\M33\libraries\components\mtb-device-support-pse8xxgp\make\make\recipe\interface_version_3\App\JLink\internal\&&_MTB_RECIPE__APP_NAME&& Program Application (JLink).launch 时发生了 org.xml.sax.SAXParseException; lineNumber: 10; columnNumber: 83; 在实体引用中, 实体名称必须紧跟在 '&' 后面。。
!STACK 0
org.xml.sax.SAXParseException; lineNumber: 10; columnNumber: 83; 在实体引用中, 实体名称必须紧跟在 '&' 后面。
	at com.sun.org.apache.xerces.internal.util.ErrorHandlerWrapper.createSAXParseException(ErrorHandlerWrapper.java:203)
	at com.sun.org.apache.xerces.internal.util.ErrorHandlerWrapper.fatalError(ErrorHandlerWrapper.java:177)
	at com.sun.org.apache.xerces.internal.impl.XMLErrorReporter.reportError(XMLErrorReporter.java:400)
	at com.sun.org.apache.xerces.internal.impl.XMLErrorReporter.reportError(XMLErrorReporter.java:327)
	at com.sun.org.apache.xerces.internal.impl.XMLScanner.reportFatalError(XMLScanner.java:1472)
	at com.sun.org.apache.xerces.internal.impl.XMLScanner.scanAttributeValue(XMLScanner.java:908)
	at com.sun.org.apache.xerces.internal.impl.XMLDocumentFragmentScannerImpl.scanAttribute(XMLDocumentFragmentScannerImpl.java:1548)
	at com.sun.org.apache.xerces.internal.impl.XMLDocumentFragmentScannerImpl.scanStartElement(XMLDocumentFragmentScannerImpl.java:1315)
	at com.sun.org.apache.xerces.internal.impl.XMLDocumentFragmentScannerImpl$FragmentContentDriver.next(XMLDocumentFragmentScannerImpl.java:2784)
	at com.sun.org.apache.xerces.internal.impl.XMLDocumentScannerImpl.next(XMLDocumentScannerImpl.java:602)
	at com.sun.org.apache.xerces.internal.impl.XMLDocumentFragmentScannerImpl.scanDocument(XMLDocumentFragmentScannerImpl.java:505)
	at com.sun.org.apache.xerces.internal.parsers.XML11Configuration.parse(XML11Configuration.java:841)
	at com.sun.org.apache.xerces.internal.parsers.XML11Configuration.parse(XML11Configuration.java:770)
	at com.sun.org.apache.xerces.internal.parsers.XMLParser.parse(XMLParser.java:141)
	at com.sun.org.apache.xerces.internal.parsers.DOMParser.parse(DOMParser.java:243)
	at com.sun.org.apache.xerces.internal.jaxp.DocumentBuilderImpl.parse(DocumentBuilderImpl.java:339)
	at org.eclipse.debug.internal.core.LaunchManager.createInfoFromXML(LaunchManager.java:935)
	at org.eclipse.debug.internal.core.LaunchManager.getInfo(LaunchManager.java:1359)
	at org.eclipse.debug.internal.core.LaunchConfiguration.getInfo(LaunchConfiguration.java:490)
	at org.eclipse.debug.internal.core.LaunchConfiguration.getType(LaunchConfiguration.java:645)
	at org.eclipse.debug.internal.core.LaunchManager.isValid(LaunchManager.java:2091)
	at org.eclipse.debug.internal.core.LaunchManager.verifyConfigurations(LaunchManager.java:2462)
	at org.eclipse.debug.internal.core.LaunchManager.getAllLaunchConfigurations(LaunchManager.java:1140)
	at org.eclipse.debug.internal.core.LaunchManager.getLaunchConfigurations(LaunchManager.java:1444)
	at org.eclipse.debug.internal.core.LaunchManager.getLaunchConfigurations(LaunchManager.java:1439)
	at org.eclipse.launchbar.core.internal.LaunchBarManager.init(LaunchBarManager.java:130)
	at org.eclipse.launchbar.core.internal.LaunchBarManager$1.run(LaunchBarManager.java:96)
	at org.eclipse.core.internal.jobs.Worker.run(Worker.java:63)

!ENTRY org.eclipse.debug.core 4 125 2026-07-28 11:20:40.604
!MESSAGE 调试核心所记录的错误：
!STACK 1
org.eclipse.debug.core.DebugException: 读取启动配置文件 F:\code\vibe_project\rollerball\M33\libraries\components\mtb-device-support-pse8xxgp\make\make\recipe\interface_version_3\App\KitProg3\external\&&_MTB_RECIPE__APP_NAME&& Erase All (KitProg3_MiniProg4).launch 时发生了 org.xml.sax.SAXParseException; lineNumber: 11; columnNumber: 83; 在实体引用中, 实体名称必须紧跟在 '&' 后面。。
	at org.eclipse.debug.internal.core.LaunchManager.createDebugException(LaunchManager.java:886)
	at org.eclipse.debug.internal.core.LaunchManager.throwException(LaunchManager.java:2448)
	at org.eclipse.debug.internal.core.LaunchManager.getInfo(LaunchManager.java:1366)
	at org.eclipse.debug.internal.core.LaunchConfiguration.getInfo(LaunchConfiguration.java:490)
	at org.eclipse.debug.internal.core.LaunchConfiguration.getType(LaunchConfiguration.java:645)
	at org.eclipse.debug.internal.core.LaunchManager.isValid(LaunchManager.java:2091)
	at org.eclipse.debug.internal.core.LaunchManager.verifyConfigurations(LaunchManager.java:2462)
	at org.eclipse.debug.internal.core.LaunchManager.getAllLaunchConfigurations(LaunchManager.java:1140)
	at org.eclipse.debug.internal.core.LaunchManager.getLaunchConfigurations(LaunchManager.java:1444)
	at org.eclipse.debug.internal.core.LaunchManager.getLaunchConfigurations(LaunchManager.java:1439)
	at org.eclipse.launchbar.core.internal.LaunchBarManager.init(LaunchBarManager.java:130)
	at org.eclipse.launchbar.core.internal.LaunchBarManager$1.run(LaunchBarManager.java:96)
	at org.eclipse.core.internal.jobs.Worker.run(Worker.java:63)
Caused by: org.xml.sax.SAXParseException; lineNumber: 11; columnNumber: 83; 在实体引用中, 实体名称必须紧跟在 '&' 后面。
	at com.sun.org.apache.xerces.internal.util.ErrorHandlerWrapper.createSAXParseException(ErrorHandlerWrapper.java:203)
	at com.sun.org.apache.xerces.internal.util.ErrorHandlerWrapper.fatalError(ErrorHandlerWrapper.java:177)
	at com.sun.org.apache.xerces.internal.impl.XMLErrorReporter.reportError(XMLErrorReporter.java:400)
	at com.sun.org.apache.xerces.internal.impl.XMLErrorReporter.reportError(XMLErrorReporter.java:327)
	at com.sun.org.apache.xerces.internal.impl.XMLScanner.reportFatalError(XMLScanner.java:1472)
	at com.sun.org.apache.xerces.internal.impl.XMLScanner.scanAttributeValue(XMLScanner.java:908)
	at com.sun.org.apache.xerces.internal.impl.XMLDocumentFragmentScannerImpl.scanAttribute(XMLDocumentFragmentScannerImpl.java:1548)
	at com.sun.org.apache.xerces.internal.impl.XMLDocumentFragmentScannerImpl.scanStartElement(XMLDocumentFragmentScannerImpl.java:1315)
	at com.sun.org.apache.xerces.internal.impl.XMLDocumentFragmentScannerImpl$FragmentContentDriver.next(XMLDocumentFragmentScannerImpl.java:2784)
	at com.sun.org.apache.xerces.internal.impl.XMLDocumentScannerImpl.next(XMLDocumentScannerImpl.java:602)
	at com.sun.org.apache.xerces.internal.impl.XMLDocumentFragmentScannerImpl.scanDocument(XMLDocumentFragmentScannerImpl.java:505)
	at com.sun.org.apache.xerces.internal.parsers.XML11Configuration.parse(XML11Configuration.java:841)
	at com.sun.org.apache.xerces.internal.parsers.XML11Configuration.parse(XML11Configuration.java:770)
	at com.sun.org.apache.xerces.internal.parsers.XMLParser.parse(XMLParser.java:141)
	at com.sun.org.apache.xerces.internal.parsers.DOMParser.parse(DOMParser.java:243)
	at com.sun.org.apache.xerces.internal.jaxp.DocumentBuilderImpl.parse(DocumentBuilderImpl.java:339)
	at org.eclipse.debug.internal.core.LaunchManager.createInfoFromXML(LaunchManager.java:935)
	at org.eclipse.debug.internal.core.LaunchManager.getInfo(LaunchManager.java:1359)
	... 10 more
!SUBENTRY 1 org.eclipse.debug.core 4 5012 2026-07-28 11:20:40.604
!MESSAGE 读取启动配置文件 F:\code\vibe_project\rollerball\M33\libraries\components\mtb-device-support-pse8xxgp\make\make\recipe\interface_version_3\App\KitProg3\external\&&_MTB_RECIPE__APP_NAME&& Erase All (KitProg3_MiniProg4).launch 时发生了 org.xml.sax.SAXParseException; lineNumber: 11; columnNumber: 83; 在实体引用中, 实体名称必须紧跟在 '&' 后面。。
!STACK 0
org.xml.sax.SAXParseException; lineNumber: 11; columnNumber: 83; 在实体引用中, 实体名称必须紧跟在 '&' 后面。
	at com.sun.org.apache.xerces.internal.util.ErrorHandlerWrapper.createSAXParseException(ErrorHandlerWrapper.java:203)
	at com.sun.org.apache.xerces.internal.util.ErrorHandlerWrapper.fatalError(ErrorHandlerWrapper.java:177)
	at com.sun.org.apache.xerces.internal.impl.XMLErrorReporter.reportError(XMLErrorReporter.java:400)
	at com.sun.org.apache.xerces.internal.impl.XMLErrorReporter.reportError(XMLErrorReporter.java:327)
	at com.sun.org.apache.xerces.internal.impl.XMLScanner.reportFatalError(XMLScanner.java:1472)
	at com.sun.org.apache.xerces.internal.impl.XMLScanner.scanAttributeValue(XMLScanner.java:908)
	at com.sun.org.apache.xerces.internal.impl.XMLDocumentFragmentScannerImpl.scanAttribute(XMLDocumentFragmentScannerImpl.java:1548)
	at com.sun.org.apache.xerces.internal.impl.XMLDocumentFragmentScannerImpl.scanStartElement(XMLDocumentFragmentScannerImpl.java:1315)
	at com.sun.org.apache.xerces.internal.impl.XMLDocumentFragmentScannerImpl$FragmentContentDriver.next(XMLDocumentFragmentScannerImpl.java:2784)
	at com.sun.org.apache.xerces.internal.impl.XMLDocumentScannerImpl.next(XMLDocumentScannerImpl.java:602)
	at com.sun.org.apache.xerces.internal.impl.XMLDocumentFragmentScannerImpl.scanDocument(XMLDocumentFragmentScannerImpl.java:505)
	at com.sun.org.apache.xerces.internal.parsers.XML11Configuration.parse(XML11Configuration.java:841)
	at com.sun.org.apache.xerces.internal.parsers.XML11Configuration.parse(XML11Configuration.java:770)
	at com.sun.org.apache.xerces.internal.parsers.XMLParser.parse(XMLParser.java:141)
	at com.sun.org.apache.xerces.internal.parsers.DOMParser.parse(DOMParser.java:243)
	at com.sun.org.apache.xerces.internal.jaxp.DocumentBuilderImpl.parse(DocumentBuilderImpl.java:339)
	at org.eclipse.debug.internal.core.LaunchManager.createInfoFromXML(LaunchManager.java:935)
	at org.eclipse.debug.internal.core.LaunchManager.getInfo(LaunchManager.java:1359)
	at org.eclipse.debug.internal.core.LaunchConfiguration.getInfo(LaunchConfiguration.java:490)
	at org.eclipse.debug.internal.core.LaunchConfiguration.getType(LaunchConfiguration.java:645)
	at org.eclipse.debug.internal.core.LaunchManager.isValid(LaunchManager.java:2091)
	at org.eclipse.debug.internal.core.LaunchManager.verifyConfigurations(LaunchManager.java:2462)
	at org.eclipse.debug.internal.core.LaunchManager.getAllLaunchConfigurations(LaunchManager.java:1140)
	at org.eclipse.debug.internal.core.LaunchManager.getLaunchConfigurations(LaunchManager.java:1444)
	at org.eclipse.debug.internal.core.LaunchManager.getLaunchConfigurations(LaunchManager.java:1439)
	at org.eclipse.launchbar.core.internal.LaunchBarManager.init(LaunchBarManager.java:130)
	at org.eclipse.launchbar.core.internal.LaunchBarManager$1.run(LaunchBarManager.java:96)
	at org.eclipse.core.internal.jobs.Worker.run(Worker.java:63)

!ENTRY org.eclipse.debug.core 4 125 2026-07-28 11:20:40.607
!MESSAGE 调试核心所记录的错误：
!STACK 1
org.eclipse.debug.core.DebugException: 读取启动配置文件 F:\code\vibe_project\rollerball\M33\libraries\components\mtb-device-support-pse8xxgp\make\make\recipe\interface_version_3\App\KitProg3\internal\&&_MTB_RECIPE__APP_NAME&& Erase Device (KitProg3_MiniProg4).launch 时发生了 org.xml.sax.SAXParseException; lineNumber: 11; columnNumber: 83; 在实体引用中, 实体名称必须紧跟在 '&' 后面。。
	at org.eclipse.debug.internal.core.LaunchManager.createDebugException(LaunchManager.java:886)
	at org.eclipse.debug.internal.core.LaunchManager.throwException(LaunchManager.java:2448)
	at org.eclipse.debug.internal.core.LaunchManager.getInfo(LaunchManager.java:1366)
	at org.eclipse.debug.internal.core.LaunchConfiguration.getInfo(LaunchConfiguration.java:490)
	at org.eclipse.debug.internal.core.LaunchConfiguration.getType(LaunchConfiguration.java:645)
	at org.eclipse.debug.internal.core.LaunchManager.isValid(LaunchManager.java:2091)
	at org.eclipse.debug.internal.core.LaunchManager.verifyConfigurations(LaunchManager.java:2462)
	at org.eclipse.debug.internal.core.LaunchManager.getAllLaunchConfigurations(LaunchManager.java:1140)
	at org.eclipse.debug.internal.core.LaunchManager.getLaunchConfigurations(LaunchManager.java:1444)
	at org.eclipse.debug.internal.core.LaunchManager.getLaunchConfigurations(LaunchManager.java:1439)
	at org.eclipse.launchbar.core.internal.LaunchBarManager.init(LaunchBarManager.java:130)
	at org.eclipse.launchbar.core.internal.LaunchBarManager$1.run(LaunchBarManager.java:96)
	at org.eclipse.core.internal.jobs.Worker.run(Worker.java:63)
Caused by: org.xml.sax.SAXParseException; lineNumber: 11; columnNumber: 83; 在实体引用中, 实体名称必须紧跟在 '&' 后面。
	at com.sun.org.apache.xerces.internal.util.ErrorHandlerWrapper.createSAXParseException(ErrorHandlerWrapper.java:203)
	at com.sun.org.apache.xerces.internal.util.ErrorHandlerWrapper.fatalError(ErrorHandlerWrapper.java:177)
	at com.sun.org.apache.xerces.internal.impl.XMLErrorReporter.reportError(XMLErrorReporter.java:400)
	at com.sun.org.apache.xerces.internal.impl.XMLErrorReporter.reportError(XMLErrorReporter.java:327)
	at com.sun.org.apache.xerces.internal.impl.XMLScanner.reportFatalError(XMLScanner.java:1472)
	at com.sun.org.apache.xerces.internal.impl.XMLScanner.scanAttributeValue(XMLScanner.java:908)
	at com.sun.org.apache.xerces.internal.impl.XMLDocumentFragmentScannerImpl.scanAttribute(XMLDocumentFragmentScannerImpl.java:1548)
	at com.sun.org.apache.xerces.internal.impl.XMLDocumentFragmentScannerImpl.scanStartElement(XMLDocumentFragmentScannerImpl.java:1315)
	at com.sun.org.apache.xerces.internal.impl.XMLDocumentFragmentScannerImpl$FragmentContentDriver.next(XMLDocumentFragmentScannerImpl.java:2784)
	at com.sun.org.apache.xerces.internal.impl.XMLDocumentScannerImpl.next(XMLDocumentScannerImpl.java:602)
	at com.sun.org.apache.xerces.internal.impl.XMLDocumentFragmentScannerImpl.scanDocument(XMLDocumentFragmentScannerImpl.java:505)
	at com.sun.org.apache.xerces.internal.parsers.XML11Configuration.parse(XML11Configuration.java:841)
	at com.sun.org.apache.xerces.internal.parsers.XML11Configuration.parse(XML11Configuration.java:770)
	at com.sun.org.apache.xerces.internal.parsers.XMLParser.parse(XMLParser.java:141)
	at com.sun.org.apache.xerces.internal.parsers.DOMParser.parse(DOMParser.java:243)
	at com.sun.org.apache.xerces.internal.jaxp.DocumentBuilderImpl.parse(DocumentBuilderImpl.java:339)
	at org.eclipse.debug.internal.core.LaunchManager.createInfoFromXML(LaunchManager.java:935)
	at org.eclipse.debug.internal.core.LaunchManager.getInfo(LaunchManager.java:1359)
	... 10 more
!SUBENTRY 1 org.eclipse.debug.core 4 5012 2026-07-28 11:20:40.607
!MESSAGE 读取启动配置文件 F:\code\vibe_project\rollerball\M33\libraries\components\mtb-device-support-pse8xxgp\make\make\recipe\interface_version_3\App\KitProg3\internal\&&_MTB_RECIPE__APP_NAME&& Erase Device (KitProg3_MiniProg4).launch 时发生了 org.xml.sax.SAXParseException; lineNumber: 11; columnNumber: 83; 在实体引用中, 实体名称必须紧跟在 '&' 后面。。
!STACK 0
org.xml.sax.SAXParseException; lineNumber: 11; columnNumber: 83; 在实体引用中, 实体名称必须紧跟在 '&' 后面。
	at com.sun.org.apache.xerces.internal.util.ErrorHandlerWrapper.createSAXParseException(ErrorHandlerWrapper.java:203)
	at com.sun.org.apache.xerces.internal.util.ErrorHandlerWrapper.fatalError(ErrorHandlerWrapper.java:177)
	at com.sun.org.apache.xerces.internal.impl.XMLErrorReporter.reportError(XMLErrorReporter.java:400)
	at com.sun.org.apache.xerces.internal.impl.XMLErrorReporter.reportError(XMLErrorReporter.java:327)
	at com.sun.org.apache.xerces.internal.impl.XMLScanner.reportFatalError(XMLScanner.java:1472)
	at com.sun.org.apache.xerces.internal.impl.XMLScanner.scanAttributeValue(XMLScanner.java:908)
	at com.sun.org.apache.xerces.internal.impl.XMLDocumentFragmentScannerImpl.scanAttribute(XMLDocumentFragmentScannerImpl.java:1548)
	at com.sun.org.apache.xerces.internal.impl.XMLDocumentFragmentScannerImpl.scanStartElement(XMLDocumentFragmentScannerImpl.java:1315)
	at com.sun.org.apache.xerces.internal.impl.XMLDocumentFragmentScannerImpl$FragmentContentDriver.next(XMLDocumentFragmentScannerImpl.java:2784)
	at com.sun.org.apache.xerces.internal.impl.XMLDocumentScannerImpl.next(XMLDocumentScannerImpl.java:602)
	at com.sun.org.apache.xerces.internal.impl.XMLDocumentFragmentScannerImpl.scanDocument(XMLDocumentFragmentScannerImpl.java:505)
	at com.sun.org.apache.xerces.internal.parsers.XML11Configuration.parse(XML11Configuration.java:841)
	at com.sun.org.apache.xerces.internal.parsers.XML11Configuration.parse(XML11Configuration.java:770)
	at com.sun.org.apache.xerces.internal.parsers.XMLParser.parse(XMLParser.java:141)
	at com.sun.org.apache.xerces.internal.parsers.DOMParser.parse(DOMParser.java:243)
	at com.sun.org.apache.xerces.internal.jaxp.DocumentBuilderImpl.parse(DocumentBuilderImpl.java:339)
	at org.eclipse.debug.internal.core.LaunchManager.createInfoFromXML(LaunchManager.java:935)
	at org.eclipse.debug.internal.core.LaunchManager.getInfo(LaunchManager.java:1359)
	at org.eclipse.debug.internal.core.LaunchConfiguration.getInfo(LaunchConfiguration.java:490)
	at org.eclipse.debug.internal.core.LaunchConfiguration.getType(LaunchConfiguration.java:645)
	at org.eclipse.debug.internal.core.LaunchManager.isValid(LaunchManager.java:2091)
	at org.eclipse.debug.internal.core.LaunchManager.verifyConfigurations(LaunchManager.java:2462)
	at org.eclipse.debug.internal.core.LaunchManager.getAllLaunchConfigurations(LaunchManager.java:1140)
	at org.eclipse.debug.internal.core.LaunchManager.getLaunchConfigurations(LaunchManager.java:1444)
	at org.eclipse.debug.internal.core.LaunchManager.getLaunchConfigurations(LaunchManager.java:1439)
	at org.eclipse.launchbar.core.internal.LaunchBarManager.init(LaunchBarManager.java:130)
	at org.eclipse.launchbar.core.internal.LaunchBarManager$1.run(LaunchBarManager.java:96)
	at org.eclipse.core.internal.jobs.Worker.run(Worker.java:63)

!ENTRY org.eclipse.debug.core 4 125 2026-07-28 11:20:40.608
!MESSAGE 调试核心所记录的错误：
!STACK 1
org.eclipse.debug.core.DebugException: 读取启动配置文件 F:\code\vibe_project\rollerball\M33\libraries\components\mtb-device-support-pse8xxgp\make\make\recipe\interface_version_3\App\KitProg3\internal\&&_MTB_RECIPE__APP_NAME&& Program Application (KitProg3_MiniProg4).launch 时发生了 org.xml.sax.SAXParseException; lineNumber: 10; columnNumber: 83; 在实体引用中, 实体名称必须紧跟在 '&' 后面。。
	at org.eclipse.debug.internal.core.LaunchManager.createDebugException(LaunchManager.java:886)
	at org.eclipse.debug.internal.core.LaunchManager.throwException(LaunchManager.java:2448)
	at org.eclipse.debug.internal.core.LaunchManager.getInfo(LaunchManager.java:1366)
	at org.eclipse.debug.internal.core.LaunchConfiguration.getInfo(LaunchConfiguration.java:490)
	at org.eclipse.debug.internal.core.LaunchConfiguration.getType(LaunchConfiguration.java:645)
	at org.eclipse.debug.internal.core.LaunchManager.isValid(LaunchManager.java:2091)
	at org.eclipse.debug.internal.core.LaunchManager.verifyConfigurations(LaunchManager.java:2462)
	at org.eclipse.debug.internal.core.LaunchManager.getAllLaunchConfigurations(LaunchManager.java:1140)
	at org.eclipse.debug.internal.core.LaunchManager.getLaunchConfigurations(LaunchManager.java:1444)
	at org.eclipse.debug.internal.core.LaunchManager.getLaunchConfigurations(LaunchManager.java:1439)
	at org.eclipse.launchbar.core.internal.LaunchBarManager.init(LaunchBarManager.java:130)
	at org.eclipse.launchbar.core.internal.LaunchBarManager$1.run(LaunchBarManager.java:96)
	at org.eclipse.core.internal.jobs.Worker.run(Worker.java:63)
Caused by: org.xml.sax.SAXParseException; lineNumber: 10; columnNumber: 83; 在实体引用中, 实体名称必须紧跟在 '&' 后面。
	at com.sun.org.apache.xerces.internal.util.ErrorHandlerWrapper.createSAXParseException(ErrorHandlerWrapper.java:203)
	at com.sun.org.apache.xerces.internal.util.ErrorHandlerWrapper.fatalError(ErrorHandlerWrapper.java:177)
	at com.sun.org.apache.xerces.internal.impl.XMLErrorReporter.reportError(XMLErrorReporter.java:400)
	at com.sun.org.apache.xerces.internal.impl.XMLErrorReporter.reportError(XMLErrorReporter.java:327)
	at com.sun.org.apache.xerces.internal.impl.XMLScanner.reportFatalError(XMLScanner.java:1472)
	at com.sun.org.apache.xerces.internal.impl.XMLScanner.scanAttributeValue(XMLScanner.java:908)
	at com.sun.org.apache.xerces.internal.impl.XMLDocumentFragmentScannerImpl.scanAttribute(XMLDocumentFragmentScannerImpl.java:1548)
	at com.sun.org.apache.xerces.internal.impl.XMLDocumentFragmentScannerImpl.scanStartElement(XMLDocumentFragmentScannerImpl.java:1315)
	at com.sun.org.apache.xerces.internal.impl.XMLDocumentFragmentScannerImpl$FragmentContentDriver.next(XMLDocumentFragmentScannerImpl.java:2784)
	at com.sun.org.apache.xerces.internal.impl.XMLDocumentScannerImpl.next(XMLDocumentScannerImpl.java:602)
	at com.sun.org.apache.xerces.internal.impl.XMLDocumentFragmentScannerImpl.scanDocument(XMLDocumentFragmentScannerImpl.java:505)
	at com.sun.org.apache.xerces.internal.parsers.XML11Configuration.parse(XML11Configuration.java:841)
	at com.sun.org.apache.xerces.internal.parsers.XML11Configuration.parse(XML11Configuration.java:770)
	at com.sun.org.apache.xerces.internal.parsers.XMLParser.parse(XMLParser.java:141)
	at com.sun.org.apache.xerces.internal.parsers.DOMParser.parse(DOMParser.java:243)
	at com.sun.org.apache.xerces.internal.jaxp.DocumentBuilderImpl.parse(DocumentBuilderImpl.java:339)
	at org.eclipse.debug.internal.core.LaunchManager.createInfoFromXML(LaunchManager.java:935)
	at org.eclipse.debug.internal.core.LaunchManager.getInfo(LaunchManager.java:1359)
	... 10 more
!SUBENTRY 1 org.eclipse.debug.core 4 5012 2026-07-28 11:20:40.608
!MESSAGE 读取启动配置文件 F:\code\vibe_project\rollerball\M33\libraries\components\mtb-device-support-pse8xxgp\make\make\recipe\interface_version_3\App\KitProg3\internal\&&_MTB_RECIPE__APP_NAME&& Program Application (KitProg3_MiniProg4).launch 时发生了 org.xml.sax.SAXParseException; lineNumber: 10; columnNumber: 83; 在实体引用中, 实体名称必须紧跟在 '&' 后面。。
!STACK 0
org.xml.sax.SAXParseException; lineNumber: 10; columnNumber: 83; 在实体引用中, 实体名称必须紧跟在 '&' 后面。
	at com.sun.org.apache.xerces.internal.util.ErrorHandlerWrapper.createSAXParseException(ErrorHandlerWrapper.java:203)
	at com.sun.org.apache.xerces.internal.util.ErrorHandlerWrapper.fatalError(ErrorHandlerWrapper.java:177)
	at com.sun.org.apache.xerces.internal.impl.XMLErrorReporter.reportError(XMLErrorReporter.java:400)
	at com.sun.org.apache.xerces.internal.impl.XMLErrorReporter.reportError(XMLErrorReporter.java:327)
	at com.sun.org.apache.xerces.internal.impl.XMLScanner.reportFatalError(XMLScanner.java:1472)
	at com.sun.org.apache.xerces.internal.impl.XMLScanner.scanAttributeValue(XMLScanner.java:908)
	at com.sun.org.apache.xerces.internal.impl.XMLDocumentFragmentScannerImpl.scanAttribute(XMLDocumentFragmentScannerImpl.java:1548)
	at com.sun.org.apache.xerces.internal.impl.XMLDocumentFragmentScannerImpl.scanStartElement(XMLDocumentFragmentScannerImpl.java:1315)
	at com.sun.org.apache.xerces.internal.impl.XMLDocumentFragmentScannerImpl$FragmentContentDriver.next(XMLDocumentFragmentScannerImpl.java:2784)
	at com.sun.org.apache.xerces.internal.impl.XMLDocumentScannerImpl.next(XMLDocumentScannerImpl.java:602)
	at com.sun.org.apache.xerces.internal.impl.XMLDocumentFragmentScannerImpl.scanDocument(XMLDocumentFragmentScannerImpl.java:505)
	at com.sun.org.apache.xerces.internal.parsers.XML11Configuration.parse(XML11Configuration.java:841)
	at com.sun.org.apache.xerces.internal.parsers.XML11Configuration.parse(XML11Configuration.java:770)
	at com.sun.org.apache.xerces.internal.parsers.XMLParser.parse(XMLParser.java:141)
	at com.sun.org.apache.xerces.internal.parsers.DOMParser.parse(DOMParser.java:243)
	at com.sun.org.apache.xerces.internal.jaxp.DocumentBuilderImpl.parse(DocumentBuilderImpl.java:339)
	at org.eclipse.debug.internal.core.LaunchManager.createInfoFromXML(LaunchManager.java:935)
	at org.eclipse.debug.internal.core.LaunchManager.getInfo(LaunchManager.java:1359)
	at org.eclipse.debug.internal.core.LaunchConfiguration.getInfo(LaunchConfiguration.java:490)
	at org.eclipse.debug.internal.core.LaunchConfiguration.getType(LaunchConfiguration.java:645)
	at org.eclipse.debug.internal.core.LaunchManager.isValid(LaunchManager.java:2091)
	at org.eclipse.debug.internal.core.LaunchManager.verifyConfigurations(LaunchManager.java:2462)
	at org.eclipse.debug.internal.core.LaunchManager.getAllLaunchConfigurations(LaunchManager.java:1140)
	at org.eclipse.debug.internal.core.LaunchManager.getLaunchConfigurations(LaunchManager.java:1444)
	at org.eclipse.debug.internal.core.LaunchManager.getLaunchConfigurations(LaunchManager.java:1439)
	at org.eclipse.launchbar.core.internal.LaunchBarManager.init(LaunchBarManager.java:130)
	at org.eclipse.launchbar.core.internal.LaunchBarManager$1.run(LaunchBarManager.java:96)
	at org.eclipse.core.internal.jobs.Worker.run(Worker.java:63)

!ENTRY org.eclipse.debug.core 4 125 2026-07-28 11:20:40.612
!MESSAGE 调试核心所记录的错误：
!STACK 1
org.eclipse.debug.core.DebugException: 读取启动配置文件 F:\code\vibe_project\rollerball\M33\libraries\components\mtb-device-support-pse8xxgp\make\make\recipe\interface_version_3\Proj\FTDI\any\&&_MTB_RECIPE__PRJ_NAME&& Program (FTDI).launch 时发生了 org.xml.sax.SAXParseException; lineNumber: 10; columnNumber: 83; 在实体引用中, 实体名称必须紧跟在 '&' 后面。。
	at org.eclipse.debug.internal.core.LaunchManager.createDebugException(LaunchManager.java:886)
	at org.eclipse.debug.internal.core.LaunchManager.throwException(LaunchManager.java:2448)
	at org.eclipse.debug.internal.core.LaunchManager.getInfo(LaunchManager.java:1366)
	at org.eclipse.debug.internal.core.LaunchConfiguration.getInfo(LaunchConfiguration.java:490)
	at org.eclipse.debug.internal.core.LaunchConfiguration.getType(LaunchConfiguration.java:645)
	at org.eclipse.debug.internal.core.LaunchManager.isValid(LaunchManager.java:2091)
	at org.eclipse.debug.internal.core.LaunchManager.verifyConfigurations(LaunchManager.java:2462)
	at org.eclipse.debug.internal.core.LaunchManager.getAllLaunchConfigurations(LaunchManager.java:1140)
	at org.eclipse.debug.internal.core.LaunchManager.getLaunchConfigurations(LaunchManager.java:1444)
	at org.eclipse.debug.internal.core.LaunchManager.getLaunchConfigurations(LaunchManager.java:1439)
	at org.eclipse.launchbar.core.internal.LaunchBarManager.init(LaunchBarManager.java:130)
	at org.eclipse.launchbar.core.internal.LaunchBarManager$1.run(LaunchBarManager.java:96)
	at org.eclipse.core.internal.jobs.Worker.run(Worker.java:63)
Caused by: org.xml.sax.SAXParseException; lineNumber: 10; columnNumber: 83; 在实体引用中, 实体名称必须紧跟在 '&' 后面。
	at com.sun.org.apache.xerces.internal.util.ErrorHandlerWrapper.createSAXParseException(ErrorHandlerWrapper.java:203)
	at com.sun.org.apache.xerces.internal.util.ErrorHandlerWrapper.fatalError(ErrorHandlerWrapper.java:177)
	at com.sun.org.apache.xerces.internal.impl.XMLErrorReporter.reportError(XMLErrorReporter.java:400)
	at com.sun.org.apache.xerces.internal.impl.XMLErrorReporter.reportError(XMLErrorReporter.java:327)
	at com.sun.org.apache.xerces.internal.impl.XMLScanner.reportFatalError(XMLScanner.java:1472)
	at com.sun.org.apache.xerces.internal.impl.XMLScanner.scanAttributeValue(XMLScanner.java:908)
	at com.sun.org.apache.xerces.internal.impl.XMLDocumentFragmentScannerImpl.scanAttribute(XMLDocumentFragmentScannerImpl.java:1548)
	at com.sun.org.apache.xerces.internal.impl.XMLDocumentFragmentScannerImpl.scanStartElement(XMLDocumentFragmentScannerImpl.java:1315)
	at com.sun.org.apache.xerces.internal.impl.XMLDocumentFragmentScannerImpl$FragmentContentDriver.next(XMLDocumentFragmentScannerImpl.java:2784)
	at com.sun.org.apache.xerces.internal.impl.XMLDocumentScannerImpl.next(XMLDocumentScannerImpl.java:602)
	at com.sun.org.apache.xerces.internal.impl.XMLDocumentFragmentScannerImpl.scanDocument(XMLDocumentFragmentScannerImpl.java:505)
	at com.sun.org.apache.xerces.internal.parsers.XML11Configuration.parse(XML11Configuration.java:841)
	at com.sun.org.apache.xerces.internal.parsers.XML11Configuration.parse(XML11Configuration.java:770)
	at com.sun.org.apache.xerces.internal.parsers.XMLParser.parse(XMLParser.java:141)
	at com.sun.org.apache.xerces.internal.parsers.DOMParser.parse(DOMParser.java:243)
	at com.sun.org.apache.xerces.internal.jaxp.DocumentBuilderImpl.parse(DocumentBuilderImpl.java:339)
	at org.eclipse.debug.internal.core.LaunchManager.createInfoFromXML(LaunchManager.java:935)
	at org.eclipse.debug.internal.core.LaunchManager.getInfo(LaunchManager.java:1359)
	... 10 more
!SUBENTRY 1 org.eclipse.debug.core 4 5012 2026-07-28 11:20:40.612
!MESSAGE 读取启动配置文件 F:\code\vibe_project\rollerball\M33\libraries\components\mtb-device-support-pse8xxgp\make\make\recipe\interface_version_3\Proj\FTDI\any\&&_MTB_RECIPE__PRJ_NAME&& Program (FTDI).launch 时发生了 org.xml.sax.SAXParseException; lineNumber: 10; columnNumber: 83; 在实体引用中, 实体名称必须紧跟在 '&' 后面。。
!STACK 0
org.xml.sax.SAXParseException; lineNumber: 10; columnNumber: 83; 在实体引用中, 实体名称必须紧跟在 '&' 后面。
	at com.sun.org.apache.xerces.internal.util.ErrorHandlerWrapper.createSAXParseException(ErrorHandlerWrapper.java:203)
	at com.sun.org.apache.xerces.internal.util.ErrorHandlerWrapper.fatalError(ErrorHandlerWrapper.java:177)
	at com.sun.org.apache.xerces.internal.impl.XMLErrorReporter.reportError(XMLErrorReporter.java:400)
	at com.sun.org.apache.xerces.internal.impl.XMLErrorReporter.reportError(XMLErrorReporter.java:327)
	at com.sun.org.apache.xerces.internal.impl.XMLScanner.reportFatalError(XMLScanner.java:1472)
	at com.sun.org.apache.xerces.internal.impl.XMLScanner.scanAttributeValue(XMLScanner.java:908)
	at com.sun.org.apache.xerces.internal.impl.XMLDocumentFragmentScannerImpl.scanAttribute(XMLDocumentFragmentScannerImpl.java:1548)
	at com.sun.org.apache.xerces.internal.impl.XMLDocumentFragmentScannerImpl.scanStartElement(XMLDocumentFragmentScannerImpl.java:1315)
	at com.sun.org.apache.xerces.internal.impl.XMLDocumentFragmentScannerImpl$FragmentContentDriver.next(XMLDocumentFragmentScannerImpl.java:2784)
	at com.sun.org.apache.xerces.internal.impl.XMLDocumentScannerImpl.next(XMLDocumentScannerImpl.java:602)
	at com.sun.org.apache.xerces.internal.impl.XMLDocumentFragmentScannerImpl.scanDocument(XMLDocumentFragmentScannerImpl.java:505)
	at com.sun.org.apache.xerces.internal.parsers.XML11Configuration.parse(XML11Configuration.java:841)
	at com.sun.org.apache.xerces.internal.parsers.XML11Configuration.parse(XML11Configuration.java:770)
	at com.sun.org.apache.xerces.internal.parsers.XMLParser.parse(XMLParser.java:141)
	at com.sun.org.apache.xerces.internal.parsers.DOMParser.parse(DOMParser.java:243)
	at com.sun.org.apache.xerces.internal.jaxp.DocumentBuilderImpl.parse(DocumentBuilderImpl.java:339)
	at org.eclipse.debug.internal.core.LaunchManager.createInfoFromXML(LaunchManager.java:935)
	at org.eclipse.debug.internal.core.LaunchManager.getInfo(LaunchManager.java:1359)
	at org.eclipse.debug.internal.core.LaunchConfiguration.getInfo(LaunchConfiguration.java:490)
	at org.eclipse.debug.internal.core.LaunchConfiguration.getType(LaunchConfiguration.java:645)
	at org.eclipse.debug.internal.core.LaunchManager.isValid(LaunchManager.java:2091)
	at org.eclipse.debug.internal.core.LaunchManager.verifyConfigurations(LaunchManager.java:2462)
	at org.eclipse.debug.internal.core.LaunchManager.getAllLaunchConfigurations(LaunchManager.java:1140)
	at org.eclipse.debug.internal.core.LaunchManager.getLaunchConfigurations(LaunchManager.java:1444)
	at org.eclipse.debug.internal.core.LaunchManager.getLaunchConfigurations(LaunchManager.java:1439)
	at org.eclipse.launchbar.core.internal.LaunchBarManager.init(LaunchBarManager.java:130)
	at org.eclipse.launchbar.core.internal.LaunchBarManager$1.run(LaunchBarManager.java:96)
	at org.eclipse.core.internal.jobs.Worker.run(Worker.java:63)

!ENTRY org.eclipse.debug.core 4 125 2026-07-28 11:20:40.614
!MESSAGE 调试核心所记录的错误：
!STACK 1
org.eclipse.debug.core.DebugException: 读取启动配置文件 F:\code\vibe_project\rollerball\M33\libraries\components\mtb-device-support-pse8xxgp\make\make\recipe\interface_version_3\Proj\FTDI\combine_sign\Program.launch 时发生了 org.xml.sax.SAXParseException; lineNumber: 10; columnNumber: 83; 在实体引用中, 实体名称必须紧跟在 '&' 后面。。
	at org.eclipse.debug.internal.core.LaunchManager.createDebugException(LaunchManager.java:886)
	at org.eclipse.debug.internal.core.LaunchManager.throwException(LaunchManager.java:2448)
	at org.eclipse.debug.internal.core.LaunchManager.getInfo(LaunchManager.java:1366)
	at org.eclipse.debug.internal.core.LaunchConfiguration.getInfo(LaunchConfiguration.java:490)
	at org.eclipse.debug.internal.core.LaunchConfiguration.getType(LaunchConfiguration.java:645)
	at org.eclipse.debug.internal.core.LaunchManager.isValid(LaunchManager.java:2091)
	at org.eclipse.debug.internal.core.LaunchManager.verifyConfigurations(LaunchManager.java:2462)
	at org.eclipse.debug.internal.core.LaunchManager.getAllLaunchConfigurations(LaunchManager.java:1140)
	at org.eclipse.debug.internal.core.LaunchManager.getLaunchConfigurations(LaunchManager.java:1444)
	at org.eclipse.debug.internal.core.LaunchManager.getLaunchConfigurations(LaunchManager.java:1439)
	at org.eclipse.launchbar.core.internal.LaunchBarManager.init(LaunchBarManager.java:130)
	at org.eclipse.launchbar.core.internal.LaunchBarManager$1.run(LaunchBarManager.java:96)
	at org.eclipse.core.internal.jobs.Worker.run(Worker.java:63)
Caused by: org.xml.sax.SAXParseException; lineNumber: 10; columnNumber: 83; 在实体引用中, 实体名称必须紧跟在 '&' 后面。
	at com.sun.org.apache.xerces.internal.util.ErrorHandlerWrapper.createSAXParseException(ErrorHandlerWrapper.java:203)
	at com.sun.org.apache.xerces.internal.util.ErrorHandlerWrapper.fatalError(ErrorHandlerWrapper.java:177)
	at com.sun.org.apache.xerces.internal.impl.XMLErrorReporter.reportError(XMLErrorReporter.java:400)
	at com.sun.org.apache.xerces.internal.impl.XMLErrorReporter.reportError(XMLErrorReporter.java:327)
	at com.sun.org.apache.xerces.internal.impl.XMLScanner.reportFatalError(XMLScanner.java:1472)
	at com.sun.org.apache.xerces.internal.impl.XMLScanner.scanAttributeValue(XMLScanner.java:908)
	at com.sun.org.apache.xerces.internal.impl.XMLDocumentFragmentScannerImpl.scanAttribute(XMLDocumentFragmentScannerImpl.java:1548)
	at com.sun.org.apache.xerces.internal.impl.XMLDocumentFragmentScannerImpl.scanStartElement(XMLDocumentFragmentScannerImpl.java:1315)
	at com.sun.org.apache.xerces.internal.impl.XMLDocumentFragmentScannerImpl$FragmentContentDriver.next(XMLDocumentFragmentScannerImpl.java:2784)
	at com.sun.org.apache.xerces.internal.impl.XMLDocumentScannerImpl.next(XMLDocumentScannerImpl.java:602)
	at com.sun.org.apache.xerces.internal.impl.XMLDocumentFragmentScannerImpl.scanDocument(XMLDocumentFragmentScannerImpl.java:505)
	at com.sun.org.apache.xerces.internal.parsers.XML11Configuration.parse(XML11Configuration.java:841)
	at com.sun.org.apache.xerces.internal.parsers.XML11Configuration.parse(XML11Configuration.java:770)
	at com.sun.org.apache.xerces.internal.parsers.XMLParser.parse(XMLParser.java:141)
	at com.sun.org.apache.xerces.internal.parsers.DOMParser.parse(DOMParser.java:243)
	at com.sun.org.apache.xerces.internal.jaxp.DocumentBuilderImpl.parse(DocumentBuilderImpl.java:339)
	at org.eclipse.debug.internal.core.LaunchManager.createInfoFromXML(LaunchManager.java:935)
	at org.eclipse.debug.internal.core.LaunchManager.getInfo(LaunchManager.java:1359)
	... 10 more
!SUBENTRY 1 org.eclipse.debug.core 4 5012 2026-07-28 11:20:40.614
!MESSAGE 读取启动配置文件 F:\code\vibe_project\rollerball\M33\libraries\components\mtb-device-support-pse8xxgp\make\make\recipe\interface_version_3\Proj\FTDI\combine_sign\Program.launch 时发生了 org.xml.sax.SAXParseException; lineNumber: 10; columnNumber: 83; 在实体引用中, 实体名称必须紧跟在 '&' 后面。。
!STACK 0
org.xml.sax.SAXParseException; lineNumber: 10; columnNumber: 83; 在实体引用中, 实体名称必须紧跟在 '&' 后面。
	at com.sun.org.apache.xerces.internal.util.ErrorHandlerWrapper.createSAXParseException(ErrorHandlerWrapper.java:203)
	at com.sun.org.apache.xerces.internal.util.ErrorHandlerWrapper.fatalError(ErrorHandlerWrapper.java:177)
	at com.sun.org.apache.xerces.internal.impl.XMLErrorReporter.reportError(XMLErrorReporter.java:400)
	at com.sun.org.apache.xerces.internal.impl.XMLErrorReporter.reportError(XMLErrorReporter.java:327)
	at com.sun.org.apache.xerces.internal.impl.XMLScanner.reportFatalError(XMLScanner.java:1472)
	at com.sun.org.apache.xerces.internal.impl.XMLScanner.scanAttributeValue(XMLScanner.java:908)
	at com.sun.org.apache.xerces.internal.impl.XMLDocumentFragmentScannerImpl.scanAttribute(XMLDocumentFragmentScannerImpl.java:1548)
	at com.sun.org.apache.xerces.internal.impl.XMLDocumentFragmentScannerImpl.scanStartElement(XMLDocumentFragmentScannerImpl.java:1315)
	at com.sun.org.apache.xerces.internal.impl.XMLDocumentFragmentScannerImpl$FragmentContentDriver.next(XMLDocumentFragmentScannerImpl.java:2784)
	at com.sun.org.apache.xerces.internal.impl.XMLDocumentScannerImpl.next(XMLDocumentScannerImpl.java:602)
	at com.sun.org.apache.xerces.internal.impl.XMLDocumentFragmentScannerImpl.scanDocument(XMLDocumentFragmentScannerImpl.java:505)
	at com.sun.org.apache.xerces.internal.parsers.XML11Configuration.parse(XML11Configuration.java:841)
	at com.sun.org.apache.xerces.internal.parsers.XML11Configuration.parse(XML11Configuration.java:770)
	at com.sun.org.apache.xerces.internal.parsers.XMLParser.parse(XMLParser.java:141)
	at com.sun.org.apache.xerces.internal.parsers.DOMParser.parse(DOMParser.java:243)
	at com.sun.org.apache.xerces.internal.jaxp.DocumentBuilderImpl.parse(DocumentBuilderImpl.java:339)
	at org.eclipse.debug.internal.core.LaunchManager.createInfoFromXML(LaunchManager.java:935)
	at org.eclipse.debug.internal.core.LaunchManager.getInfo(LaunchManager.java:1359)
	at org.eclipse.debug.internal.core.LaunchConfiguration.getInfo(LaunchConfiguration.java:490)
	at org.eclipse.debug.internal.core.LaunchConfiguration.getType(LaunchConfiguration.java:645)
	at org.eclipse.debug.internal.core.LaunchManager.isValid(LaunchManager.java:2091)
	at org.eclipse.debug.internal.core.LaunchManager.verifyConfigurations(LaunchManager.java:2462)
	at org.eclipse.debug.internal.core.LaunchManager.getAllLaunchConfigurations(LaunchManager.java:1140)
	at org.eclipse.debug.internal.core.LaunchManager.getLaunchConfigurations(LaunchManager.java:1444)
	at org.eclipse.debug.internal.core.LaunchManager.getLaunchConfigurations(LaunchManager.java:1439)
	at org.eclipse.launchbar.core.internal.LaunchBarManager.init(LaunchBarManager.java:130)
	at org.eclipse.launchbar.core.internal.LaunchBarManager$1.run(LaunchBarManager.java:96)
	at org.eclipse.core.internal.jobs.Worker.run(Worker.java:63)

!ENTRY org.eclipse.debug.core 4 125 2026-07-28 11:20:40.617
!MESSAGE 调试核心所记录的错误：
!STACK 1
org.eclipse.debug.core.DebugException: 读取启动配置文件 F:\code\vibe_project\rollerball\M33\libraries\components\mtb-device-support-pse8xxgp\make\make\recipe\interface_version_3\Proj\FTDI\single\external\&&_MTB_RECIPE__PRJ_NAME&& Erase All (FTDI).launch 时发生了 org.xml.sax.SAXParseException; lineNumber: 11; columnNumber: 83; 在实体引用中, 实体名称必须紧跟在 '&' 后面。。
	at org.eclipse.debug.internal.core.LaunchManager.createDebugException(LaunchManager.java:886)
	at org.eclipse.debug.internal.core.LaunchManager.throwException(LaunchManager.java:2448)
	at org.eclipse.debug.internal.core.LaunchManager.getInfo(LaunchManager.java:1366)
	at org.eclipse.debug.internal.core.LaunchConfiguration.getInfo(LaunchConfiguration.java:490)
	at org.eclipse.debug.internal.core.LaunchConfiguration.getType(LaunchConfiguration.java:645)
	at org.eclipse.debug.internal.core.LaunchManager.isValid(LaunchManager.java:2091)
	at org.eclipse.debug.internal.core.LaunchManager.verifyConfigurations(LaunchManager.java:2462)
	at org.eclipse.debug.internal.core.LaunchManager.getAllLaunchConfigurations(LaunchManager.java:1140)
	at org.eclipse.debug.internal.core.LaunchManager.getLaunchConfigurations(LaunchManager.java:1444)
	at org.eclipse.debug.internal.core.LaunchManager.getLaunchConfigurations(LaunchManager.java:1439)
	at org.eclipse.launchbar.core.internal.LaunchBarManager.init(LaunchBarManager.java:130)
	at org.eclipse.launchbar.core.internal.LaunchBarManager$1.run(LaunchBarManager.java:96)
	at org.eclipse.core.internal.jobs.Worker.run(Worker.java:63)
Caused by: org.xml.sax.SAXParseException; lineNumber: 11; columnNumber: 83; 在实体引用中, 实体名称必须紧跟在 '&' 后面。
	at com.sun.org.apache.xerces.internal.util.ErrorHandlerWrapper.createSAXParseException(ErrorHandlerWrapper.java:203)
	at com.sun.org.apache.xerces.internal.util.ErrorHandlerWrapper.fatalError(ErrorHandlerWrapper.java:177)
	at com.sun.org.apache.xerces.internal.impl.XMLErrorReporter.reportError(XMLErrorReporter.java:400)
	at com.sun.org.apache.xerces.internal.impl.XMLErrorReporter.reportError(XMLErrorReporter.java:327)
	at com.sun.org.apache.xerces.internal.impl.XMLScanner.reportFatalError(XMLScanner.java:1472)
	at com.sun.org.apache.xerces.internal.impl.XMLScanner.scanAttributeValue(XMLScanner.java:908)
	at com.sun.org.apache.xerces.internal.impl.XMLDocumentFragmentScannerImpl.scanAttribute(XMLDocumentFragmentScannerImpl.java:1548)
	at com.sun.org.apache.xerces.internal.impl.XMLDocumentFragmentScannerImpl.scanStartElement(XMLDocumentFragmentScannerImpl.java:1315)
	at com.sun.org.apache.xerces.internal.impl.XMLDocumentFragmentScannerImpl$FragmentContentDriver.next(XMLDocumentFragmentScannerImpl.java:2784)
	at com.sun.org.apache.xerces.internal.impl.XMLDocumentScannerImpl.next(XMLDocumentScannerImpl.java:602)
	at com.sun.org.apache.xerces.internal.impl.XMLDocumentFragmentScannerImpl.scanDocument(XMLDocumentFragmentScannerImpl.java:505)
	at com.sun.org.apache.xerces.internal.parsers.XML11Configuration.parse(XML11Configuration.java:841)
	at com.sun.org.apache.xerces.internal.parsers.XML11Configuration.parse(XML11Configuration.java:770)
	at com.sun.org.apache.xerces.internal.parsers.XMLParser.parse(XMLParser.java:141)
	at com.sun.org.apache.xerces.internal.parsers.DOMParser.parse(DOMParser.java:243)
	at com.sun.org.apache.xerces.internal.jaxp.DocumentBuilderImpl.parse(DocumentBuilderImpl.java:339)
	at org.eclipse.debug.internal.core.LaunchManager.createInfoFromXML(LaunchManager.java:935)
	at org.eclipse.debug.internal.core.LaunchManager.getInfo(LaunchManager.java:1359)
	... 10 more
!SUBENTRY 1 org.eclipse.debug.core 4 5012 2026-07-28 11:20:40.617
!MESSAGE 读取启动配置文件 F:\code\vibe_project\rollerball\M33\libraries\components\mtb-device-support-pse8xxgp\make\make\recipe\interface_version_3\Proj\FTDI\single\external\&&_MTB_RECIPE__PRJ_NAME&& Erase All (FTDI).launch 时发生了 org.xml.sax.SAXParseException; lineNumber: 11; columnNumber: 83; 在实体引用中, 实体名称必须紧跟在 '&' 后面。。
!STACK 0
org.xml.sax.SAXParseException; lineNumber: 11; columnNumber: 83; 在实体引用中, 实体名称必须紧跟在 '&' 后面。
	at com.sun.org.apache.xerces.internal.util.ErrorHandlerWrapper.createSAXParseException(ErrorHandlerWrapper.java:203)
	at com.sun.org.apache.xerces.internal.util.ErrorHandlerWrapper.fatalError(ErrorHandlerWrapper.java:177)
	at com.sun.org.apache.xerces.internal.impl.XMLErrorReporter.reportError(XMLErrorReporter.java:400)
	at com.sun.org.apache.xerces.internal.impl.XMLErrorReporter.reportError(XMLErrorReporter.java:327)
	at com.sun.org.apache.xerces.internal.impl.XMLScanner.reportFatalError(XMLScanner.java:1472)
	at com.sun.org.apache.xerces.internal.impl.XMLScanner.scanAttributeValue(XMLScanner.java:908)
	at com.sun.org.apache.xerces.internal.impl.XMLDocumentFragmentScannerImpl.scanAttribute(XMLDocumentFragmentScannerImpl.java:1548)
	at com.sun.org.apache.xerces.internal.impl.XMLDocumentFragmentScannerImpl.scanStartElement(XMLDocumentFragmentScannerImpl.java:1315)
	at com.sun.org.apache.xerces.internal.impl.XMLDocumentFragmentScannerImpl$FragmentContentDriver.next(XMLDocumentFragmentScannerImpl.java:2784)
	at com.sun.org.apache.xerces.internal.impl.XMLDocumentScannerImpl.next(XMLDocumentScannerImpl.java:602)
	at com.sun.org.apache.xerces.internal.impl.XMLDocumentFragmentScannerImpl.scanDocument(XMLDocumentFragmentScannerImpl.java:505)
	at com.sun.org.apache.xerces.internal.parsers.XML11Configuration.parse(XML11Configuration.java:841)
	at com.sun.org.apache.xerces.internal.parsers.XML11Configuration.parse(XML11Configuration.java:770)
	at com.sun.org.apache.xerces.internal.parsers.XMLParser.parse(XMLParser.java:141)
	at com.sun.org.apache.xerces.internal.parsers.DOMParser.parse(DOMParser.java:243)
	at com.sun.org.apache.xerces.internal.jaxp.DocumentBuilderImpl.parse(DocumentBuilderImpl.java:339)
	at org.eclipse.debug.internal.core.LaunchManager.createInfoFromXML(LaunchManager.java:935)
	at org.eclipse.debug.internal.core.LaunchManager.getInfo(LaunchManager.java:1359)
	at org.eclipse.debug.internal.core.LaunchConfiguration.getInfo(LaunchConfiguration.java:490)
	at org.eclipse.debug.internal.core.LaunchConfiguration.getType(LaunchConfiguration.java:645)
	at org.eclipse.debug.internal.core.LaunchManager.isValid(LaunchManager.java:2091)
	at org.eclipse.debug.internal.core.LaunchManager.verifyConfigurations(LaunchManager.java:2462)
	at org.eclipse.debug.internal.core.LaunchManager.getAllLaunchConfigurations(LaunchManager.java:1140)
	at org.eclipse.debug.internal.core.LaunchManager.getLaunchConfigurations(LaunchManager.java:1444)
	at org.eclipse.debug.internal.core.LaunchManager.getLaunchConfigurations(LaunchManager.java:1439)
	at org.eclipse.launchbar.core.internal.LaunchBarManager.init(LaunchBarManager.java:130)
	at org.eclipse.launchbar.core.internal.LaunchBarManager$1.run(LaunchBarManager.java:96)
	at org.eclipse.core.internal.jobs.Worker.run(Worker.java:63)

!ENTRY org.eclipse.debug.core 4 125 2026-07-28 11:20:40.621
!MESSAGE 调试核心所记录的错误：
!STACK 1
org.eclipse.debug.core.DebugException: 读取启动配置文件 F:\code\vibe_project\rollerball\M33\libraries\components\mtb-device-support-pse8xxgp\make\make\recipe\interface_version_3\Proj\FTDI\single\internal\&&_MTB_RECIPE__PRJ_NAME&& Erase Device (FTDI).launch 时发生了 org.xml.sax.SAXParseException; lineNumber: 11; columnNumber: 83; 在实体引用中, 实体名称必须紧跟在 '&' 后面。。
	at org.eclipse.debug.internal.core.LaunchManager.createDebugException(LaunchManager.java:886)
	at org.eclipse.debug.internal.core.LaunchManager.throwException(LaunchManager.java:2448)
	at org.eclipse.debug.internal.core.LaunchManager.getInfo(LaunchManager.java:1366)
	at org.eclipse.debug.internal.core.LaunchConfiguration.getInfo(LaunchConfiguration.java:490)
	at org.eclipse.debug.internal.core.LaunchConfiguration.getType(LaunchConfiguration.java:645)
	at org.eclipse.debug.internal.core.LaunchManager.isValid(LaunchManager.java:2091)
	at org.eclipse.debug.internal.core.LaunchManager.verifyConfigurations(LaunchManager.java:2462)
	at org.eclipse.debug.internal.core.LaunchManager.getAllLaunchConfigurations(LaunchManager.java:1140)
	at org.eclipse.debug.internal.core.LaunchManager.getLaunchConfigurations(LaunchManager.java:1444)
	at org.eclipse.debug.internal.core.LaunchManager.getLaunchConfigurations(LaunchManager.java:1439)
	at org.eclipse.launchbar.core.internal.LaunchBarManager.init(LaunchBarManager.java:130)
	at org.eclipse.launchbar.core.internal.LaunchBarManager$1.run(LaunchBarManager.java:96)
	at org.eclipse.core.internal.jobs.Worker.run(Worker.java:63)
Caused by: org.xml.sax.SAXParseException; lineNumber: 11; columnNumber: 83; 在实体引用中, 实体名称必须紧跟在 '&' 后面。
	at com.sun.org.apache.xerces.internal.util.ErrorHandlerWrapper.createSAXParseException(ErrorHandlerWrapper.java:203)
	at com.sun.org.apache.xerces.internal.util.ErrorHandlerWrapper.fatalError(ErrorHandlerWrapper.java:177)
	at com.sun.org.apache.xerces.internal.impl.XMLErrorReporter.reportError(XMLErrorReporter.java:400)
	at com.sun.org.apache.xerces.internal.impl.XMLErrorReporter.reportError(XMLErrorReporter.java:327)
	at com.sun.org.apache.xerces.internal.impl.XMLScanner.reportFatalError(XMLScanner.java:1472)
	at com.sun.org.apache.xerces.internal.impl.XMLScanner.scanAttributeValue(XMLScanner.java:908)
	at com.sun.org.apache.xerces.internal.impl.XMLDocumentFragmentScannerImpl.scanAttribute(XMLDocumentFragmentScannerImpl.java:1548)
	at com.sun.org.apache.xerces.internal.impl.XMLDocumentFragmentScannerImpl.scanStartElement(XMLDocumentFragmentScannerImpl.java:1315)
	at com.sun.org.apache.xerces.internal.impl.XMLDocumentFragmentScannerImpl$FragmentContentDriver.next(XMLDocumentFragmentScannerImpl.java:2784)
	at com.sun.org.apache.xerces.internal.impl.XMLDocumentScannerImpl.next(XMLDocumentScannerImpl.java:602)
	at com.sun.org.apache.xerces.internal.impl.XMLDocumentFragmentScannerImpl.scanDocument(XMLDocumentFragmentScannerImpl.java:505)
	at com.sun.org.apache.xerces.internal.parsers.XML11Configuration.parse(XML11Configuration.java:841)
	at com.sun.org.apache.xerces.internal.parsers.XML11Configuration.parse(XML11Configuration.java:770)
	at com.sun.org.apache.xerces.internal.parsers.XMLParser.parse(XMLParser.java:141)
	at com.sun.org.apache.xerces.internal.parsers.DOMParser.parse(DOMParser.java:243)
	at com.sun.org.apache.xerces.internal.jaxp.DocumentBuilderImpl.parse(DocumentBuilderImpl.java:339)
	at org.eclipse.debug.internal.core.LaunchManager.createInfoFromXML(LaunchManager.java:935)
	at org.eclipse.debug.internal.core.LaunchManager.getInfo(LaunchManager.java:1359)
	... 10 more
!SUBENTRY 1 org.eclipse.debug.core 4 5012 2026-07-28 11:20:40.621
!MESSAGE 读取启动配置文件 F:\code\vibe_project\rollerball\M33\libraries\components\mtb-device-support-pse8xxgp\make\make\recipe\interface_version_3\Proj\FTDI\single\internal\&&_MTB_RECIPE__PRJ_NAME&& Erase Device (FTDI).launch 时发生了 org.xml.sax.SAXParseException; lineNumber: 11; columnNumber: 83; 在实体引用中, 实体名称必须紧跟在 '&' 后面。。
!STACK 0
org.xml.sax.SAXParseException; lineNumber: 11; columnNumber: 83; 在实体引用中, 实体名称必须紧跟在 '&' 后面。
	at com.sun.org.apache.xerces.internal.util.ErrorHandlerWrapper.createSAXParseException(ErrorHandlerWrapper.java:203)
	at com.sun.org.apache.xerces.internal.util.ErrorHandlerWrapper.fatalError(ErrorHandlerWrapper.java:177)
	at com.sun.org.apache.xerces.internal.impl.XMLErrorReporter.reportError(XMLErrorReporter.java:400)
	at com.sun.org.apache.xerces.internal.impl.XMLErrorReporter.reportError(XMLErrorReporter.java:327)
	at com.sun.org.apache.xerces.internal.impl.XMLScanner.reportFatalError(XMLScanner.java:1472)
	at com.sun.org.apache.xerces.internal.impl.XMLScanner.scanAttributeValue(XMLScanner.java:908)
	at com.sun.org.apache.xerces.internal.impl.XMLDocumentFragmentScannerImpl.scanAttribute(XMLDocumentFragmentScannerImpl.java:1548)
	at com.sun.org.apache.xerces.internal.impl.XMLDocumentFragmentScannerImpl.scanStartElement(XMLDocumentFragmentScannerImpl.java:1315)
	at com.sun.org.apache.xerces.internal.impl.XMLDocumentFragmentScannerImpl$FragmentContentDriver.next(XMLDocumentFragmentScannerImpl.java:2784)
	at com.sun.org.apache.xerces.internal.impl.XMLDocumentScannerImpl.next(XMLDocumentScannerImpl.java:602)
	at com.sun.org.apache.xerces.internal.impl.XMLDocumentFragmentScannerImpl.scanDocument(XMLDocumentFragmentScannerImpl.java:505)
	at com.sun.org.apache.xerces.internal.parsers.XML11Configuration.parse(XML11Configuration.java:841)
	at com.sun.org.apache.xerces.internal.parsers.XML11Configuration.parse(XML11Configuration.java:770)
	at com.sun.org.apache.xerces.internal.parsers.XMLParser.parse(XMLParser.java:141)
	at com.sun.org.apache.xerces.internal.parsers.DOMParser.parse(DOMParser.java:243)
	at com.sun.org.apache.xerces.internal.jaxp.DocumentBuilderImpl.parse(DocumentBuilderImpl.java:339)
	at org.eclipse.debug.internal.core.LaunchManager.createInfoFromXML(LaunchManager.java:935)
	at org.eclipse.debug.internal.core.LaunchManager.getInfo(LaunchManager.java:1359)
	at org.eclipse.debug.internal.core.LaunchConfiguration.getInfo(LaunchConfiguration.java:490)
	at org.eclipse.debug.internal.core.LaunchConfiguration.getType(LaunchConfiguration.java:645)
	at org.eclipse.debug.internal.core.LaunchManager.isValid(LaunchManager.java:2091)
	at org.eclipse.debug.internal.core.LaunchManager.verifyConfigurations(LaunchManager.java:2462)
	at org.eclipse.debug.internal.core.LaunchManager.getAllLaunchConfigurations(LaunchManager.java:1140)
	at org.eclipse.debug.internal.core.LaunchManager.getLaunchConfigurations(LaunchManager.java:1444)
	at org.eclipse.debug.internal.core.LaunchManager.getLaunchConfigurations(LaunchManager.java:1439)
	at org.eclipse.launchbar.core.internal.LaunchBarManager.init(LaunchBarManager.java:130)
	at org.eclipse.launchbar.core.internal.LaunchBarManager$1.run(LaunchBarManager.java:96)
	at org.eclipse.core.internal.jobs.Worker.run(Worker.java:63)

!ENTRY org.eclipse.debug.core 4 125 2026-07-28 11:20:40.624
!MESSAGE 调试核心所记录的错误：
!STACK 1
org.eclipse.debug.core.DebugException: 读取启动配置文件 F:\code\vibe_project\rollerball\M33\libraries\components\mtb-device-support-pse8xxgp\make\make\recipe\interface_version_3\Proj\JLink\any\&&_MTB_RECIPE__PRJ_NAME&& Program (JLink).launch 时发生了 org.xml.sax.SAXParseException; lineNumber: 10; columnNumber: 83; 在实体引用中, 实体名称必须紧跟在 '&' 后面。。
	at org.eclipse.debug.internal.core.LaunchManager.createDebugException(LaunchManager.java:886)
	at org.eclipse.debug.internal.core.LaunchManager.throwException(LaunchManager.java:2448)
	at org.eclipse.debug.internal.core.LaunchManager.getInfo(LaunchManager.java:1366)
	at org.eclipse.debug.internal.core.LaunchConfiguration.getInfo(LaunchConfiguration.java:490)
	at org.eclipse.debug.internal.core.LaunchConfiguration.getType(LaunchConfiguration.java:645)
	at org.eclipse.debug.internal.core.LaunchManager.isValid(LaunchManager.java:2091)
	at org.eclipse.debug.internal.core.LaunchManager.verifyConfigurations(LaunchManager.java:2462)
	at org.eclipse.debug.internal.core.LaunchManager.getAllLaunchConfigurations(LaunchManager.java:1140)
	at org.eclipse.debug.internal.core.LaunchManager.getLaunchConfigurations(LaunchManager.java:1444)
	at org.eclipse.debug.internal.core.LaunchManager.getLaunchConfigurations(LaunchManager.java:1439)
	at org.eclipse.launchbar.core.internal.LaunchBarManager.init(LaunchBarManager.java:130)
	at org.eclipse.launchbar.core.internal.LaunchBarManager$1.run(LaunchBarManager.java:96)
	at org.eclipse.core.internal.jobs.Worker.run(Worker.java:63)
Caused by: org.xml.sax.SAXParseException; lineNumber: 10; columnNumber: 83; 在实体引用中, 实体名称必须紧跟在 '&' 后面。
	at com.sun.org.apache.xerces.internal.util.ErrorHandlerWrapper.createSAXParseException(ErrorHandlerWrapper.java:203)
	at com.sun.org.apache.xerces.internal.util.ErrorHandlerWrapper.fatalError(ErrorHandlerWrapper.java:177)
	at com.sun.org.apache.xerces.internal.impl.XMLErrorReporter.reportError(XMLErrorReporter.java:400)
	at com.sun.org.apache.xerces.internal.impl.XMLErrorReporter.reportError(XMLErrorReporter.java:327)
	at com.sun.org.apache.xerces.internal.impl.XMLScanner.reportFatalError(XMLScanner.java:1472)
	at com.sun.org.apache.xerces.internal.impl.XMLScanner.scanAttributeValue(XMLScanner.java:908)
	at com.sun.org.apache.xerces.internal.impl.XMLDocumentFragmentScannerImpl.scanAttribute(XMLDocumentFragmentScannerImpl.java:1548)
	at com.sun.org.apache.xerces.internal.impl.XMLDocumentFragmentScannerImpl.scanStartElement(XMLDocumentFragmentScannerImpl.java:1315)
	at com.sun.org.apache.xerces.internal.impl.XMLDocumentFragmentScannerImpl$FragmentContentDriver.next(XMLDocumentFragmentScannerImpl.java:2784)
	at com.sun.org.apache.xerces.internal.impl.XMLDocumentScannerImpl.next(XMLDocumentScannerImpl.java:602)
	at com.sun.org.apache.xerces.internal.impl.XMLDocumentFragmentScannerImpl.scanDocument(XMLDocumentFragmentScannerImpl.java:505)
	at com.sun.org.apache.xerces.internal.parsers.XML11Configuration.parse(XML11Configuration.java:841)
	at com.sun.org.apache.xerces.internal.parsers.XML11Configuration.parse(XML11Configuration.java:770)
	at com.sun.org.apache.xerces.internal.parsers.XMLParser.parse(XMLParser.java:141)
	at com.sun.org.apache.xerces.internal.parsers.DOMParser.parse(DOMParser.java:243)
	at com.sun.org.apache.xerces.internal.jaxp.DocumentBuilderImpl.parse(DocumentBuilderImpl.java:339)
	at org.eclipse.debug.internal.core.LaunchManager.createInfoFromXML(LaunchManager.java:935)
	at org.eclipse.debug.internal.core.LaunchManager.getInfo(LaunchManager.java:1359)
	... 10 more
!SUBENTRY 1 org.eclipse.debug.core 4 5012 2026-07-28 11:20:40.624
!MESSAGE 读取启动配置文件 F:\code\vibe_project\rollerball\M33\libraries\components\mtb-device-support-pse8xxgp\make\make\recipe\interface_version_3\Proj\JLink\any\&&_MTB_RECIPE__PRJ_NAME&& Program (JLink).launch 时发生了 org.xml.sax.SAXParseException; lineNumber: 10; columnNumber: 83; 在实体引用中, 实体名称必须紧跟在 '&' 后面。。
!STACK 0
org.xml.sax.SAXParseException; lineNumber: 10; columnNumber: 83; 在实体引用中, 实体名称必须紧跟在 '&' 后面。
	at com.sun.org.apache.xerces.internal.util.ErrorHandlerWrapper.createSAXParseException(ErrorHandlerWrapper.java:203)
	at com.sun.org.apache.xerces.internal.util.ErrorHandlerWrapper.fatalError(ErrorHandlerWrapper.java:177)
	at com.sun.org.apache.xerces.internal.impl.XMLErrorReporter.reportError(XMLErrorReporter.java:400)
	at com.sun.org.apache.xerces.internal.impl.XMLErrorReporter.reportError(XMLErrorReporter.java:327)
	at com.sun.org.apache.xerces.internal.impl.XMLScanner.reportFatalError(XMLScanner.java:1472)
	at com.sun.org.apache.xerces.internal.impl.XMLScanner.scanAttributeValue(XMLScanner.java:908)
	at com.sun.org.apache.xerces.internal.impl.XMLDocumentFragmentScannerImpl.scanAttribute(XMLDocumentFragmentScannerImpl.java:1548)
	at com.sun.org.apache.xerces.internal.impl.XMLDocumentFragmentScannerImpl.scanStartElement(XMLDocumentFragmentScannerImpl.java:1315)
	at com.sun.org.apache.xerces.internal.impl.XMLDocumentFragmentScannerImpl$FragmentContentDriver.next(XMLDocumentFragmentScannerImpl.java:2784)
	at com.sun.org.apache.xerces.internal.impl.XMLDocumentScannerImpl.next(XMLDocumentScannerImpl.java:602)
	at com.sun.org.apache.xerces.internal.impl.XMLDocumentFragmentScannerImpl.scanDocument(XMLDocumentFragmentScannerImpl.java:505)
	at com.sun.org.apache.xerces.internal.parsers.XML11Configuration.parse(XML11Configuration.java:841)
	at com.sun.org.apache.xerces.internal.parsers.XML11Configuration.parse(XML11Configuration.java:770)
	at com.sun.org.apache.xerces.internal.parsers.XMLParser.parse(XMLParser.java:141)
	at com.sun.org.apache.xerces.internal.parsers.DOMParser.parse(DOMParser.java:243)
	at com.sun.org.apache.xerces.internal.jaxp.DocumentBuilderImpl.parse(DocumentBuilderImpl.java:339)
	at org.eclipse.debug.internal.core.LaunchManager.createInfoFromXML(LaunchManager.java:935)
	at org.eclipse.debug.internal.core.LaunchManager.getInfo(LaunchManager.java:1359)
	at org.eclipse.debug.internal.core.LaunchConfiguration.getInfo(LaunchConfiguration.java:490)
	at org.eclipse.debug.internal.core.LaunchConfiguration.getType(LaunchConfiguration.java:645)
	at org.eclipse.debug.internal.core.LaunchManager.isValid(LaunchManager.java:2091)
	at org.eclipse.debug.internal.core.LaunchManager.verifyConfigurations(LaunchManager.java:2462)
	at org.eclipse.debug.internal.core.LaunchManager.getAllLaunchConfigurations(LaunchManager.java:1140)
	at org.eclipse.debug.internal.core.LaunchManager.getLaunchConfigurations(LaunchManager.java:1444)
	at org.eclipse.debug.internal.core.LaunchManager.getLaunchConfigurations(LaunchManager.java:1439)
	at org.eclipse.launchbar.core.internal.LaunchBarManager.init(LaunchBarManager.java:130)
	at org.eclipse.launchbar.core.internal.LaunchBarManager$1.run(LaunchBarManager.java:96)
	at org.eclipse.core.internal.jobs.Worker.run(Worker.java:63)

!ENTRY org.eclipse.debug.core 4 125 2026-07-28 11:20:40.625
!MESSAGE 调试核心所记录的错误：
!STACK 1
org.eclipse.debug.core.DebugException: 读取启动配置文件 F:\code\vibe_project\rollerball\M33\libraries\components\mtb-device-support-pse8xxgp\make\make\recipe\interface_version_3\Proj\JLink\combine_sign\Program.launch 时发生了 org.xml.sax.SAXParseException; lineNumber: 10; columnNumber: 83; 在实体引用中, 实体名称必须紧跟在 '&' 后面。。
	at org.eclipse.debug.internal.core.LaunchManager.createDebugException(LaunchManager.java:886)
	at org.eclipse.debug.internal.core.LaunchManager.throwException(LaunchManager.java:2448)
	at org.eclipse.debug.internal.core.LaunchManager.getInfo(LaunchManager.java:1366)
	at org.eclipse.debug.internal.core.LaunchConfiguration.getInfo(LaunchConfiguration.java:490)
	at org.eclipse.debug.internal.core.LaunchConfiguration.getType(LaunchConfiguration.java:645)
	at org.eclipse.debug.internal.core.LaunchManager.isValid(LaunchManager.java:2091)
	at org.eclipse.debug.internal.core.LaunchManager.verifyConfigurations(LaunchManager.java:2462)
	at org.eclipse.debug.internal.core.LaunchManager.getAllLaunchConfigurations(LaunchManager.java:1140)
	at org.eclipse.debug.internal.core.LaunchManager.getLaunchConfigurations(LaunchManager.java:1444)
	at org.eclipse.debug.internal.core.LaunchManager.getLaunchConfigurations(LaunchManager.java:1439)
	at org.eclipse.launchbar.core.internal.LaunchBarManager.init(LaunchBarManager.java:130)
	at org.eclipse.launchbar.core.internal.LaunchBarManager$1.run(LaunchBarManager.java:96)
	at org.eclipse.core.internal.jobs.Worker.run(Worker.java:63)
Caused by: org.xml.sax.SAXParseException; lineNumber: 10; columnNumber: 83; 在实体引用中, 实体名称必须紧跟在 '&' 后面。
	at com.sun.org.apache.xerces.internal.util.ErrorHandlerWrapper.createSAXParseException(ErrorHandlerWrapper.java:203)
	at com.sun.org.apache.xerces.internal.util.ErrorHandlerWrapper.fatalError(ErrorHandlerWrapper.java:177)
	at com.sun.org.apache.xerces.internal.impl.XMLErrorReporter.reportError(XMLErrorReporter.java:400)
	at com.sun.org.apache.xerces.internal.impl.XMLErrorReporter.reportError(XMLErrorReporter.java:327)
	at com.sun.org.apache.xerces.internal.impl.XMLScanner.reportFatalError(XMLScanner.java:1472)
	at com.sun.org.apache.xerces.internal.impl.XMLScanner.scanAttributeValue(XMLScanner.java:908)
	at com.sun.org.apache.xerces.internal.impl.XMLDocumentFragmentScannerImpl.scanAttribute(XMLDocumentFragmentScannerImpl.java:1548)
	at com.sun.org.apache.xerces.internal.impl.XMLDocumentFragmentScannerImpl.scanStartElement(XMLDocumentFragmentScannerImpl.java:1315)
	at com.sun.org.apache.xerces.internal.impl.XMLDocumentFragmentScannerImpl$FragmentContentDriver.next(XMLDocumentFragmentScannerImpl.java:2784)
	at com.sun.org.apache.xerces.internal.impl.XMLDocumentScannerImpl.next(XMLDocumentScannerImpl.java:602)
	at com.sun.org.apache.xerces.internal.impl.XMLDocumentFragmentScannerImpl.scanDocument(XMLDocumentFragmentScannerImpl.java:505)
	at com.sun.org.apache.xerces.internal.parsers.XML11Configuration.parse(XML11Configuration.java:841)
	at com.sun.org.apache.xerces.internal.parsers.XML11Configuration.parse(XML11Configuration.java:770)
	at com.sun.org.apache.xerces.internal.parsers.XMLParser.parse(XMLParser.java:141)
	at com.sun.org.apache.xerces.internal.parsers.DOMParser.parse(DOMParser.java:243)
	at com.sun.org.apache.xerces.internal.jaxp.DocumentBuilderImpl.parse(DocumentBuilderImpl.java:339)
	at org.eclipse.debug.internal.core.LaunchManager.createInfoFromXML(LaunchManager.java:935)
	at org.eclipse.debug.internal.core.LaunchManager.getInfo(LaunchManager.java:1359)
	... 10 more
!SUBENTRY 1 org.eclipse.debug.core 4 5012 2026-07-28 11:20:40.625
!MESSAGE 读取启动配置文件 F:\code\vibe_project\rollerball\M33\libraries\components\mtb-device-support-pse8xxgp\make\make\recipe\interface_version_3\Proj\JLink\combine_sign\Program.launch 时发生了 org.xml.sax.SAXParseException; lineNumber: 10; columnNumber: 83; 在实体引用中, 实体名称必须紧跟在 '&' 后面。。
!STACK 0
org.xml.sax.SAXParseException; lineNumber: 10; columnNumber: 83; 在实体引用中, 实体名称必须紧跟在 '&' 后面。
	at com.sun.org.apache.xerces.internal.util.ErrorHandlerWrapper.createSAXParseException(ErrorHandlerWrapper.java:203)
	at com.sun.org.apache.xerces.internal.util.ErrorHandlerWrapper.fatalError(ErrorHandlerWrapper.java:177)
	at com.sun.org.apache.xerces.internal.impl.XMLErrorReporter.reportError(XMLErrorReporter.java:400)
	at com.sun.org.apache.xerces.internal.impl.XMLErrorReporter.reportError(XMLErrorReporter.java:327)
	at com.sun.org.apache.xerces.internal.impl.XMLScanner.reportFatalError(XMLScanner.java:1472)
	at com.sun.org.apache.xerces.internal.impl.XMLScanner.scanAttributeValue(XMLScanner.java:908)
	at com.sun.org.apache.xerces.internal.impl.XMLDocumentFragmentScannerImpl.scanAttribute(XMLDocumentFragmentScannerImpl.java:1548)
	at com.sun.org.apache.xerces.internal.impl.XMLDocumentFragmentScannerImpl.scanStartElement(XMLDocumentFragmentScannerImpl.java:1315)
	at com.sun.org.apache.xerces.internal.impl.XMLDocumentFragmentScannerImpl$FragmentContentDriver.next(XMLDocumentFragmentScannerImpl.java:2784)
	at com.sun.org.apache.xerces.internal.impl.XMLDocumentScannerImpl.next(XMLDocumentScannerImpl.java:602)
	at com.sun.org.apache.xerces.internal.impl.XMLDocumentFragmentScannerImpl.scanDocument(XMLDocumentFragmentScannerImpl.java:505)
	at com.sun.org.apache.xerces.internal.parsers.XML11Configuration.parse(XML11Configuration.java:841)
	at com.sun.org.apache.xerces.internal.parsers.XML11Configuration.parse(XML11Configuration.java:770)
	at com.sun.org.apache.xerces.internal.parsers.XMLParser.parse(XMLParser.java:141)
	at com.sun.org.apache.xerces.internal.parsers.DOMParser.parse(DOMParser.java:243)
	at com.sun.org.apache.xerces.internal.jaxp.DocumentBuilderImpl.parse(DocumentBuilderImpl.java:339)
	at org.eclipse.debug.internal.core.LaunchManager.createInfoFromXML(LaunchManager.java:935)
	at org.eclipse.debug.internal.core.LaunchManager.getInfo(LaunchManager.java:1359)
	at org.eclipse.debug.internal.core.LaunchConfiguration.getInfo(LaunchConfiguration.java:490)
	at org.eclipse.debug.internal.core.LaunchConfiguration.getType(LaunchConfiguration.java:645)
	at org.eclipse.debug.internal.core.LaunchManager.isValid(LaunchManager.java:2091)
	at org.eclipse.debug.internal.core.LaunchManager.verifyConfigurations(LaunchManager.java:2462)
	at org.eclipse.debug.internal.core.LaunchManager.getAllLaunchConfigurations(LaunchManager.java:1140)
	at org.eclipse.debug.internal.core.LaunchManager.getLaunchConfigurations(LaunchManager.java:1444)
	at org.eclipse.debug.internal.core.LaunchManager.getLaunchConfigurations(LaunchManager.java:1439)
	at org.eclipse.launchbar.core.internal.LaunchBarManager.init(LaunchBarManager.java:130)
	at org.eclipse.launchbar.core.internal.LaunchBarManager$1.run(LaunchBarManager.java:96)
	at org.eclipse.core.internal.jobs.Worker.run(Worker.java:63)

!ENTRY org.eclipse.debug.core 4 125 2026-07-28 11:20:40.625
!MESSAGE 调试核心所记录的错误：
!STACK 1
org.eclipse.debug.core.DebugException: 读取启动配置文件 F:\code\vibe_project\rollerball\M33\libraries\components\mtb-device-support-pse8xxgp\make\make\recipe\interface_version_3\Proj\JLink\single\external\&&_MTB_RECIPE__PRJ_NAME&& Erase All (JLink).launch 时发生了 org.xml.sax.SAXParseException; lineNumber: 11; columnNumber: 83; 在实体引用中, 实体名称必须紧跟在 '&' 后面。。
	at org.eclipse.debug.internal.core.LaunchManager.createDebugException(LaunchManager.java:886)
	at org.eclipse.debug.internal.core.LaunchManager.throwException(LaunchManager.java:2448)
	at org.eclipse.debug.internal.core.LaunchManager.getInfo(LaunchManager.java:1366)
	at org.eclipse.debug.internal.core.LaunchConfiguration.getInfo(LaunchConfiguration.java:490)
	at org.eclipse.debug.internal.core.LaunchConfiguration.getType(LaunchConfiguration.java:645)
	at org.eclipse.debug.internal.core.LaunchManager.isValid(LaunchManager.java:2091)
	at org.eclipse.debug.internal.core.LaunchManager.verifyConfigurations(LaunchManager.java:2462)
	at org.eclipse.debug.internal.core.LaunchManager.getAllLaunchConfigurations(LaunchManager.java:1140)
	at org.eclipse.debug.internal.core.LaunchManager.getLaunchConfigurations(LaunchManager.java:1444)
	at org.eclipse.debug.internal.core.LaunchManager.getLaunchConfigurations(LaunchManager.java:1439)
	at org.eclipse.launchbar.core.internal.LaunchBarManager.init(LaunchBarManager.java:130)
	at org.eclipse.launchbar.core.internal.LaunchBarManager$1.run(LaunchBarManager.java:96)
	at org.eclipse.core.internal.jobs.Worker.run(Worker.java:63)
Caused by: org.xml.sax.SAXParseException; lineNumber: 11; columnNumber: 83; 在实体引用中, 实体名称必须紧跟在 '&' 后面。
	at com.sun.org.apache.xerces.internal.util.ErrorHandlerWrapper.createSAXParseException(ErrorHandlerWrapper.java:203)
	at com.sun.org.apache.xerces.internal.util.ErrorHandlerWrapper.fatalError(ErrorHandlerWrapper.java:177)
	at com.sun.org.apache.xerces.internal.impl.XMLErrorReporter.reportError(XMLErrorReporter.java:400)
	at com.sun.org.apache.xerces.internal.impl.XMLErrorReporter.reportError(XMLErrorReporter.java:327)
	at com.sun.org.apache.xerces.internal.impl.XMLScanner.reportFatalError(XMLScanner.java:1472)
	at com.sun.org.apache.xerces.internal.impl.XMLScanner.scanAttributeValue(XMLScanner.java:908)
	at com.sun.org.apache.xerces.internal.impl.XMLDocumentFragmentScannerImpl.scanAttribute(XMLDocumentFragmentScannerImpl.java:1548)
	at com.sun.org.apache.xerces.internal.impl.XMLDocumentFragmentScannerImpl.scanStartElement(XMLDocumentFragmentScannerImpl.java:1315)
	at com.sun.org.apache.xerces.internal.impl.XMLDocumentFragmentScannerImpl$FragmentContentDriver.next(XMLDocumentFragmentScannerImpl.java:2784)
	at com.sun.org.apache.xerces.internal.impl.XMLDocumentScannerImpl.next(XMLDocumentScannerImpl.java:602)
	at com.sun.org.apache.xerces.internal.impl.XMLDocumentFragmentScannerImpl.scanDocument(XMLDocumentFragmentScannerImpl.java:505)
	at com.sun.org.apache.xerces.internal.parsers.XML11Configuration.parse(XML11Configuration.java:841)
	at com.sun.org.apache.xerces.internal.parsers.XML11Configuration.parse(XML11Configuration.java:770)
	at com.sun.org.apache.xerces.internal.parsers.XMLParser.parse(XMLParser.java:141)
	at com.sun.org.apache.xerces.internal.parsers.DOMParser.parse(DOMParser.java:243)
	at com.sun.org.apache.xerces.internal.jaxp.DocumentBuilderImpl.parse(DocumentBuilderImpl.java:339)
	at org.eclipse.debug.internal.core.LaunchManager.createInfoFromXML(LaunchManager.java:935)
	at org.eclipse.debug.internal.core.LaunchManager.getInfo(LaunchManager.java:1359)
	... 10 more
!SUBENTRY 1 org.eclipse.debug.core 4 5012 2026-07-28 11:20:40.625
!MESSAGE 读取启动配置文件 F:\code\vibe_project\rollerball\M33\libraries\components\mtb-device-support-pse8xxgp\make\make\recipe\interface_version_3\Proj\JLink\single\external\&&_MTB_RECIPE__PRJ_NAME&& Erase All (JLink).launch 时发生了 org.xml.sax.SAXParseException; lineNumber: 11; columnNumber: 83; 在实体引用中, 实体名称必须紧跟在 '&' 后面。。
!STACK 0
org.xml.sax.SAXParseException; lineNumber: 11; columnNumber: 83; 在实体引用中, 实体名称必须紧跟在 '&' 后面。
	at com.sun.org.apache.xerces.internal.util.ErrorHandlerWrapper.createSAXParseException(ErrorHandlerWrapper.java:203)
	at com.sun.org.apache.xerces.internal.util.ErrorHandlerWrapper.fatalError(ErrorHandlerWrapper.java:177)
	at com.sun.org.apache.xerces.internal.impl.XMLErrorReporter.reportError(XMLErrorReporter.java:400)
	at com.sun.org.apache.xerces.internal.impl.XMLErrorReporter.reportError(XMLErrorReporter.java:327)
	at com.sun.org.apache.xerces.internal.impl.XMLScanner.reportFatalError(XMLScanner.java:1472)
	at com.sun.org.apache.xerces.internal.impl.XMLScanner.scanAttributeValue(XMLScanner.java:908)
	at com.sun.org.apache.xerces.internal.impl.XMLDocumentFragmentScannerImpl.scanAttribute(XMLDocumentFragmentScannerImpl.java:1548)
	at com.sun.org.apache.xerces.internal.impl.XMLDocumentFragmentScannerImpl.scanStartElement(XMLDocumentFragmentScannerImpl.java:1315)
	at com.sun.org.apache.xerces.internal.impl.XMLDocumentFragmentScannerImpl$FragmentContentDriver.next(XMLDocumentFragmentScannerImpl.java:2784)
	at com.sun.org.apache.xerces.internal.impl.XMLDocumentScannerImpl.next(XMLDocumentScannerImpl.java:602)
	at com.sun.org.apache.xerces.internal.impl.XMLDocumentFragmentScannerImpl.scanDocument(XMLDocumentFragmentScannerImpl.java:505)
	at com.sun.org.apache.xerces.internal.parsers.XML11Configuration.parse(XML11Configuration.java:841)
	at com.sun.org.apache.xerces.internal.parsers.XML11Configuration.parse(XML11Configuration.java:770)
	at com.sun.org.apache.xerces.internal.parsers.XMLParser.parse(XMLParser.java:141)
	at com.sun.org.apache.xerces.internal.parsers.DOMParser.parse(DOMParser.java:243)
	at com.sun.org.apache.xerces.internal.jaxp.DocumentBuilderImpl.parse(DocumentBuilderImpl.java:339)
	at org.eclipse.debug.internal.core.LaunchManager.createInfoFromXML(LaunchManager.java:935)
	at org.eclipse.debug.internal.core.LaunchManager.getInfo(LaunchManager.java:1359)
	at org.eclipse.debug.internal.core.LaunchConfiguration.getInfo(LaunchConfiguration.java:490)
	at org.eclipse.debug.internal.core.LaunchConfiguration.getType(LaunchConfiguration.java:645)
	at org.eclipse.debug.internal.core.LaunchManager.isValid(LaunchManager.java:2091)
	at org.eclipse.debug.internal.core.LaunchManager.verifyConfigurations(LaunchManager.java:2462)
	at org.eclipse.debug.internal.core.LaunchManager.getAllLaunchConfigurations(LaunchManager.java:1140)
	at org.eclipse.debug.internal.core.LaunchManager.getLaunchConfigurations(LaunchManager.java:1444)
	at org.eclipse.debug.internal.core.LaunchManager.getLaunchConfigurations(LaunchManager.java:1439)
	at org.eclipse.launchbar.core.internal.LaunchBarManager.init(LaunchBarManager.java:130)
	at org.eclipse.launchbar.core.internal.LaunchBarManager$1.run(LaunchBarManager.java:96)
	at org.eclipse.core.internal.jobs.Worker.run(Worker.java:63)

!ENTRY org.eclipse.debug.core 4 125 2026-07-28 11:20:40.629
!MESSAGE 调试核心所记录的错误：
!STACK 1
org.eclipse.debug.core.DebugException: 读取启动配置文件 F:\code\vibe_project\rollerball\M33\libraries\components\mtb-device-support-pse8xxgp\make\make\recipe\interface_version_3\Proj\JLink\single\internal\&&_MTB_RECIPE__PRJ_NAME&& Erase Device (JLink).launch 时发生了 org.xml.sax.SAXParseException; lineNumber: 11; columnNumber: 83; 在实体引用中, 实体名称必须紧跟在 '&' 后面。。
	at org.eclipse.debug.internal.core.LaunchManager.createDebugException(LaunchManager.java:886)
	at org.eclipse.debug.internal.core.LaunchManager.throwException(LaunchManager.java:2448)
	at org.eclipse.debug.internal.core.LaunchManager.getInfo(LaunchManager.java:1366)
	at org.eclipse.debug.internal.core.LaunchConfiguration.getInfo(LaunchConfiguration.java:490)
	at org.eclipse.debug.internal.core.LaunchConfiguration.getType(LaunchConfiguration.java:645)
	at org.eclipse.debug.internal.core.LaunchManager.isValid(LaunchManager.java:2091)
	at org.eclipse.debug.internal.core.LaunchManager.verifyConfigurations(LaunchManager.java:2462)
	at org.eclipse.debug.internal.core.LaunchManager.getAllLaunchConfigurations(LaunchManager.java:1140)
	at org.eclipse.debug.internal.core.LaunchManager.getLaunchConfigurations(LaunchManager.java:1444)
	at org.eclipse.debug.internal.core.LaunchManager.getLaunchConfigurations(LaunchManager.java:1439)
	at org.eclipse.launchbar.core.internal.LaunchBarManager.init(LaunchBarManager.java:130)
	at org.eclipse.launchbar.core.internal.LaunchBarManager$1.run(LaunchBarManager.java:96)
	at org.eclipse.core.internal.jobs.Worker.run(Worker.java:63)
Caused by: org.xml.sax.SAXParseException; lineNumber: 11; columnNumber: 83; 在实体引用中, 实体名称必须紧跟在 '&' 后面。
	at com.sun.org.apache.xerces.internal.util.ErrorHandlerWrapper.createSAXParseException(ErrorHandlerWrapper.java:203)
	at com.sun.org.apache.xerces.internal.util.ErrorHandlerWrapper.fatalError(ErrorHandlerWrapper.java:177)
	at com.sun.org.apache.xerces.internal.impl.XMLErrorReporter.reportError(XMLErrorReporter.java:400)
	at com.sun.org.apache.xerces.internal.impl.XMLErrorReporter.reportError(XMLErrorReporter.java:327)
	at com.sun.org.apache.xerces.internal.impl.XMLScanner.reportFatalError(XMLScanner.java:1472)
	at com.sun.org.apache.xerces.internal.impl.XMLScanner.scanAttributeValue(XMLScanner.java:908)
	at com.sun.org.apache.xerces.internal.impl.XMLDocumentFragmentScannerImpl.scanAttribute(XMLDocumentFragmentScannerImpl.java:1548)
	at com.sun.org.apache.xerces.internal.impl.XMLDocumentFragmentScannerImpl.scanStartElement(XMLDocumentFragmentScannerImpl.java:1315)
	at com.sun.org.apache.xerces.internal.impl.XMLDocumentFragmentScannerImpl$FragmentContentDriver.next(XMLDocumentFragmentScannerImpl.java:2784)
	at com.sun.org.apache.xerces.internal.impl.XMLDocumentScannerImpl.next(XMLDocumentScannerImpl.java:602)
	at com.sun.org.apache.xerces.internal.impl.XMLDocumentFragmentScannerImpl.scanDocument(XMLDocumentFragmentScannerImpl.java:505)
	at com.sun.org.apache.xerces.internal.parsers.XML11Configuration.parse(XML11Configuration.java:841)
	at com.sun.org.apache.xerces.internal.parsers.XML11Configuration.parse(XML11Configuration.java:770)
	at com.sun.org.apache.xerces.internal.parsers.XMLParser.parse(XMLParser.java:141)
	at com.sun.org.apache.xerces.internal.parsers.DOMParser.parse(DOMParser.java:243)
	at com.sun.org.apache.xerces.internal.jaxp.DocumentBuilderImpl.parse(DocumentBuilderImpl.java:339)
	at org.eclipse.debug.internal.core.LaunchManager.createInfoFromXML(LaunchManager.java:935)
	at org.eclipse.debug.internal.core.LaunchManager.getInfo(LaunchManager.java:1359)
	... 10 more
!SUBENTRY 1 org.eclipse.debug.core 4 5012 2026-07-28 11:20:40.629
!MESSAGE 读取启动配置文件 F:\code\vibe_project\rollerball\M33\libraries\components\mtb-device-support-pse8xxgp\make\make\recipe\interface_version_3\Proj\JLink\single\internal\&&_MTB_RECIPE__PRJ_NAME&& Erase Device (JLink).launch 时发生了 org.xml.sax.SAXParseException; lineNumber: 11; columnNumber: 83; 在实体引用中, 实体名称必须紧跟在 '&' 后面。。
!STACK 0
org.xml.sax.SAXParseException; lineNumber: 11; columnNumber: 83; 在实体引用中, 实体名称必须紧跟在 '&' 后面。
	at com.sun.org.apache.xerces.internal.util.ErrorHandlerWrapper.createSAXParseException(ErrorHandlerWrapper.java:203)
	at com.sun.org.apache.xerces.internal.util.ErrorHandlerWrapper.fatalError(ErrorHandlerWrapper.java:177)
	at com.sun.org.apache.xerces.internal.impl.XMLErrorReporter.reportError(XMLErrorReporter.java:400)
	at com.sun.org.apache.xerces.internal.impl.XMLErrorReporter.reportError(XMLErrorReporter.java:327)
	at com.sun.org.apache.xerces.internal.impl.XMLScanner.reportFatalError(XMLScanner.java:1472)
	at com.sun.org.apache.xerces.internal.impl.XMLScanner.scanAttributeValue(XMLScanner.java:908)
	at com.sun.org.apache.xerces.internal.impl.XMLDocumentFragmentScannerImpl.scanAttribute(XMLDocumentFragmentScannerImpl.java:1548)
	at com.sun.org.apache.xerces.internal.impl.XMLDocumentFragmentScannerImpl.scanStartElement(XMLDocumentFragmentScannerImpl.java:1315)
	at com.sun.org.apache.xerces.internal.impl.XMLDocumentFragmentScannerImpl$FragmentContentDriver.next(XMLDocumentFragmentScannerImpl.java:2784)
	at com.sun.org.apache.xerces.internal.impl.XMLDocumentScannerImpl.next(XMLDocumentScannerImpl.java:602)
	at com.sun.org.apache.xerces.internal.impl.XMLDocumentFragmentScannerImpl.scanDocument(XMLDocumentFragmentScannerImpl.java:505)
	at com.sun.org.apache.xerces.internal.parsers.XML11Configuration.parse(XML11Configuration.java:841)
	at com.sun.org.apache.xerces.internal.parsers.XML11Configuration.parse(XML11Configuration.java:770)
	at com.sun.org.apache.xerces.internal.parsers.XMLParser.parse(XMLParser.java:141)
	at com.sun.org.apache.xerces.internal.parsers.DOMParser.parse(DOMParser.java:243)
	at com.sun.org.apache.xerces.internal.jaxp.DocumentBuilderImpl.parse(DocumentBuilderImpl.java:339)
	at org.eclipse.debug.internal.core.LaunchManager.createInfoFromXML(LaunchManager.java:935)
	at org.eclipse.debug.internal.core.LaunchManager.getInfo(LaunchManager.java:1359)
	at org.eclipse.debug.internal.core.LaunchConfiguration.getInfo(LaunchConfiguration.java:490)
	at org.eclipse.debug.internal.core.LaunchConfiguration.getType(LaunchConfiguration.java:645)
	at org.eclipse.debug.internal.core.LaunchManager.isValid(LaunchManager.java:2091)
	at org.eclipse.debug.internal.core.LaunchManager.verifyConfigurations(LaunchManager.java:2462)
	at org.eclipse.debug.internal.core.LaunchManager.getAllLaunchConfigurations(LaunchManager.java:1140)
	at org.eclipse.debug.internal.core.LaunchManager.getLaunchConfigurations(LaunchManager.java:1444)
	at org.eclipse.debug.internal.core.LaunchManager.getLaunchConfigurations(LaunchManager.java:1439)
	at org.eclipse.launchbar.core.internal.LaunchBarManager.init(LaunchBarManager.java:130)
	at org.eclipse.launchbar.core.internal.LaunchBarManager$1.run(LaunchBarManager.java:96)
	at org.eclipse.core.internal.jobs.Worker.run(Worker.java:63)

!ENTRY org.eclipse.debug.core 4 125 2026-07-28 11:20:40.629
!MESSAGE 调试核心所记录的错误：
!STACK 1
org.eclipse.debug.core.DebugException: 读取启动配置文件 F:\code\vibe_project\rollerball\M33\libraries\components\mtb-device-support-pse8xxgp\make\make\recipe\interface_version_3\Proj\KitProg3\any\&&_MTB_RECIPE__PRJ_NAME&& Program (KitProg3_MiniProg4).launch 时发生了 org.xml.sax.SAXParseException; lineNumber: 10; columnNumber: 83; 在实体引用中, 实体名称必须紧跟在 '&' 后面。。
	at org.eclipse.debug.internal.core.LaunchManager.createDebugException(LaunchManager.java:886)
	at org.eclipse.debug.internal.core.LaunchManager.throwException(LaunchManager.java:2448)
	at org.eclipse.debug.internal.core.LaunchManager.getInfo(LaunchManager.java:1366)
	at org.eclipse.debug.internal.core.LaunchConfiguration.getInfo(LaunchConfiguration.java:490)
	at org.eclipse.debug.internal.core.LaunchConfiguration.getType(LaunchConfiguration.java:645)
	at org.eclipse.debug.internal.core.LaunchManager.isValid(LaunchManager.java:2091)
	at org.eclipse.debug.internal.core.LaunchManager.verifyConfigurations(LaunchManager.java:2462)
	at org.eclipse.debug.internal.core.LaunchManager.getAllLaunchConfigurations(LaunchManager.java:1140)
	at org.eclipse.debug.internal.core.LaunchManager.getLaunchConfigurations(LaunchManager.java:1444)
	at org.eclipse.debug.internal.core.LaunchManager.getLaunchConfigurations(LaunchManager.java:1439)
	at org.eclipse.launchbar.core.internal.LaunchBarManager.init(LaunchBarManager.java:130)
	at org.eclipse.launchbar.core.internal.LaunchBarManager$1.run(LaunchBarManager.java:96)
	at org.eclipse.core.internal.jobs.Worker.run(Worker.java:63)
Caused by: org.xml.sax.SAXParseException; lineNumber: 10; columnNumber: 83; 在实体引用中, 实体名称必须紧跟在 '&' 后面。
	at com.sun.org.apache.xerces.internal.util.ErrorHandlerWrapper.createSAXParseException(ErrorHandlerWrapper.java:203)
	at com.sun.org.apache.xerces.internal.util.ErrorHandlerWrapper.fatalError(ErrorHandlerWrapper.java:177)
	at com.sun.org.apache.xerces.internal.impl.XMLErrorReporter.reportError(XMLErrorReporter.java:400)
	at com.sun.org.apache.xerces.internal.impl.XMLErrorReporter.reportError(XMLErrorReporter.java:327)
	at com.sun.org.apache.xerces.internal.impl.XMLScanner.reportFatalError(XMLScanner.java:1472)
	at com.sun.org.apache.xerces.internal.impl.XMLScanner.scanAttributeValue(XMLScanner.java:908)
	at com.sun.org.apache.xerces.internal.impl.XMLDocumentFragmentScannerImpl.scanAttribute(XMLDocumentFragmentScannerImpl.java:1548)
	at com.sun.org.apache.xerces.internal.impl.XMLDocumentFragmentScannerImpl.scanStartElement(XMLDocumentFragmentScannerImpl.java:1315)
	at com.sun.org.apache.xerces.internal.impl.XMLDocumentFragmentScannerImpl$FragmentContentDriver.next(XMLDocumentFragmentScannerImpl.java:2784)
	at com.sun.org.apache.xerces.internal.impl.XMLDocumentScannerImpl.next(XMLDocumentScannerImpl.java:602)
	at com.sun.org.apache.xerces.internal.impl.XMLDocumentFragmentScannerImpl.scanDocument(XMLDocumentFragmentScannerImpl.java:505)
	at com.sun.org.apache.xerces.internal.parsers.XML11Configuration.parse(XML11Configuration.java:841)
	at com.sun.org.apache.xerces.internal.parsers.XML11Configuration.parse(XML11Configuration.java:770)
	at com.sun.org.apache.xerces.internal.parsers.XMLParser.parse(XMLParser.java:141)
	at com.sun.org.apache.xerces.internal.parsers.DOMParser.parse(DOMParser.java:243)
	at com.sun.org.apache.xerces.internal.jaxp.DocumentBuilderImpl.parse(DocumentBuilderImpl.java:339)
	at org.eclipse.debug.internal.core.LaunchManager.createInfoFromXML(LaunchManager.java:935)
	at org.eclipse.debug.internal.core.LaunchManager.getInfo(LaunchManager.java:1359)
	... 10 more
!SUBENTRY 1 org.eclipse.debug.core 4 5012 2026-07-28 11:20:40.633
!MESSAGE 读取启动配置文件 F:\code\vibe_project\rollerball\M33\libraries\components\mtb-device-support-pse8xxgp\make\make\recipe\interface_version_3\Proj\KitProg3\any\&&_MTB_RECIPE__PRJ_NAME&& Program (KitProg3_MiniProg4).launch 时发生了 org.xml.sax.SAXParseException; lineNumber: 10; columnNumber: 83; 在实体引用中, 实体名称必须紧跟在 '&' 后面。。
!STACK 0
org.xml.sax.SAXParseException; lineNumber: 10; columnNumber: 83; 在实体引用中, 实体名称必须紧跟在 '&' 后面。
	at com.sun.org.apache.xerces.internal.util.ErrorHandlerWrapper.createSAXParseException(ErrorHandlerWrapper.java:203)
	at com.sun.org.apache.xerces.internal.util.ErrorHandlerWrapper.fatalError(ErrorHandlerWrapper.java:177)
	at com.sun.org.apache.xerces.internal.impl.XMLErrorReporter.reportError(XMLErrorReporter.java:400)
	at com.sun.org.apache.xerces.internal.impl.XMLErrorReporter.reportError(XMLErrorReporter.java:327)
	at com.sun.org.apache.xerces.internal.impl.XMLScanner.reportFatalError(XMLScanner.java:1472)
	at com.sun.org.apache.xerces.internal.impl.XMLScanner.scanAttributeValue(XMLScanner.java:908)
	at com.sun.org.apache.xerces.internal.impl.XMLDocumentFragmentScannerImpl.scanAttribute(XMLDocumentFragmentScannerImpl.java:1548)
	at com.sun.org.apache.xerces.internal.impl.XMLDocumentFragmentScannerImpl.scanStartElement(XMLDocumentFragmentScannerImpl.java:1315)
	at com.sun.org.apache.xerces.internal.impl.XMLDocumentFragmentScannerImpl$FragmentContentDriver.next(XMLDocumentFragmentScannerImpl.java:2784)
	at com.sun.org.apache.xerces.internal.impl.XMLDocumentScannerImpl.next(XMLDocumentScannerImpl.java:602)
	at com.sun.org.apache.xerces.internal.impl.XMLDocumentFragmentScannerImpl.scanDocument(XMLDocumentFragmentScannerImpl.java:505)
	at com.sun.org.apache.xerces.internal.parsers.XML11Configuration.parse(XML11Configuration.java:841)
	at com.sun.org.apache.xerces.internal.parsers.XML11Configuration.parse(XML11Configuration.java:770)
	at com.sun.org.apache.xerces.internal.parsers.XMLParser.parse(XMLParser.java:141)
	at com.sun.org.apache.xerces.internal.parsers.DOMParser.parse(DOMParser.java:243)
	at com.sun.org.apache.xerces.internal.jaxp.DocumentBuilderImpl.parse(DocumentBuilderImpl.java:339)
	at org.eclipse.debug.internal.core.LaunchManager.createInfoFromXML(LaunchManager.java:935)
	at org.eclipse.debug.internal.core.LaunchManager.getInfo(LaunchManager.java:1359)
	at org.eclipse.debug.internal.core.LaunchConfiguration.getInfo(LaunchConfiguration.java:490)
	at org.eclipse.debug.internal.core.LaunchConfiguration.getType(LaunchConfiguration.java:645)
	at org.eclipse.debug.internal.core.LaunchManager.isValid(LaunchManager.java:2091)
	at org.eclipse.debug.internal.core.LaunchManager.verifyConfigurations(LaunchManager.java:2462)
	at org.eclipse.debug.internal.core.LaunchManager.getAllLaunchConfigurations(LaunchManager.java:1140)
	at org.eclipse.debug.internal.core.LaunchManager.getLaunchConfigurations(LaunchManager.java:1444)
	at org.eclipse.debug.internal.core.LaunchManager.getLaunchConfigurations(LaunchManager.java:1439)
	at org.eclipse.launchbar.core.internal.LaunchBarManager.init(LaunchBarManager.java:130)
	at org.eclipse.launchbar.core.internal.LaunchBarManager$1.run(LaunchBarManager.java:96)
	at org.eclipse.core.internal.jobs.Worker.run(Worker.java:63)

!ENTRY org.eclipse.debug.core 4 125 2026-07-28 11:20:40.635
!MESSAGE 调试核心所记录的错误：
!STACK 1
org.eclipse.debug.core.DebugException: 读取启动配置文件 F:\code\vibe_project\rollerball\M33\libraries\components\mtb-device-support-pse8xxgp\make\make\recipe\interface_version_3\Proj\KitProg3\combine_sign\Program.launch 时发生了 org.xml.sax.SAXParseException; lineNumber: 10; columnNumber: 83; 在实体引用中, 实体名称必须紧跟在 '&' 后面。。
	at org.eclipse.debug.internal.core.LaunchManager.createDebugException(LaunchManager.java:886)
	at org.eclipse.debug.internal.core.LaunchManager.throwException(LaunchManager.java:2448)
	at org.eclipse.debug.internal.core.LaunchManager.getInfo(LaunchManager.java:1366)
	at org.eclipse.debug.internal.core.LaunchConfiguration.getInfo(LaunchConfiguration.java:490)
	at org.eclipse.debug.internal.core.LaunchConfiguration.getType(LaunchConfiguration.java:645)
	at org.eclipse.debug.internal.core.LaunchManager.isValid(LaunchManager.java:2091)
	at org.eclipse.debug.internal.core.LaunchManager.verifyConfigurations(LaunchManager.java:2462)
	at org.eclipse.debug.internal.core.LaunchManager.getAllLaunchConfigurations(LaunchManager.java:1140)
	at org.eclipse.debug.internal.core.LaunchManager.getLaunchConfigurations(LaunchManager.java:1444)
	at org.eclipse.debug.internal.core.LaunchManager.getLaunchConfigurations(LaunchManager.java:1439)
	at org.eclipse.launchbar.core.internal.LaunchBarManager.init(LaunchBarManager.java:130)
	at org.eclipse.launchbar.core.internal.LaunchBarManager$1.run(LaunchBarManager.java:96)
	at org.eclipse.core.internal.jobs.Worker.run(Worker.java:63)
Caused by: org.xml.sax.SAXParseException; lineNumber: 10; columnNumber: 83; 在实体引用中, 实体名称必须紧跟在 '&' 后面。
	at com.sun.org.apache.xerces.internal.util.ErrorHandlerWrapper.createSAXParseException(ErrorHandlerWrapper.java:203)
	at com.sun.org.apache.xerces.internal.util.ErrorHandlerWrapper.fatalError(ErrorHandlerWrapper.java:177)
	at com.sun.org.apache.xerces.internal.impl.XMLErrorReporter.reportError(XMLErrorReporter.java:400)
	at com.sun.org.apache.xerces.internal.impl.XMLErrorReporter.reportError(XMLErrorReporter.java:327)
	at com.sun.org.apache.xerces.internal.impl.XMLScanner.reportFatalError(XMLScanner.java:1472)
	at com.sun.org.apache.xerces.internal.impl.XMLScanner.scanAttributeValue(XMLScanner.java:908)
	at com.sun.org.apache.xerces.internal.impl.XMLDocumentFragmentScannerImpl.scanAttribute(XMLDocumentFragmentScannerImpl.java:1548)
	at com.sun.org.apache.xerces.internal.impl.XMLDocumentFragmentScannerImpl.scanStartElement(XMLDocumentFragmentScannerImpl.java:1315)
	at com.sun.org.apache.xerces.internal.impl.XMLDocumentFragmentScannerImpl$FragmentContentDriver.next(XMLDocumentFragmentScannerImpl.java:2784)
	at com.sun.org.apache.xerces.internal.impl.XMLDocumentScannerImpl.next(XMLDocumentScannerImpl.java:602)
	at com.sun.org.apache.xerces.internal.impl.XMLDocumentFragmentScannerImpl.scanDocument(XMLDocumentFragmentScannerImpl.java:505)
	at com.sun.org.apache.xerces.internal.parsers.XML11Configuration.parse(XML11Configuration.java:841)
	at com.sun.org.apache.xerces.internal.parsers.XML11Configuration.parse(XML11Configuration.java:770)
	at com.sun.org.apache.xerces.internal.parsers.XMLParser.parse(XMLParser.java:141)
	at com.sun.org.apache.xerces.internal.parsers.DOMParser.parse(DOMParser.java:243)
	at com.sun.org.apache.xerces.internal.jaxp.DocumentBuilderImpl.parse(DocumentBuilderImpl.java:339)
	at org.eclipse.debug.internal.core.LaunchManager.createInfoFromXML(LaunchManager.java:935)
	at org.eclipse.debug.internal.core.LaunchManager.getInfo(LaunchManager.java:1359)
	... 10 more
!SUBENTRY 1 org.eclipse.debug.core 4 5012 2026-07-28 11:20:40.635
!MESSAGE 读取启动配置文件 F:\code\vibe_project\rollerball\M33\libraries\components\mtb-device-support-pse8xxgp\make\make\recipe\interface_version_3\Proj\KitProg3\combine_sign\Program.launch 时发生了 org.xml.sax.SAXParseException; lineNumber: 10; columnNumber: 83; 在实体引用中, 实体名称必须紧跟在 '&' 后面。。
!STACK 0
org.xml.sax.SAXParseException; lineNumber: 10; columnNumber: 83; 在实体引用中, 实体名称必须紧跟在 '&' 后面。
	at com.sun.org.apache.xerces.internal.util.ErrorHandlerWrapper.createSAXParseException(ErrorHandlerWrapper.java:203)
	at com.sun.org.apache.xerces.internal.util.ErrorHandlerWrapper.fatalError(ErrorHandlerWrapper.java:177)
	at com.sun.org.apache.xerces.internal.impl.XMLErrorReporter.reportError(XMLErrorReporter.java:400)
	at com.sun.org.apache.xerces.internal.impl.XMLErrorReporter.reportError(XMLErrorReporter.java:327)
	at com.sun.org.apache.xerces.internal.impl.XMLScanner.reportFatalError(XMLScanner.java:1472)
	at com.sun.org.apache.xerces.internal.impl.XMLScanner.scanAttributeValue(XMLScanner.java:908)
	at com.sun.org.apache.xerces.internal.impl.XMLDocumentFragmentScannerImpl.scanAttribute(XMLDocumentFragmentScannerImpl.java:1548)
	at com.sun.org.apache.xerces.internal.impl.XMLDocumentFragmentScannerImpl.scanStartElement(XMLDocumentFragmentScannerImpl.java:1315)
	at com.sun.org.apache.xerces.internal.impl.XMLDocumentFragmentScannerImpl$FragmentContentDriver.next(XMLDocumentFragmentScannerImpl.java:2784)
	at com.sun.org.apache.xerces.internal.impl.XMLDocumentScannerImpl.next(XMLDocumentScannerImpl.java:602)
	at com.sun.org.apache.xerces.internal.impl.XMLDocumentFragmentScannerImpl.scanDocument(XMLDocumentFragmentScannerImpl.java:505)
	at com.sun.org.apache.xerces.internal.parsers.XML11Configuration.parse(XML11Configuration.java:841)
	at com.sun.org.apache.xerces.internal.parsers.XML11Configuration.parse(XML11Configuration.java:770)
	at com.sun.org.apache.xerces.internal.parsers.XMLParser.parse(XMLParser.java:141)
	at com.sun.org.apache.xerces.internal.parsers.DOMParser.parse(DOMParser.java:243)
	at com.sun.org.apache.xerces.internal.jaxp.DocumentBuilderImpl.parse(DocumentBuilderImpl.java:339)
	at org.eclipse.debug.internal.core.LaunchManager.createInfoFromXML(LaunchManager.java:935)
	at org.eclipse.debug.internal.core.LaunchManager.getInfo(LaunchManager.java:1359)
	at org.eclipse.debug.internal.core.LaunchConfiguration.getInfo(LaunchConfiguration.java:490)
	at org.eclipse.debug.internal.core.LaunchConfiguration.getType(LaunchConfiguration.java:645)
	at org.eclipse.debug.internal.core.LaunchManager.isValid(LaunchManager.java:2091)
	at org.eclipse.debug.internal.core.LaunchManager.verifyConfigurations(LaunchManager.java:2462)
	at org.eclipse.debug.internal.core.LaunchManager.getAllLaunchConfigurations(LaunchManager.java:1140)
	at org.eclipse.debug.internal.core.LaunchManager.getLaunchConfigurations(LaunchManager.java:1444)
	at org.eclipse.debug.internal.core.LaunchManager.getLaunchConfigurations(LaunchManager.java:1439)
	at org.eclipse.launchbar.core.internal.LaunchBarManager.init(LaunchBarManager.java:130)
	at org.eclipse.launchbar.core.internal.LaunchBarManager$1.run(LaunchBarManager.java:96)
	at org.eclipse.core.internal.jobs.Worker.run(Worker.java:63)

!ENTRY org.eclipse.debug.core 4 125 2026-07-28 11:20:40.637
!MESSAGE 调试核心所记录的错误：
!STACK 1
org.eclipse.debug.core.DebugException: 读取启动配置文件 F:\code\vibe_project\rollerball\M33\libraries\components\mtb-device-support-pse8xxgp\make\make\recipe\interface_version_3\Proj\KitProg3\single\external\&&_MTB_RECIPE__PRJ_NAME&& Erase All (KitProg3_MiniProg4).launch 时发生了 org.xml.sax.SAXParseException; lineNumber: 11; columnNumber: 83; 在实体引用中, 实体名称必须紧跟在 '&' 后面。。
	at org.eclipse.debug.internal.core.LaunchManager.createDebugException(LaunchManager.java:886)
	at org.eclipse.debug.internal.core.LaunchManager.throwException(LaunchManager.java:2448)
	at org.eclipse.debug.internal.core.LaunchManager.getInfo(LaunchManager.java:1366)
	at org.eclipse.debug.internal.core.LaunchConfiguration.getInfo(LaunchConfiguration.java:490)
	at org.eclipse.debug.internal.core.LaunchConfiguration.getType(LaunchConfiguration.java:645)
	at org.eclipse.debug.internal.core.LaunchManager.isValid(LaunchManager.java:2091)
	at org.eclipse.debug.internal.core.LaunchManager.verifyConfigurations(LaunchManager.java:2462)
	at org.eclipse.debug.internal.core.LaunchManager.getAllLaunchConfigurations(LaunchManager.java:1140)
	at org.eclipse.debug.internal.core.LaunchManager.getLaunchConfigurations(LaunchManager.java:1444)
	at org.eclipse.debug.internal.core.LaunchManager.getLaunchConfigurations(LaunchManager.java:1439)
	at org.eclipse.launchbar.core.internal.LaunchBarManager.init(LaunchBarManager.java:130)
	at org.eclipse.launchbar.core.internal.LaunchBarManager$1.run(LaunchBarManager.java:96)
	at org.eclipse.core.internal.jobs.Worker.run(Worker.java:63)
Caused by: org.xml.sax.SAXParseException; lineNumber: 11; columnNumber: 83; 在实体引用中, 实体名称必须紧跟在 '&' 后面。
	at com.sun.org.apache.xerces.internal.util.ErrorHandlerWrapper.createSAXParseException(ErrorHandlerWrapper.java:203)
	at com.sun.org.apache.xerces.internal.util.ErrorHandlerWrapper.fatalError(ErrorHandlerWrapper.java:177)
	at com.sun.org.apache.xerces.internal.impl.XMLErrorReporter.reportError(XMLErrorReporter.java:400)
	at com.sun.org.apache.xerces.internal.impl.XMLErrorReporter.reportError(XMLErrorReporter.java:327)
	at com.sun.org.apache.xerces.internal.impl.XMLScanner.reportFatalError(XMLScanner.java:1472)
	at com.sun.org.apache.xerces.internal.impl.XMLScanner.scanAttributeValue(XMLScanner.java:908)
	at com.sun.org.apache.xerces.internal.impl.XMLDocumentFragmentScannerImpl.scanAttribute(XMLDocumentFragmentScannerImpl.java:1548)
	at com.sun.org.apache.xerces.internal.impl.XMLDocumentFragmentScannerImpl.scanStartElement(XMLDocumentFragmentScannerImpl.java:1315)
	at com.sun.org.apache.xerces.internal.impl.XMLDocumentFragmentScannerImpl$FragmentContentDriver.next(XMLDocumentFragmentScannerImpl.java:2784)
	at com.sun.org.apache.xerces.internal.impl.XMLDocumentScannerImpl.next(XMLDocumentScannerImpl.java:602)
	at com.sun.org.apache.xerces.internal.impl.XMLDocumentFragmentScannerImpl.scanDocument(XMLDocumentFragmentScannerImpl.java:505)
	at com.sun.org.apache.xerces.internal.parsers.XML11Configuration.parse(XML11Configuration.java:841)
	at com.sun.org.apache.xerces.internal.parsers.XML11Configuration.parse(XML11Configuration.java:770)
	at com.sun.org.apache.xerces.internal.parsers.XMLParser.parse(XMLParser.java:141)
	at com.sun.org.apache.xerces.internal.parsers.DOMParser.parse(DOMParser.java:243)
	at com.sun.org.apache.xerces.internal.jaxp.DocumentBuilderImpl.parse(DocumentBuilderImpl.java:339)
	at org.eclipse.debug.internal.core.LaunchManager.createInfoFromXML(LaunchManager.java:935)
	at org.eclipse.debug.internal.core.LaunchManager.getInfo(LaunchManager.java:1359)
	... 10 more
!SUBENTRY 1 org.eclipse.debug.core 4 5012 2026-07-28 11:20:40.637
!MESSAGE 读取启动配置文件 F:\code\vibe_project\rollerball\M33\libraries\components\mtb-device-support-pse8xxgp\make\make\recipe\interface_version_3\Proj\KitProg3\single\external\&&_MTB_RECIPE__PRJ_NAME&& Erase All (KitProg3_MiniProg4).launch 时发生了 org.xml.sax.SAXParseException; lineNumber: 11; columnNumber: 83; 在实体引用中, 实体名称必须紧跟在 '&' 后面。。
!STACK 0
org.xml.sax.SAXParseException; lineNumber: 11; columnNumber: 83; 在实体引用中, 实体名称必须紧跟在 '&' 后面。
	at com.sun.org.apache.xerces.internal.util.ErrorHandlerWrapper.createSAXParseException(ErrorHandlerWrapper.java:203)
	at com.sun.org.apache.xerces.internal.util.ErrorHandlerWrapper.fatalError(ErrorHandlerWrapper.java:177)
	at com.sun.org.apache.xerces.internal.impl.XMLErrorReporter.reportError(XMLErrorReporter.java:400)
	at com.sun.org.apache.xerces.internal.impl.XMLErrorReporter.reportError(XMLErrorReporter.java:327)
	at com.sun.org.apache.xerces.internal.impl.XMLScanner.reportFatalError(XMLScanner.java:1472)
	at com.sun.org.apache.xerces.internal.impl.XMLScanner.scanAttributeValue(XMLScanner.java:908)
	at com.sun.org.apache.xerces.internal.impl.XMLDocumentFragmentScannerImpl.scanAttribute(XMLDocumentFragmentScannerImpl.java:1548)
	at com.sun.org.apache.xerces.internal.impl.XMLDocumentFragmentScannerImpl.scanStartElement(XMLDocumentFragmentScannerImpl.java:1315)
	at com.sun.org.apache.xerces.internal.impl.XMLDocumentFragmentScannerImpl$FragmentContentDriver.next(XMLDocumentFragmentScannerImpl.java:2784)
	at com.sun.org.apache.xerces.internal.impl.XMLDocumentScannerImpl.next(XMLDocumentScannerImpl.java:602)
	at com.sun.org.apache.xerces.internal.impl.XMLDocumentFragmentScannerImpl.scanDocument(XMLDocumentFragmentScannerImpl.java:505)
	at com.sun.org.apache.xerces.internal.parsers.XML11Configuration.parse(XML11Configuration.java:841)
	at com.sun.org.apache.xerces.internal.parsers.XML11Configuration.parse(XML11Configuration.java:770)
	at com.sun.org.apache.xerces.internal.parsers.XMLParser.parse(XMLParser.java:141)
	at com.sun.org.apache.xerces.internal.parsers.DOMParser.parse(DOMParser.java:243)
	at com.sun.org.apache.xerces.internal.jaxp.DocumentBuilderImpl.parse(DocumentBuilderImpl.java:339)
	at org.eclipse.debug.internal.core.LaunchManager.createInfoFromXML(LaunchManager.java:935)
	at org.eclipse.debug.internal.core.LaunchManager.getInfo(LaunchManager.java:1359)
	at org.eclipse.debug.internal.core.LaunchConfiguration.getInfo(LaunchConfiguration.java:490)
	at org.eclipse.debug.internal.core.LaunchConfiguration.getType(LaunchConfiguration.java:645)
	at org.eclipse.debug.internal.core.LaunchManager.isValid(LaunchManager.java:2091)
	at org.eclipse.debug.internal.core.LaunchManager.verifyConfigurations(LaunchManager.java:2462)
	at org.eclipse.debug.internal.core.LaunchManager.getAllLaunchConfigurations(LaunchManager.java:1140)
	at org.eclipse.debug.internal.core.LaunchManager.getLaunchConfigurations(LaunchManager.java:1444)
	at org.eclipse.debug.internal.core.LaunchManager.getLaunchConfigurations(LaunchManager.java:1439)
	at org.eclipse.launchbar.core.internal.LaunchBarManager.init(LaunchBarManager.java:130)
	at org.eclipse.launchbar.core.internal.LaunchBarManager$1.run(LaunchBarManager.java:96)
	at org.eclipse.core.internal.jobs.Worker.run(Worker.java:63)

!ENTRY org.eclipse.debug.core 4 125 2026-07-28 11:20:40.637
!MESSAGE 调试核心所记录的错误：
!STACK 1
org.eclipse.debug.core.DebugException: 读取启动配置文件 F:\code\vibe_project\rollerball\M33\libraries\components\mtb-device-support-pse8xxgp\make\make\recipe\interface_version_3\Proj\KitProg3\single\internal\&&_MTB_RECIPE__PRJ_NAME&& Erase Device (KitProg3_MiniProg4).launch 时发生了 org.xml.sax.SAXParseException; lineNumber: 11; columnNumber: 83; 在实体引用中, 实体名称必须紧跟在 '&' 后面。。
	at org.eclipse.debug.internal.core.LaunchManager.createDebugException(LaunchManager.java:886)
	at org.eclipse.debug.internal.core.LaunchManager.throwException(LaunchManager.java:2448)
	at org.eclipse.debug.internal.core.LaunchManager.getInfo(LaunchManager.java:1366)
	at org.eclipse.debug.internal.core.LaunchConfiguration.getInfo(LaunchConfiguration.java:490)
	at org.eclipse.debug.internal.core.LaunchConfiguration.getType(LaunchConfiguration.java:645)
	at org.eclipse.debug.internal.core.LaunchManager.isValid(LaunchManager.java:2091)
	at org.eclipse.debug.internal.core.LaunchManager.verifyConfigurations(LaunchManager.java:2462)
	at org.eclipse.debug.internal.core.LaunchManager.getAllLaunchConfigurations(LaunchManager.java:1140)
	at org.eclipse.debug.internal.core.LaunchManager.getLaunchConfigurations(LaunchManager.java:1444)
	at org.eclipse.debug.internal.core.LaunchManager.getLaunchConfigurations(LaunchManager.java:1439)
	at org.eclipse.launchbar.core.internal.LaunchBarManager.init(LaunchBarManager.java:130)
	at org.eclipse.launchbar.core.internal.LaunchBarManager$1.run(LaunchBarManager.java:96)
	at org.eclipse.core.internal.jobs.Worker.run(Worker.java:63)
Caused by: org.xml.sax.SAXParseException; lineNumber: 11; columnNumber: 83; 在实体引用中, 实体名称必须紧跟在 '&' 后面。
	at com.sun.org.apache.xerces.internal.util.ErrorHandlerWrapper.createSAXParseException(ErrorHandlerWrapper.java:203)
	at com.sun.org.apache.xerces.internal.util.ErrorHandlerWrapper.fatalError(ErrorHandlerWrapper.java:177)
	at com.sun.org.apache.xerces.internal.impl.XMLErrorReporter.reportError(XMLErrorReporter.java:400)
	at com.sun.org.apache.xerces.internal.impl.XMLErrorReporter.reportError(XMLErrorReporter.java:327)
	at com.sun.org.apache.xerces.internal.impl.XMLScanner.reportFatalError(XMLScanner.java:1472)
	at com.sun.org.apache.xerces.internal.impl.XMLScanner.scanAttributeValue(XMLScanner.java:908)
	at com.sun.org.apache.xerces.internal.impl.XMLDocumentFragmentScannerImpl.scanAttribute(XMLDocumentFragmentScannerImpl.java:1548)
	at com.sun.org.apache.xerces.internal.impl.XMLDocumentFragmentScannerImpl.scanStartElement(XMLDocumentFragmentScannerImpl.java:1315)
	at com.sun.org.apache.xerces.internal.impl.XMLDocumentFragmentScannerImpl$FragmentContentDriver.next(XMLDocumentFragmentScannerImpl.java:2784)
	at com.sun.org.apache.xerces.internal.impl.XMLDocumentScannerImpl.next(XMLDocumentScannerImpl.java:602)
	at com.sun.org.apache.xerces.internal.impl.XMLDocumentFragmentScannerImpl.scanDocument(XMLDocumentFragmentScannerImpl.java:505)
	at com.sun.org.apache.xerces.internal.parsers.XML11Configuration.parse(XML11Configuration.java:841)
	at com.sun.org.apache.xerces.internal.parsers.XML11Configuration.parse(XML11Configuration.java:770)
	at com.sun.org.apache.xerces.internal.parsers.XMLParser.parse(XMLParser.java:141)
	at com.sun.org.apache.xerces.internal.parsers.DOMParser.parse(DOMParser.java:243)
	at com.sun.org.apache.xerces.internal.jaxp.DocumentBuilderImpl.parse(DocumentBuilderImpl.java:339)
	at org.eclipse.debug.internal.core.LaunchManager.createInfoFromXML(LaunchManager.java:935)
	at org.eclipse.debug.internal.core.LaunchManager.getInfo(LaunchManager.java:1359)
	... 10 more
!SUBENTRY 1 org.eclipse.debug.core 4 5012 2026-07-28 11:20:40.637
!MESSAGE 读取启动配置文件 F:\code\vibe_project\rollerball\M33\libraries\components\mtb-device-support-pse8xxgp\make\make\recipe\interface_version_3\Proj\KitProg3\single\internal\&&_MTB_RECIPE__PRJ_NAME&& Erase Device (KitProg3_MiniProg4).launch 时发生了 org.xml.sax.SAXParseException; lineNumber: 11; columnNumber: 83; 在实体引用中, 实体名称必须紧跟在 '&' 后面。。
!STACK 0
org.xml.sax.SAXParseException; lineNumber: 11; columnNumber: 83; 在实体引用中, 实体名称必须紧跟在 '&' 后面。
	at com.sun.org.apache.xerces.internal.util.ErrorHandlerWrapper.createSAXParseException(ErrorHandlerWrapper.java:203)
	at com.sun.org.apache.xerces.internal.util.ErrorHandlerWrapper.fatalError(ErrorHandlerWrapper.java:177)
	at com.sun.org.apache.xerces.internal.impl.XMLErrorReporter.reportError(XMLErrorReporter.java:400)
	at com.sun.org.apache.xerces.internal.impl.XMLErrorReporter.reportError(XMLErrorReporter.java:327)
	at com.sun.org.apache.xerces.internal.impl.XMLScanner.reportFatalError(XMLScanner.java:1472)
	at com.sun.org.apache.xerces.internal.impl.XMLScanner.scanAttributeValue(XMLScanner.java:908)
	at com.sun.org.apache.xerces.internal.impl.XMLDocumentFragmentScannerImpl.scanAttribute(XMLDocumentFragmentScannerImpl.java:1548)
	at com.sun.org.apache.xerces.internal.impl.XMLDocumentFragmentScannerImpl.scanStartElement(XMLDocumentFragmentScannerImpl.java:1315)
	at com.sun.org.apache.xerces.internal.impl.XMLDocumentFragmentScannerImpl$FragmentContentDriver.next(XMLDocumentFragmentScannerImpl.java:2784)
	at com.sun.org.apache.xerces.internal.impl.XMLDocumentScannerImpl.next(XMLDocumentScannerImpl.java:602)
	at com.sun.org.apache.xerces.internal.impl.XMLDocumentFragmentScannerImpl.scanDocument(XMLDocumentFragmentScannerImpl.java:505)
	at com.sun.org.apache.xerces.internal.parsers.XML11Configuration.parse(XML11Configuration.java:841)
	at com.sun.org.apache.xerces.internal.parsers.XML11Configuration.parse(XML11Configuration.java:770)
	at com.sun.org.apache.xerces.internal.parsers.XMLParser.parse(XMLParser.java:141)
	at com.sun.org.apache.xerces.internal.parsers.DOMParser.parse(DOMParser.java:243)
	at com.sun.org.apache.xerces.internal.jaxp.DocumentBuilderImpl.parse(DocumentBuilderImpl.java:339)
	at org.eclipse.debug.internal.core.LaunchManager.createInfoFromXML(LaunchManager.java:935)
	at org.eclipse.debug.internal.core.LaunchManager.getInfo(LaunchManager.java:1359)
	at org.eclipse.debug.internal.core.LaunchConfiguration.getInfo(LaunchConfiguration.java:490)
	at org.eclipse.debug.internal.core.LaunchConfiguration.getType(LaunchConfiguration.java:645)
	at org.eclipse.debug.internal.core.LaunchManager.isValid(LaunchManager.java:2091)
	at org.eclipse.debug.internal.core.LaunchManager.verifyConfigurations(LaunchManager.java:2462)
	at org.eclipse.debug.internal.core.LaunchManager.getAllLaunchConfigurations(LaunchManager.java:1140)
	at org.eclipse.debug.internal.core.LaunchManager.getLaunchConfigurations(LaunchManager.java:1444)
	at org.eclipse.debug.internal.core.LaunchManager.getLaunchConfigurations(LaunchManager.java:1439)
	at org.eclipse.launchbar.core.internal.LaunchBarManager.init(LaunchBarManager.java:130)
	at org.eclipse.launchbar.core.internal.LaunchBarManager$1.run(LaunchBarManager.java:96)
	at org.eclipse.core.internal.jobs.Worker.run(Worker.java:63)

!ENTRY org.eclipse.debug.core 4 125 2026-07-28 11:20:40.642
!MESSAGE 调试核心所记录的错误：
!STACK 1
org.eclipse.debug.core.DebugException: 读取启动配置文件 F:\code\vibe_project\rollerball\M33\libraries\components\mtb-device-support-pse8xxgp\make\make\recipe\interface_version_4\App\external\&&_MTB_RECIPE__APP_NAME&& Erase All.launch 时发生了 org.xml.sax.SAXParseException; lineNumber: 11; columnNumber: 83; 在实体引用中, 实体名称必须紧跟在 '&' 后面。。
	at org.eclipse.debug.internal.core.LaunchManager.createDebugException(LaunchManager.java:886)
	at org.eclipse.debug.internal.core.LaunchManager.throwException(LaunchManager.java:2448)
	at org.eclipse.debug.internal.core.LaunchManager.getInfo(LaunchManager.java:1366)
	at org.eclipse.debug.internal.core.LaunchConfiguration.getInfo(LaunchConfiguration.java:490)
	at org.eclipse.debug.internal.core.LaunchConfiguration.getType(LaunchConfiguration.java:645)
	at org.eclipse.debug.internal.core.LaunchManager.isValid(LaunchManager.java:2091)
	at org.eclipse.debug.internal.core.LaunchManager.verifyConfigurations(LaunchManager.java:2462)
	at org.eclipse.debug.internal.core.LaunchManager.getAllLaunchConfigurations(LaunchManager.java:1140)
	at org.eclipse.debug.internal.core.LaunchManager.getLaunchConfigurations(LaunchManager.java:1444)
	at org.eclipse.debug.internal.core.LaunchManager.getLaunchConfigurations(LaunchManager.java:1439)
	at org.eclipse.launchbar.core.internal.LaunchBarManager.init(LaunchBarManager.java:130)
	at org.eclipse.launchbar.core.internal.LaunchBarManager$1.run(LaunchBarManager.java:96)
	at org.eclipse.core.internal.jobs.Worker.run(Worker.java:63)
Caused by: org.xml.sax.SAXParseException; lineNumber: 11; columnNumber: 83; 在实体引用中, 实体名称必须紧跟在 '&' 后面。
	at com.sun.org.apache.xerces.internal.util.ErrorHandlerWrapper.createSAXParseException(ErrorHandlerWrapper.java:203)
	at com.sun.org.apache.xerces.internal.util.ErrorHandlerWrapper.fatalError(ErrorHandlerWrapper.java:177)
	at com.sun.org.apache.xerces.internal.impl.XMLErrorReporter.reportError(XMLErrorReporter.java:400)
	at com.sun.org.apache.xerces.internal.impl.XMLErrorReporter.reportError(XMLErrorReporter.java:327)
	at com.sun.org.apache.xerces.internal.impl.XMLScanner.reportFatalError(XMLScanner.java:1472)
	at com.sun.org.apache.xerces.internal.impl.XMLScanner.scanAttributeValue(XMLScanner.java:908)
	at com.sun.org.apache.xerces.internal.impl.XMLDocumentFragmentScannerImpl.scanAttribute(XMLDocumentFragmentScannerImpl.java:1548)
	at com.sun.org.apache.xerces.internal.impl.XMLDocumentFragmentScannerImpl.scanStartElement(XMLDocumentFragmentScannerImpl.java:1315)
	at com.sun.org.apache.xerces.internal.impl.XMLDocumentFragmentScannerImpl$FragmentContentDriver.next(XMLDocumentFragmentScannerImpl.java:2784)
	at com.sun.org.apache.xerces.internal.impl.XMLDocumentScannerImpl.next(XMLDocumentScannerImpl.java:602)
	at com.sun.org.apache.xerces.internal.impl.XMLDocumentFragmentScannerImpl.scanDocument(XMLDocumentFragmentScannerImpl.java:505)
	at com.sun.org.apache.xerces.internal.parsers.XML11Configuration.parse(XML11Configuration.java:841)
	at com.sun.org.apache.xerces.internal.parsers.XML11Configuration.parse(XML11Configuration.java:770)
	at com.sun.org.apache.xerces.internal.parsers.XMLParser.parse(XMLParser.java:141)
	at com.sun.org.apache.xerces.internal.parsers.DOMParser.parse(DOMParser.java:243)
	at com.sun.org.apache.xerces.internal.jaxp.DocumentBuilderImpl.parse(DocumentBuilderImpl.java:339)
	at org.eclipse.debug.internal.core.LaunchManager.createInfoFromXML(LaunchManager.java:935)
	at org.eclipse.debug.internal.core.LaunchManager.getInfo(LaunchManager.java:1359)
	... 10 more
!SUBENTRY 1 org.eclipse.debug.core 4 5012 2026-07-28 11:20:40.642
!MESSAGE 读取启动配置文件 F:\code\vibe_project\rollerball\M33\libraries\components\mtb-device-support-pse8xxgp\make\make\recipe\interface_version_4\App\external\&&_MTB_RECIPE__APP_NAME&& Erase All.launch 时发生了 org.xml.sax.SAXParseException; lineNumber: 11; columnNumber: 83; 在实体引用中, 实体名称必须紧跟在 '&' 后面。。
!STACK 0
org.xml.sax.SAXParseException; lineNumber: 11; columnNumber: 83; 在实体引用中, 实体名称必须紧跟在 '&' 后面。
	at com.sun.org.apache.xerces.internal.util.ErrorHandlerWrapper.createSAXParseException(ErrorHandlerWrapper.java:203)
	at com.sun.org.apache.xerces.internal.util.ErrorHandlerWrapper.fatalError(ErrorHandlerWrapper.java:177)
	at com.sun.org.apache.xerces.internal.impl.XMLErrorReporter.reportError(XMLErrorReporter.java:400)
	at com.sun.org.apache.xerces.internal.impl.XMLErrorReporter.reportError(XMLErrorReporter.java:327)
	at com.sun.org.apache.xerces.internal.impl.XMLScanner.reportFatalError(XMLScanner.java:1472)
	at com.sun.org.apache.xerces.internal.impl.XMLScanner.scanAttributeValue(XMLScanner.java:908)
	at com.sun.org.apache.xerces.internal.impl.XMLDocumentFragmentScannerImpl.scanAttribute(XMLDocumentFragmentScannerImpl.java:1548)
	at com.sun.org.apache.xerces.internal.impl.XMLDocumentFragmentScannerImpl.scanStartElement(XMLDocumentFragmentScannerImpl.java:1315)
	at com.sun.org.apache.xerces.internal.impl.XMLDocumentFragmentScannerImpl$FragmentContentDriver.next(XMLDocumentFragmentScannerImpl.java:2784)
	at com.sun.org.apache.xerces.internal.impl.XMLDocumentScannerImpl.next(XMLDocumentScannerImpl.java:602)
	at com.sun.org.apache.xerces.internal.impl.XMLDocumentFragmentScannerImpl.scanDocument(XMLDocumentFragmentScannerImpl.java:505)
	at com.sun.org.apache.xerces.internal.parsers.XML11Configuration.parse(XML11Configuration.java:841)
	at com.sun.org.apache.xerces.internal.parsers.XML11Configuration.parse(XML11Configuration.java:770)
	at com.sun.org.apache.xerces.internal.parsers.XMLParser.parse(XMLParser.java:141)
	at com.sun.org.apache.xerces.internal.parsers.DOMParser.parse(DOMParser.java:243)
	at com.sun.org.apache.xerces.internal.jaxp.DocumentBuilderImpl.parse(DocumentBuilderImpl.java:339)
	at org.eclipse.debug.internal.core.LaunchManager.createInfoFromXML(LaunchManager.java:935)
	at org.eclipse.debug.internal.core.LaunchManager.getInfo(LaunchManager.java:1359)
	at org.eclipse.debug.internal.core.LaunchConfiguration.getInfo(LaunchConfiguration.java:490)
	at org.eclipse.debug.internal.core.LaunchConfiguration.getType(LaunchConfiguration.java:645)
	at org.eclipse.debug.internal.core.LaunchManager.isValid(LaunchManager.java:2091)
	at org.eclipse.debug.internal.core.LaunchManager.verifyConfigurations(LaunchManager.java:2462)
	at org.eclipse.debug.internal.core.LaunchManager.getAllLaunchConfigurations(LaunchManager.java:1140)
	at org.eclipse.debug.internal.core.LaunchManager.getLaunchConfigurations(LaunchManager.java:1444)
	at org.eclipse.debug.internal.core.LaunchManager.getLaunchConfigurations(LaunchManager.java:1439)
	at org.eclipse.launchbar.core.internal.LaunchBarManager.init(LaunchBarManager.java:130)
	at org.eclipse.launchbar.core.internal.LaunchBarManager$1.run(LaunchBarManager.java:96)
	at org.eclipse.core.internal.jobs.Worker.run(Worker.java:63)

!ENTRY org.eclipse.debug.core 4 125 2026-07-28 11:20:40.642
!MESSAGE 调试核心所记录的错误：
!STACK 1
org.eclipse.debug.core.DebugException: 读取启动配置文件 F:\code\vibe_project\rollerball\M33\libraries\components\mtb-device-support-pse8xxgp\make\make\recipe\interface_version_4\App\internal\&&_MTB_RECIPE__APP_NAME&& Erase Device.launch 时发生了 org.xml.sax.SAXParseException; lineNumber: 11; columnNumber: 83; 在实体引用中, 实体名称必须紧跟在 '&' 后面。。
	at org.eclipse.debug.internal.core.LaunchManager.createDebugException(LaunchManager.java:886)
	at org.eclipse.debug.internal.core.LaunchManager.throwException(LaunchManager.java:2448)
	at org.eclipse.debug.internal.core.LaunchManager.getInfo(LaunchManager.java:1366)
	at org.eclipse.debug.internal.core.LaunchConfiguration.getInfo(LaunchConfiguration.java:490)
	at org.eclipse.debug.internal.core.LaunchConfiguration.getType(LaunchConfiguration.java:645)
	at org.eclipse.debug.internal.core.LaunchManager.isValid(LaunchManager.java:2091)
	at org.eclipse.debug.internal.core.LaunchManager.verifyConfigurations(LaunchManager.java:2462)
	at org.eclipse.debug.internal.core.LaunchManager.getAllLaunchConfigurations(LaunchManager.java:1140)
	at org.eclipse.debug.internal.core.LaunchManager.getLaunchConfigurations(LaunchManager.java:1444)
	at org.eclipse.debug.internal.core.LaunchManager.getLaunchConfigurations(LaunchManager.java:1439)
	at org.eclipse.launchbar.core.internal.LaunchBarManager.init(LaunchBarManager.java:130)
	at org.eclipse.launchbar.core.internal.LaunchBarManager$1.run(LaunchBarManager.java:96)
	at org.eclipse.core.internal.jobs.Worker.run(Worker.java:63)
Caused by: org.xml.sax.SAXParseException; lineNumber: 11; columnNumber: 83; 在实体引用中, 实体名称必须紧跟在 '&' 后面。
	at com.sun.org.apache.xerces.internal.util.ErrorHandlerWrapper.createSAXParseException(ErrorHandlerWrapper.java:203)
	at com.sun.org.apache.xerces.internal.util.ErrorHandlerWrapper.fatalError(ErrorHandlerWrapper.java:177)
	at com.sun.org.apache.xerces.internal.impl.XMLErrorReporter.reportError(XMLErrorReporter.java:400)
	at com.sun.org.apache.xerces.internal.impl.XMLErrorReporter.reportError(XMLErrorReporter.java:327)
	at com.sun.org.apache.xerces.internal.impl.XMLScanner.reportFatalError(XMLScanner.java:1472)
	at com.sun.org.apache.xerces.internal.impl.XMLScanner.scanAttributeValue(XMLScanner.java:908)
	at com.sun.org.apache.xerces.internal.impl.XMLDocumentFragmentScannerImpl.scanAttribute(XMLDocumentFragmentScannerImpl.java:1548)
	at com.sun.org.apache.xerces.internal.impl.XMLDocumentFragmentScannerImpl.scanStartElement(XMLDocumentFragmentScannerImpl.java:1315)
	at com.sun.org.apache.xerces.internal.impl.XMLDocumentFragmentScannerImpl$FragmentContentDriver.next(XMLDocumentFragmentScannerImpl.java:2784)
	at com.sun.org.apache.xerces.internal.impl.XMLDocumentScannerImpl.next(XMLDocumentScannerImpl.java:602)
	at com.sun.org.apache.xerces.internal.impl.XMLDocumentFragmentScannerImpl.scanDocument(XMLDocumentFragmentScannerImpl.java:505)
	at com.sun.org.apache.xerces.internal.parsers.XML11Configuration.parse(XML11Configuration.java:841)
	at com.sun.org.apache.xerces.internal.parsers.XML11Configuration.parse(XML11Configuration.java:770)
	at com.sun.org.apache.xerces.internal.parsers.XMLParser.parse(XMLParser.java:141)
	at com.sun.org.apache.xerces.internal.parsers.DOMParser.parse(DOMParser.java:243)
	at com.sun.org.apache.xerces.internal.jaxp.DocumentBuilderImpl.parse(DocumentBuilderImpl.java:339)
	at org.eclipse.debug.internal.core.LaunchManager.createInfoFromXML(LaunchManager.java:935)
	at org.eclipse.debug.internal.core.LaunchManager.getInfo(LaunchManager.java:1359)
	... 10 more
!SUBENTRY 1 org.eclipse.debug.core 4 5012 2026-07-28 11:20:40.642
!MESSAGE 读取启动配置文件 F:\code\vibe_project\rollerball\M33\libraries\components\mtb-device-support-pse8xxgp\make\make\recipe\interface_version_4\App\internal\&&_MTB_RECIPE__APP_NAME&& Erase Device.launch 时发生了 org.xml.sax.SAXParseException; lineNumber: 11; columnNumber: 83; 在实体引用中, 实体名称必须紧跟在 '&' 后面。。
!STACK 0
org.xml.sax.SAXParseException; lineNumber: 11; columnNumber: 83; 在实体引用中, 实体名称必须紧跟在 '&' 后面。
	at com.sun.org.apache.xerces.internal.util.ErrorHandlerWrapper.createSAXParseException(ErrorHandlerWrapper.java:203)
	at com.sun.org.apache.xerces.internal.util.ErrorHandlerWrapper.fatalError(ErrorHandlerWrapper.java:177)
	at com.sun.org.apache.xerces.internal.impl.XMLErrorReporter.reportError(XMLErrorReporter.java:400)
	at com.sun.org.apache.xerces.internal.impl.XMLErrorReporter.reportError(XMLErrorReporter.java:327)
	at com.sun.org.apache.xerces.internal.impl.XMLScanner.reportFatalError(XMLScanner.java:1472)
	at com.sun.org.apache.xerces.internal.impl.XMLScanner.scanAttributeValue(XMLScanner.java:908)
	at com.sun.org.apache.xerces.internal.impl.XMLDocumentFragmentScannerImpl.scanAttribute(XMLDocumentFragmentScannerImpl.java:1548)
	at com.sun.org.apache.xerces.internal.impl.XMLDocumentFragmentScannerImpl.scanStartElement(XMLDocumentFragmentScannerImpl.java:1315)
	at com.sun.org.apache.xerces.internal.impl.XMLDocumentFragmentScannerImpl$FragmentContentDriver.next(XMLDocumentFragmentScannerImpl.java:2784)
	at com.sun.org.apache.xerces.internal.impl.XMLDocumentScannerImpl.next(XMLDocumentScannerImpl.java:602)
	at com.sun.org.apache.xerces.internal.impl.XMLDocumentFragmentScannerImpl.scanDocument(XMLDocumentFragmentScannerImpl.java:505)
	at com.sun.org.apache.xerces.internal.parsers.XML11Configuration.parse(XML11Configuration.java:841)
	at com.sun.org.apache.xerces.internal.parsers.XML11Configuration.parse(XML11Configuration.java:770)
	at com.sun.org.apache.xerces.internal.parsers.XMLParser.parse(XMLParser.java:141)
	at com.sun.org.apache.xerces.internal.parsers.DOMParser.parse(DOMParser.java:243)
	at com.sun.org.apache.xerces.internal.jaxp.DocumentBuilderImpl.parse(DocumentBuilderImpl.java:339)
	at org.eclipse.debug.internal.core.LaunchManager.createInfoFromXML(LaunchManager.java:935)
	at org.eclipse.debug.internal.core.LaunchManager.getInfo(LaunchManager.java:1359)
	at org.eclipse.debug.internal.core.LaunchConfiguration.getInfo(LaunchConfiguration.java:490)
	at org.eclipse.debug.internal.core.LaunchConfiguration.getType(LaunchConfiguration.java:645)
	at org.eclipse.debug.internal.core.LaunchManager.isValid(LaunchManager.java:2091)
	at org.eclipse.debug.internal.core.LaunchManager.verifyConfigurations(LaunchManager.java:2462)
	at org.eclipse.debug.internal.core.LaunchManager.getAllLaunchConfigurations(LaunchManager.java:1140)
	at org.eclipse.debug.internal.core.LaunchManager.getLaunchConfigurations(LaunchManager.java:1444)
	at org.eclipse.debug.internal.core.LaunchManager.getLaunchConfigurations(LaunchManager.java:1439)
	at org.eclipse.launchbar.core.internal.LaunchBarManager.init(LaunchBarManager.java:130)
	at org.eclipse.launchbar.core.internal.LaunchBarManager$1.run(LaunchBarManager.java:96)
	at org.eclipse.core.internal.jobs.Worker.run(Worker.java:63)

!ENTRY org.eclipse.debug.core 4 125 2026-07-28 11:20:40.646
!MESSAGE 调试核心所记录的错误：
!STACK 1
org.eclipse.debug.core.DebugException: 读取启动配置文件 F:\code\vibe_project\rollerball\M33\libraries\components\mtb-device-support-pse8xxgp\make\make\recipe\interface_version_4\App\internal\&&_MTB_RECIPE__APP_NAME&& Program Application.launch 时发生了 org.xml.sax.SAXParseException; lineNumber: 10; columnNumber: 83; 在实体引用中, 实体名称必须紧跟在 '&' 后面。。
	at org.eclipse.debug.internal.core.LaunchManager.createDebugException(LaunchManager.java:886)
	at org.eclipse.debug.internal.core.LaunchManager.throwException(LaunchManager.java:2448)
	at org.eclipse.debug.internal.core.LaunchManager.getInfo(LaunchManager.java:1366)
	at org.eclipse.debug.internal.core.LaunchConfiguration.getInfo(LaunchConfiguration.java:490)
	at org.eclipse.debug.internal.core.LaunchConfiguration.getType(LaunchConfiguration.java:645)
	at org.eclipse.debug.internal.core.LaunchManager.isValid(LaunchManager.java:2091)
	at org.eclipse.debug.internal.core.LaunchManager.verifyConfigurations(LaunchManager.java:2462)
	at org.eclipse.debug.internal.core.LaunchManager.getAllLaunchConfigurations(LaunchManager.java:1140)
	at org.eclipse.debug.internal.core.LaunchManager.getLaunchConfigurations(LaunchManager.java:1444)
	at org.eclipse.debug.internal.core.LaunchManager.getLaunchConfigurations(LaunchManager.java:1439)
	at org.eclipse.launchbar.core.internal.LaunchBarManager.init(LaunchBarManager.java:130)
	at org.eclipse.launchbar.core.internal.LaunchBarManager$1.run(LaunchBarManager.java:96)
	at org.eclipse.core.internal.jobs.Worker.run(Worker.java:63)
Caused by: org.xml.sax.SAXParseException; lineNumber: 10; columnNumber: 83; 在实体引用中, 实体名称必须紧跟在 '&' 后面。
	at com.sun.org.apache.xerces.internal.util.ErrorHandlerWrapper.createSAXParseException(ErrorHandlerWrapper.java:203)
	at com.sun.org.apache.xerces.internal.util.ErrorHandlerWrapper.fatalError(ErrorHandlerWrapper.java:177)
	at com.sun.org.apache.xerces.internal.impl.XMLErrorReporter.reportError(XMLErrorReporter.java:400)
	at com.sun.org.apache.xerces.internal.impl.XMLErrorReporter.reportError(XMLErrorReporter.java:327)
	at com.sun.org.apache.xerces.internal.impl.XMLScanner.reportFatalError(XMLScanner.java:1472)
	at com.sun.org.apache.xerces.internal.impl.XMLScanner.scanAttributeValue(XMLScanner.java:908)
	at com.sun.org.apache.xerces.internal.impl.XMLDocumentFragmentScannerImpl.scanAttribute(XMLDocumentFragmentScannerImpl.java:1548)
	at com.sun.org.apache.xerces.internal.impl.XMLDocumentFragmentScannerImpl.scanStartElement(XMLDocumentFragmentScannerImpl.java:1315)
	at com.sun.org.apache.xerces.internal.impl.XMLDocumentFragmentScannerImpl$FragmentContentDriver.next(XMLDocumentFragmentScannerImpl.java:2784)
	at com.sun.org.apache.xerces.internal.impl.XMLDocumentScannerImpl.next(XMLDocumentScannerImpl.java:602)
	at com.sun.org.apache.xerces.internal.impl.XMLDocumentFragmentScannerImpl.scanDocument(XMLDocumentFragmentScannerImpl.java:505)
	at com.sun.org.apache.xerces.internal.parsers.XML11Configuration.parse(XML11Configuration.java:841)
	at com.sun.org.apache.xerces.internal.parsers.XML11Configuration.parse(XML11Configuration.java:770)
	at com.sun.org.apache.xerces.internal.parsers.XMLParser.parse(XMLParser.java:141)
	at com.sun.org.apache.xerces.internal.parsers.DOMParser.parse(DOMParser.java:243)
	at com.sun.org.apache.xerces.internal.jaxp.DocumentBuilderImpl.parse(DocumentBuilderImpl.java:339)
	at org.eclipse.debug.internal.core.LaunchManager.createInfoFromXML(LaunchManager.java:935)
	at org.eclipse.debug.internal.core.LaunchManager.getInfo(LaunchManager.java:1359)
	... 10 more
!SUBENTRY 1 org.eclipse.debug.core 4 5012 2026-07-28 11:20:40.646
!MESSAGE 读取启动配置文件 F:\code\vibe_project\rollerball\M33\libraries\components\mtb-device-support-pse8xxgp\make\make\recipe\interface_version_4\App\internal\&&_MTB_RECIPE__APP_NAME&& Program Application.launch 时发生了 org.xml.sax.SAXParseException; lineNumber: 10; columnNumber: 83; 在实体引用中, 实体名称必须紧跟在 '&' 后面。。
!STACK 0
org.xml.sax.SAXParseException; lineNumber: 10; columnNumber: 83; 在实体引用中, 实体名称必须紧跟在 '&' 后面。
	at com.sun.org.apache.xerces.internal.util.ErrorHandlerWrapper.createSAXParseException(ErrorHandlerWrapper.java:203)
	at com.sun.org.apache.xerces.internal.util.ErrorHandlerWrapper.fatalError(ErrorHandlerWrapper.java:177)
	at com.sun.org.apache.xerces.internal.impl.XMLErrorReporter.reportError(XMLErrorReporter.java:400)
	at com.sun.org.apache.xerces.internal.impl.XMLErrorReporter.reportError(XMLErrorReporter.java:327)
	at com.sun.org.apache.xerces.internal.impl.XMLScanner.reportFatalError(XMLScanner.java:1472)
	at com.sun.org.apache.xerces.internal.impl.XMLScanner.scanAttributeValue(XMLScanner.java:908)
	at com.sun.org.apache.xerces.internal.impl.XMLDocumentFragmentScannerImpl.scanAttribute(XMLDocumentFragmentScannerImpl.java:1548)
	at com.sun.org.apache.xerces.internal.impl.XMLDocumentFragmentScannerImpl.scanStartElement(XMLDocumentFragmentScannerImpl.java:1315)
	at com.sun.org.apache.xerces.internal.impl.XMLDocumentFragmentScannerImpl$FragmentContentDriver.next(XMLDocumentFragmentScannerImpl.java:2784)
	at com.sun.org.apache.xerces.internal.impl.XMLDocumentScannerImpl.next(XMLDocumentScannerImpl.java:602)
	at com.sun.org.apache.xerces.internal.impl.XMLDocumentFragmentScannerImpl.scanDocument(XMLDocumentFragmentScannerImpl.java:505)
	at com.sun.org.apache.xerces.internal.parsers.XML11Configuration.parse(XML11Configuration.java:841)
	at com.sun.org.apache.xerces.internal.parsers.XML11Configuration.parse(XML11Configuration.java:770)
	at com.sun.org.apache.xerces.internal.parsers.XMLParser.parse(XMLParser.java:141)
	at com.sun.org.apache.xerces.internal.parsers.DOMParser.parse(DOMParser.java:243)
	at com.sun.org.apache.xerces.internal.jaxp.DocumentBuilderImpl.parse(DocumentBuilderImpl.java:339)
	at org.eclipse.debug.internal.core.LaunchManager.createInfoFromXML(LaunchManager.java:935)
	at org.eclipse.debug.internal.core.LaunchManager.getInfo(LaunchManager.java:1359)
	at org.eclipse.debug.internal.core.LaunchConfiguration.getInfo(LaunchConfiguration.java:490)
	at org.eclipse.debug.internal.core.LaunchConfiguration.getType(LaunchConfiguration.java:645)
	at org.eclipse.debug.internal.core.LaunchManager.isValid(LaunchManager.java:2091)
	at org.eclipse.debug.internal.core.LaunchManager.verifyConfigurations(LaunchManager.java:2462)
	at org.eclipse.debug.internal.core.LaunchManager.getAllLaunchConfigurations(LaunchManager.java:1140)
	at org.eclipse.debug.internal.core.LaunchManager.getLaunchConfigurations(LaunchManager.java:1444)
	at org.eclipse.debug.internal.core.LaunchManager.getLaunchConfigurations(LaunchManager.java:1439)
	at org.eclipse.launchbar.core.internal.LaunchBarManager.init(LaunchBarManager.java:130)
	at org.eclipse.launchbar.core.internal.LaunchBarManager$1.run(LaunchBarManager.java:96)
	at org.eclipse.core.internal.jobs.Worker.run(Worker.java:63)

!ENTRY org.eclipse.debug.core 4 125 2026-07-28 11:20:40.646
!MESSAGE 调试核心所记录的错误：
!STACK 1
org.eclipse.debug.core.DebugException: 读取启动配置文件 F:\code\vibe_project\rollerball\M33\libraries\components\mtb-device-support-pse8xxgp\make\make\recipe\interface_version_4\Proj\any\&&_MTB_RECIPE__PRJ_NAME&& Program.launch 时发生了 org.xml.sax.SAXParseException; lineNumber: 10; columnNumber: 83; 在实体引用中, 实体名称必须紧跟在 '&' 后面。。
	at org.eclipse.debug.internal.core.LaunchManager.createDebugException(LaunchManager.java:886)
	at org.eclipse.debug.internal.core.LaunchManager.throwException(LaunchManager.java:2448)
	at org.eclipse.debug.internal.core.LaunchManager.getInfo(LaunchManager.java:1366)
	at org.eclipse.debug.internal.core.LaunchConfiguration.getInfo(LaunchConfiguration.java:490)
	at org.eclipse.debug.internal.core.LaunchConfiguration.getType(LaunchConfiguration.java:645)
	at org.eclipse.debug.internal.core.LaunchManager.isValid(LaunchManager.java:2091)
	at org.eclipse.debug.internal.core.LaunchManager.verifyConfigurations(LaunchManager.java:2462)
	at org.eclipse.debug.internal.core.LaunchManager.getAllLaunchConfigurations(LaunchManager.java:1140)
	at org.eclipse.debug.internal.core.LaunchManager.getLaunchConfigurations(LaunchManager.java:1444)
	at org.eclipse.debug.internal.core.LaunchManager.getLaunchConfigurations(LaunchManager.java:1439)
	at org.eclipse.launchbar.core.internal.LaunchBarManager.init(LaunchBarManager.java:130)
	at org.eclipse.launchbar.core.internal.LaunchBarManager$1.run(LaunchBarManager.java:96)
	at org.eclipse.core.internal.jobs.Worker.run(Worker.java:63)
Caused by: org.xml.sax.SAXParseException; lineNumber: 10; columnNumber: 83; 在实体引用中, 实体名称必须紧跟在 '&' 后面。
	at com.sun.org.apache.xerces.internal.util.ErrorHandlerWrapper.createSAXParseException(ErrorHandlerWrapper.java:203)
	at com.sun.org.apache.xerces.internal.util.ErrorHandlerWrapper.fatalError(ErrorHandlerWrapper.java:177)
	at com.sun.org.apache.xerces.internal.impl.XMLErrorReporter.reportError(XMLErrorReporter.java:400)
	at com.sun.org.apache.xerces.internal.impl.XMLErrorReporter.reportError(XMLErrorReporter.java:327)
	at com.sun.org.apache.xerces.internal.impl.XMLScanner.reportFatalError(XMLScanner.java:1472)
	at com.sun.org.apache.xerces.internal.impl.XMLScanner.scanAttributeValue(XMLScanner.java:908)
	at com.sun.org.apache.xerces.internal.impl.XMLDocumentFragmentScannerImpl.scanAttribute(XMLDocumentFragmentScannerImpl.java:1548)
	at com.sun.org.apache.xerces.internal.impl.XMLDocumentFragmentScannerImpl.scanStartElement(XMLDocumentFragmentScannerImpl.java:1315)
	at com.sun.org.apache.xerces.internal.impl.XMLDocumentFragmentScannerImpl$FragmentContentDriver.next(XMLDocumentFragmentScannerImpl.java:2784)
	at com.sun.org.apache.xerces.internal.impl.XMLDocumentScannerImpl.next(XMLDocumentScannerImpl.java:602)
	at com.sun.org.apache.xerces.internal.impl.XMLDocumentFragmentScannerImpl.scanDocument(XMLDocumentFragmentScannerImpl.java:505)
	at com.sun.org.apache.xerces.internal.parsers.XML11Configuration.parse(XML11Configuration.java:841)
	at com.sun.org.apache.xerces.internal.parsers.XML11Configuration.parse(XML11Configuration.java:770)
	at com.sun.org.apache.xerces.internal.parsers.XMLParser.parse(XMLParser.java:141)
	at com.sun.org.apache.xerces.internal.parsers.DOMParser.parse(DOMParser.java:243)
	at com.sun.org.apache.xerces.internal.jaxp.DocumentBuilderImpl.parse(DocumentBuilderImpl.java:339)
	at org.eclipse.debug.internal.core.LaunchManager.createInfoFromXML(LaunchManager.java:935)
	at org.eclipse.debug.internal.core.LaunchManager.getInfo(LaunchManager.java:1359)
	... 10 more
!SUBENTRY 1 org.eclipse.debug.core 4 5012 2026-07-28 11:20:40.646
!MESSAGE 读取启动配置文件 F:\code\vibe_project\rollerball\M33\libraries\components\mtb-device-support-pse8xxgp\make\make\recipe\interface_version_4\Proj\any\&&_MTB_RECIPE__PRJ_NAME&& Program.launch 时发生了 org.xml.sax.SAXParseException; lineNumber: 10; columnNumber: 83; 在实体引用中, 实体名称必须紧跟在 '&' 后面。。
!STACK 0
org.xml.sax.SAXParseException; lineNumber: 10; columnNumber: 83; 在实体引用中, 实体名称必须紧跟在 '&' 后面。
	at com.sun.org.apache.xerces.internal.util.ErrorHandlerWrapper.createSAXParseException(ErrorHandlerWrapper.java:203)
	at com.sun.org.apache.xerces.internal.util.ErrorHandlerWrapper.fatalError(ErrorHandlerWrapper.java:177)
	at com.sun.org.apache.xerces.internal.impl.XMLErrorReporter.reportError(XMLErrorReporter.java:400)
	at com.sun.org.apache.xerces.internal.impl.XMLErrorReporter.reportError(XMLErrorReporter.java:327)
	at com.sun.org.apache.xerces.internal.impl.XMLScanner.reportFatalError(XMLScanner.java:1472)
	at com.sun.org.apache.xerces.internal.impl.XMLScanner.scanAttributeValue(XMLScanner.java:908)
	at com.sun.org.apache.xerces.internal.impl.XMLDocumentFragmentScannerImpl.scanAttribute(XMLDocumentFragmentScannerImpl.java:1548)
	at com.sun.org.apache.xerces.internal.impl.XMLDocumentFragmentScannerImpl.scanStartElement(XMLDocumentFragmentScannerImpl.java:1315)
	at com.sun.org.apache.xerces.internal.impl.XMLDocumentFragmentScannerImpl$FragmentContentDriver.next(XMLDocumentFragmentScannerImpl.java:2784)
	at com.sun.org.apache.xerces.internal.impl.XMLDocumentScannerImpl.next(XMLDocumentScannerImpl.java:602)
	at com.sun.org.apache.xerces.internal.impl.XMLDocumentFragmentScannerImpl.scanDocument(XMLDocumentFragmentScannerImpl.java:505)
	at com.sun.org.apache.xerces.internal.parsers.XML11Configuration.parse(XML11Configuration.java:841)
	at com.sun.org.apache.xerces.internal.parsers.XML11Configuration.parse(XML11Configuration.java:770)
	at com.sun.org.apache.xerces.internal.parsers.XMLParser.parse(XMLParser.java:141)
	at com.sun.org.apache.xerces.internal.parsers.DOMParser.parse(DOMParser.java:243)
	at com.sun.org.apache.xerces.internal.jaxp.DocumentBuilderImpl.parse(DocumentBuilderImpl.java:339)
	at org.eclipse.debug.internal.core.LaunchManager.createInfoFromXML(LaunchManager.java:935)
	at org.eclipse.debug.internal.core.LaunchManager.getInfo(LaunchManager.java:1359)
	at org.eclipse.debug.internal.core.LaunchConfiguration.getInfo(LaunchConfiguration.java:490)
	at org.eclipse.debug.internal.core.LaunchConfiguration.getType(LaunchConfiguration.java:645)
	at org.eclipse.debug.internal.core.LaunchManager.isValid(LaunchManager.java:2091)
	at org.eclipse.debug.internal.core.LaunchManager.verifyConfigurations(LaunchManager.java:2462)
	at org.eclipse.debug.internal.core.LaunchManager.getAllLaunchConfigurations(LaunchManager.java:1140)
	at org.eclipse.debug.internal.core.LaunchManager.getLaunchConfigurations(LaunchManager.java:1444)
	at org.eclipse.debug.internal.core.LaunchManager.getLaunchConfigurations(LaunchManager.java:1439)
	at org.eclipse.launchbar.core.internal.LaunchBarManager.init(LaunchBarManager.java:130)
	at org.eclipse.launchbar.core.internal.LaunchBarManager$1.run(LaunchBarManager.java:96)
	at org.eclipse.core.internal.jobs.Worker.run(Worker.java:63)

!ENTRY org.eclipse.debug.core 4 125 2026-07-28 11:20:40.650
!MESSAGE 调试核心所记录的错误：
!STACK 1
org.eclipse.debug.core.DebugException: 读取启动配置文件 F:\code\vibe_project\rollerball\M33\libraries\components\mtb-device-support-pse8xxgp\make\make\recipe\interface_version_4\Proj\combine_sign\Program.launch 时发生了 org.xml.sax.SAXParseException; lineNumber: 10; columnNumber: 83; 在实体引用中, 实体名称必须紧跟在 '&' 后面。。
	at org.eclipse.debug.internal.core.LaunchManager.createDebugException(LaunchManager.java:886)
	at org.eclipse.debug.internal.core.LaunchManager.throwException(LaunchManager.java:2448)
	at org.eclipse.debug.internal.core.LaunchManager.getInfo(LaunchManager.java:1366)
	at org.eclipse.debug.internal.core.LaunchConfiguration.getInfo(LaunchConfiguration.java:490)
	at org.eclipse.debug.internal.core.LaunchConfiguration.getType(LaunchConfiguration.java:645)
	at org.eclipse.debug.internal.core.LaunchManager.isValid(LaunchManager.java:2091)
	at org.eclipse.debug.internal.core.LaunchManager.verifyConfigurations(LaunchManager.java:2462)
	at org.eclipse.debug.internal.core.LaunchManager.getAllLaunchConfigurations(LaunchManager.java:1140)
	at org.eclipse.debug.internal.core.LaunchManager.getLaunchConfigurations(LaunchManager.java:1444)
	at org.eclipse.debug.internal.core.LaunchManager.getLaunchConfigurations(LaunchManager.java:1439)
	at org.eclipse.launchbar.core.internal.LaunchBarManager.init(LaunchBarManager.java:130)
	at org.eclipse.launchbar.core.internal.LaunchBarManager$1.run(LaunchBarManager.java:96)
	at org.eclipse.core.internal.jobs.Worker.run(Worker.java:63)
Caused by: org.xml.sax.SAXParseException; lineNumber: 10; columnNumber: 83; 在实体引用中, 实体名称必须紧跟在 '&' 后面。
	at com.sun.org.apache.xerces.internal.util.ErrorHandlerWrapper.createSAXParseException(ErrorHandlerWrapper.java:203)
	at com.sun.org.apache.xerces.internal.util.ErrorHandlerWrapper.fatalError(ErrorHandlerWrapper.java:177)
	at com.sun.org.apache.xerces.internal.impl.XMLErrorReporter.reportError(XMLErrorReporter.java:400)
	at com.sun.org.apache.xerces.internal.impl.XMLErrorReporter.reportError(XMLErrorReporter.java:327)
	at com.sun.org.apache.xerces.internal.impl.XMLScanner.reportFatalError(XMLScanner.java:1472)
	at com.sun.org.apache.xerces.internal.impl.XMLScanner.scanAttributeValue(XMLScanner.java:908)
	at com.sun.org.apache.xerces.internal.impl.XMLDocumentFragmentScannerImpl.scanAttribute(XMLDocumentFragmentScannerImpl.java:1548)
	at com.sun.org.apache.xerces.internal.impl.XMLDocumentFragmentScannerImpl.scanStartElement(XMLDocumentFragmentScannerImpl.java:1315)
	at com.sun.org.apache.xerces.internal.impl.XMLDocumentFragmentScannerImpl$FragmentContentDriver.next(XMLDocumentFragmentScannerImpl.java:2784)
	at com.sun.org.apache.xerces.internal.impl.XMLDocumentScannerImpl.next(XMLDocumentScannerImpl.java:602)
	at com.sun.org.apache.xerces.internal.impl.XMLDocumentFragmentScannerImpl.scanDocument(XMLDocumentFragmentScannerImpl.java:505)
	at com.sun.org.apache.xerces.internal.parsers.XML11Configuration.parse(XML11Configuration.java:841)
	at com.sun.org.apache.xerces.internal.parsers.XML11Configuration.parse(XML11Configuration.java:770)
	at com.sun.org.apache.xerces.internal.parsers.XMLParser.parse(XMLParser.java:141)
	at com.sun.org.apache.xerces.internal.parsers.DOMParser.parse(DOMParser.java:243)
	at com.sun.org.apache.xerces.internal.jaxp.DocumentBuilderImpl.parse(DocumentBuilderImpl.java:339)
	at org.eclipse.debug.internal.core.LaunchManager.createInfoFromXML(LaunchManager.java:935)
	at org.eclipse.debug.internal.core.LaunchManager.getInfo(LaunchManager.java:1359)
	... 10 more
!SUBENTRY 1 org.eclipse.debug.core 4 5012 2026-07-28 11:20:40.650
!MESSAGE 读取启动配置文件 F:\code\vibe_project\rollerball\M33\libraries\components\mtb-device-support-pse8xxgp\make\make\recipe\interface_version_4\Proj\combine_sign\Program.launch 时发生了 org.xml.sax.SAXParseException; lineNumber: 10; columnNumber: 83; 在实体引用中, 实体名称必须紧跟在 '&' 后面。。
!STACK 0
org.xml.sax.SAXParseException; lineNumber: 10; columnNumber: 83; 在实体引用中, 实体名称必须紧跟在 '&' 后面。
	at com.sun.org.apache.xerces.internal.util.ErrorHandlerWrapper.createSAXParseException(ErrorHandlerWrapper.java:203)
	at com.sun.org.apache.xerces.internal.util.ErrorHandlerWrapper.fatalError(ErrorHandlerWrapper.java:177)
	at com.sun.org.apache.xerces.internal.impl.XMLErrorReporter.reportError(XMLErrorReporter.java:400)
	at com.sun.org.apache.xerces.internal.impl.XMLErrorReporter.reportError(XMLErrorReporter.java:327)
	at com.sun.org.apache.xerces.internal.impl.XMLScanner.reportFatalError(XMLScanner.java:1472)
	at com.sun.org.apache.xerces.internal.impl.XMLScanner.scanAttributeValue(XMLScanner.java:908)
	at com.sun.org.apache.xerces.internal.impl.XMLDocumentFragmentScannerImpl.scanAttribute(XMLDocumentFragmentScannerImpl.java:1548)
	at com.sun.org.apache.xerces.internal.impl.XMLDocumentFragmentScannerImpl.scanStartElement(XMLDocumentFragmentScannerImpl.java:1315)
	at com.sun.org.apache.xerces.internal.impl.XMLDocumentFragmentScannerImpl$FragmentContentDriver.next(XMLDocumentFragmentScannerImpl.java:2784)
	at com.sun.org.apache.xerces.internal.impl.XMLDocumentScannerImpl.next(XMLDocumentScannerImpl.java:602)
	at com.sun.org.apache.xerces.internal.impl.XMLDocumentFragmentScannerImpl.scanDocument(XMLDocumentFragmentScannerImpl.java:505)
	at com.sun.org.apache.xerces.internal.parsers.XML11Configuration.parse(XML11Configuration.java:841)
	at com.sun.org.apache.xerces.internal.parsers.XML11Configuration.parse(XML11Configuration.java:770)
	at com.sun.org.apache.xerces.internal.parsers.XMLParser.parse(XMLParser.java:141)
	at com.sun.org.apache.xerces.internal.parsers.DOMParser.parse(DOMParser.java:243)
	at com.sun.org.apache.xerces.internal.jaxp.DocumentBuilderImpl.parse(DocumentBuilderImpl.java:339)
	at org.eclipse.debug.internal.core.LaunchManager.createInfoFromXML(LaunchManager.java:935)
	at org.eclipse.debug.internal.core.LaunchManager.getInfo(LaunchManager.java:1359)
	at org.eclipse.debug.internal.core.LaunchConfiguration.getInfo(LaunchConfiguration.java:490)
	at org.eclipse.debug.internal.core.LaunchConfiguration.getType(LaunchConfiguration.java:645)
	at org.eclipse.debug.internal.core.LaunchManager.isValid(LaunchManager.java:2091)
	at org.eclipse.debug.internal.core.LaunchManager.verifyConfigurations(LaunchManager.java:2462)
	at org.eclipse.debug.internal.core.LaunchManager.getAllLaunchConfigurations(LaunchManager.java:1140)
	at org.eclipse.debug.internal.core.LaunchManager.getLaunchConfigurations(LaunchManager.java:1444)
	at org.eclipse.debug.internal.core.LaunchManager.getLaunchConfigurations(LaunchManager.java:1439)
	at org.eclipse.launchbar.core.internal.LaunchBarManager.init(LaunchBarManager.java:130)
	at org.eclipse.launchbar.core.internal.LaunchBarManager$1.run(LaunchBarManager.java:96)
	at org.eclipse.core.internal.jobs.Worker.run(Worker.java:63)

!ENTRY org.eclipse.debug.core 4 125 2026-07-28 11:20:40.654
!MESSAGE 调试核心所记录的错误：
!STACK 1
org.eclipse.debug.core.DebugException: 读取启动配置文件 F:\code\vibe_project\rollerball\M33\libraries\components\mtb-device-support-pse8xxgp\make\make\recipe\interface_version_4\Proj\single\external\&&_MTB_RECIPE__PRJ_NAME&& Erase All.launch 时发生了 org.xml.sax.SAXParseException; lineNumber: 11; columnNumber: 83; 在实体引用中, 实体名称必须紧跟在 '&' 后面。。
	at org.eclipse.debug.internal.core.LaunchManager.createDebugException(LaunchManager.java:886)
	at org.eclipse.debug.internal.core.LaunchManager.throwException(LaunchManager.java:2448)
	at org.eclipse.debug.internal.core.LaunchManager.getInfo(LaunchManager.java:1366)
	at org.eclipse.debug.internal.core.LaunchConfiguration.getInfo(LaunchConfiguration.java:490)
	at org.eclipse.debug.internal.core.LaunchConfiguration.getType(LaunchConfiguration.java:645)
	at org.eclipse.debug.internal.core.LaunchManager.isValid(LaunchManager.java:2091)
	at org.eclipse.debug.internal.core.LaunchManager.verifyConfigurations(LaunchManager.java:2462)
	at org.eclipse.debug.internal.core.LaunchManager.getAllLaunchConfigurations(LaunchManager.java:1140)
	at org.eclipse.debug.internal.core.LaunchManager.getLaunchConfigurations(LaunchManager.java:1444)
	at org.eclipse.debug.internal.core.LaunchManager.getLaunchConfigurations(LaunchManager.java:1439)
	at org.eclipse.launchbar.core.internal.LaunchBarManager.init(LaunchBarManager.java:130)
	at org.eclipse.launchbar.core.internal.LaunchBarManager$1.run(LaunchBarManager.java:96)
	at org.eclipse.core.internal.jobs.Worker.run(Worker.java:63)
Caused by: org.xml.sax.SAXParseException; lineNumber: 11; columnNumber: 83; 在实体引用中, 实体名称必须紧跟在 '&' 后面。
	at com.sun.org.apache.xerces.internal.util.ErrorHandlerWrapper.createSAXParseException(ErrorHandlerWrapper.java:203)
	at com.sun.org.apache.xerces.internal.util.ErrorHandlerWrapper.fatalError(ErrorHandlerWrapper.java:177)
	at com.sun.org.apache.xerces.internal.impl.XMLErrorReporter.reportError(XMLErrorReporter.java:400)
	at com.sun.org.apache.xerces.internal.impl.XMLErrorReporter.reportError(XMLErrorReporter.java:327)
	at com.sun.org.apache.xerces.internal.impl.XMLScanner.reportFatalError(XMLScanner.java:1472)
	at com.sun.org.apache.xerces.internal.impl.XMLScanner.scanAttributeValue(XMLScanner.java:908)
	at com.sun.org.apache.xerces.internal.impl.XMLDocumentFragmentScannerImpl.scanAttribute(XMLDocumentFragmentScannerImpl.java:1548)
	at com.sun.org.apache.xerces.internal.impl.XMLDocumentFragmentScannerImpl.scanStartElement(XMLDocumentFragmentScannerImpl.java:1315)
	at com.sun.org.apache.xerces.internal.impl.XMLDocumentFragmentScannerImpl$FragmentContentDriver.next(XMLDocumentFragmentScannerImpl.java:2784)
	at com.sun.org.apache.xerces.internal.impl.XMLDocumentScannerImpl.next(XMLDocumentScannerImpl.java:602)
	at com.sun.org.apache.xerces.internal.impl.XMLDocumentFragmentScannerImpl.scanDocument(XMLDocumentFragmentScannerImpl.java:505)
	at com.sun.org.apache.xerces.internal.parsers.XML11Configuration.parse(XML11Configuration.java:841)
	at com.sun.org.apache.xerces.internal.parsers.XML11Configuration.parse(XML11Configuration.java:770)
	at com.sun.org.apache.xerces.internal.parsers.XMLParser.parse(XMLParser.java:141)
	at com.sun.org.apache.xerces.internal.parsers.DOMParser.parse(DOMParser.java:243)
	at com.sun.org.apache.xerces.internal.jaxp.DocumentBuilderImpl.parse(DocumentBuilderImpl.java:339)
	at org.eclipse.debug.internal.core.LaunchManager.createInfoFromXML(LaunchManager.java:935)
	at org.eclipse.debug.internal.core.LaunchManager.getInfo(LaunchManager.java:1359)
	... 10 more
!SUBENTRY 1 org.eclipse.debug.core 4 5012 2026-07-28 11:20:40.654
!MESSAGE 读取启动配置文件 F:\code\vibe_project\rollerball\M33\libraries\components\mtb-device-support-pse8xxgp\make\make\recipe\interface_version_4\Proj\single\external\&&_MTB_RECIPE__PRJ_NAME&& Erase All.launch 时发生了 org.xml.sax.SAXParseException; lineNumber: 11; columnNumber: 83; 在实体引用中, 实体名称必须紧跟在 '&' 后面。。
!STACK 0
org.xml.sax.SAXParseException; lineNumber: 11; columnNumber: 83; 在实体引用中, 实体名称必须紧跟在 '&' 后面。
	at com.sun.org.apache.xerces.internal.util.ErrorHandlerWrapper.createSAXParseException(ErrorHandlerWrapper.java:203)
	at com.sun.org.apache.xerces.internal.util.ErrorHandlerWrapper.fatalError(ErrorHandlerWrapper.java:177)
	at com.sun.org.apache.xerces.internal.impl.XMLErrorReporter.reportError(XMLErrorReporter.java:400)
	at com.sun.org.apache.xerces.internal.impl.XMLErrorReporter.reportError(XMLErrorReporter.java:327)
	at com.sun.org.apache.xerces.internal.impl.XMLScanner.reportFatalError(XMLScanner.java:1472)
	at com.sun.org.apache.xerces.internal.impl.XMLScanner.scanAttributeValue(XMLScanner.java:908)
	at com.sun.org.apache.xerces.internal.impl.XMLDocumentFragmentScannerImpl.scanAttribute(XMLDocumentFragmentScannerImpl.java:1548)
	at com.sun.org.apache.xerces.internal.impl.XMLDocumentFragmentScannerImpl.scanStartElement(XMLDocumentFragmentScannerImpl.java:1315)
	at com.sun.org.apache.xerces.internal.impl.XMLDocumentFragmentScannerImpl$FragmentContentDriver.next(XMLDocumentFragmentScannerImpl.java:2784)
	at com.sun.org.apache.xerces.internal.impl.XMLDocumentScannerImpl.next(XMLDocumentScannerImpl.java:602)
	at com.sun.org.apache.xerces.internal.impl.XMLDocumentFragmentScannerImpl.scanDocument(XMLDocumentFragmentScannerImpl.java:505)
	at com.sun.org.apache.xerces.internal.parsers.XML11Configuration.parse(XML11Configuration.java:841)
	at com.sun.org.apache.xerces.internal.parsers.XML11Configuration.parse(XML11Configuration.java:770)
	at com.sun.org.apache.xerces.internal.parsers.XMLParser.parse(XMLParser.java:141)
	at com.sun.org.apache.xerces.internal.parsers.DOMParser.parse(DOMParser.java:243)
	at com.sun.org.apache.xerces.internal.jaxp.DocumentBuilderImpl.parse(DocumentBuilderImpl.java:339)
	at org.eclipse.debug.internal.core.LaunchManager.createInfoFromXML(LaunchManager.java:935)
	at org.eclipse.debug.internal.core.LaunchManager.getInfo(LaunchManager.java:1359)
	at org.eclipse.debug.internal.core.LaunchConfiguration.getInfo(LaunchConfiguration.java:490)
	at org.eclipse.debug.internal.core.LaunchConfiguration.getType(LaunchConfiguration.java:645)
	at org.eclipse.debug.internal.core.LaunchManager.isValid(LaunchManager.java:2091)
	at org.eclipse.debug.internal.core.LaunchManager.verifyConfigurations(LaunchManager.java:2462)
	at org.eclipse.debug.internal.core.LaunchManager.getAllLaunchConfigurations(LaunchManager.java:1140)
	at org.eclipse.debug.internal.core.LaunchManager.getLaunchConfigurations(LaunchManager.java:1444)
	at org.eclipse.debug.internal.core.LaunchManager.getLaunchConfigurations(LaunchManager.java:1439)
	at org.eclipse.launchbar.core.internal.LaunchBarManager.init(LaunchBarManager.java:130)
	at org.eclipse.launchbar.core.internal.LaunchBarManager$1.run(LaunchBarManager.java:96)
	at org.eclipse.core.internal.jobs.Worker.run(Worker.java:63)

!ENTRY org.eclipse.debug.core 4 125 2026-07-28 11:20:40.656
!MESSAGE 调试核心所记录的错误：
!STACK 1
org.eclipse.debug.core.DebugException: 读取启动配置文件 F:\code\vibe_project\rollerball\M33\libraries\components\mtb-device-support-pse8xxgp\make\make\recipe\interface_version_4\Proj\single\internal\&&_MTB_RECIPE__PRJ_NAME&& Erase Device.launch 时发生了 org.xml.sax.SAXParseException; lineNumber: 11; columnNumber: 83; 在实体引用中, 实体名称必须紧跟在 '&' 后面。。
	at org.eclipse.debug.internal.core.LaunchManager.createDebugException(LaunchManager.java:886)
	at org.eclipse.debug.internal.core.LaunchManager.throwException(LaunchManager.java:2448)
	at org.eclipse.debug.internal.core.LaunchManager.getInfo(LaunchManager.java:1366)
	at org.eclipse.debug.internal.core.LaunchConfiguration.getInfo(LaunchConfiguration.java:490)
	at org.eclipse.debug.internal.core.LaunchConfiguration.getType(LaunchConfiguration.java:645)
	at org.eclipse.debug.internal.core.LaunchManager.isValid(LaunchManager.java:2091)
	at org.eclipse.debug.internal.core.LaunchManager.verifyConfigurations(LaunchManager.java:2462)
	at org.eclipse.debug.internal.core.LaunchManager.getAllLaunchConfigurations(LaunchManager.java:1140)
	at org.eclipse.debug.internal.core.LaunchManager.getLaunchConfigurations(LaunchManager.java:1444)
	at org.eclipse.debug.internal.core.LaunchManager.getLaunchConfigurations(LaunchManager.java:1439)
	at org.eclipse.launchbar.core.internal.LaunchBarManager.init(LaunchBarManager.java:130)
	at org.eclipse.launchbar.core.internal.LaunchBarManager$1.run(LaunchBarManager.java:96)
	at org.eclipse.core.internal.jobs.Worker.run(Worker.java:63)
Caused by: org.xml.sax.SAXParseException; lineNumber: 11; columnNumber: 83; 在实体引用中, 实体名称必须紧跟在 '&' 后面。
	at com.sun.org.apache.xerces.internal.util.ErrorHandlerWrapper.createSAXParseException(ErrorHandlerWrapper.java:203)
	at com.sun.org.apache.xerces.internal.util.ErrorHandlerWrapper.fatalError(ErrorHandlerWrapper.java:177)
	at com.sun.org.apache.xerces.internal.impl.XMLErrorReporter.reportError(XMLErrorReporter.java:400)
	at com.sun.org.apache.xerces.internal.impl.XMLErrorReporter.reportError(XMLErrorReporter.java:327)
	at com.sun.org.apache.xerces.internal.impl.XMLScanner.reportFatalError(XMLScanner.java:1472)
	at com.sun.org.apache.xerces.internal.impl.XMLScanner.scanAttributeValue(XMLScanner.java:908)
	at com.sun.org.apache.xerces.internal.impl.XMLDocumentFragmentScannerImpl.scanAttribute(XMLDocumentFragmentScannerImpl.java:1548)
	at com.sun.org.apache.xerces.internal.impl.XMLDocumentFragmentScannerImpl.scanStartElement(XMLDocumentFragmentScannerImpl.java:1315)
	at com.sun.org.apache.xerces.internal.impl.XMLDocumentFragmentScannerImpl$FragmentContentDriver.next(XMLDocumentFragmentScannerImpl.java:2784)
	at com.sun.org.apache.xerces.internal.impl.XMLDocumentScannerImpl.next(XMLDocumentScannerImpl.java:602)
	at com.sun.org.apache.xerces.internal.impl.XMLDocumentFragmentScannerImpl.scanDocument(XMLDocumentFragmentScannerImpl.java:505)
	at com.sun.org.apache.xerces.internal.parsers.XML11Configuration.parse(XML11Configuration.java:841)
	at com.sun.org.apache.xerces.internal.parsers.XML11Configuration.parse(XML11Configuration.java:770)
	at com.sun.org.apache.xerces.internal.parsers.XMLParser.parse(XMLParser.java:141)
	at com.sun.org.apache.xerces.internal.parsers.DOMParser.parse(DOMParser.java:243)
	at com.sun.org.apache.xerces.internal.jaxp.DocumentBuilderImpl.parse(DocumentBuilderImpl.java:339)
	at org.eclipse.debug.internal.core.LaunchManager.createInfoFromXML(LaunchManager.java:935)
	at org.eclipse.debug.internal.core.LaunchManager.getInfo(LaunchManager.java:1359)
	... 10 more
!SUBENTRY 1 org.eclipse.debug.core 4 5012 2026-07-28 11:20:40.656
!MESSAGE 读取启动配置文件 F:\code\vibe_project\rollerball\M33\libraries\components\mtb-device-support-pse8xxgp\make\make\recipe\interface_version_4\Proj\single\internal\&&_MTB_RECIPE__PRJ_NAME&& Erase Device.launch 时发生了 org.xml.sax.SAXParseException; lineNumber: 11; columnNumber: 83; 在实体引用中, 实体名称必须紧跟在 '&' 后面。。
!STACK 0
org.xml.sax.SAXParseException; lineNumber: 11; columnNumber: 83; 在实体引用中, 实体名称必须紧跟在 '&' 后面。
	at com.sun.org.apache.xerces.internal.util.ErrorHandlerWrapper.createSAXParseException(ErrorHandlerWrapper.java:203)
	at com.sun.org.apache.xerces.internal.util.ErrorHandlerWrapper.fatalError(ErrorHandlerWrapper.java:177)
	at com.sun.org.apache.xerces.internal.impl.XMLErrorReporter.reportError(XMLErrorReporter.java:400)
	at com.sun.org.apache.xerces.internal.impl.XMLErrorReporter.reportError(XMLErrorReporter.java:327)
	at com.sun.org.apache.xerces.internal.impl.XMLScanner.reportFatalError(XMLScanner.java:1472)
	at com.sun.org.apache.xerces.internal.impl.XMLScanner.scanAttributeValue(XMLScanner.java:908)
	at com.sun.org.apache.xerces.internal.impl.XMLDocumentFragmentScannerImpl.scanAttribute(XMLDocumentFragmentScannerImpl.java:1548)
	at com.sun.org.apache.xerces.internal.impl.XMLDocumentFragmentScannerImpl.scanStartElement(XMLDocumentFragmentScannerImpl.java:1315)
	at com.sun.org.apache.xerces.internal.impl.XMLDocumentFragmentScannerImpl$FragmentContentDriver.next(XMLDocumentFragmentScannerImpl.java:2784)
	at com.sun.org.apache.xerces.internal.impl.XMLDocumentScannerImpl.next(XMLDocumentScannerImpl.java:602)
	at com.sun.org.apache.xerces.internal.impl.XMLDocumentFragmentScannerImpl.scanDocument(XMLDocumentFragmentScannerImpl.java:505)
	at com.sun.org.apache.xerces.internal.parsers.XML11Configuration.parse(XML11Configuration.java:841)
	at com.sun.org.apache.xerces.internal.parsers.XML11Configuration.parse(XML11Configuration.java:770)
	at com.sun.org.apache.xerces.internal.parsers.XMLParser.parse(XMLParser.java:141)
	at com.sun.org.apache.xerces.internal.parsers.DOMParser.parse(DOMParser.java:243)
	at com.sun.org.apache.xerces.internal.jaxp.DocumentBuilderImpl.parse(DocumentBuilderImpl.java:339)
	at org.eclipse.debug.internal.core.LaunchManager.createInfoFromXML(LaunchManager.java:935)
	at org.eclipse.debug.internal.core.LaunchManager.getInfo(LaunchManager.java:1359)
	at org.eclipse.debug.internal.core.LaunchConfiguration.getInfo(LaunchConfiguration.java:490)
	at org.eclipse.debug.internal.core.LaunchConfiguration.getType(LaunchConfiguration.java:645)
	at org.eclipse.debug.internal.core.LaunchManager.isValid(LaunchManager.java:2091)
	at org.eclipse.debug.internal.core.LaunchManager.verifyConfigurations(LaunchManager.java:2462)
	at org.eclipse.debug.internal.core.LaunchManager.getAllLaunchConfigurations(LaunchManager.java:1140)
	at org.eclipse.debug.internal.core.LaunchManager.getLaunchConfigurations(LaunchManager.java:1444)
	at org.eclipse.debug.internal.core.LaunchManager.getLaunchConfigurations(LaunchManager.java:1439)
	at org.eclipse.launchbar.core.internal.LaunchBarManager.init(LaunchBarManager.java:130)
	at org.eclipse.launchbar.core.internal.LaunchBarManager$1.run(LaunchBarManager.java:96)
	at org.eclipse.core.internal.jobs.Worker.run(Worker.java:63)

!ENTRY org.eclipse.debug.core 4 125 2026-07-28 11:20:40.658
!MESSAGE 调试核心所记录的错误：
!STACK 1
org.eclipse.debug.core.DebugException: 读取启动配置文件 F:\code\vibe_project\rollerball\M33\libraries\components\mtb-device-support-pse8xxgp\make\make\scripts\interface_version_3\eclipse\Application\flash\_normal\JLink\&&_APP_NAME&& Debug RAM MultiCore (JLink).launch 时发生了 org.xml.sax.SAXParseException; lineNumber: 3; columnNumber: 66; 在实体引用中, 实体名称必须紧跟在 '&' 后面。。
	at org.eclipse.debug.internal.core.LaunchManager.createDebugException(LaunchManager.java:886)
	at org.eclipse.debug.internal.core.LaunchManager.throwException(LaunchManager.java:2448)
	at org.eclipse.debug.internal.core.LaunchManager.getInfo(LaunchManager.java:1366)
	at org.eclipse.debug.internal.core.LaunchConfiguration.getInfo(LaunchConfiguration.java:490)
	at org.eclipse.debug.internal.core.LaunchConfiguration.getType(LaunchConfiguration.java:645)
	at org.eclipse.debug.internal.core.LaunchManager.isValid(LaunchManager.java:2091)
	at org.eclipse.debug.internal.core.LaunchManager.verifyConfigurations(LaunchManager.java:2462)
	at org.eclipse.debug.internal.core.LaunchManager.getAllLaunchConfigurations(LaunchManager.java:1140)
	at org.eclipse.debug.internal.core.LaunchManager.getLaunchConfigurations(LaunchManager.java:1444)
	at org.eclipse.debug.internal.core.LaunchManager.getLaunchConfigurations(LaunchManager.java:1439)
	at org.eclipse.launchbar.core.internal.LaunchBarManager.init(LaunchBarManager.java:130)
	at org.eclipse.launchbar.core.internal.LaunchBarManager$1.run(LaunchBarManager.java:96)
	at org.eclipse.core.internal.jobs.Worker.run(Worker.java:63)
Caused by: org.xml.sax.SAXParseException; lineNumber: 3; columnNumber: 66; 在实体引用中, 实体名称必须紧跟在 '&' 后面。
	at com.sun.org.apache.xerces.internal.util.ErrorHandlerWrapper.createSAXParseException(ErrorHandlerWrapper.java:203)
	at com.sun.org.apache.xerces.internal.util.ErrorHandlerWrapper.fatalError(ErrorHandlerWrapper.java:177)
	at com.sun.org.apache.xerces.internal.impl.XMLErrorReporter.reportError(XMLErrorReporter.java:400)
	at com.sun.org.apache.xerces.internal.impl.XMLErrorReporter.reportError(XMLErrorReporter.java:327)
	at com.sun.org.apache.xerces.internal.impl.XMLScanner.reportFatalError(XMLScanner.java:1472)
	at com.sun.org.apache.xerces.internal.impl.XMLScanner.scanAttributeValue(XMLScanner.java:908)
	at com.sun.org.apache.xerces.internal.impl.XMLDocumentFragmentScannerImpl.scanAttribute(XMLDocumentFragmentScannerImpl.java:1548)
	at com.sun.org.apache.xerces.internal.impl.XMLDocumentFragmentScannerImpl.scanStartElement(XMLDocumentFragmentScannerImpl.java:1315)
	at com.sun.org.apache.xerces.internal.impl.XMLDocumentFragmentScannerImpl$FragmentContentDriver.next(XMLDocumentFragmentScannerImpl.java:2784)
	at com.sun.org.apache.xerces.internal.impl.XMLDocumentScannerImpl.next(XMLDocumentScannerImpl.java:602)
	at com.sun.org.apache.xerces.internal.impl.XMLDocumentFragmentScannerImpl.scanDocument(XMLDocumentFragmentScannerImpl.java:505)
	at com.sun.org.apache.xerces.internal.parsers.XML11Configuration.parse(XML11Configuration.java:841)
	at com.sun.org.apache.xerces.internal.parsers.XML11Configuration.parse(XML11Configuration.java:770)
	at com.sun.org.apache.xerces.internal.parsers.XMLParser.parse(XMLParser.java:141)
	at com.sun.org.apache.xerces.internal.parsers.DOMParser.parse(DOMParser.java:243)
	at com.sun.org.apache.xerces.internal.jaxp.DocumentBuilderImpl.parse(DocumentBuilderImpl.java:339)
	at org.eclipse.debug.internal.core.LaunchManager.createInfoFromXML(LaunchManager.java:935)
	at org.eclipse.debug.internal.core.LaunchManager.getInfo(LaunchManager.java:1359)
	... 10 more
!SUBENTRY 1 org.eclipse.debug.core 4 5012 2026-07-28 11:20:40.658
!MESSAGE 读取启动配置文件 F:\code\vibe_project\rollerball\M33\libraries\components\mtb-device-support-pse8xxgp\make\make\scripts\interface_version_3\eclipse\Application\flash\_normal\JLink\&&_APP_NAME&& Debug RAM MultiCore (JLink).launch 时发生了 org.xml.sax.SAXParseException; lineNumber: 3; columnNumber: 66; 在实体引用中, 实体名称必须紧跟在 '&' 后面。。
!STACK 0
org.xml.sax.SAXParseException; lineNumber: 3; columnNumber: 66; 在实体引用中, 实体名称必须紧跟在 '&' 后面。
	at com.sun.org.apache.xerces.internal.util.ErrorHandlerWrapper.createSAXParseException(ErrorHandlerWrapper.java:203)
	at com.sun.org.apache.xerces.internal.util.ErrorHandlerWrapper.fatalError(ErrorHandlerWrapper.java:177)
	at com.sun.org.apache.xerces.internal.impl.XMLErrorReporter.reportError(XMLErrorReporter.java:400)
	at com.sun.org.apache.xerces.internal.impl.XMLErrorReporter.reportError(XMLErrorReporter.java:327)
	at com.sun.org.apache.xerces.internal.impl.XMLScanner.reportFatalError(XMLScanner.java:1472)
	at com.sun.org.apache.xerces.internal.impl.XMLScanner.scanAttributeValue(XMLScanner.java:908)
	at com.sun.org.apache.xerces.internal.impl.XMLDocumentFragmentScannerImpl.scanAttribute(XMLDocumentFragmentScannerImpl.java:1548)
	at com.sun.org.apache.xerces.internal.impl.XMLDocumentFragmentScannerImpl.scanStartElement(XMLDocumentFragmentScannerImpl.java:1315)
	at com.sun.org.apache.xerces.internal.impl.XMLDocumentFragmentScannerImpl$FragmentContentDriver.next(XMLDocumentFragmentScannerImpl.java:2784)
	at com.sun.org.apache.xerces.internal.impl.XMLDocumentScannerImpl.next(XMLDocumentScannerImpl.java:602)
	at com.sun.org.apache.xerces.internal.impl.XMLDocumentFragmentScannerImpl.scanDocument(XMLDocumentFragmentScannerImpl.java:505)
	at com.sun.org.apache.xerces.internal.parsers.XML11Configuration.parse(XML11Configuration.java:841)
	at com.sun.org.apache.xerces.internal.parsers.XML11Configuration.parse(XML11Configuration.java:770)
	at com.sun.org.apache.xerces.internal.parsers.XMLParser.parse(XMLParser.java:141)
	at com.sun.org.apache.xerces.internal.parsers.DOMParser.parse(DOMParser.java:243)
	at com.sun.org.apache.xerces.internal.jaxp.DocumentBuilderImpl.parse(DocumentBuilderImpl.java:339)
	at org.eclipse.debug.internal.core.LaunchManager.createInfoFromXML(LaunchManager.java:935)
	at org.eclipse.debug.internal.core.LaunchManager.getInfo(LaunchManager.java:1359)
	at org.eclipse.debug.internal.core.LaunchConfiguration.getInfo(LaunchConfiguration.java:490)
	at org.eclipse.debug.internal.core.LaunchConfiguration.getType(LaunchConfiguration.java:645)
	at org.eclipse.debug.internal.core.LaunchManager.isValid(LaunchManager.java:2091)
	at org.eclipse.debug.internal.core.LaunchManager.verifyConfigurations(LaunchManager.java:2462)
	at org.eclipse.debug.internal.core.LaunchManager.getAllLaunchConfigurations(LaunchManager.java:1140)
	at org.eclipse.debug.internal.core.LaunchManager.getLaunchConfigurations(LaunchManager.java:1444)
	at org.eclipse.debug.internal.core.LaunchManager.getLaunchConfigurations(LaunchManager.java:1439)
	at org.eclipse.launchbar.core.internal.LaunchBarManager.init(LaunchBarManager.java:130)
	at org.eclipse.launchbar.core.internal.LaunchBarManager$1.run(LaunchBarManager.java:96)
	at org.eclipse.core.internal.jobs.Worker.run(Worker.java:63)

!ENTRY org.eclipse.debug.core 4 125 2026-07-28 11:20:40.660
!MESSAGE 调试核心所记录的错误：
!STACK 1
org.eclipse.debug.core.DebugException: 读取启动配置文件 F:\code\vibe_project\rollerball\M33\libraries\components\mtb-device-support-pse8xxgp\make\make\scripts\interface_version_3\eclipse\Application\flash\_normal\JLink\&&_APP_NAME&& Program RAM Application (JLink).launch 时发生了 org.xml.sax.SAXParseException; lineNumber: 3; columnNumber: 66; 在实体引用中, 实体名称必须紧跟在 '&' 后面。。
	at org.eclipse.debug.internal.core.LaunchManager.createDebugException(LaunchManager.java:886)
	at org.eclipse.debug.internal.core.LaunchManager.throwException(LaunchManager.java:2448)
	at org.eclipse.debug.internal.core.LaunchManager.getInfo(LaunchManager.java:1366)
	at org.eclipse.debug.internal.core.LaunchConfiguration.getInfo(LaunchConfiguration.java:490)
	at org.eclipse.debug.internal.core.LaunchConfiguration.getType(LaunchConfiguration.java:645)
	at org.eclipse.debug.internal.core.LaunchManager.isValid(LaunchManager.java:2091)
	at org.eclipse.debug.internal.core.LaunchManager.verifyConfigurations(LaunchManager.java:2462)
	at org.eclipse.debug.internal.core.LaunchManager.getAllLaunchConfigurations(LaunchManager.java:1140)
	at org.eclipse.debug.internal.core.LaunchManager.getLaunchConfigurations(LaunchManager.java:1444)
	at org.eclipse.debug.internal.core.LaunchManager.getLaunchConfigurations(LaunchManager.java:1439)
	at org.eclipse.launchbar.core.internal.LaunchBarManager.init(LaunchBarManager.java:130)
	at org.eclipse.launchbar.core.internal.LaunchBarManager$1.run(LaunchBarManager.java:96)
	at org.eclipse.core.internal.jobs.Worker.run(Worker.java:63)
Caused by: org.xml.sax.SAXParseException; lineNumber: 3; columnNumber: 66; 在实体引用中, 实体名称必须紧跟在 '&' 后面。
	at com.sun.org.apache.xerces.internal.util.ErrorHandlerWrapper.createSAXParseException(ErrorHandlerWrapper.java:203)
	at com.sun.org.apache.xerces.internal.util.ErrorHandlerWrapper.fatalError(ErrorHandlerWrapper.java:177)
	at com.sun.org.apache.xerces.internal.impl.XMLErrorReporter.reportError(XMLErrorReporter.java:400)
	at com.sun.org.apache.xerces.internal.impl.XMLErrorReporter.reportError(XMLErrorReporter.java:327)
	at com.sun.org.apache.xerces.internal.impl.XMLScanner.reportFatalError(XMLScanner.java:1472)
	at com.sun.org.apache.xerces.internal.impl.XMLScanner.scanAttributeValue(XMLScanner.java:908)
	at com.sun.org.apache.xerces.internal.impl.XMLDocumentFragmentScannerImpl.scanAttribute(XMLDocumentFragmentScannerImpl.java:1548)
	at com.sun.org.apache.xerces.internal.impl.XMLDocumentFragmentScannerImpl.scanStartElement(XMLDocumentFragmentScannerImpl.java:1315)
	at com.sun.org.apache.xerces.internal.impl.XMLDocumentFragmentScannerImpl$FragmentContentDriver.next(XMLDocumentFragmentScannerImpl.java:2784)
	at com.sun.org.apache.xerces.internal.impl.XMLDocumentScannerImpl.next(XMLDocumentScannerImpl.java:602)
	at com.sun.org.apache.xerces.internal.impl.XMLDocumentFragmentScannerImpl.scanDocument(XMLDocumentFragmentScannerImpl.java:505)
	at com.sun.org.apache.xerces.internal.parsers.XML11Configuration.parse(XML11Configuration.java:841)
	at com.sun.org.apache.xerces.internal.parsers.XML11Configuration.parse(XML11Configuration.java:770)
	at com.sun.org.apache.xerces.internal.parsers.XMLParser.parse(XMLParser.java:141)
	at com.sun.org.apache.xerces.internal.parsers.DOMParser.parse(DOMParser.java:243)
	at com.sun.org.apache.xerces.internal.jaxp.DocumentBuilderImpl.parse(DocumentBuilderImpl.java:339)
	at org.eclipse.debug.internal.core.LaunchManager.createInfoFromXML(LaunchManager.java:935)
	at org.eclipse.debug.internal.core.LaunchManager.getInfo(LaunchManager.java:1359)
	... 10 more
!SUBENTRY 1 org.eclipse.debug.core 4 5012 2026-07-28 11:20:40.660
!MESSAGE 读取启动配置文件 F:\code\vibe_project\rollerball\M33\libraries\components\mtb-device-support-pse8xxgp\make\make\scripts\interface_version_3\eclipse\Application\flash\_normal\JLink\&&_APP_NAME&& Program RAM Application (JLink).launch 时发生了 org.xml.sax.SAXParseException; lineNumber: 3; columnNumber: 66; 在实体引用中, 实体名称必须紧跟在 '&' 后面。。
!STACK 0
org.xml.sax.SAXParseException; lineNumber: 3; columnNumber: 66; 在实体引用中, 实体名称必须紧跟在 '&' 后面。
	at com.sun.org.apache.xerces.internal.util.ErrorHandlerWrapper.createSAXParseException(ErrorHandlerWrapper.java:203)
	at com.sun.org.apache.xerces.internal.util.ErrorHandlerWrapper.fatalError(ErrorHandlerWrapper.java:177)
	at com.sun.org.apache.xerces.internal.impl.XMLErrorReporter.reportError(XMLErrorReporter.java:400)
	at com.sun.org.apache.xerces.internal.impl.XMLErrorReporter.reportError(XMLErrorReporter.java:327)
	at com.sun.org.apache.xerces.internal.impl.XMLScanner.reportFatalError(XMLScanner.java:1472)
	at com.sun.org.apache.xerces.internal.impl.XMLScanner.scanAttributeValue(XMLScanner.java:908)
	at com.sun.org.apache.xerces.internal.impl.XMLDocumentFragmentScannerImpl.scanAttribute(XMLDocumentFragmentScannerImpl.java:1548)
	at com.sun.org.apache.xerces.internal.impl.XMLDocumentFragmentScannerImpl.scanStartElement(XMLDocumentFragmentScannerImpl.java:1315)
	at com.sun.org.apache.xerces.internal.impl.XMLDocumentFragmentScannerImpl$FragmentContentDriver.next(XMLDocumentFragmentScannerImpl.java:2784)
	at com.sun.org.apache.xerces.internal.impl.XMLDocumentScannerImpl.next(XMLDocumentScannerImpl.java:602)
	at com.sun.org.apache.xerces.internal.impl.XMLDocumentFragmentScannerImpl.scanDocument(XMLDocumentFragmentScannerImpl.java:505)
	at com.sun.org.apache.xerces.internal.parsers.XML11Configuration.parse(XML11Configuration.java:841)
	at com.sun.org.apache.xerces.internal.parsers.XML11Configuration.parse(XML11Configuration.java:770)
	at com.sun.org.apache.xerces.internal.parsers.XMLParser.parse(XMLParser.java:141)
	at com.sun.org.apache.xerces.internal.parsers.DOMParser.parse(DOMParser.java:243)
	at com.sun.org.apache.xerces.internal.jaxp.DocumentBuilderImpl.parse(DocumentBuilderImpl.java:339)
	at org.eclipse.debug.internal.core.LaunchManager.createInfoFromXML(LaunchManager.java:935)
	at org.eclipse.debug.internal.core.LaunchManager.getInfo(LaunchManager.java:1359)
	at org.eclipse.debug.internal.core.LaunchConfiguration.getInfo(LaunchConfiguration.java:490)
	at org.eclipse.debug.internal.core.LaunchConfiguration.getType(LaunchConfiguration.java:645)
	at org.eclipse.debug.internal.core.LaunchManager.isValid(LaunchManager.java:2091)
	at org.eclipse.debug.internal.core.LaunchManager.verifyConfigurations(LaunchManager.java:2462)
	at org.eclipse.debug.internal.core.LaunchManager.getAllLaunchConfigurations(LaunchManager.java:1140)
	at org.eclipse.debug.internal.core.LaunchManager.getLaunchConfigurations(LaunchManager.java:1444)
	at org.eclipse.debug.internal.core.LaunchManager.getLaunchConfigurations(LaunchManager.java:1439)
	at org.eclipse.launchbar.core.internal.LaunchBarManager.init(LaunchBarManager.java:130)
	at org.eclipse.launchbar.core.internal.LaunchBarManager$1.run(LaunchBarManager.java:96)
	at org.eclipse.core.internal.jobs.Worker.run(Worker.java:63)

!ENTRY org.eclipse.debug.core 4 125 2026-07-28 11:20:40.662
!MESSAGE 调试核心所记录的错误：
!STACK 1
org.eclipse.debug.core.DebugException: 读取启动配置文件 F:\code\vibe_project\rollerball\M33\libraries\components\mtb-device-support-pse8xxgp\make\make\scripts\interface_version_3\eclipse\Application\flash\_normal\KitProg3\&&_APP_NAME&& Debug MultiCore (KitProg3_MiniProg4).launch 时发生了 org.xml.sax.SAXParseException; lineNumber: 3; columnNumber: 66; 在实体引用中, 实体名称必须紧跟在 '&' 后面。。
	at org.eclipse.debug.internal.core.LaunchManager.createDebugException(LaunchManager.java:886)
	at org.eclipse.debug.internal.core.LaunchManager.throwException(LaunchManager.java:2448)
	at org.eclipse.debug.internal.core.LaunchManager.getInfo(LaunchManager.java:1366)
	at org.eclipse.debug.internal.core.LaunchConfiguration.getInfo(LaunchConfiguration.java:490)
	at org.eclipse.debug.internal.core.LaunchConfiguration.getType(LaunchConfiguration.java:645)
	at org.eclipse.debug.internal.core.LaunchManager.isValid(LaunchManager.java:2091)
	at org.eclipse.debug.internal.core.LaunchManager.verifyConfigurations(LaunchManager.java:2462)
	at org.eclipse.debug.internal.core.LaunchManager.getAllLaunchConfigurations(LaunchManager.java:1140)
	at org.eclipse.debug.internal.core.LaunchManager.getLaunchConfigurations(LaunchManager.java:1444)
	at org.eclipse.debug.internal.core.LaunchManager.getLaunchConfigurations(LaunchManager.java:1439)
	at org.eclipse.launchbar.core.internal.LaunchBarManager.init(LaunchBarManager.java:130)
	at org.eclipse.launchbar.core.internal.LaunchBarManager$1.run(LaunchBarManager.java:96)
	at org.eclipse.core.internal.jobs.Worker.run(Worker.java:63)
Caused by: org.xml.sax.SAXParseException; lineNumber: 3; columnNumber: 66; 在实体引用中, 实体名称必须紧跟在 '&' 后面。
	at com.sun.org.apache.xerces.internal.util.ErrorHandlerWrapper.createSAXParseException(ErrorHandlerWrapper.java:203)
	at com.sun.org.apache.xerces.internal.util.ErrorHandlerWrapper.fatalError(ErrorHandlerWrapper.java:177)
	at com.sun.org.apache.xerces.internal.impl.XMLErrorReporter.reportError(XMLErrorReporter.java:400)
	at com.sun.org.apache.xerces.internal.impl.XMLErrorReporter.reportError(XMLErrorReporter.java:327)
	at com.sun.org.apache.xerces.internal.impl.XMLScanner.reportFatalError(XMLScanner.java:1472)
	at com.sun.org.apache.xerces.internal.impl.XMLScanner.scanAttributeValue(XMLScanner.java:908)
	at com.sun.org.apache.xerces.internal.impl.XMLDocumentFragmentScannerImpl.scanAttribute(XMLDocumentFragmentScannerImpl.java:1548)
	at com.sun.org.apache.xerces.internal.impl.XMLDocumentFragmentScannerImpl.scanStartElement(XMLDocumentFragmentScannerImpl.java:1315)
	at com.sun.org.apache.xerces.internal.impl.XMLDocumentFragmentScannerImpl$FragmentContentDriver.next(XMLDocumentFragmentScannerImpl.java:2784)
	at com.sun.org.apache.xerces.internal.impl.XMLDocumentScannerImpl.next(XMLDocumentScannerImpl.java:602)
	at com.sun.org.apache.xerces.internal.impl.XMLDocumentFragmentScannerImpl.scanDocument(XMLDocumentFragmentScannerImpl.java:505)
	at com.sun.org.apache.xerces.internal.parsers.XML11Configuration.parse(XML11Configuration.java:841)
	at com.sun.org.apache.xerces.internal.parsers.XML11Configuration.parse(XML11Configuration.java:770)
	at com.sun.org.apache.xerces.internal.parsers.XMLParser.parse(XMLParser.java:141)
	at com.sun.org.apache.xerces.internal.parsers.DOMParser.parse(DOMParser.java:243)
	at com.sun.org.apache.xerces.internal.jaxp.DocumentBuilderImpl.parse(DocumentBuilderImpl.java:339)
	at org.eclipse.debug.internal.core.LaunchManager.createInfoFromXML(LaunchManager.java:935)
	at org.eclipse.debug.internal.core.LaunchManager.getInfo(LaunchManager.java:1359)
	... 10 more
!SUBENTRY 1 org.eclipse.debug.core 4 5012 2026-07-28 11:20:40.662
!MESSAGE 读取启动配置文件 F:\code\vibe_project\rollerball\M33\libraries\components\mtb-device-support-pse8xxgp\make\make\scripts\interface_version_3\eclipse\Application\flash\_normal\KitProg3\&&_APP_NAME&& Debug MultiCore (KitProg3_MiniProg4).launch 时发生了 org.xml.sax.SAXParseException; lineNumber: 3; columnNumber: 66; 在实体引用中, 实体名称必须紧跟在 '&' 后面。。
!STACK 0
org.xml.sax.SAXParseException; lineNumber: 3; columnNumber: 66; 在实体引用中, 实体名称必须紧跟在 '&' 后面。
	at com.sun.org.apache.xerces.internal.util.ErrorHandlerWrapper.createSAXParseException(ErrorHandlerWrapper.java:203)
	at com.sun.org.apache.xerces.internal.util.ErrorHandlerWrapper.fatalError(ErrorHandlerWrapper.java:177)
	at com.sun.org.apache.xerces.internal.impl.XMLErrorReporter.reportError(XMLErrorReporter.java:400)
	at com.sun.org.apache.xerces.internal.impl.XMLErrorReporter.reportError(XMLErrorReporter.java:327)
	at com.sun.org.apache.xerces.internal.impl.XMLScanner.reportFatalError(XMLScanner.java:1472)
	at com.sun.org.apache.xerces.internal.impl.XMLScanner.scanAttributeValue(XMLScanner.java:908)
	at com.sun.org.apache.xerces.internal.impl.XMLDocumentFragmentScannerImpl.scanAttribute(XMLDocumentFragmentScannerImpl.java:1548)
	at com.sun.org.apache.xerces.internal.impl.XMLDocumentFragmentScannerImpl.scanStartElement(XMLDocumentFragmentScannerImpl.java:1315)
	at com.sun.org.apache.xerces.internal.impl.XMLDocumentFragmentScannerImpl$FragmentContentDriver.next(XMLDocumentFragmentScannerImpl.java:2784)
	at com.sun.org.apache.xerces.internal.impl.XMLDocumentScannerImpl.next(XMLDocumentScannerImpl.java:602)
	at com.sun.org.apache.xerces.internal.impl.XMLDocumentFragmentScannerImpl.scanDocument(XMLDocumentFragmentScannerImpl.java:505)
	at com.sun.org.apache.xerces.internal.parsers.XML11Configuration.parse(XML11Configuration.java:841)
	at com.sun.org.apache.xerces.internal.parsers.XML11Configuration.parse(XML11Configuration.java:770)
	at com.sun.org.apache.xerces.internal.parsers.XMLParser.parse(XMLParser.java:141)
	at com.sun.org.apache.xerces.internal.parsers.DOMParser.parse(DOMParser.java:243)
	at com.sun.org.apache.xerces.internal.jaxp.DocumentBuilderImpl.parse(DocumentBuilderImpl.java:339)
	at org.eclipse.debug.internal.core.LaunchManager.createInfoFromXML(LaunchManager.java:935)
	at org.eclipse.debug.internal.core.LaunchManager.getInfo(LaunchManager.java:1359)
	at org.eclipse.debug.internal.core.LaunchConfiguration.getInfo(LaunchConfiguration.java:490)
	at org.eclipse.debug.internal.core.LaunchConfiguration.getType(LaunchConfiguration.java:645)
	at org.eclipse.debug.internal.core.LaunchManager.isValid(LaunchManager.java:2091)
	at org.eclipse.debug.internal.core.LaunchManager.verifyConfigurations(LaunchManager.java:2462)
	at org.eclipse.debug.internal.core.LaunchManager.getAllLaunchConfigurations(LaunchManager.java:1140)
	at org.eclipse.debug.internal.core.LaunchManager.getLaunchConfigurations(LaunchManager.java:1444)
	at org.eclipse.debug.internal.core.LaunchManager.getLaunchConfigurations(LaunchManager.java:1439)
	at org.eclipse.launchbar.core.internal.LaunchBarManager.init(LaunchBarManager.java:130)
	at org.eclipse.launchbar.core.internal.LaunchBarManager$1.run(LaunchBarManager.java:96)
	at org.eclipse.core.internal.jobs.Worker.run(Worker.java:63)

!ENTRY org.eclipse.debug.core 4 125 2026-07-28 11:20:40.664
!MESSAGE 调试核心所记录的错误：
!STACK 1
org.eclipse.debug.core.DebugException: 读取启动配置文件 F:\code\vibe_project\rollerball\M33\libraries\components\mtb-device-support-pse8xxgp\make\make\scripts\interface_version_3\eclipse\Application\flash\normal\JLink\&&_APP_NAME&& Debug MultiCore (JLink).launch 时发生了 org.xml.sax.SAXParseException; lineNumber: 3; columnNumber: 66; 在实体引用中, 实体名称必须紧跟在 '&' 后面。。
	at org.eclipse.debug.internal.core.LaunchManager.createDebugException(LaunchManager.java:886)
	at org.eclipse.debug.internal.core.LaunchManager.throwException(LaunchManager.java:2448)
	at org.eclipse.debug.internal.core.LaunchManager.getInfo(LaunchManager.java:1366)
	at org.eclipse.debug.internal.core.LaunchConfiguration.getInfo(LaunchConfiguration.java:490)
	at org.eclipse.debug.internal.core.LaunchConfiguration.getType(LaunchConfiguration.java:645)
	at org.eclipse.debug.internal.core.LaunchManager.isValid(LaunchManager.java:2091)
	at org.eclipse.debug.internal.core.LaunchManager.verifyConfigurations(LaunchManager.java:2462)
	at org.eclipse.debug.internal.core.LaunchManager.getAllLaunchConfigurations(LaunchManager.java:1140)
	at org.eclipse.debug.internal.core.LaunchManager.getLaunchConfigurations(LaunchManager.java:1444)
	at org.eclipse.debug.internal.core.LaunchManager.getLaunchConfigurations(LaunchManager.java:1439)
	at org.eclipse.launchbar.core.internal.LaunchBarManager.init(LaunchBarManager.java:130)
	at org.eclipse.launchbar.core.internal.LaunchBarManager$1.run(LaunchBarManager.java:96)
	at org.eclipse.core.internal.jobs.Worker.run(Worker.java:63)
Caused by: org.xml.sax.SAXParseException; lineNumber: 3; columnNumber: 66; 在实体引用中, 实体名称必须紧跟在 '&' 后面。
	at com.sun.org.apache.xerces.internal.util.ErrorHandlerWrapper.createSAXParseException(ErrorHandlerWrapper.java:203)
	at com.sun.org.apache.xerces.internal.util.ErrorHandlerWrapper.fatalError(ErrorHandlerWrapper.java:177)
	at com.sun.org.apache.xerces.internal.impl.XMLErrorReporter.reportError(XMLErrorReporter.java:400)
	at com.sun.org.apache.xerces.internal.impl.XMLErrorReporter.reportError(XMLErrorReporter.java:327)
	at com.sun.org.apache.xerces.internal.impl.XMLScanner.reportFatalError(XMLScanner.java:1472)
	at com.sun.org.apache.xerces.internal.impl.XMLScanner.scanAttributeValue(XMLScanner.java:908)
	at com.sun.org.apache.xerces.internal.impl.XMLDocumentFragmentScannerImpl.scanAttribute(XMLDocumentFragmentScannerImpl.java:1548)
	at com.sun.org.apache.xerces.internal.impl.XMLDocumentFragmentScannerImpl.scanStartElement(XMLDocumentFragmentScannerImpl.java:1315)
	at com.sun.org.apache.xerces.internal.impl.XMLDocumentFragmentScannerImpl$FragmentContentDriver.next(XMLDocumentFragmentScannerImpl.java:2784)
	at com.sun.org.apache.xerces.internal.impl.XMLDocumentScannerImpl.next(XMLDocumentScannerImpl.java:602)
	at com.sun.org.apache.xerces.internal.impl.XMLDocumentFragmentScannerImpl.scanDocument(XMLDocumentFragmentScannerImpl.java:505)
	at com.sun.org.apache.xerces.internal.parsers.XML11Configuration.parse(XML11Configuration.java:841)
	at com.sun.org.apache.xerces.internal.parsers.XML11Configuration.parse(XML11Configuration.java:770)
	at com.sun.org.apache.xerces.internal.parsers.XMLParser.parse(XMLParser.java:141)
	at com.sun.org.apache.xerces.internal.parsers.DOMParser.parse(DOMParser.java:243)
	at com.sun.org.apache.xerces.internal.jaxp.DocumentBuilderImpl.parse(DocumentBuilderImpl.java:339)
	at org.eclipse.debug.internal.core.LaunchManager.createInfoFromXML(LaunchManager.java:935)
	at org.eclipse.debug.internal.core.LaunchManager.getInfo(LaunchManager.java:1359)
	... 10 more
!SUBENTRY 1 org.eclipse.debug.core 4 5012 2026-07-28 11:20:40.664
!MESSAGE 读取启动配置文件 F:\code\vibe_project\rollerball\M33\libraries\components\mtb-device-support-pse8xxgp\make\make\scripts\interface_version_3\eclipse\Application\flash\normal\JLink\&&_APP_NAME&& Debug MultiCore (JLink).launch 时发生了 org.xml.sax.SAXParseException; lineNumber: 3; columnNumber: 66; 在实体引用中, 实体名称必须紧跟在 '&' 后面。。
!STACK 0
org.xml.sax.SAXParseException; lineNumber: 3; columnNumber: 66; 在实体引用中, 实体名称必须紧跟在 '&' 后面。
	at com.sun.org.apache.xerces.internal.util.ErrorHandlerWrapper.createSAXParseException(ErrorHandlerWrapper.java:203)
	at com.sun.org.apache.xerces.internal.util.ErrorHandlerWrapper.fatalError(ErrorHandlerWrapper.java:177)
	at com.sun.org.apache.xerces.internal.impl.XMLErrorReporter.reportError(XMLErrorReporter.java:400)
	at com.sun.org.apache.xerces.internal.impl.XMLErrorReporter.reportError(XMLErrorReporter.java:327)
	at com.sun.org.apache.xerces.internal.impl.XMLScanner.reportFatalError(XMLScanner.java:1472)
	at com.sun.org.apache.xerces.internal.impl.XMLScanner.scanAttributeValue(XMLScanner.java:908)
	at com.sun.org.apache.xerces.internal.impl.XMLDocumentFragmentScannerImpl.scanAttribute(XMLDocumentFragmentScannerImpl.java:1548)
	at com.sun.org.apache.xerces.internal.impl.XMLDocumentFragmentScannerImpl.scanStartElement(XMLDocumentFragmentScannerImpl.java:1315)
	at com.sun.org.apache.xerces.internal.impl.XMLDocumentFragmentScannerImpl$FragmentContentDriver.next(XMLDocumentFragmentScannerImpl.java:2784)
	at com.sun.org.apache.xerces.internal.impl.XMLDocumentScannerImpl.next(XMLDocumentScannerImpl.java:602)
	at com.sun.org.apache.xerces.internal.impl.XMLDocumentFragmentScannerImpl.scanDocument(XMLDocumentFragmentScannerImpl.java:505)
	at com.sun.org.apache.xerces.internal.parsers.XML11Configuration.parse(XML11Configuration.java:841)
	at com.sun.org.apache.xerces.internal.parsers.XML11Configuration.parse(XML11Configuration.java:770)
	at com.sun.org.apache.xerces.internal.parsers.XMLParser.parse(XMLParser.java:141)
	at com.sun.org.apache.xerces.internal.parsers.DOMParser.parse(DOMParser.java:243)
	at com.sun.org.apache.xerces.internal.jaxp.DocumentBuilderImpl.parse(DocumentBuilderImpl.java:339)
	at org.eclipse.debug.internal.core.LaunchManager.createInfoFromXML(LaunchManager.java:935)
	at org.eclipse.debug.internal.core.LaunchManager.getInfo(LaunchManager.java:1359)
	at org.eclipse.debug.internal.core.LaunchConfiguration.getInfo(LaunchConfiguration.java:490)
	at org.eclipse.debug.internal.core.LaunchConfiguration.getType(LaunchConfiguration.java:645)
	at org.eclipse.debug.internal.core.LaunchManager.isValid(LaunchManager.java:2091)
	at org.eclipse.debug.internal.core.LaunchManager.verifyConfigurations(LaunchManager.java:2462)
	at org.eclipse.debug.internal.core.LaunchManager.getAllLaunchConfigurations(LaunchManager.java:1140)
	at org.eclipse.debug.internal.core.LaunchManager.getLaunchConfigurations(LaunchManager.java:1444)
	at org.eclipse.debug.internal.core.LaunchManager.getLaunchConfigurations(LaunchManager.java:1439)
	at org.eclipse.launchbar.core.internal.LaunchBarManager.init(LaunchBarManager.java:130)
	at org.eclipse.launchbar.core.internal.LaunchBarManager$1.run(LaunchBarManager.java:96)
	at org.eclipse.core.internal.jobs.Worker.run(Worker.java:63)

!ENTRY org.eclipse.debug.core 4 125 2026-07-28 11:20:40.666
!MESSAGE 调试核心所记录的错误：
!STACK 1
org.eclipse.debug.core.DebugException: 读取启动配置文件 F:\code\vibe_project\rollerball\M33\libraries\components\mtb-device-support-pse8xxgp\make\make\scripts\interface_version_3\eclipse\Application\flash\normal\JLink\&&_PRJ_NAME&& Debug Multicore (JLink).launch 时发生了 org.xml.sax.SAXParseException; lineNumber: 3; columnNumber: 66; 在实体引用中, 实体名称必须紧跟在 '&' 后面。。
	at org.eclipse.debug.internal.core.LaunchManager.createDebugException(LaunchManager.java:886)
	at org.eclipse.debug.internal.core.LaunchManager.throwException(LaunchManager.java:2448)
	at org.eclipse.debug.internal.core.LaunchManager.getInfo(LaunchManager.java:1366)
	at org.eclipse.debug.internal.core.LaunchConfiguration.getInfo(LaunchConfiguration.java:490)
	at org.eclipse.debug.internal.core.LaunchConfiguration.getType(LaunchConfiguration.java:645)
	at org.eclipse.debug.internal.core.LaunchManager.isValid(LaunchManager.java:2091)
	at org.eclipse.debug.internal.core.LaunchManager.verifyConfigurations(LaunchManager.java:2462)
	at org.eclipse.debug.internal.core.LaunchManager.getAllLaunchConfigurations(LaunchManager.java:1140)
	at org.eclipse.debug.internal.core.LaunchManager.getLaunchConfigurations(LaunchManager.java:1444)
	at org.eclipse.debug.internal.core.LaunchManager.getLaunchConfigurations(LaunchManager.java:1439)
	at org.eclipse.launchbar.core.internal.LaunchBarManager.init(LaunchBarManager.java:130)
	at org.eclipse.launchbar.core.internal.LaunchBarManager$1.run(LaunchBarManager.java:96)
	at org.eclipse.core.internal.jobs.Worker.run(Worker.java:63)
Caused by: org.xml.sax.SAXParseException; lineNumber: 3; columnNumber: 66; 在实体引用中, 实体名称必须紧跟在 '&' 后面。
	at com.sun.org.apache.xerces.internal.util.ErrorHandlerWrapper.createSAXParseException(ErrorHandlerWrapper.java:203)
	at com.sun.org.apache.xerces.internal.util.ErrorHandlerWrapper.fatalError(ErrorHandlerWrapper.java:177)
	at com.sun.org.apache.xerces.internal.impl.XMLErrorReporter.reportError(XMLErrorReporter.java:400)
	at com.sun.org.apache.xerces.internal.impl.XMLErrorReporter.reportError(XMLErrorReporter.java:327)
	at com.sun.org.apache.xerces.internal.impl.XMLScanner.reportFatalError(XMLScanner.java:1472)
	at com.sun.org.apache.xerces.internal.impl.XMLScanner.scanAttributeValue(XMLScanner.java:908)
	at com.sun.org.apache.xerces.internal.impl.XMLDocumentFragmentScannerImpl.scanAttribute(XMLDocumentFragmentScannerImpl.java:1548)
	at com.sun.org.apache.xerces.internal.impl.XMLDocumentFragmentScannerImpl.scanStartElement(XMLDocumentFragmentScannerImpl.java:1315)
	at com.sun.org.apache.xerces.internal.impl.XMLDocumentFragmentScannerImpl$FragmentContentDriver.next(XMLDocumentFragmentScannerImpl.java:2784)
	at com.sun.org.apache.xerces.internal.impl.XMLDocumentScannerImpl.next(XMLDocumentScannerImpl.java:602)
	at com.sun.org.apache.xerces.internal.impl.XMLDocumentFragmentScannerImpl.scanDocument(XMLDocumentFragmentScannerImpl.java:505)
	at com.sun.org.apache.xerces.internal.parsers.XML11Configuration.parse(XML11Configuration.java:841)
	at com.sun.org.apache.xerces.internal.parsers.XML11Configuration.parse(XML11Configuration.java:770)
	at com.sun.org.apache.xerces.internal.parsers.XMLParser.parse(XMLParser.java:141)
	at com.sun.org.apache.xerces.internal.parsers.DOMParser.parse(DOMParser.java:243)
	at com.sun.org.apache.xerces.internal.jaxp.DocumentBuilderImpl.parse(DocumentBuilderImpl.java:339)
	at org.eclipse.debug.internal.core.LaunchManager.createInfoFromXML(LaunchManager.java:935)
	at org.eclipse.debug.internal.core.LaunchManager.getInfo(LaunchManager.java:1359)
	... 10 more
!SUBENTRY 1 org.eclipse.debug.core 4 5012 2026-07-28 11:20:40.666
!MESSAGE 读取启动配置文件 F:\code\vibe_project\rollerball\M33\libraries\components\mtb-device-support-pse8xxgp\make\make\scripts\interface_version_3\eclipse\Application\flash\normal\JLink\&&_PRJ_NAME&& Debug Multicore (JLink).launch 时发生了 org.xml.sax.SAXParseException; lineNumber: 3; columnNumber: 66; 在实体引用中, 实体名称必须紧跟在 '&' 后面。。
!STACK 0
org.xml.sax.SAXParseException; lineNumber: 3; columnNumber: 66; 在实体引用中, 实体名称必须紧跟在 '&' 后面。
	at com.sun.org.apache.xerces.internal.util.ErrorHandlerWrapper.createSAXParseException(ErrorHandlerWrapper.java:203)
	at com.sun.org.apache.xerces.internal.util.ErrorHandlerWrapper.fatalError(ErrorHandlerWrapper.java:177)
	at com.sun.org.apache.xerces.internal.impl.XMLErrorReporter.reportError(XMLErrorReporter.java:400)
	at com.sun.org.apache.xerces.internal.impl.XMLErrorReporter.reportError(XMLErrorReporter.java:327)
	at com.sun.org.apache.xerces.internal.impl.XMLScanner.reportFatalError(XMLScanner.java:1472)
	at com.sun.org.apache.xerces.internal.impl.XMLScanner.scanAttributeValue(XMLScanner.java:908)
	at com.sun.org.apache.xerces.internal.impl.XMLDocumentFragmentScannerImpl.scanAttribute(XMLDocumentFragmentScannerImpl.java:1548)
	at com.sun.org.apache.xerces.internal.impl.XMLDocumentFragmentScannerImpl.scanStartElement(XMLDocumentFragmentScannerImpl.java:1315)
	at com.sun.org.apache.xerces.internal.impl.XMLDocumentFragmentScannerImpl$FragmentContentDriver.next(XMLDocumentFragmentScannerImpl.java:2784)
	at com.sun.org.apache.xerces.internal.impl.XMLDocumentScannerImpl.next(XMLDocumentScannerImpl.java:602)
	at com.sun.org.apache.xerces.internal.impl.XMLDocumentFragmentScannerImpl.scanDocument(XMLDocumentFragmentScannerImpl.java:505)
	at com.sun.org.apache.xerces.internal.parsers.XML11Configuration.parse(XML11Configuration.java:841)
	at com.sun.org.apache.xerces.internal.parsers.XML11Configuration.parse(XML11Configuration.java:770)
	at com.sun.org.apache.xerces.internal.parsers.XMLParser.parse(XMLParser.java:141)
	at com.sun.org.apache.xerces.internal.parsers.DOMParser.parse(DOMParser.java:243)
	at com.sun.org.apache.xerces.internal.jaxp.DocumentBuilderImpl.parse(DocumentBuilderImpl.java:339)
	at org.eclipse.debug.internal.core.LaunchManager.createInfoFromXML(LaunchManager.java:935)
	at org.eclipse.debug.internal.core.LaunchManager.getInfo(LaunchManager.java:1359)
	at org.eclipse.debug.internal.core.LaunchConfiguration.getInfo(LaunchConfiguration.java:490)
	at org.eclipse.debug.internal.core.LaunchConfiguration.getType(LaunchConfiguration.java:645)
	at org.eclipse.debug.internal.core.LaunchManager.isValid(LaunchManager.java:2091)
	at org.eclipse.debug.internal.core.LaunchManager.verifyConfigurations(LaunchManager.java:2462)
	at org.eclipse.debug.internal.core.LaunchManager.getAllLaunchConfigurations(LaunchManager.java:1140)
	at org.eclipse.debug.internal.core.LaunchManager.getLaunchConfigurations(LaunchManager.java:1444)
	at org.eclipse.debug.internal.core.LaunchManager.getLaunchConfigurations(LaunchManager.java:1439)
	at org.eclipse.launchbar.core.internal.LaunchBarManager.init(LaunchBarManager.java:130)
	at org.eclipse.launchbar.core.internal.LaunchBarManager$1.run(LaunchBarManager.java:96)
	at org.eclipse.core.internal.jobs.Worker.run(Worker.java:63)

!ENTRY org.eclipse.debug.core 4 125 2026-07-28 11:20:40.666
!MESSAGE 调试核心所记录的错误：
!STACK 1
org.eclipse.debug.core.DebugException: 读取启动配置文件 F:\code\vibe_project\rollerball\M33\libraries\components\mtb-device-support-pse8xxgp\make\make\scripts\interface_version_3\eclipse\Application\flash\normal\KitProg3\&&_APP_NAME&& Debug MultiCore (KitProg3_MiniProg4).launch 时发生了 org.xml.sax.SAXParseException; lineNumber: 3; columnNumber: 66; 在实体引用中, 实体名称必须紧跟在 '&' 后面。。
	at org.eclipse.debug.internal.core.LaunchManager.createDebugException(LaunchManager.java:886)
	at org.eclipse.debug.internal.core.LaunchManager.throwException(LaunchManager.java:2448)
	at org.eclipse.debug.internal.core.LaunchManager.getInfo(LaunchManager.java:1366)
	at org.eclipse.debug.internal.core.LaunchConfiguration.getInfo(LaunchConfiguration.java:490)
	at org.eclipse.debug.internal.core.LaunchConfiguration.getType(LaunchConfiguration.java:645)
	at org.eclipse.debug.internal.core.LaunchManager.isValid(LaunchManager.java:2091)
	at org.eclipse.debug.internal.core.LaunchManager.verifyConfigurations(LaunchManager.java:2462)
	at org.eclipse.debug.internal.core.LaunchManager.getAllLaunchConfigurations(LaunchManager.java:1140)
	at org.eclipse.debug.internal.core.LaunchManager.getLaunchConfigurations(LaunchManager.java:1444)
	at org.eclipse.debug.internal.core.LaunchManager.getLaunchConfigurations(LaunchManager.java:1439)
	at org.eclipse.launchbar.core.internal.LaunchBarManager.init(LaunchBarManager.java:130)
	at org.eclipse.launchbar.core.internal.LaunchBarManager$1.run(LaunchBarManager.java:96)
	at org.eclipse.core.internal.jobs.Worker.run(Worker.java:63)
Caused by: org.xml.sax.SAXParseException; lineNumber: 3; columnNumber: 66; 在实体引用中, 实体名称必须紧跟在 '&' 后面。
	at com.sun.org.apache.xerces.internal.util.ErrorHandlerWrapper.createSAXParseException(ErrorHandlerWrapper.java:203)
	at com.sun.org.apache.xerces.internal.util.ErrorHandlerWrapper.fatalError(ErrorHandlerWrapper.java:177)
	at com.sun.org.apache.xerces.internal.impl.XMLErrorReporter.reportError(XMLErrorReporter.java:400)
	at com.sun.org.apache.xerces.internal.impl.XMLErrorReporter.reportError(XMLErrorReporter.java:327)
	at com.sun.org.apache.xerces.internal.impl.XMLScanner.reportFatalError(XMLScanner.java:1472)
	at com.sun.org.apache.xerces.internal.impl.XMLScanner.scanAttributeValue(XMLScanner.java:908)
	at com.sun.org.apache.xerces.internal.impl.XMLDocumentFragmentScannerImpl.scanAttribute(XMLDocumentFragmentScannerImpl.java:1548)
	at com.sun.org.apache.xerces.internal.impl.XMLDocumentFragmentScannerImpl.scanStartElement(XMLDocumentFragmentScannerImpl.java:1315)
	at com.sun.org.apache.xerces.internal.impl.XMLDocumentFragmentScannerImpl$FragmentContentDriver.next(XMLDocumentFragmentScannerImpl.java:2784)
	at com.sun.org.apache.xerces.internal.impl.XMLDocumentScannerImpl.next(XMLDocumentScannerImpl.java:602)
	at com.sun.org.apache.xerces.internal.impl.XMLDocumentFragmentScannerImpl.scanDocument(XMLDocumentFragmentScannerImpl.java:505)
	at com.sun.org.apache.xerces.internal.parsers.XML11Configuration.parse(XML11Configuration.java:841)
	at com.sun.org.apache.xerces.internal.parsers.XML11Configuration.parse(XML11Configuration.java:770)
	at com.sun.org.apache.xerces.internal.parsers.XMLParser.parse(XMLParser.java:141)
	at com.sun.org.apache.xerces.internal.parsers.DOMParser.parse(DOMParser.java:243)
	at com.sun.org.apache.xerces.internal.jaxp.DocumentBuilderImpl.parse(DocumentBuilderImpl.java:339)
	at org.eclipse.debug.internal.core.LaunchManager.createInfoFromXML(LaunchManager.java:935)
	at org.eclipse.debug.internal.core.LaunchManager.getInfo(LaunchManager.java:1359)
	... 10 more
!SUBENTRY 1 org.eclipse.debug.core 4 5012 2026-07-28 11:20:40.666
!MESSAGE 读取启动配置文件 F:\code\vibe_project\rollerball\M33\libraries\components\mtb-device-support-pse8xxgp\make\make\scripts\interface_version_3\eclipse\Application\flash\normal\KitProg3\&&_APP_NAME&& Debug MultiCore (KitProg3_MiniProg4).launch 时发生了 org.xml.sax.SAXParseException; lineNumber: 3; columnNumber: 66; 在实体引用中, 实体名称必须紧跟在 '&' 后面。。
!STACK 0
org.xml.sax.SAXParseException; lineNumber: 3; columnNumber: 66; 在实体引用中, 实体名称必须紧跟在 '&' 后面。
	at com.sun.org.apache.xerces.internal.util.ErrorHandlerWrapper.createSAXParseException(ErrorHandlerWrapper.java:203)
	at com.sun.org.apache.xerces.internal.util.ErrorHandlerWrapper.fatalError(ErrorHandlerWrapper.java:177)
	at com.sun.org.apache.xerces.internal.impl.XMLErrorReporter.reportError(XMLErrorReporter.java:400)
	at com.sun.org.apache.xerces.internal.impl.XMLErrorReporter.reportError(XMLErrorReporter.java:327)
	at com.sun.org.apache.xerces.internal.impl.XMLScanner.reportFatalError(XMLScanner.java:1472)
	at com.sun.org.apache.xerces.internal.impl.XMLScanner.scanAttributeValue(XMLScanner.java:908)
	at com.sun.org.apache.xerces.internal.impl.XMLDocumentFragmentScannerImpl.scanAttribute(XMLDocumentFragmentScannerImpl.java:1548)
	at com.sun.org.apache.xerces.internal.impl.XMLDocumentFragmentScannerImpl.scanStartElement(XMLDocumentFragmentScannerImpl.java:1315)
	at com.sun.org.apache.xerces.internal.impl.XMLDocumentFragmentScannerImpl$FragmentContentDriver.next(XMLDocumentFragmentScannerImpl.java:2784)
	at com.sun.org.apache.xerces.internal.impl.XMLDocumentScannerImpl.next(XMLDocumentScannerImpl.java:602)
	at com.sun.org.apache.xerces.internal.impl.XMLDocumentFragmentScannerImpl.scanDocument(XMLDocumentFragmentScannerImpl.java:505)
	at com.sun.org.apache.xerces.internal.parsers.XML11Configuration.parse(XML11Configuration.java:841)
	at com.sun.org.apache.xerces.internal.parsers.XML11Configuration.parse(XML11Configuration.java:770)
	at com.sun.org.apache.xerces.internal.parsers.XMLParser.parse(XMLParser.java:141)
	at com.sun.org.apache.xerces.internal.parsers.DOMParser.parse(DOMParser.java:243)
	at com.sun.org.apache.xerces.internal.jaxp.DocumentBuilderImpl.parse(DocumentBuilderImpl.java:339)
	at org.eclipse.debug.internal.core.LaunchManager.createInfoFromXML(LaunchManager.java:935)
	at org.eclipse.debug.internal.core.LaunchManager.getInfo(LaunchManager.java:1359)
	at org.eclipse.debug.internal.core.LaunchConfiguration.getInfo(LaunchConfiguration.java:490)
	at org.eclipse.debug.internal.core.LaunchConfiguration.getType(LaunchConfiguration.java:645)
	at org.eclipse.debug.internal.core.LaunchManager.isValid(LaunchManager.java:2091)
	at org.eclipse.debug.internal.core.LaunchManager.verifyConfigurations(LaunchManager.java:2462)
	at org.eclipse.debug.internal.core.LaunchManager.getAllLaunchConfigurations(LaunchManager.java:1140)
	at org.eclipse.debug.internal.core.LaunchManager.getLaunchConfigurations(LaunchManager.java:1444)
	at org.eclipse.debug.internal.core.LaunchManager.getLaunchConfigurations(LaunchManager.java:1439)
	at org.eclipse.launchbar.core.internal.LaunchBarManager.init(LaunchBarManager.java:130)
	at org.eclipse.launchbar.core.internal.LaunchBarManager$1.run(LaunchBarManager.java:96)
	at org.eclipse.core.internal.jobs.Worker.run(Worker.java:63)

!ENTRY org.eclipse.debug.core 4 125 2026-07-28 11:20:40.671
!MESSAGE 调试核心所记录的错误：
!STACK 1
org.eclipse.debug.core.DebugException: 读取启动配置文件 F:\code\vibe_project\rollerball\M33\libraries\components\mtb-device-support-pse8xxgp\make\make\scripts\interface_version_3\eclipse\Application\flash\normal\KitProg3\&&_PRJ_NAME&& Debug Multicore (KitProg3_MiniProg4).launch 时发生了 org.xml.sax.SAXParseException; lineNumber: 3; columnNumber: 66; 在实体引用中, 实体名称必须紧跟在 '&' 后面。。
	at org.eclipse.debug.internal.core.LaunchManager.createDebugException(LaunchManager.java:886)
	at org.eclipse.debug.internal.core.LaunchManager.throwException(LaunchManager.java:2448)
	at org.eclipse.debug.internal.core.LaunchManager.getInfo(LaunchManager.java:1366)
	at org.eclipse.debug.internal.core.LaunchConfiguration.getInfo(LaunchConfiguration.java:490)
	at org.eclipse.debug.internal.core.LaunchConfiguration.getType(LaunchConfiguration.java:645)
	at org.eclipse.debug.internal.core.LaunchManager.isValid(LaunchManager.java:2091)
	at org.eclipse.debug.internal.core.LaunchManager.verifyConfigurations(LaunchManager.java:2462)
	at org.eclipse.debug.internal.core.LaunchManager.getAllLaunchConfigurations(LaunchManager.java:1140)
	at org.eclipse.debug.internal.core.LaunchManager.getLaunchConfigurations(LaunchManager.java:1444)
	at org.eclipse.debug.internal.core.LaunchManager.getLaunchConfigurations(LaunchManager.java:1439)
	at org.eclipse.launchbar.core.internal.LaunchBarManager.init(LaunchBarManager.java:130)
	at org.eclipse.launchbar.core.internal.LaunchBarManager$1.run(LaunchBarManager.java:96)
	at org.eclipse.core.internal.jobs.Worker.run(Worker.java:63)
Caused by: org.xml.sax.SAXParseException; lineNumber: 3; columnNumber: 66; 在实体引用中, 实体名称必须紧跟在 '&' 后面。
	at com.sun.org.apache.xerces.internal.util.ErrorHandlerWrapper.createSAXParseException(ErrorHandlerWrapper.java:203)
	at com.sun.org.apache.xerces.internal.util.ErrorHandlerWrapper.fatalError(ErrorHandlerWrapper.java:177)
	at com.sun.org.apache.xerces.internal.impl.XMLErrorReporter.reportError(XMLErrorReporter.java:400)
	at com.sun.org.apache.xerces.internal.impl.XMLErrorReporter.reportError(XMLErrorReporter.java:327)
	at com.sun.org.apache.xerces.internal.impl.XMLScanner.reportFatalError(XMLScanner.java:1472)
	at com.sun.org.apache.xerces.internal.impl.XMLScanner.scanAttributeValue(XMLScanner.java:908)
	at com.sun.org.apache.xerces.internal.impl.XMLDocumentFragmentScannerImpl.scanAttribute(XMLDocumentFragmentScannerImpl.java:1548)
	at com.sun.org.apache.xerces.internal.impl.XMLDocumentFragmentScannerImpl.scanStartElement(XMLDocumentFragmentScannerImpl.java:1315)
	at com.sun.org.apache.xerces.internal.impl.XMLDocumentFragmentScannerImpl$FragmentContentDriver.next(XMLDocumentFragmentScannerImpl.java:2784)
	at com.sun.org.apache.xerces.internal.impl.XMLDocumentScannerImpl.next(XMLDocumentScannerImpl.java:602)
	at com.sun.org.apache.xerces.internal.impl.XMLDocumentFragmentScannerImpl.scanDocument(XMLDocumentFragmentScannerImpl.java:505)
	at com.sun.org.apache.xerces.internal.parsers.XML11Configuration.parse(XML11Configuration.java:841)
	at com.sun.org.apache.xerces.internal.parsers.XML11Configuration.parse(XML11Configuration.java:770)
	at com.sun.org.apache.xerces.internal.parsers.XMLParser.parse(XMLParser.java:141)
	at com.sun.org.apache.xerces.internal.parsers.DOMParser.parse(DOMParser.java:243)
	at com.sun.org.apache.xerces.internal.jaxp.DocumentBuilderImpl.parse(DocumentBuilderImpl.java:339)
	at org.eclipse.debug.internal.core.LaunchManager.createInfoFromXML(LaunchManager.java:935)
	at org.eclipse.debug.internal.core.LaunchManager.getInfo(LaunchManager.java:1359)
	... 10 more
!SUBENTRY 1 org.eclipse.debug.core 4 5012 2026-07-28 11:20:40.671
!MESSAGE 读取启动配置文件 F:\code\vibe_project\rollerball\M33\libraries\components\mtb-device-support-pse8xxgp\make\make\scripts\interface_version_3\eclipse\Application\flash\normal\KitProg3\&&_PRJ_NAME&& Debug Multicore (KitProg3_MiniProg4).launch 时发生了 org.xml.sax.SAXParseException; lineNumber: 3; columnNumber: 66; 在实体引用中, 实体名称必须紧跟在 '&' 后面。。
!STACK 0
org.xml.sax.SAXParseException; lineNumber: 3; columnNumber: 66; 在实体引用中, 实体名称必须紧跟在 '&' 后面。
	at com.sun.org.apache.xerces.internal.util.ErrorHandlerWrapper.createSAXParseException(ErrorHandlerWrapper.java:203)
	at com.sun.org.apache.xerces.internal.util.ErrorHandlerWrapper.fatalError(ErrorHandlerWrapper.java:177)
	at com.sun.org.apache.xerces.internal.impl.XMLErrorReporter.reportError(XMLErrorReporter.java:400)
	at com.sun.org.apache.xerces.internal.impl.XMLErrorReporter.reportError(XMLErrorReporter.java:327)
	at com.sun.org.apache.xerces.internal.impl.XMLScanner.reportFatalError(XMLScanner.java:1472)
	at com.sun.org.apache.xerces.internal.impl.XMLScanner.scanAttributeValue(XMLScanner.java:908)
	at com.sun.org.apache.xerces.internal.impl.XMLDocumentFragmentScannerImpl.scanAttribute(XMLDocumentFragmentScannerImpl.java:1548)
	at com.sun.org.apache.xerces.internal.impl.XMLDocumentFragmentScannerImpl.scanStartElement(XMLDocumentFragmentScannerImpl.java:1315)
	at com.sun.org.apache.xerces.internal.impl.XMLDocumentFragmentScannerImpl$FragmentContentDriver.next(XMLDocumentFragmentScannerImpl.java:2784)
	at com.sun.org.apache.xerces.internal.impl.XMLDocumentScannerImpl.next(XMLDocumentScannerImpl.java:602)
	at com.sun.org.apache.xerces.internal.impl.XMLDocumentFragmentScannerImpl.scanDocument(XMLDocumentFragmentScannerImpl.java:505)
	at com.sun.org.apache.xerces.internal.parsers.XML11Configuration.parse(XML11Configuration.java:841)
	at com.sun.org.apache.xerces.internal.parsers.XML11Configuration.parse(XML11Configuration.java:770)
	at com.sun.org.apache.xerces.internal.parsers.XMLParser.parse(XMLParser.java:141)
	at com.sun.org.apache.xerces.internal.parsers.DOMParser.parse(DOMParser.java:243)
	at com.sun.org.apache.xerces.internal.jaxp.DocumentBuilderImpl.parse(DocumentBuilderImpl.java:339)
	at org.eclipse.debug.internal.core.LaunchManager.createInfoFromXML(LaunchManager.java:935)
	at org.eclipse.debug.internal.core.LaunchManager.getInfo(LaunchManager.java:1359)
	at org.eclipse.debug.internal.core.LaunchConfiguration.getInfo(LaunchConfiguration.java:490)
	at org.eclipse.debug.internal.core.LaunchConfiguration.getType(LaunchConfiguration.java:645)
	at org.eclipse.debug.internal.core.LaunchManager.isValid(LaunchManager.java:2091)
	at org.eclipse.debug.internal.core.LaunchManager.verifyConfigurations(LaunchManager.java:2462)
	at org.eclipse.debug.internal.core.LaunchManager.getAllLaunchConfigurations(LaunchManager.java:1140)
	at org.eclipse.debug.internal.core.LaunchManager.getLaunchConfigurations(LaunchManager.java:1444)
	at org.eclipse.debug.internal.core.LaunchManager.getLaunchConfigurations(LaunchManager.java:1439)
	at org.eclipse.launchbar.core.internal.LaunchBarManager.init(LaunchBarManager.java:130)
	at org.eclipse.launchbar.core.internal.LaunchBarManager$1.run(LaunchBarManager.java:96)
	at org.eclipse.core.internal.jobs.Worker.run(Worker.java:63)

!ENTRY org.eclipse.debug.core 4 125 2026-07-28 11:20:40.675
!MESSAGE 调试核心所记录的错误：
!STACK 1
org.eclipse.debug.core.DebugException: 读取启动配置文件 F:\code\vibe_project\rollerball\M33\libraries\components\mtb-device-support-pse8xxgp\make\make\scripts\interface_version_3\eclipse\Application\flash\virgin\JLink\any\&&_PRJ_NAME&& Attach (JLink).launch 时发生了 org.xml.sax.SAXParseException; lineNumber: 3; columnNumber: 66; 在实体引用中, 实体名称必须紧跟在 '&' 后面。。
	at org.eclipse.debug.internal.core.LaunchManager.createDebugException(LaunchManager.java:886)
	at org.eclipse.debug.internal.core.LaunchManager.throwException(LaunchManager.java:2448)
	at org.eclipse.debug.internal.core.LaunchManager.getInfo(LaunchManager.java:1366)
	at org.eclipse.debug.internal.core.LaunchConfiguration.getInfo(LaunchConfiguration.java:490)
	at org.eclipse.debug.internal.core.LaunchConfiguration.getType(LaunchConfiguration.java:645)
	at org.eclipse.debug.internal.core.LaunchManager.isValid(LaunchManager.java:2091)
	at org.eclipse.debug.internal.core.LaunchManager.verifyConfigurations(LaunchManager.java:2462)
	at org.eclipse.debug.internal.core.LaunchManager.getAllLaunchConfigurations(LaunchManager.java:1140)
	at org.eclipse.debug.internal.core.LaunchManager.getLaunchConfigurations(LaunchManager.java:1444)
	at org.eclipse.debug.internal.core.LaunchManager.getLaunchConfigurations(LaunchManager.java:1439)
	at org.eclipse.launchbar.core.internal.LaunchBarManager.init(LaunchBarManager.java:130)
	at org.eclipse.launchbar.core.internal.LaunchBarManager$1.run(LaunchBarManager.java:96)
	at org.eclipse.core.internal.jobs.Worker.run(Worker.java:63)
Caused by: org.xml.sax.SAXParseException; lineNumber: 3; columnNumber: 66; 在实体引用中, 实体名称必须紧跟在 '&' 后面。
	at com.sun.org.apache.xerces.internal.util.ErrorHandlerWrapper.createSAXParseException(ErrorHandlerWrapper.java:203)
	at com.sun.org.apache.xerces.internal.util.ErrorHandlerWrapper.fatalError(ErrorHandlerWrapper.java:177)
	at com.sun.org.apache.xerces.internal.impl.XMLErrorReporter.reportError(XMLErrorReporter.java:400)
	at com.sun.org.apache.xerces.internal.impl.XMLErrorReporter.reportError(XMLErrorReporter.java:327)
	at com.sun.org.apache.xerces.internal.impl.XMLScanner.reportFatalError(XMLScanner.java:1472)
	at com.sun.org.apache.xerces.internal.impl.XMLScanner.scanAttributeValue(XMLScanner.java:908)
	at com.sun.org.apache.xerces.internal.impl.XMLDocumentFragmentScannerImpl.scanAttribute(XMLDocumentFragmentScannerImpl.java:1548)
	at com.sun.org.apache.xerces.internal.impl.XMLDocumentFragmentScannerImpl.scanStartElement(XMLDocumentFragmentScannerImpl.java:1315)
	at com.sun.org.apache.xerces.internal.impl.XMLDocumentFragmentScannerImpl$FragmentContentDriver.next(XMLDocumentFragmentScannerImpl.java:2784)
	at com.sun.org.apache.xerces.internal.impl.XMLDocumentScannerImpl.next(XMLDocumentScannerImpl.java:602)
	at com.sun.org.apache.xerces.internal.impl.XMLDocumentFragmentScannerImpl.scanDocument(XMLDocumentFragmentScannerImpl.java:505)
	at com.sun.org.apache.xerces.internal.parsers.XML11Configuration.parse(XML11Configuration.java:841)
	at com.sun.org.apache.xerces.internal.parsers.XML11Configuration.parse(XML11Configuration.java:770)
	at com.sun.org.apache.xerces.internal.parsers.XMLParser.parse(XMLParser.java:141)
	at com.sun.org.apache.xerces.internal.parsers.DOMParser.parse(DOMParser.java:243)
	at com.sun.org.apache.xerces.internal.jaxp.DocumentBuilderImpl.parse(DocumentBuilderImpl.java:339)
	at org.eclipse.debug.internal.core.LaunchManager.createInfoFromXML(LaunchManager.java:935)
	at org.eclipse.debug.internal.core.LaunchManager.getInfo(LaunchManager.java:1359)
	... 10 more
!SUBENTRY 1 org.eclipse.debug.core 4 5012 2026-07-28 11:20:40.675
!MESSAGE 读取启动配置文件 F:\code\vibe_project\rollerball\M33\libraries\components\mtb-device-support-pse8xxgp\make\make\scripts\interface_version_3\eclipse\Application\flash\virgin\JLink\any\&&_PRJ_NAME&& Attach (JLink).launch 时发生了 org.xml.sax.SAXParseException; lineNumber: 3; columnNumber: 66; 在实体引用中, 实体名称必须紧跟在 '&' 后面。。
!STACK 0
org.xml.sax.SAXParseException; lineNumber: 3; columnNumber: 66; 在实体引用中, 实体名称必须紧跟在 '&' 后面。
	at com.sun.org.apache.xerces.internal.util.ErrorHandlerWrapper.createSAXParseException(ErrorHandlerWrapper.java:203)
	at com.sun.org.apache.xerces.internal.util.ErrorHandlerWrapper.fatalError(ErrorHandlerWrapper.java:177)
	at com.sun.org.apache.xerces.internal.impl.XMLErrorReporter.reportError(XMLErrorReporter.java:400)
	at com.sun.org.apache.xerces.internal.impl.XMLErrorReporter.reportError(XMLErrorReporter.java:327)
	at com.sun.org.apache.xerces.internal.impl.XMLScanner.reportFatalError(XMLScanner.java:1472)
	at com.sun.org.apache.xerces.internal.impl.XMLScanner.scanAttributeValue(XMLScanner.java:908)
	at com.sun.org.apache.xerces.internal.impl.XMLDocumentFragmentScannerImpl.scanAttribute(XMLDocumentFragmentScannerImpl.java:1548)
	at com.sun.org.apache.xerces.internal.impl.XMLDocumentFragmentScannerImpl.scanStartElement(XMLDocumentFragmentScannerImpl.java:1315)
	at com.sun.org.apache.xerces.internal.impl.XMLDocumentFragmentScannerImpl$FragmentContentDriver.next(XMLDocumentFragmentScannerImpl.java:2784)
	at com.sun.org.apache.xerces.internal.impl.XMLDocumentScannerImpl.next(XMLDocumentScannerImpl.java:602)
	at com.sun.org.apache.xerces.internal.impl.XMLDocumentFragmentScannerImpl.scanDocument(XMLDocumentFragmentScannerImpl.java:505)
	at com.sun.org.apache.xerces.internal.parsers.XML11Configuration.parse(XML11Configuration.java:841)
	at com.sun.org.apache.xerces.internal.parsers.XML11Configuration.parse(XML11Configuration.java:770)
	at com.sun.org.apache.xerces.internal.parsers.XMLParser.parse(XMLParser.java:141)
	at com.sun.org.apache.xerces.internal.parsers.DOMParser.parse(DOMParser.java:243)
	at com.sun.org.apache.xerces.internal.jaxp.DocumentBuilderImpl.parse(DocumentBuilderImpl.java:339)
	at org.eclipse.debug.internal.core.LaunchManager.createInfoFromXML(LaunchManager.java:935)
	at org.eclipse.debug.internal.core.LaunchManager.getInfo(LaunchManager.java:1359)
	at org.eclipse.debug.internal.core.LaunchConfiguration.getInfo(LaunchConfiguration.java:490)
	at org.eclipse.debug.internal.core.LaunchConfiguration.getType(LaunchConfiguration.java:645)
	at org.eclipse.debug.internal.core.LaunchManager.isValid(LaunchManager.java:2091)
	at org.eclipse.debug.internal.core.LaunchManager.verifyConfigurations(LaunchManager.java:2462)
	at org.eclipse.debug.internal.core.LaunchManager.getAllLaunchConfigurations(LaunchManager.java:1140)
	at org.eclipse.debug.internal.core.LaunchManager.getLaunchConfigurations(LaunchManager.java:1444)
	at org.eclipse.debug.internal.core.LaunchManager.getLaunchConfigurations(LaunchManager.java:1439)
	at org.eclipse.launchbar.core.internal.LaunchBarManager.init(LaunchBarManager.java:130)
	at org.eclipse.launchbar.core.internal.LaunchBarManager$1.run(LaunchBarManager.java:96)
	at org.eclipse.core.internal.jobs.Worker.run(Worker.java:63)

!ENTRY org.eclipse.debug.core 4 125 2026-07-28 11:20:40.677
!MESSAGE 调试核心所记录的错误：
!STACK 1
org.eclipse.debug.core.DebugException: 读取启动配置文件 F:\code\vibe_project\rollerball\M33\libraries\components\mtb-device-support-pse8xxgp\make\make\scripts\interface_version_3\eclipse\Application\flash\virgin\JLink\any\&&_PRJ_NAME&& Debug (JLink).launch 时发生了 org.xml.sax.SAXParseException; lineNumber: 3; columnNumber: 66; 在实体引用中, 实体名称必须紧跟在 '&' 后面。。
	at org.eclipse.debug.internal.core.LaunchManager.createDebugException(LaunchManager.java:886)
	at org.eclipse.debug.internal.core.LaunchManager.throwException(LaunchManager.java:2448)
	at org.eclipse.debug.internal.core.LaunchManager.getInfo(LaunchManager.java:1366)
	at org.eclipse.debug.internal.core.LaunchConfiguration.getInfo(LaunchConfiguration.java:490)
	at org.eclipse.debug.internal.core.LaunchConfiguration.getType(LaunchConfiguration.java:645)
	at org.eclipse.debug.internal.core.LaunchManager.isValid(LaunchManager.java:2091)
	at org.eclipse.debug.internal.core.LaunchManager.verifyConfigurations(LaunchManager.java:2462)
	at org.eclipse.debug.internal.core.LaunchManager.getAllLaunchConfigurations(LaunchManager.java:1140)
	at org.eclipse.debug.internal.core.LaunchManager.getLaunchConfigurations(LaunchManager.java:1444)
	at org.eclipse.debug.internal.core.LaunchManager.getLaunchConfigurations(LaunchManager.java:1439)
	at org.eclipse.launchbar.core.internal.LaunchBarManager.init(LaunchBarManager.java:130)
	at org.eclipse.launchbar.core.internal.LaunchBarManager$1.run(LaunchBarManager.java:96)
	at org.eclipse.core.internal.jobs.Worker.run(Worker.java:63)
Caused by: org.xml.sax.SAXParseException; lineNumber: 3; columnNumber: 66; 在实体引用中, 实体名称必须紧跟在 '&' 后面。
	at com.sun.org.apache.xerces.internal.util.ErrorHandlerWrapper.createSAXParseException(ErrorHandlerWrapper.java:203)
	at com.sun.org.apache.xerces.internal.util.ErrorHandlerWrapper.fatalError(ErrorHandlerWrapper.java:177)
	at com.sun.org.apache.xerces.internal.impl.XMLErrorReporter.reportError(XMLErrorReporter.java:400)
	at com.sun.org.apache.xerces.internal.impl.XMLErrorReporter.reportError(XMLErrorReporter.java:327)
	at com.sun.org.apache.xerces.internal.impl.XMLScanner.reportFatalError(XMLScanner.java:1472)
	at com.sun.org.apache.xerces.internal.impl.XMLScanner.scanAttributeValue(XMLScanner.java:908)
	at com.sun.org.apache.xerces.internal.impl.XMLDocumentFragmentScannerImpl.scanAttribute(XMLDocumentFragmentScannerImpl.java:1548)
	at com.sun.org.apache.xerces.internal.impl.XMLDocumentFragmentScannerImpl.scanStartElement(XMLDocumentFragmentScannerImpl.java:1315)
	at com.sun.org.apache.xerces.internal.impl.XMLDocumentFragmentScannerImpl$FragmentContentDriver.next(XMLDocumentFragmentScannerImpl.java:2784)
	at com.sun.org.apache.xerces.internal.impl.XMLDocumentScannerImpl.next(XMLDocumentScannerImpl.java:602)
	at com.sun.org.apache.xerces.internal.impl.XMLDocumentFragmentScannerImpl.scanDocument(XMLDocumentFragmentScannerImpl.java:505)
	at com.sun.org.apache.xerces.internal.parsers.XML11Configuration.parse(XML11Configuration.java:841)
	at com.sun.org.apache.xerces.internal.parsers.XML11Configuration.parse(XML11Configuration.java:770)
	at com.sun.org.apache.xerces.internal.parsers.XMLParser.parse(XMLParser.java:141)
	at com.sun.org.apache.xerces.internal.parsers.DOMParser.parse(DOMParser.java:243)
	at com.sun.org.apache.xerces.internal.jaxp.DocumentBuilderImpl.parse(DocumentBuilderImpl.java:339)
	at org.eclipse.debug.internal.core.LaunchManager.createInfoFromXML(LaunchManager.java:935)
	at org.eclipse.debug.internal.core.LaunchManager.getInfo(LaunchManager.java:1359)
	... 10 more
!SUBENTRY 1 org.eclipse.debug.core 4 5012 2026-07-28 11:20:40.677
!MESSAGE 读取启动配置文件 F:\code\vibe_project\rollerball\M33\libraries\components\mtb-device-support-pse8xxgp\make\make\scripts\interface_version_3\eclipse\Application\flash\virgin\JLink\any\&&_PRJ_NAME&& Debug (JLink).launch 时发生了 org.xml.sax.SAXParseException; lineNumber: 3; columnNumber: 66; 在实体引用中, 实体名称必须紧跟在 '&' 后面。。
!STACK 0
org.xml.sax.SAXParseException; lineNumber: 3; columnNumber: 66; 在实体引用中, 实体名称必须紧跟在 '&' 后面。
	at com.sun.org.apache.xerces.internal.util.ErrorHandlerWrapper.createSAXParseException(ErrorHandlerWrapper.java:203)
	at com.sun.org.apache.xerces.internal.util.ErrorHandlerWrapper.fatalError(ErrorHandlerWrapper.java:177)
	at com.sun.org.apache.xerces.internal.impl.XMLErrorReporter.reportError(XMLErrorReporter.java:400)
	at com.sun.org.apache.xerces.internal.impl.XMLErrorReporter.reportError(XMLErrorReporter.java:327)
	at com.sun.org.apache.xerces.internal.impl.XMLScanner.reportFatalError(XMLScanner.java:1472)
	at com.sun.org.apache.xerces.internal.impl.XMLScanner.scanAttributeValue(XMLScanner.java:908)
	at com.sun.org.apache.xerces.internal.impl.XMLDocumentFragmentScannerImpl.scanAttribute(XMLDocumentFragmentScannerImpl.java:1548)
	at com.sun.org.apache.xerces.internal.impl.XMLDocumentFragmentScannerImpl.scanStartElement(XMLDocumentFragmentScannerImpl.java:1315)
	at com.sun.org.apache.xerces.internal.impl.XMLDocumentFragmentScannerImpl$FragmentContentDriver.next(XMLDocumentFragmentScannerImpl.java:2784)
	at com.sun.org.apache.xerces.internal.impl.XMLDocumentScannerImpl.next(XMLDocumentScannerImpl.java:602)
	at com.sun.org.apache.xerces.internal.impl.XMLDocumentFragmentScannerImpl.scanDocument(XMLDocumentFragmentScannerImpl.java:505)
	at com.sun.org.apache.xerces.internal.parsers.XML11Configuration.parse(XML11Configuration.java:841)
	at com.sun.org.apache.xerces.internal.parsers.XML11Configuration.parse(XML11Configuration.java:770)
	at com.sun.org.apache.xerces.internal.parsers.XMLParser.parse(XMLParser.java:141)
	at com.sun.org.apache.xerces.internal.parsers.DOMParser.parse(DOMParser.java:243)
	at com.sun.org.apache.xerces.internal.jaxp.DocumentBuilderImpl.parse(DocumentBuilderImpl.java:339)
	at org.eclipse.debug.internal.core.LaunchManager.createInfoFromXML(LaunchManager.java:935)
	at org.eclipse.debug.internal.core.LaunchManager.getInfo(LaunchManager.java:1359)
	at org.eclipse.debug.internal.core.LaunchConfiguration.getInfo(LaunchConfiguration.java:490)
	at org.eclipse.debug.internal.core.LaunchConfiguration.getType(LaunchConfiguration.java:645)
	at org.eclipse.debug.internal.core.LaunchManager.isValid(LaunchManager.java:2091)
	at org.eclipse.debug.internal.core.LaunchManager.verifyConfigurations(LaunchManager.java:2462)
	at org.eclipse.debug.internal.core.LaunchManager.getAllLaunchConfigurations(LaunchManager.java:1140)
	at org.eclipse.debug.internal.core.LaunchManager.getLaunchConfigurations(LaunchManager.java:1444)
	at org.eclipse.debug.internal.core.LaunchManager.getLaunchConfigurations(LaunchManager.java:1439)
	at org.eclipse.launchbar.core.internal.LaunchBarManager.init(LaunchBarManager.java:130)
	at org.eclipse.launchbar.core.internal.LaunchBarManager$1.run(LaunchBarManager.java:96)
	at org.eclipse.core.internal.jobs.Worker.run(Worker.java:63)

!ENTRY org.eclipse.debug.core 4 125 2026-07-28 11:20:40.679
!MESSAGE 调试核心所记录的错误：
!STACK 1
org.eclipse.debug.core.DebugException: 读取启动配置文件 F:\code\vibe_project\rollerball\M33\libraries\components\mtb-device-support-pse8xxgp\make\make\scripts\interface_version_3\eclipse\Application\flash\virgin\JLink\single\&&_PRJ_NAME&& Erase All (JLink).launch 时发生了 org.xml.sax.SAXParseException; lineNumber: 3; columnNumber: 66; 在实体引用中, 实体名称必须紧跟在 '&' 后面。。
	at org.eclipse.debug.internal.core.LaunchManager.createDebugException(LaunchManager.java:886)
	at org.eclipse.debug.internal.core.LaunchManager.throwException(LaunchManager.java:2448)
	at org.eclipse.debug.internal.core.LaunchManager.getInfo(LaunchManager.java:1366)
	at org.eclipse.debug.internal.core.LaunchConfiguration.getInfo(LaunchConfiguration.java:490)
	at org.eclipse.debug.internal.core.LaunchConfiguration.getType(LaunchConfiguration.java:645)
	at org.eclipse.debug.internal.core.LaunchManager.isValid(LaunchManager.java:2091)
	at org.eclipse.debug.internal.core.LaunchManager.verifyConfigurations(LaunchManager.java:2462)
	at org.eclipse.debug.internal.core.LaunchManager.getAllLaunchConfigurations(LaunchManager.java:1140)
	at org.eclipse.debug.internal.core.LaunchManager.getLaunchConfigurations(LaunchManager.java:1444)
	at org.eclipse.debug.internal.core.LaunchManager.getLaunchConfigurations(LaunchManager.java:1439)
	at org.eclipse.launchbar.core.internal.LaunchBarManager.init(LaunchBarManager.java:130)
	at org.eclipse.launchbar.core.internal.LaunchBarManager$1.run(LaunchBarManager.java:96)
	at org.eclipse.core.internal.jobs.Worker.run(Worker.java:63)
Caused by: org.xml.sax.SAXParseException; lineNumber: 3; columnNumber: 66; 在实体引用中, 实体名称必须紧跟在 '&' 后面。
	at com.sun.org.apache.xerces.internal.util.ErrorHandlerWrapper.createSAXParseException(ErrorHandlerWrapper.java:203)
	at com.sun.org.apache.xerces.internal.util.ErrorHandlerWrapper.fatalError(ErrorHandlerWrapper.java:177)
	at com.sun.org.apache.xerces.internal.impl.XMLErrorReporter.reportError(XMLErrorReporter.java:400)
	at com.sun.org.apache.xerces.internal.impl.XMLErrorReporter.reportError(XMLErrorReporter.java:327)
	at com.sun.org.apache.xerces.internal.impl.XMLScanner.reportFatalError(XMLScanner.java:1472)
	at com.sun.org.apache.xerces.internal.impl.XMLScanner.scanAttributeValue(XMLScanner.java:908)
	at com.sun.org.apache.xerces.internal.impl.XMLDocumentFragmentScannerImpl.scanAttribute(XMLDocumentFragmentScannerImpl.java:1548)
	at com.sun.org.apache.xerces.internal.impl.XMLDocumentFragmentScannerImpl.scanStartElement(XMLDocumentFragmentScannerImpl.java:1315)
	at com.sun.org.apache.xerces.internal.impl.XMLDocumentFragmentScannerImpl$FragmentContentDriver.next(XMLDocumentFragmentScannerImpl.java:2784)
	at com.sun.org.apache.xerces.internal.impl.XMLDocumentScannerImpl.next(XMLDocumentScannerImpl.java:602)
	at com.sun.org.apache.xerces.internal.impl.XMLDocumentFragmentScannerImpl.scanDocument(XMLDocumentFragmentScannerImpl.java:505)
	at com.sun.org.apache.xerces.internal.parsers.XML11Configuration.parse(XML11Configuration.java:841)
	at com.sun.org.apache.xerces.internal.parsers.XML11Configuration.parse(XML11Configuration.java:770)
	at com.sun.org.apache.xerces.internal.parsers.XMLParser.parse(XMLParser.java:141)
	at com.sun.org.apache.xerces.internal.parsers.DOMParser.parse(DOMParser.java:243)
	at com.sun.org.apache.xerces.internal.jaxp.DocumentBuilderImpl.parse(DocumentBuilderImpl.java:339)
	at org.eclipse.debug.internal.core.LaunchManager.createInfoFromXML(LaunchManager.java:935)
	at org.eclipse.debug.internal.core.LaunchManager.getInfo(LaunchManager.java:1359)
	... 10 more
!SUBENTRY 1 org.eclipse.debug.core 4 5012 2026-07-28 11:20:40.679
!MESSAGE 读取启动配置文件 F:\code\vibe_project\rollerball\M33\libraries\components\mtb-device-support-pse8xxgp\make\make\scripts\interface_version_3\eclipse\Application\flash\virgin\JLink\single\&&_PRJ_NAME&& Erase All (JLink).launch 时发生了 org.xml.sax.SAXParseException; lineNumber: 3; columnNumber: 66; 在实体引用中, 实体名称必须紧跟在 '&' 后面。。
!STACK 0
org.xml.sax.SAXParseException; lineNumber: 3; columnNumber: 66; 在实体引用中, 实体名称必须紧跟在 '&' 后面。
	at com.sun.org.apache.xerces.internal.util.ErrorHandlerWrapper.createSAXParseException(ErrorHandlerWrapper.java:203)
	at com.sun.org.apache.xerces.internal.util.ErrorHandlerWrapper.fatalError(ErrorHandlerWrapper.java:177)
	at com.sun.org.apache.xerces.internal.impl.XMLErrorReporter.reportError(XMLErrorReporter.java:400)
	at com.sun.org.apache.xerces.internal.impl.XMLErrorReporter.reportError(XMLErrorReporter.java:327)
	at com.sun.org.apache.xerces.internal.impl.XMLScanner.reportFatalError(XMLScanner.java:1472)
	at com.sun.org.apache.xerces.internal.impl.XMLScanner.scanAttributeValue(XMLScanner.java:908)
	at com.sun.org.apache.xerces.internal.impl.XMLDocumentFragmentScannerImpl.scanAttribute(XMLDocumentFragmentScannerImpl.java:1548)
	at com.sun.org.apache.xerces.internal.impl.XMLDocumentFragmentScannerImpl.scanStartElement(XMLDocumentFragmentScannerImpl.java:1315)
	at com.sun.org.apache.xerces.internal.impl.XMLDocumentFragmentScannerImpl$FragmentContentDriver.next(XMLDocumentFragmentScannerImpl.java:2784)
	at com.sun.org.apache.xerces.internal.impl.XMLDocumentScannerImpl.next(XMLDocumentScannerImpl.java:602)
	at com.sun.org.apache.xerces.internal.impl.XMLDocumentFragmentScannerImpl.scanDocument(XMLDocumentFragmentScannerImpl.java:505)
	at com.sun.org.apache.xerces.internal.parsers.XML11Configuration.parse(XML11Configuration.java:841)
	at com.sun.org.apache.xerces.internal.parsers.XML11Configuration.parse(XML11Configuration.java:770)
	at com.sun.org.apache.xerces.internal.parsers.XMLParser.parse(XMLParser.java:141)
	at com.sun.org.apache.xerces.internal.parsers.DOMParser.parse(DOMParser.java:243)
	at com.sun.org.apache.xerces.internal.jaxp.DocumentBuilderImpl.parse(DocumentBuilderImpl.java:339)
	at org.eclipse.debug.internal.core.LaunchManager.createInfoFromXML(LaunchManager.java:935)
	at org.eclipse.debug.internal.core.LaunchManager.getInfo(LaunchManager.java:1359)
	at org.eclipse.debug.internal.core.LaunchConfiguration.getInfo(LaunchConfiguration.java:490)
	at org.eclipse.debug.internal.core.LaunchConfiguration.getType(LaunchConfiguration.java:645)
	at org.eclipse.debug.internal.core.LaunchManager.isValid(LaunchManager.java:2091)
	at org.eclipse.debug.internal.core.LaunchManager.verifyConfigurations(LaunchManager.java:2462)
	at org.eclipse.debug.internal.core.LaunchManager.getAllLaunchConfigurations(LaunchManager.java:1140)
	at org.eclipse.debug.internal.core.LaunchManager.getLaunchConfigurations(LaunchManager.java:1444)
	at org.eclipse.debug.internal.core.LaunchManager.getLaunchConfigurations(LaunchManager.java:1439)
	at org.eclipse.launchbar.core.internal.LaunchBarManager.init(LaunchBarManager.java:130)
	at org.eclipse.launchbar.core.internal.LaunchBarManager$1.run(LaunchBarManager.java:96)
	at org.eclipse.core.internal.jobs.Worker.run(Worker.java:63)

!ENTRY org.eclipse.debug.core 4 125 2026-07-28 11:20:40.679
!MESSAGE 调试核心所记录的错误：
!STACK 1
org.eclipse.debug.core.DebugException: 读取启动配置文件 F:\code\vibe_project\rollerball\M33\libraries\components\mtb-device-support-pse8xxgp\make\make\scripts\interface_version_3\eclipse\Application\flash\virgin\JLink\single\&&_PRJ_NAME&& Erase Device (JLink).launch 时发生了 org.xml.sax.SAXParseException; lineNumber: 3; columnNumber: 66; 在实体引用中, 实体名称必须紧跟在 '&' 后面。。
	at org.eclipse.debug.internal.core.LaunchManager.createDebugException(LaunchManager.java:886)
	at org.eclipse.debug.internal.core.LaunchManager.throwException(LaunchManager.java:2448)
	at org.eclipse.debug.internal.core.LaunchManager.getInfo(LaunchManager.java:1366)
	at org.eclipse.debug.internal.core.LaunchConfiguration.getInfo(LaunchConfiguration.java:490)
	at org.eclipse.debug.internal.core.LaunchConfiguration.getType(LaunchConfiguration.java:645)
	at org.eclipse.debug.internal.core.LaunchManager.isValid(LaunchManager.java:2091)
	at org.eclipse.debug.internal.core.LaunchManager.verifyConfigurations(LaunchManager.java:2462)
	at org.eclipse.debug.internal.core.LaunchManager.getAllLaunchConfigurations(LaunchManager.java:1140)
	at org.eclipse.debug.internal.core.LaunchManager.getLaunchConfigurations(LaunchManager.java:1444)
	at org.eclipse.debug.internal.core.LaunchManager.getLaunchConfigurations(LaunchManager.java:1439)
	at org.eclipse.launchbar.core.internal.LaunchBarManager.init(LaunchBarManager.java:130)
	at org.eclipse.launchbar.core.internal.LaunchBarManager$1.run(LaunchBarManager.java:96)
	at org.eclipse.core.internal.jobs.Worker.run(Worker.java:63)
Caused by: org.xml.sax.SAXParseException; lineNumber: 3; columnNumber: 66; 在实体引用中, 实体名称必须紧跟在 '&' 后面。
	at com.sun.org.apache.xerces.internal.util.ErrorHandlerWrapper.createSAXParseException(ErrorHandlerWrapper.java:203)
	at com.sun.org.apache.xerces.internal.util.ErrorHandlerWrapper.fatalError(ErrorHandlerWrapper.java:177)
	at com.sun.org.apache.xerces.internal.impl.XMLErrorReporter.reportError(XMLErrorReporter.java:400)
	at com.sun.org.apache.xerces.internal.impl.XMLErrorReporter.reportError(XMLErrorReporter.java:327)
	at com.sun.org.apache.xerces.internal.impl.XMLScanner.reportFatalError(XMLScanner.java:1472)
	at com.sun.org.apache.xerces.internal.impl.XMLScanner.scanAttributeValue(XMLScanner.java:908)
	at com.sun.org.apache.xerces.internal.impl.XMLDocumentFragmentScannerImpl.scanAttribute(XMLDocumentFragmentScannerImpl.java:1548)
	at com.sun.org.apache.xerces.internal.impl.XMLDocumentFragmentScannerImpl.scanStartElement(XMLDocumentFragmentScannerImpl.java:1315)
	at com.sun.org.apache.xerces.internal.impl.XMLDocumentFragmentScannerImpl$FragmentContentDriver.next(XMLDocumentFragmentScannerImpl.java:2784)
	at com.sun.org.apache.xerces.internal.impl.XMLDocumentScannerImpl.next(XMLDocumentScannerImpl.java:602)
	at com.sun.org.apache.xerces.internal.impl.XMLDocumentFragmentScannerImpl.scanDocument(XMLDocumentFragmentScannerImpl.java:505)
	at com.sun.org.apache.xerces.internal.parsers.XML11Configuration.parse(XML11Configuration.java:841)
	at com.sun.org.apache.xerces.internal.parsers.XML11Configuration.parse(XML11Configuration.java:770)
	at com.sun.org.apache.xerces.internal.parsers.XMLParser.parse(XMLParser.java:141)
	at com.sun.org.apache.xerces.internal.parsers.DOMParser.parse(DOMParser.java:243)
	at com.sun.org.apache.xerces.internal.jaxp.DocumentBuilderImpl.parse(DocumentBuilderImpl.java:339)
	at org.eclipse.debug.internal.core.LaunchManager.createInfoFromXML(LaunchManager.java:935)
	at org.eclipse.debug.internal.core.LaunchManager.getInfo(LaunchManager.java:1359)
	... 10 more
!SUBENTRY 1 org.eclipse.debug.core 4 5012 2026-07-28 11:20:40.679
!MESSAGE 读取启动配置文件 F:\code\vibe_project\rollerball\M33\libraries\components\mtb-device-support-pse8xxgp\make\make\scripts\interface_version_3\eclipse\Application\flash\virgin\JLink\single\&&_PRJ_NAME&& Erase Device (JLink).launch 时发生了 org.xml.sax.SAXParseException; lineNumber: 3; columnNumber: 66; 在实体引用中, 实体名称必须紧跟在 '&' 后面。。
!STACK 0
org.xml.sax.SAXParseException; lineNumber: 3; columnNumber: 66; 在实体引用中, 实体名称必须紧跟在 '&' 后面。
	at com.sun.org.apache.xerces.internal.util.ErrorHandlerWrapper.createSAXParseException(ErrorHandlerWrapper.java:203)
	at com.sun.org.apache.xerces.internal.util.ErrorHandlerWrapper.fatalError(ErrorHandlerWrapper.java:177)
	at com.sun.org.apache.xerces.internal.impl.XMLErrorReporter.reportError(XMLErrorReporter.java:400)
	at com.sun.org.apache.xerces.internal.impl.XMLErrorReporter.reportError(XMLErrorReporter.java:327)
	at com.sun.org.apache.xerces.internal.impl.XMLScanner.reportFatalError(XMLScanner.java:1472)
	at com.sun.org.apache.xerces.internal.impl.XMLScanner.scanAttributeValue(XMLScanner.java:908)
	at com.sun.org.apache.xerces.internal.impl.XMLDocumentFragmentScannerImpl.scanAttribute(XMLDocumentFragmentScannerImpl.java:1548)
	at com.sun.org.apache.xerces.internal.impl.XMLDocumentFragmentScannerImpl.scanStartElement(XMLDocumentFragmentScannerImpl.java:1315)
	at com.sun.org.apache.xerces.internal.impl.XMLDocumentFragmentScannerImpl$FragmentContentDriver.next(XMLDocumentFragmentScannerImpl.java:2784)
	at com.sun.org.apache.xerces.internal.impl.XMLDocumentScannerImpl.next(XMLDocumentScannerImpl.java:602)
	at com.sun.org.apache.xerces.internal.impl.XMLDocumentFragmentScannerImpl.scanDocument(XMLDocumentFragmentScannerImpl.java:505)
	at com.sun.org.apache.xerces.internal.parsers.XML11Configuration.parse(XML11Configuration.java:841)
	at com.sun.org.apache.xerces.internal.parsers.XML11Configuration.parse(XML11Configuration.java:770)
	at com.sun.org.apache.xerces.internal.parsers.XMLParser.parse(XMLParser.java:141)
	at com.sun.org.apache.xerces.internal.parsers.DOMParser.parse(DOMParser.java:243)
	at com.sun.org.apache.xerces.internal.jaxp.DocumentBuilderImpl.parse(DocumentBuilderImpl.java:339)
	at org.eclipse.debug.internal.core.LaunchManager.createInfoFromXML(LaunchManager.java:935)
	at org.eclipse.debug.internal.core.LaunchManager.getInfo(LaunchManager.java:1359)
	at org.eclipse.debug.internal.core.LaunchConfiguration.getInfo(LaunchConfiguration.java:490)
	at org.eclipse.debug.internal.core.LaunchConfiguration.getType(LaunchConfiguration.java:645)
	at org.eclipse.debug.internal.core.LaunchManager.isValid(LaunchManager.java:2091)
	at org.eclipse.debug.internal.core.LaunchManager.verifyConfigurations(LaunchManager.java:2462)
	at org.eclipse.debug.internal.core.LaunchManager.getAllLaunchConfigurations(LaunchManager.java:1140)
	at org.eclipse.debug.internal.core.LaunchManager.getLaunchConfigurations(LaunchManager.java:1444)
	at org.eclipse.debug.internal.core.LaunchManager.getLaunchConfigurations(LaunchManager.java:1439)
	at org.eclipse.launchbar.core.internal.LaunchBarManager.init(LaunchBarManager.java:130)
	at org.eclipse.launchbar.core.internal.LaunchBarManager$1.run(LaunchBarManager.java:96)
	at org.eclipse.core.internal.jobs.Worker.run(Worker.java:63)

!ENTRY org.eclipse.debug.core 4 125 2026-07-28 11:20:40.683
!MESSAGE 调试核心所记录的错误：
!STACK 1
org.eclipse.debug.core.DebugException: 读取启动配置文件 F:\code\vibe_project\rollerball\M33\libraries\components\mtb-device-support-pse8xxgp\make\make\scripts\interface_version_3\eclipse\Application\flash\virgin\JLink\single\&&_PRJ_NAME&& Program (JLink).launch 时发生了 org.xml.sax.SAXParseException; lineNumber: 3; columnNumber: 66; 在实体引用中, 实体名称必须紧跟在 '&' 后面。。
	at org.eclipse.debug.internal.core.LaunchManager.createDebugException(LaunchManager.java:886)
	at org.eclipse.debug.internal.core.LaunchManager.throwException(LaunchManager.java:2448)
	at org.eclipse.debug.internal.core.LaunchManager.getInfo(LaunchManager.java:1366)
	at org.eclipse.debug.internal.core.LaunchConfiguration.getInfo(LaunchConfiguration.java:490)
	at org.eclipse.debug.internal.core.LaunchConfiguration.getType(LaunchConfiguration.java:645)
	at org.eclipse.debug.internal.core.LaunchManager.isValid(LaunchManager.java:2091)
	at org.eclipse.debug.internal.core.LaunchManager.verifyConfigurations(LaunchManager.java:2462)
	at org.eclipse.debug.internal.core.LaunchManager.getAllLaunchConfigurations(LaunchManager.java:1140)
	at org.eclipse.debug.internal.core.LaunchManager.getLaunchConfigurations(LaunchManager.java:1444)
	at org.eclipse.debug.internal.core.LaunchManager.getLaunchConfigurations(LaunchManager.java:1439)
	at org.eclipse.launchbar.core.internal.LaunchBarManager.init(LaunchBarManager.java:130)
	at org.eclipse.launchbar.core.internal.LaunchBarManager$1.run(LaunchBarManager.java:96)
	at org.eclipse.core.internal.jobs.Worker.run(Worker.java:63)
Caused by: org.xml.sax.SAXParseException; lineNumber: 3; columnNumber: 66; 在实体引用中, 实体名称必须紧跟在 '&' 后面。
	at com.sun.org.apache.xerces.internal.util.ErrorHandlerWrapper.createSAXParseException(ErrorHandlerWrapper.java:203)
	at com.sun.org.apache.xerces.internal.util.ErrorHandlerWrapper.fatalError(ErrorHandlerWrapper.java:177)
	at com.sun.org.apache.xerces.internal.impl.XMLErrorReporter.reportError(XMLErrorReporter.java:400)
	at com.sun.org.apache.xerces.internal.impl.XMLErrorReporter.reportError(XMLErrorReporter.java:327)
	at com.sun.org.apache.xerces.internal.impl.XMLScanner.reportFatalError(XMLScanner.java:1472)
	at com.sun.org.apache.xerces.internal.impl.XMLScanner.scanAttributeValue(XMLScanner.java:908)
	at com.sun.org.apache.xerces.internal.impl.XMLDocumentFragmentScannerImpl.scanAttribute(XMLDocumentFragmentScannerImpl.java:1548)
	at com.sun.org.apache.xerces.internal.impl.XMLDocumentFragmentScannerImpl.scanStartElement(XMLDocumentFragmentScannerImpl.java:1315)
	at com.sun.org.apache.xerces.internal.impl.XMLDocumentFragmentScannerImpl$FragmentContentDriver.next(XMLDocumentFragmentScannerImpl.java:2784)
	at com.sun.org.apache.xerces.internal.impl.XMLDocumentScannerImpl.next(XMLDocumentScannerImpl.java:602)
	at com.sun.org.apache.xerces.internal.impl.XMLDocumentFragmentScannerImpl.scanDocument(XMLDocumentFragmentScannerImpl.java:505)
	at com.sun.org.apache.xerces.internal.parsers.XML11Configuration.parse(XML11Configuration.java:841)
	at com.sun.org.apache.xerces.internal.parsers.XML11Configuration.parse(XML11Configuration.java:770)
	at com.sun.org.apache.xerces.internal.parsers.XMLParser.parse(XMLParser.java:141)
	at com.sun.org.apache.xerces.internal.parsers.DOMParser.parse(DOMParser.java:243)
	at com.sun.org.apache.xerces.internal.jaxp.DocumentBuilderImpl.parse(DocumentBuilderImpl.java:339)
	at org.eclipse.debug.internal.core.LaunchManager.createInfoFromXML(LaunchManager.java:935)
	at org.eclipse.debug.internal.core.LaunchManager.getInfo(LaunchManager.java:1359)
	... 10 more
!SUBENTRY 1 org.eclipse.debug.core 4 5012 2026-07-28 11:20:40.683
!MESSAGE 读取启动配置文件 F:\code\vibe_project\rollerball\M33\libraries\components\mtb-device-support-pse8xxgp\make\make\scripts\interface_version_3\eclipse\Application\flash\virgin\JLink\single\&&_PRJ_NAME&& Program (JLink).launch 时发生了 org.xml.sax.SAXParseException; lineNumber: 3; columnNumber: 66; 在实体引用中, 实体名称必须紧跟在 '&' 后面。。
!STACK 0
org.xml.sax.SAXParseException; lineNumber: 3; columnNumber: 66; 在实体引用中, 实体名称必须紧跟在 '&' 后面。
	at com.sun.org.apache.xerces.internal.util.ErrorHandlerWrapper.createSAXParseException(ErrorHandlerWrapper.java:203)
	at com.sun.org.apache.xerces.internal.util.ErrorHandlerWrapper.fatalError(ErrorHandlerWrapper.java:177)
	at com.sun.org.apache.xerces.internal.impl.XMLErrorReporter.reportError(XMLErrorReporter.java:400)
	at com.sun.org.apache.xerces.internal.impl.XMLErrorReporter.reportError(XMLErrorReporter.java:327)
	at com.sun.org.apache.xerces.internal.impl.XMLScanner.reportFatalError(XMLScanner.java:1472)
	at com.sun.org.apache.xerces.internal.impl.XMLScanner.scanAttributeValue(XMLScanner.java:908)
	at com.sun.org.apache.xerces.internal.impl.XMLDocumentFragmentScannerImpl.scanAttribute(XMLDocumentFragmentScannerImpl.java:1548)
	at com.sun.org.apache.xerces.internal.impl.XMLDocumentFragmentScannerImpl.scanStartElement(XMLDocumentFragmentScannerImpl.java:1315)
	at com.sun.org.apache.xerces.internal.impl.XMLDocumentFragmentScannerImpl$FragmentContentDriver.next(XMLDocumentFragmentScannerImpl.java:2784)
	at com.sun.org.apache.xerces.internal.impl.XMLDocumentScannerImpl.next(XMLDocumentScannerImpl.java:602)
	at com.sun.org.apache.xerces.internal.impl.XMLDocumentFragmentScannerImpl.scanDocument(XMLDocumentFragmentScannerImpl.java:505)
	at com.sun.org.apache.xerces.internal.parsers.XML11Configuration.parse(XML11Configuration.java:841)
	at com.sun.org.apache.xerces.internal.parsers.XML11Configuration.parse(XML11Configuration.java:770)
	at com.sun.org.apache.xerces.internal.parsers.XMLParser.parse(XMLParser.java:141)
	at com.sun.org.apache.xerces.internal.parsers.DOMParser.parse(DOMParser.java:243)
	at com.sun.org.apache.xerces.internal.jaxp.DocumentBuilderImpl.parse(DocumentBuilderImpl.java:339)
	at org.eclipse.debug.internal.core.LaunchManager.createInfoFromXML(LaunchManager.java:935)
	at org.eclipse.debug.internal.core.LaunchManager.getInfo(LaunchManager.java:1359)
	at org.eclipse.debug.internal.core.LaunchConfiguration.getInfo(LaunchConfiguration.java:490)
	at org.eclipse.debug.internal.core.LaunchConfiguration.getType(LaunchConfiguration.java:645)
	at org.eclipse.debug.internal.core.LaunchManager.isValid(LaunchManager.java:2091)
	at org.eclipse.debug.internal.core.LaunchManager.verifyConfigurations(LaunchManager.java:2462)
	at org.eclipse.debug.internal.core.LaunchManager.getAllLaunchConfigurations(LaunchManager.java:1140)
	at org.eclipse.debug.internal.core.LaunchManager.getLaunchConfigurations(LaunchManager.java:1444)
	at org.eclipse.debug.internal.core.LaunchManager.getLaunchConfigurations(LaunchManager.java:1439)
	at org.eclipse.launchbar.core.internal.LaunchBarManager.init(LaunchBarManager.java:130)
	at org.eclipse.launchbar.core.internal.LaunchBarManager$1.run(LaunchBarManager.java:96)
	at org.eclipse.core.internal.jobs.Worker.run(Worker.java:63)

!ENTRY org.eclipse.debug.core 4 125 2026-07-28 11:20:40.683
!MESSAGE 调试核心所记录的错误：
!STACK 1
org.eclipse.debug.core.DebugException: 读取启动配置文件 F:\code\vibe_project\rollerball\M33\libraries\components\mtb-device-support-pse8xxgp\make\make\scripts\interface_version_3\eclipse\Application\flash\virgin\KitProg3\&&_APP_NAME&& Debug MultiCore (KitProg3_MiniProg4).launch 时发生了 org.xml.sax.SAXParseException; lineNumber: 3; columnNumber: 66; 在实体引用中, 实体名称必须紧跟在 '&' 后面。。
	at org.eclipse.debug.internal.core.LaunchManager.createDebugException(LaunchManager.java:886)
	at org.eclipse.debug.internal.core.LaunchManager.throwException(LaunchManager.java:2448)
	at org.eclipse.debug.internal.core.LaunchManager.getInfo(LaunchManager.java:1366)
	at org.eclipse.debug.internal.core.LaunchConfiguration.getInfo(LaunchConfiguration.java:490)
	at org.eclipse.debug.internal.core.LaunchConfiguration.getType(LaunchConfiguration.java:645)
	at org.eclipse.debug.internal.core.LaunchManager.isValid(LaunchManager.java:2091)
	at org.eclipse.debug.internal.core.LaunchManager.verifyConfigurations(LaunchManager.java:2462)
	at org.eclipse.debug.internal.core.LaunchManager.getAllLaunchConfigurations(LaunchManager.java:1140)
	at org.eclipse.debug.internal.core.LaunchManager.getLaunchConfigurations(LaunchManager.java:1444)
	at org.eclipse.debug.internal.core.LaunchManager.getLaunchConfigurations(LaunchManager.java:1439)
	at org.eclipse.launchbar.core.internal.LaunchBarManager.init(LaunchBarManager.java:130)
	at org.eclipse.launchbar.core.internal.LaunchBarManager$1.run(LaunchBarManager.java:96)
	at org.eclipse.core.internal.jobs.Worker.run(Worker.java:63)
Caused by: org.xml.sax.SAXParseException; lineNumber: 3; columnNumber: 66; 在实体引用中, 实体名称必须紧跟在 '&' 后面。
	at com.sun.org.apache.xerces.internal.util.ErrorHandlerWrapper.createSAXParseException(ErrorHandlerWrapper.java:203)
	at com.sun.org.apache.xerces.internal.util.ErrorHandlerWrapper.fatalError(ErrorHandlerWrapper.java:177)
	at com.sun.org.apache.xerces.internal.impl.XMLErrorReporter.reportError(XMLErrorReporter.java:400)
	at com.sun.org.apache.xerces.internal.impl.XMLErrorReporter.reportError(XMLErrorReporter.java:327)
	at com.sun.org.apache.xerces.internal.impl.XMLScanner.reportFatalError(XMLScanner.java:1472)
	at com.sun.org.apache.xerces.internal.impl.XMLScanner.scanAttributeValue(XMLScanner.java:908)
	at com.sun.org.apache.xerces.internal.impl.XMLDocumentFragmentScannerImpl.scanAttribute(XMLDocumentFragmentScannerImpl.java:1548)
	at com.sun.org.apache.xerces.internal.impl.XMLDocumentFragmentScannerImpl.scanStartElement(XMLDocumentFragmentScannerImpl.java:1315)
	at com.sun.org.apache.xerces.internal.impl.XMLDocumentFragmentScannerImpl$FragmentContentDriver.next(XMLDocumentFragmentScannerImpl.java:2784)
	at com.sun.org.apache.xerces.internal.impl.XMLDocumentScannerImpl.next(XMLDocumentScannerImpl.java:602)
	at com.sun.org.apache.xerces.internal.impl.XMLDocumentFragmentScannerImpl.scanDocument(XMLDocumentFragmentScannerImpl.java:505)
	at com.sun.org.apache.xerces.internal.parsers.XML11Configuration.parse(XML11Configuration.java:841)
	at com.sun.org.apache.xerces.internal.parsers.XML11Configuration.parse(XML11Configuration.java:770)
	at com.sun.org.apache.xerces.internal.parsers.XMLParser.parse(XMLParser.java:141)
	at com.sun.org.apache.xerces.internal.parsers.DOMParser.parse(DOMParser.java:243)
	at com.sun.org.apache.xerces.internal.jaxp.DocumentBuilderImpl.parse(DocumentBuilderImpl.java:339)
	at org.eclipse.debug.internal.core.LaunchManager.createInfoFromXML(LaunchManager.java:935)
	at org.eclipse.debug.internal.core.LaunchManager.getInfo(LaunchManager.java:1359)
	... 10 more
!SUBENTRY 1 org.eclipse.debug.core 4 5012 2026-07-28 11:20:40.683
!MESSAGE 读取启动配置文件 F:\code\vibe_project\rollerball\M33\libraries\components\mtb-device-support-pse8xxgp\make\make\scripts\interface_version_3\eclipse\Application\flash\virgin\KitProg3\&&_APP_NAME&& Debug MultiCore (KitProg3_MiniProg4).launch 时发生了 org.xml.sax.SAXParseException; lineNumber: 3; columnNumber: 66; 在实体引用中, 实体名称必须紧跟在 '&' 后面。。
!STACK 0
org.xml.sax.SAXParseException; lineNumber: 3; columnNumber: 66; 在实体引用中, 实体名称必须紧跟在 '&' 后面。
	at com.sun.org.apache.xerces.internal.util.ErrorHandlerWrapper.createSAXParseException(ErrorHandlerWrapper.java:203)
	at com.sun.org.apache.xerces.internal.util.ErrorHandlerWrapper.fatalError(ErrorHandlerWrapper.java:177)
	at com.sun.org.apache.xerces.internal.impl.XMLErrorReporter.reportError(XMLErrorReporter.java:400)
	at com.sun.org.apache.xerces.internal.impl.XMLErrorReporter.reportError(XMLErrorReporter.java:327)
	at com.sun.org.apache.xerces.internal.impl.XMLScanner.reportFatalError(XMLScanner.java:1472)
	at com.sun.org.apache.xerces.internal.impl.XMLScanner.scanAttributeValue(XMLScanner.java:908)
	at com.sun.org.apache.xerces.internal.impl.XMLDocumentFragmentScannerImpl.scanAttribute(XMLDocumentFragmentScannerImpl.java:1548)
	at com.sun.org.apache.xerces.internal.impl.XMLDocumentFragmentScannerImpl.scanStartElement(XMLDocumentFragmentScannerImpl.java:1315)
	at com.sun.org.apache.xerces.internal.impl.XMLDocumentFragmentScannerImpl$FragmentContentDriver.next(XMLDocumentFragmentScannerImpl.java:2784)
	at com.sun.org.apache.xerces.internal.impl.XMLDocumentScannerImpl.next(XMLDocumentScannerImpl.java:602)
	at com.sun.org.apache.xerces.internal.impl.XMLDocumentFragmentScannerImpl.scanDocument(XMLDocumentFragmentScannerImpl.java:505)
	at com.sun.org.apache.xerces.internal.parsers.XML11Configuration.parse(XML11Configuration.java:841)
	at com.sun.org.apache.xerces.internal.parsers.XML11Configuration.parse(XML11Configuration.java:770)
	at com.sun.org.apache.xerces.internal.parsers.XMLParser.parse(XMLParser.java:141)
	at com.sun.org.apache.xerces.internal.parsers.DOMParser.parse(DOMParser.java:243)
	at com.sun.org.apache.xerces.internal.jaxp.DocumentBuilderImpl.parse(DocumentBuilderImpl.java:339)
	at org.eclipse.debug.internal.core.LaunchManager.createInfoFromXML(LaunchManager.java:935)
	at org.eclipse.debug.internal.core.LaunchManager.getInfo(LaunchManager.java:1359)
	at org.eclipse.debug.internal.core.LaunchConfiguration.getInfo(LaunchConfiguration.java:490)
	at org.eclipse.debug.internal.core.LaunchConfiguration.getType(LaunchConfiguration.java:645)
	at org.eclipse.debug.internal.core.LaunchManager.isValid(LaunchManager.java:2091)
	at org.eclipse.debug.internal.core.LaunchManager.verifyConfigurations(LaunchManager.java:2462)
	at org.eclipse.debug.internal.core.LaunchManager.getAllLaunchConfigurations(LaunchManager.java:1140)
	at org.eclipse.debug.internal.core.LaunchManager.getLaunchConfigurations(LaunchManager.java:1444)
	at org.eclipse.debug.internal.core.LaunchManager.getLaunchConfigurations(LaunchManager.java:1439)
	at org.eclipse.launchbar.core.internal.LaunchBarManager.init(LaunchBarManager.java:130)
	at org.eclipse.launchbar.core.internal.LaunchBarManager$1.run(LaunchBarManager.java:96)
	at org.eclipse.core.internal.jobs.Worker.run(Worker.java:63)

!ENTRY org.eclipse.debug.core 4 125 2026-07-28 11:20:40.688
!MESSAGE 调试核心所记录的错误：
!STACK 1
org.eclipse.debug.core.DebugException: 读取启动配置文件 F:\code\vibe_project\rollerball\M33\libraries\components\mtb-device-support-pse8xxgp\make\make\scripts\interface_version_3\eclipse\Application\flash\virgin\KitProg3\&&_APP_NAME&& Erase All (KitProg3_MiniProg4).launch 时发生了 org.xml.sax.SAXParseException; lineNumber: 3; columnNumber: 66; 在实体引用中, 实体名称必须紧跟在 '&' 后面。。
	at org.eclipse.debug.internal.core.LaunchManager.createDebugException(LaunchManager.java:886)
	at org.eclipse.debug.internal.core.LaunchManager.throwException(LaunchManager.java:2448)
	at org.eclipse.debug.internal.core.LaunchManager.getInfo(LaunchManager.java:1366)
	at org.eclipse.debug.internal.core.LaunchConfiguration.getInfo(LaunchConfiguration.java:490)
	at org.eclipse.debug.internal.core.LaunchConfiguration.getType(LaunchConfiguration.java:645)
	at org.eclipse.debug.internal.core.LaunchManager.isValid(LaunchManager.java:2091)
	at org.eclipse.debug.internal.core.LaunchManager.verifyConfigurations(LaunchManager.java:2462)
	at org.eclipse.debug.internal.core.LaunchManager.getAllLaunchConfigurations(LaunchManager.java:1140)
	at org.eclipse.debug.internal.core.LaunchManager.getLaunchConfigurations(LaunchManager.java:1444)
	at org.eclipse.debug.internal.core.LaunchManager.getLaunchConfigurations(LaunchManager.java:1439)
	at org.eclipse.launchbar.core.internal.LaunchBarManager.init(LaunchBarManager.java:130)
	at org.eclipse.launchbar.core.internal.LaunchBarManager$1.run(LaunchBarManager.java:96)
	at org.eclipse.core.internal.jobs.Worker.run(Worker.java:63)
Caused by: org.xml.sax.SAXParseException; lineNumber: 3; columnNumber: 66; 在实体引用中, 实体名称必须紧跟在 '&' 后面。
	at com.sun.org.apache.xerces.internal.util.ErrorHandlerWrapper.createSAXParseException(ErrorHandlerWrapper.java:203)
	at com.sun.org.apache.xerces.internal.util.ErrorHandlerWrapper.fatalError(ErrorHandlerWrapper.java:177)
	at com.sun.org.apache.xerces.internal.impl.XMLErrorReporter.reportError(XMLErrorReporter.java:400)
	at com.sun.org.apache.xerces.internal.impl.XMLErrorReporter.reportError(XMLErrorReporter.java:327)
	at com.sun.org.apache.xerces.internal.impl.XMLScanner.reportFatalError(XMLScanner.java:1472)
	at com.sun.org.apache.xerces.internal.impl.XMLScanner.scanAttributeValue(XMLScanner.java:908)
	at com.sun.org.apache.xerces.internal.impl.XMLDocumentFragmentScannerImpl.scanAttribute(XMLDocumentFragmentScannerImpl.java:1548)
	at com.sun.org.apache.xerces.internal.impl.XMLDocumentFragmentScannerImpl.scanStartElement(XMLDocumentFragmentScannerImpl.java:1315)
	at com.sun.org.apache.xerces.internal.impl.XMLDocumentFragmentScannerImpl$FragmentContentDriver.next(XMLDocumentFragmentScannerImpl.java:2784)
	at com.sun.org.apache.xerces.internal.impl.XMLDocumentScannerImpl.next(XMLDocumentScannerImpl.java:602)
	at com.sun.org.apache.xerces.internal.impl.XMLDocumentFragmentScannerImpl.scanDocument(XMLDocumentFragmentScannerImpl.java:505)
	at com.sun.org.apache.xerces.internal.parsers.XML11Configuration.parse(XML11Configuration.java:841)
	at com.sun.org.apache.xerces.internal.parsers.XML11Configuration.parse(XML11Configuration.java:770)
	at com.sun.org.apache.xerces.internal.parsers.XMLParser.parse(XMLParser.java:141)
	at com.sun.org.apache.xerces.internal.parsers.DOMParser.parse(DOMParser.java:243)
	at com.sun.org.apache.xerces.internal.jaxp.DocumentBuilderImpl.parse(DocumentBuilderImpl.java:339)
	at org.eclipse.debug.internal.core.LaunchManager.createInfoFromXML(LaunchManager.java:935)
	at org.eclipse.debug.internal.core.LaunchManager.getInfo(LaunchManager.java:1359)
	... 10 more
!SUBENTRY 1 org.eclipse.debug.core 4 5012 2026-07-28 11:20:40.688
!MESSAGE 读取启动配置文件 F:\code\vibe_project\rollerball\M33\libraries\components\mtb-device-support-pse8xxgp\make\make\scripts\interface_version_3\eclipse\Application\flash\virgin\KitProg3\&&_APP_NAME&& Erase All (KitProg3_MiniProg4).launch 时发生了 org.xml.sax.SAXParseException; lineNumber: 3; columnNumber: 66; 在实体引用中, 实体名称必须紧跟在 '&' 后面。。
!STACK 0
org.xml.sax.SAXParseException; lineNumber: 3; columnNumber: 66; 在实体引用中, 实体名称必须紧跟在 '&' 后面。
	at com.sun.org.apache.xerces.internal.util.ErrorHandlerWrapper.createSAXParseException(ErrorHandlerWrapper.java:203)
	at com.sun.org.apache.xerces.internal.util.ErrorHandlerWrapper.fatalError(ErrorHandlerWrapper.java:177)
	at com.sun.org.apache.xerces.internal.impl.XMLErrorReporter.reportError(XMLErrorReporter.java:400)
	at com.sun.org.apache.xerces.internal.impl.XMLErrorReporter.reportError(XMLErrorReporter.java:327)
	at com.sun.org.apache.xerces.internal.impl.XMLScanner.reportFatalError(XMLScanner.java:1472)
	at com.sun.org.apache.xerces.internal.impl.XMLScanner.scanAttributeValue(XMLScanner.java:908)
	at com.sun.org.apache.xerces.internal.impl.XMLDocumentFragmentScannerImpl.scanAttribute(XMLDocumentFragmentScannerImpl.java:1548)
	at com.sun.org.apache.xerces.internal.impl.XMLDocumentFragmentScannerImpl.scanStartElement(XMLDocumentFragmentScannerImpl.java:1315)
	at com.sun.org.apache.xerces.internal.impl.XMLDocumentFragmentScannerImpl$FragmentContentDriver.next(XMLDocumentFragmentScannerImpl.java:2784)
	at com.sun.org.apache.xerces.internal.impl.XMLDocumentScannerImpl.next(XMLDocumentScannerImpl.java:602)
	at com.sun.org.apache.xerces.internal.impl.XMLDocumentFragmentScannerImpl.scanDocument(XMLDocumentFragmentScannerImpl.java:505)
	at com.sun.org.apache.xerces.internal.parsers.XML11Configuration.parse(XML11Configuration.java:841)
	at com.sun.org.apache.xerces.internal.parsers.XML11Configuration.parse(XML11Configuration.java:770)
	at com.sun.org.apache.xerces.internal.parsers.XMLParser.parse(XMLParser.java:141)
	at com.sun.org.apache.xerces.internal.parsers.DOMParser.parse(DOMParser.java:243)
	at com.sun.org.apache.xerces.internal.jaxp.DocumentBuilderImpl.parse(DocumentBuilderImpl.java:339)
	at org.eclipse.debug.internal.core.LaunchManager.createInfoFromXML(LaunchManager.java:935)
	at org.eclipse.debug.internal.core.LaunchManager.getInfo(LaunchManager.java:1359)
	at org.eclipse.debug.internal.core.LaunchConfiguration.getInfo(LaunchConfiguration.java:490)
	at org.eclipse.debug.internal.core.LaunchConfiguration.getType(LaunchConfiguration.java:645)
	at org.eclipse.debug.internal.core.LaunchManager.isValid(LaunchManager.java:2091)
	at org.eclipse.debug.internal.core.LaunchManager.verifyConfigurations(LaunchManager.java:2462)
	at org.eclipse.debug.internal.core.LaunchManager.getAllLaunchConfigurations(LaunchManager.java:1140)
	at org.eclipse.debug.internal.core.LaunchManager.getLaunchConfigurations(LaunchManager.java:1444)
	at org.eclipse.debug.internal.core.LaunchManager.getLaunchConfigurations(LaunchManager.java:1439)
	at org.eclipse.launchbar.core.internal.LaunchBarManager.init(LaunchBarManager.java:130)
	at org.eclipse.launchbar.core.internal.LaunchBarManager$1.run(LaunchBarManager.java:96)
	at org.eclipse.core.internal.jobs.Worker.run(Worker.java:63)

!ENTRY org.eclipse.debug.core 4 125 2026-07-28 11:20:40.694
!MESSAGE 调试核心所记录的错误：
!STACK 1
org.eclipse.debug.core.DebugException: 读取启动配置文件 F:\code\vibe_project\rollerball\M33\libraries\components\mtb-device-support-pse8xxgp\make\make\scripts\interface_version_3\eclipse\Application\flash\virgin\KitProg3\&&_APP_NAME&& Erase Device (KitProg3_MiniProg4).launch 时发生了 org.xml.sax.SAXParseException; lineNumber: 3; columnNumber: 66; 在实体引用中, 实体名称必须紧跟在 '&' 后面。。
	at org.eclipse.debug.internal.core.LaunchManager.createDebugException(LaunchManager.java:886)
	at org.eclipse.debug.internal.core.LaunchManager.throwException(LaunchManager.java:2448)
	at org.eclipse.debug.internal.core.LaunchManager.getInfo(LaunchManager.java:1366)
	at org.eclipse.debug.internal.core.LaunchConfiguration.getInfo(LaunchConfiguration.java:490)
	at org.eclipse.debug.internal.core.LaunchConfiguration.getType(LaunchConfiguration.java:645)
	at org.eclipse.debug.internal.core.LaunchManager.isValid(LaunchManager.java:2091)
	at org.eclipse.debug.internal.core.LaunchManager.verifyConfigurations(LaunchManager.java:2462)
	at org.eclipse.debug.internal.core.LaunchManager.getAllLaunchConfigurations(LaunchManager.java:1140)
	at org.eclipse.debug.internal.core.LaunchManager.getLaunchConfigurations(LaunchManager.java:1444)
	at org.eclipse.debug.internal.core.LaunchManager.getLaunchConfigurations(LaunchManager.java:1439)
	at org.eclipse.launchbar.core.internal.LaunchBarManager.init(LaunchBarManager.java:130)
	at org.eclipse.launchbar.core.internal.LaunchBarManager$1.run(LaunchBarManager.java:96)
	at org.eclipse.core.internal.jobs.Worker.run(Worker.java:63)
Caused by: org.xml.sax.SAXParseException; lineNumber: 3; columnNumber: 66; 在实体引用中, 实体名称必须紧跟在 '&' 后面。
	at com.sun.org.apache.xerces.internal.util.ErrorHandlerWrapper.createSAXParseException(ErrorHandlerWrapper.java:203)
	at com.sun.org.apache.xerces.internal.util.ErrorHandlerWrapper.fatalError(ErrorHandlerWrapper.java:177)
	at com.sun.org.apache.xerces.internal.impl.XMLErrorReporter.reportError(XMLErrorReporter.java:400)
	at com.sun.org.apache.xerces.internal.impl.XMLErrorReporter.reportError(XMLErrorReporter.java:327)
	at com.sun.org.apache.xerces.internal.impl.XMLScanner.reportFatalError(XMLScanner.java:1472)
	at com.sun.org.apache.xerces.internal.impl.XMLScanner.scanAttributeValue(XMLScanner.java:908)
	at com.sun.org.apache.xerces.internal.impl.XMLDocumentFragmentScannerImpl.scanAttribute(XMLDocumentFragmentScannerImpl.java:1548)
	at com.sun.org.apache.xerces.internal.impl.XMLDocumentFragmentScannerImpl.scanStartElement(XMLDocumentFragmentScannerImpl.java:1315)
	at com.sun.org.apache.xerces.internal.impl.XMLDocumentFragmentScannerImpl$FragmentContentDriver.next(XMLDocumentFragmentScannerImpl.java:2784)
	at com.sun.org.apache.xerces.internal.impl.XMLDocumentScannerImpl.next(XMLDocumentScannerImpl.java:602)
	at com.sun.org.apache.xerces.internal.impl.XMLDocumentFragmentScannerImpl.scanDocument(XMLDocumentFragmentScannerImpl.java:505)
	at com.sun.org.apache.xerces.internal.parsers.XML11Configuration.parse(XML11Configuration.java:841)
	at com.sun.org.apache.xerces.internal.parsers.XML11Configuration.parse(XML11Configuration.java:770)
	at com.sun.org.apache.xerces.internal.parsers.XMLParser.parse(XMLParser.java:141)
	at com.sun.org.apache.xerces.internal.parsers.DOMParser.parse(DOMParser.java:243)
	at com.sun.org.apache.xerces.internal.jaxp.DocumentBuilderImpl.parse(DocumentBuilderImpl.java:339)
	at org.eclipse.debug.internal.core.LaunchManager.createInfoFromXML(LaunchManager.java:935)
	at org.eclipse.debug.internal.core.LaunchManager.getInfo(LaunchManager.java:1359)
	... 10 more
!SUBENTRY 1 org.eclipse.debug.core 4 5012 2026-07-28 11:20:40.694
!MESSAGE 读取启动配置文件 F:\code\vibe_project\rollerball\M33\libraries\components\mtb-device-support-pse8xxgp\make\make\scripts\interface_version_3\eclipse\Application\flash\virgin\KitProg3\&&_APP_NAME&& Erase Device (KitProg3_MiniProg4).launch 时发生了 org.xml.sax.SAXParseException; lineNumber: 3; columnNumber: 66; 在实体引用中, 实体名称必须紧跟在 '&' 后面。。
!STACK 0
org.xml.sax.SAXParseException; lineNumber: 3; columnNumber: 66; 在实体引用中, 实体名称必须紧跟在 '&' 后面。
	at com.sun.org.apache.xerces.internal.util.ErrorHandlerWrapper.createSAXParseException(ErrorHandlerWrapper.java:203)
	at com.sun.org.apache.xerces.internal.util.ErrorHandlerWrapper.fatalError(ErrorHandlerWrapper.java:177)
	at com.sun.org.apache.xerces.internal.impl.XMLErrorReporter.reportError(XMLErrorReporter.java:400)
	at com.sun.org.apache.xerces.internal.impl.XMLErrorReporter.reportError(XMLErrorReporter.java:327)
	at com.sun.org.apache.xerces.internal.impl.XMLScanner.reportFatalError(XMLScanner.java:1472)
	at com.sun.org.apache.xerces.internal.impl.XMLScanner.scanAttributeValue(XMLScanner.java:908)
	at com.sun.org.apache.xerces.internal.impl.XMLDocumentFragmentScannerImpl.scanAttribute(XMLDocumentFragmentScannerImpl.java:1548)
	at com.sun.org.apache.xerces.internal.impl.XMLDocumentFragmentScannerImpl.scanStartElement(XMLDocumentFragmentScannerImpl.java:1315)
	at com.sun.org.apache.xerces.internal.impl.XMLDocumentFragmentScannerImpl$FragmentContentDriver.next(XMLDocumentFragmentScannerImpl.java:2784)
	at com.sun.org.apache.xerces.internal.impl.XMLDocumentScannerImpl.next(XMLDocumentScannerImpl.java:602)
	at com.sun.org.apache.xerces.internal.impl.XMLDocumentFragmentScannerImpl.scanDocument(XMLDocumentFragmentScannerImpl.java:505)
	at com.sun.org.apache.xerces.internal.parsers.XML11Configuration.parse(XML11Configuration.java:841)
	at com.sun.org.apache.xerces.internal.parsers.XML11Configuration.parse(XML11Configuration.java:770)
	at com.sun.org.apache.xerces.internal.parsers.XMLParser.parse(XMLParser.java:141)
	at com.sun.org.apache.xerces.internal.parsers.DOMParser.parse(DOMParser.java:243)
	at com.sun.org.apache.xerces.internal.jaxp.DocumentBuilderImpl.parse(DocumentBuilderImpl.java:339)
	at org.eclipse.debug.internal.core.LaunchManager.createInfoFromXML(LaunchManager.java:935)
	at org.eclipse.debug.internal.core.LaunchManager.getInfo(LaunchManager.java:1359)
	at org.eclipse.debug.internal.core.LaunchConfiguration.getInfo(LaunchConfiguration.java:490)
	at org.eclipse.debug.internal.core.LaunchConfiguration.getType(LaunchConfiguration.java:645)
	at org.eclipse.debug.internal.core.LaunchManager.isValid(LaunchManager.java:2091)
	at org.eclipse.debug.internal.core.LaunchManager.verifyConfigurations(LaunchManager.java:2462)
	at org.eclipse.debug.internal.core.LaunchManager.getAllLaunchConfigurations(LaunchManager.java:1140)
	at org.eclipse.debug.internal.core.LaunchManager.getLaunchConfigurations(LaunchManager.java:1444)
	at org.eclipse.debug.internal.core.LaunchManager.getLaunchConfigurations(LaunchManager.java:1439)
	at org.eclipse.launchbar.core.internal.LaunchBarManager.init(LaunchBarManager.java:130)
	at org.eclipse.launchbar.core.internal.LaunchBarManager$1.run(LaunchBarManager.java:96)
	at org.eclipse.core.internal.jobs.Worker.run(Worker.java:63)

!ENTRY org.eclipse.debug.core 4 125 2026-07-28 11:20:40.698
!MESSAGE 调试核心所记录的错误：
!STACK 1
org.eclipse.debug.core.DebugException: 读取启动配置文件 F:\code\vibe_project\rollerball\M33\libraries\components\mtb-device-support-pse8xxgp\make\make\scripts\interface_version_3\eclipse\Application\flash\virgin\KitProg3\&&_APP_NAME&& Program Application (KitProg3_MiniProg4).launch 时发生了 org.xml.sax.SAXParseException; lineNumber: 3; columnNumber: 66; 在实体引用中, 实体名称必须紧跟在 '&' 后面。。
	at org.eclipse.debug.internal.core.LaunchManager.createDebugException(LaunchManager.java:886)
	at org.eclipse.debug.internal.core.LaunchManager.throwException(LaunchManager.java:2448)
	at org.eclipse.debug.internal.core.LaunchManager.getInfo(LaunchManager.java:1366)
	at org.eclipse.debug.internal.core.LaunchConfiguration.getInfo(LaunchConfiguration.java:490)
	at org.eclipse.debug.internal.core.LaunchConfiguration.getType(LaunchConfiguration.java:645)
	at org.eclipse.debug.internal.core.LaunchManager.isValid(LaunchManager.java:2091)
	at org.eclipse.debug.internal.core.LaunchManager.verifyConfigurations(LaunchManager.java:2462)
	at org.eclipse.debug.internal.core.LaunchManager.getAllLaunchConfigurations(LaunchManager.java:1140)
	at org.eclipse.debug.internal.core.LaunchManager.getLaunchConfigurations(LaunchManager.java:1444)
	at org.eclipse.debug.internal.core.LaunchManager.getLaunchConfigurations(LaunchManager.java:1439)
	at org.eclipse.launchbar.core.internal.LaunchBarManager.init(LaunchBarManager.java:130)
	at org.eclipse.launchbar.core.internal.LaunchBarManager$1.run(LaunchBarManager.java:96)
	at org.eclipse.core.internal.jobs.Worker.run(Worker.java:63)
Caused by: org.xml.sax.SAXParseException; lineNumber: 3; columnNumber: 66; 在实体引用中, 实体名称必须紧跟在 '&' 后面。
	at com.sun.org.apache.xerces.internal.util.ErrorHandlerWrapper.createSAXParseException(ErrorHandlerWrapper.java:203)
	at com.sun.org.apache.xerces.internal.util.ErrorHandlerWrapper.fatalError(ErrorHandlerWrapper.java:177)
	at com.sun.org.apache.xerces.internal.impl.XMLErrorReporter.reportError(XMLErrorReporter.java:400)
	at com.sun.org.apache.xerces.internal.impl.XMLErrorReporter.reportError(XMLErrorReporter.java:327)
	at com.sun.org.apache.xerces.internal.impl.XMLScanner.reportFatalError(XMLScanner.java:1472)
	at com.sun.org.apache.xerces.internal.impl.XMLScanner.scanAttributeValue(XMLScanner.java:908)
	at com.sun.org.apache.xerces.internal.impl.XMLDocumentFragmentScannerImpl.scanAttribute(XMLDocumentFragmentScannerImpl.java:1548)
	at com.sun.org.apache.xerces.internal.impl.XMLDocumentFragmentScannerImpl.scanStartElement(XMLDocumentFragmentScannerImpl.java:1315)
	at com.sun.org.apache.xerces.internal.impl.XMLDocumentFragmentScannerImpl$FragmentContentDriver.next(XMLDocumentFragmentScannerImpl.java:2784)
	at com.sun.org.apache.xerces.internal.impl.XMLDocumentScannerImpl.next(XMLDocumentScannerImpl.java:602)
	at com.sun.org.apache.xerces.internal.impl.XMLDocumentFragmentScannerImpl.scanDocument(XMLDocumentFragmentScannerImpl.java:505)
	at com.sun.org.apache.xerces.internal.parsers.XML11Configuration.parse(XML11Configuration.java:841)
	at com.sun.org.apache.xerces.internal.parsers.XML11Configuration.parse(XML11Configuration.java:770)
	at com.sun.org.apache.xerces.internal.parsers.XMLParser.parse(XMLParser.java:141)
	at com.sun.org.apache.xerces.internal.parsers.DOMParser.parse(DOMParser.java:243)
	at com.sun.org.apache.xerces.internal.jaxp.DocumentBuilderImpl.parse(DocumentBuilderImpl.java:339)
	at org.eclipse.debug.internal.core.LaunchManager.createInfoFromXML(LaunchManager.java:935)
	at org.eclipse.debug.internal.core.LaunchManager.getInfo(LaunchManager.java:1359)
	... 10 more
!SUBENTRY 1 org.eclipse.debug.core 4 5012 2026-07-28 11:20:40.698
!MESSAGE 读取启动配置文件 F:\code\vibe_project\rollerball\M33\libraries\components\mtb-device-support-pse8xxgp\make\make\scripts\interface_version_3\eclipse\Application\flash\virgin\KitProg3\&&_APP_NAME&& Program Application (KitProg3_MiniProg4).launch 时发生了 org.xml.sax.SAXParseException; lineNumber: 3; columnNumber: 66; 在实体引用中, 实体名称必须紧跟在 '&' 后面。。
!STACK 0
org.xml.sax.SAXParseException; lineNumber: 3; columnNumber: 66; 在实体引用中, 实体名称必须紧跟在 '&' 后面。
	at com.sun.org.apache.xerces.internal.util.ErrorHandlerWrapper.createSAXParseException(ErrorHandlerWrapper.java:203)
	at com.sun.org.apache.xerces.internal.util.ErrorHandlerWrapper.fatalError(ErrorHandlerWrapper.java:177)
	at com.sun.org.apache.xerces.internal.impl.XMLErrorReporter.reportError(XMLErrorReporter.java:400)
	at com.sun.org.apache.xerces.internal.impl.XMLErrorReporter.reportError(XMLErrorReporter.java:327)
	at com.sun.org.apache.xerces.internal.impl.XMLScanner.reportFatalError(XMLScanner.java:1472)
	at com.sun.org.apache.xerces.internal.impl.XMLScanner.scanAttributeValue(XMLScanner.java:908)
	at com.sun.org.apache.xerces.internal.impl.XMLDocumentFragmentScannerImpl.scanAttribute(XMLDocumentFragmentScannerImpl.java:1548)
	at com.sun.org.apache.xerces.internal.impl.XMLDocumentFragmentScannerImpl.scanStartElement(XMLDocumentFragmentScannerImpl.java:1315)
	at com.sun.org.apache.xerces.internal.impl.XMLDocumentFragmentScannerImpl$FragmentContentDriver.next(XMLDocumentFragmentScannerImpl.java:2784)
	at com.sun.org.apache.xerces.internal.impl.XMLDocumentScannerImpl.next(XMLDocumentScannerImpl.java:602)
	at com.sun.org.apache.xerces.internal.impl.XMLDocumentFragmentScannerImpl.scanDocument(XMLDocumentFragmentScannerImpl.java:505)
	at com.sun.org.apache.xerces.internal.parsers.XML11Configuration.parse(XML11Configuration.java:841)
	at com.sun.org.apache.xerces.internal.parsers.XML11Configuration.parse(XML11Configuration.java:770)
	at com.sun.org.apache.xerces.internal.parsers.XMLParser.parse(XMLParser.java:141)
	at com.sun.org.apache.xerces.internal.parsers.DOMParser.parse(DOMParser.java:243)
	at com.sun.org.apache.xerces.internal.jaxp.DocumentBuilderImpl.parse(DocumentBuilderImpl.java:339)
	at org.eclipse.debug.internal.core.LaunchManager.createInfoFromXML(LaunchManager.java:935)
	at org.eclipse.debug.internal.core.LaunchManager.getInfo(LaunchManager.java:1359)
	at org.eclipse.debug.internal.core.LaunchConfiguration.getInfo(LaunchConfiguration.java:490)
	at org.eclipse.debug.internal.core.LaunchConfiguration.getType(LaunchConfiguration.java:645)
	at org.eclipse.debug.internal.core.LaunchManager.isValid(LaunchManager.java:2091)
	at org.eclipse.debug.internal.core.LaunchManager.verifyConfigurations(LaunchManager.java:2462)
	at org.eclipse.debug.internal.core.LaunchManager.getAllLaunchConfigurations(LaunchManager.java:1140)
	at org.eclipse.debug.internal.core.LaunchManager.getLaunchConfigurations(LaunchManager.java:1444)
	at org.eclipse.debug.internal.core.LaunchManager.getLaunchConfigurations(LaunchManager.java:1439)
	at org.eclipse.launchbar.core.internal.LaunchBarManager.init(LaunchBarManager.java:130)
	at org.eclipse.launchbar.core.internal.LaunchBarManager$1.run(LaunchBarManager.java:96)
	at org.eclipse.core.internal.jobs.Worker.run(Worker.java:63)

!ENTRY org.eclipse.debug.core 4 125 2026-07-28 11:20:40.700
!MESSAGE 调试核心所记录的错误：
!STACK 1
org.eclipse.debug.core.DebugException: 读取启动配置文件 F:\code\vibe_project\rollerball\M33\libraries\components\mtb-device-support-pse8xxgp\make\make\scripts\interface_version_3\eclipse\Application\flash\virgin\KitProg3\&&_APP_NAME&& Start App (KitProg3_MiniProg4).launch 时发生了 org.xml.sax.SAXParseException; lineNumber: 3; columnNumber: 66; 在实体引用中, 实体名称必须紧跟在 '&' 后面。。
	at org.eclipse.debug.internal.core.LaunchManager.createDebugException(LaunchManager.java:886)
	at org.eclipse.debug.internal.core.LaunchManager.throwException(LaunchManager.java:2448)
	at org.eclipse.debug.internal.core.LaunchManager.getInfo(LaunchManager.java:1366)
	at org.eclipse.debug.internal.core.LaunchConfiguration.getInfo(LaunchConfiguration.java:490)
	at org.eclipse.debug.internal.core.LaunchConfiguration.getType(LaunchConfiguration.java:645)
	at org.eclipse.debug.internal.core.LaunchManager.isValid(LaunchManager.java:2091)
	at org.eclipse.debug.internal.core.LaunchManager.verifyConfigurations(LaunchManager.java:2462)
	at org.eclipse.debug.internal.core.LaunchManager.getAllLaunchConfigurations(LaunchManager.java:1140)
	at org.eclipse.debug.internal.core.LaunchManager.getLaunchConfigurations(LaunchManager.java:1444)
	at org.eclipse.debug.internal.core.LaunchManager.getLaunchConfigurations(LaunchManager.java:1439)
	at org.eclipse.launchbar.core.internal.LaunchBarManager.init(LaunchBarManager.java:130)
	at org.eclipse.launchbar.core.internal.LaunchBarManager$1.run(LaunchBarManager.java:96)
	at org.eclipse.core.internal.jobs.Worker.run(Worker.java:63)
Caused by: org.xml.sax.SAXParseException; lineNumber: 3; columnNumber: 66; 在实体引用中, 实体名称必须紧跟在 '&' 后面。
	at com.sun.org.apache.xerces.internal.util.ErrorHandlerWrapper.createSAXParseException(ErrorHandlerWrapper.java:203)
	at com.sun.org.apache.xerces.internal.util.ErrorHandlerWrapper.fatalError(ErrorHandlerWrapper.java:177)
	at com.sun.org.apache.xerces.internal.impl.XMLErrorReporter.reportError(XMLErrorReporter.java:400)
	at com.sun.org.apache.xerces.internal.impl.XMLErrorReporter.reportError(XMLErrorReporter.java:327)
	at com.sun.org.apache.xerces.internal.impl.XMLScanner.reportFatalError(XMLScanner.java:1472)
	at com.sun.org.apache.xerces.internal.impl.XMLScanner.scanAttributeValue(XMLScanner.java:908)
	at com.sun.org.apache.xerces.internal.impl.XMLDocumentFragmentScannerImpl.scanAttribute(XMLDocumentFragmentScannerImpl.java:1548)
	at com.sun.org.apache.xerces.internal.impl.XMLDocumentFragmentScannerImpl.scanStartElement(XMLDocumentFragmentScannerImpl.java:1315)
	at com.sun.org.apache.xerces.internal.impl.XMLDocumentFragmentScannerImpl$FragmentContentDriver.next(XMLDocumentFragmentScannerImpl.java:2784)
	at com.sun.org.apache.xerces.internal.impl.XMLDocumentScannerImpl.next(XMLDocumentScannerImpl.java:602)
	at com.sun.org.apache.xerces.internal.impl.XMLDocumentFragmentScannerImpl.scanDocument(XMLDocumentFragmentScannerImpl.java:505)
	at com.sun.org.apache.xerces.internal.parsers.XML11Configuration.parse(XML11Configuration.java:841)
	at com.sun.org.apache.xerces.internal.parsers.XML11Configuration.parse(XML11Configuration.java:770)
	at com.sun.org.apache.xerces.internal.parsers.XMLParser.parse(XMLParser.java:141)
	at com.sun.org.apache.xerces.internal.parsers.DOMParser.parse(DOMParser.java:243)
	at com.sun.org.apache.xerces.internal.jaxp.DocumentBuilderImpl.parse(DocumentBuilderImpl.java:339)
	at org.eclipse.debug.internal.core.LaunchManager.createInfoFromXML(LaunchManager.java:935)
	at org.eclipse.debug.internal.core.LaunchManager.getInfo(LaunchManager.java:1359)
	... 10 more
!SUBENTRY 1 org.eclipse.debug.core 4 5012 2026-07-28 11:20:40.700
!MESSAGE 读取启动配置文件 F:\code\vibe_project\rollerball\M33\libraries\components\mtb-device-support-pse8xxgp\make\make\scripts\interface_version_3\eclipse\Application\flash\virgin\KitProg3\&&_APP_NAME&& Start App (KitProg3_MiniProg4).launch 时发生了 org.xml.sax.SAXParseException; lineNumber: 3; columnNumber: 66; 在实体引用中, 实体名称必须紧跟在 '&' 后面。。
!STACK 0
org.xml.sax.SAXParseException; lineNumber: 3; columnNumber: 66; 在实体引用中, 实体名称必须紧跟在 '&' 后面。
	at com.sun.org.apache.xerces.internal.util.ErrorHandlerWrapper.createSAXParseException(ErrorHandlerWrapper.java:203)
	at com.sun.org.apache.xerces.internal.util.ErrorHandlerWrapper.fatalError(ErrorHandlerWrapper.java:177)
	at com.sun.org.apache.xerces.internal.impl.XMLErrorReporter.reportError(XMLErrorReporter.java:400)
	at com.sun.org.apache.xerces.internal.impl.XMLErrorReporter.reportError(XMLErrorReporter.java:327)
	at com.sun.org.apache.xerces.internal.impl.XMLScanner.reportFatalError(XMLScanner.java:1472)
	at com.sun.org.apache.xerces.internal.impl.XMLScanner.scanAttributeValue(XMLScanner.java:908)
	at com.sun.org.apache.xerces.internal.impl.XMLDocumentFragmentScannerImpl.scanAttribute(XMLDocumentFragmentScannerImpl.java:1548)
	at com.sun.org.apache.xerces.internal.impl.XMLDocumentFragmentScannerImpl.scanStartElement(XMLDocumentFragmentScannerImpl.java:1315)
	at com.sun.org.apache.xerces.internal.impl.XMLDocumentFragmentScannerImpl$FragmentContentDriver.next(XMLDocumentFragmentScannerImpl.java:2784)
	at com.sun.org.apache.xerces.internal.impl.XMLDocumentScannerImpl.next(XMLDocumentScannerImpl.java:602)
	at com.sun.org.apache.xerces.internal.impl.XMLDocumentFragmentScannerImpl.scanDocument(XMLDocumentFragmentScannerImpl.java:505)
	at com.sun.org.apache.xerces.internal.parsers.XML11Configuration.parse(XML11Configuration.java:841)
	at com.sun.org.apache.xerces.internal.parsers.XML11Configuration.parse(XML11Configuration.java:770)
	at com.sun.org.apache.xerces.internal.parsers.XMLParser.parse(XMLParser.java:141)
	at com.sun.org.apache.xerces.internal.parsers.DOMParser.parse(DOMParser.java:243)
	at com.sun.org.apache.xerces.internal.jaxp.DocumentBuilderImpl.parse(DocumentBuilderImpl.java:339)
	at org.eclipse.debug.internal.core.LaunchManager.createInfoFromXML(LaunchManager.java:935)
	at org.eclipse.debug.internal.core.LaunchManager.getInfo(LaunchManager.java:1359)
	at org.eclipse.debug.internal.core.LaunchConfiguration.getInfo(LaunchConfiguration.java:490)
	at org.eclipse.debug.internal.core.LaunchConfiguration.getType(LaunchConfiguration.java:645)
	at org.eclipse.debug.internal.core.LaunchManager.isValid(LaunchManager.java:2091)
	at org.eclipse.debug.internal.core.LaunchManager.verifyConfigurations(LaunchManager.java:2462)
	at org.eclipse.debug.internal.core.LaunchManager.getAllLaunchConfigurations(LaunchManager.java:1140)
	at org.eclipse.debug.internal.core.LaunchManager.getLaunchConfigurations(LaunchManager.java:1444)
	at org.eclipse.debug.internal.core.LaunchManager.getLaunchConfigurations(LaunchManager.java:1439)
	at org.eclipse.launchbar.core.internal.LaunchBarManager.init(LaunchBarManager.java:130)
	at org.eclipse.launchbar.core.internal.LaunchBarManager$1.run(LaunchBarManager.java:96)
	at org.eclipse.core.internal.jobs.Worker.run(Worker.java:63)

!ENTRY org.eclipse.debug.core 4 125 2026-07-28 11:20:40.702
!MESSAGE 调试核心所记录的错误：
!STACK 1
org.eclipse.debug.core.DebugException: 读取启动配置文件 F:\code\vibe_project\rollerball\M33\libraries\components\mtb-device-support-pse8xxgp\make\make\scripts\interface_version_3\eclipse\Application\ram\_normal\JLink\&&_APP_NAME&& Debug RAM MultiCore (JLink).launch 时发生了 org.xml.sax.SAXParseException; lineNumber: 3; columnNumber: 66; 在实体引用中, 实体名称必须紧跟在 '&' 后面。。
	at org.eclipse.debug.internal.core.LaunchManager.createDebugException(LaunchManager.java:886)
	at org.eclipse.debug.internal.core.LaunchManager.throwException(LaunchManager.java:2448)
	at org.eclipse.debug.internal.core.LaunchManager.getInfo(LaunchManager.java:1366)
	at org.eclipse.debug.internal.core.LaunchConfiguration.getInfo(LaunchConfiguration.java:490)
	at org.eclipse.debug.internal.core.LaunchConfiguration.getType(LaunchConfiguration.java:645)
	at org.eclipse.debug.internal.core.LaunchManager.isValid(LaunchManager.java:2091)
	at org.eclipse.debug.internal.core.LaunchManager.verifyConfigurations(LaunchManager.java:2462)
	at org.eclipse.debug.internal.core.LaunchManager.getAllLaunchConfigurations(LaunchManager.java:1140)
	at org.eclipse.debug.internal.core.LaunchManager.getLaunchConfigurations(LaunchManager.java:1444)
	at org.eclipse.debug.internal.core.LaunchManager.getLaunchConfigurations(LaunchManager.java:1439)
	at org.eclipse.launchbar.core.internal.LaunchBarManager.init(LaunchBarManager.java:130)
	at org.eclipse.launchbar.core.internal.LaunchBarManager$1.run(LaunchBarManager.java:96)
	at org.eclipse.core.internal.jobs.Worker.run(Worker.java:63)
Caused by: org.xml.sax.SAXParseException; lineNumber: 3; columnNumber: 66; 在实体引用中, 实体名称必须紧跟在 '&' 后面。
	at com.sun.org.apache.xerces.internal.util.ErrorHandlerWrapper.createSAXParseException(ErrorHandlerWrapper.java:203)
	at com.sun.org.apache.xerces.internal.util.ErrorHandlerWrapper.fatalError(ErrorHandlerWrapper.java:177)
	at com.sun.org.apache.xerces.internal.impl.XMLErrorReporter.reportError(XMLErrorReporter.java:400)
	at com.sun.org.apache.xerces.internal.impl.XMLErrorReporter.reportError(XMLErrorReporter.java:327)
	at com.sun.org.apache.xerces.internal.impl.XMLScanner.reportFatalError(XMLScanner.java:1472)
	at com.sun.org.apache.xerces.internal.impl.XMLScanner.scanAttributeValue(XMLScanner.java:908)
	at com.sun.org.apache.xerces.internal.impl.XMLDocumentFragmentScannerImpl.scanAttribute(XMLDocumentFragmentScannerImpl.java:1548)
	at com.sun.org.apache.xerces.internal.impl.XMLDocumentFragmentScannerImpl.scanStartElement(XMLDocumentFragmentScannerImpl.java:1315)
	at com.sun.org.apache.xerces.internal.impl.XMLDocumentFragmentScannerImpl$FragmentContentDriver.next(XMLDocumentFragmentScannerImpl.java:2784)
	at com.sun.org.apache.xerces.internal.impl.XMLDocumentScannerImpl.next(XMLDocumentScannerImpl.java:602)
	at com.sun.org.apache.xerces.internal.impl.XMLDocumentFragmentScannerImpl.scanDocument(XMLDocumentFragmentScannerImpl.java:505)
	at com.sun.org.apache.xerces.internal.parsers.XML11Configuration.parse(XML11Configuration.java:841)
	at com.sun.org.apache.xerces.internal.parsers.XML11Configuration.parse(XML11Configuration.java:770)
	at com.sun.org.apache.xerces.internal.parsers.XMLParser.parse(XMLParser.java:141)
	at com.sun.org.apache.xerces.internal.parsers.DOMParser.parse(DOMParser.java:243)
	at com.sun.org.apache.xerces.internal.jaxp.DocumentBuilderImpl.parse(DocumentBuilderImpl.java:339)
	at org.eclipse.debug.internal.core.LaunchManager.createInfoFromXML(LaunchManager.java:935)
	at org.eclipse.debug.internal.core.LaunchManager.getInfo(LaunchManager.java:1359)
	... 10 more
!SUBENTRY 1 org.eclipse.debug.core 4 5012 2026-07-28 11:20:40.702
!MESSAGE 读取启动配置文件 F:\code\vibe_project\rollerball\M33\libraries\components\mtb-device-support-pse8xxgp\make\make\scripts\interface_version_3\eclipse\Application\ram\_normal\JLink\&&_APP_NAME&& Debug RAM MultiCore (JLink).launch 时发生了 org.xml.sax.SAXParseException; lineNumber: 3; columnNumber: 66; 在实体引用中, 实体名称必须紧跟在 '&' 后面。。
!STACK 0
org.xml.sax.SAXParseException; lineNumber: 3; columnNumber: 66; 在实体引用中, 实体名称必须紧跟在 '&' 后面。
	at com.sun.org.apache.xerces.internal.util.ErrorHandlerWrapper.createSAXParseException(ErrorHandlerWrapper.java:203)
	at com.sun.org.apache.xerces.internal.util.ErrorHandlerWrapper.fatalError(ErrorHandlerWrapper.java:177)
	at com.sun.org.apache.xerces.internal.impl.XMLErrorReporter.reportError(XMLErrorReporter.java:400)
	at com.sun.org.apache.xerces.internal.impl.XMLErrorReporter.reportError(XMLErrorReporter.java:327)
	at com.sun.org.apache.xerces.internal.impl.XMLScanner.reportFatalError(XMLScanner.java:1472)
	at com.sun.org.apache.xerces.internal.impl.XMLScanner.scanAttributeValue(XMLScanner.java:908)
	at com.sun.org.apache.xerces.internal.impl.XMLDocumentFragmentScannerImpl.scanAttribute(XMLDocumentFragmentScannerImpl.java:1548)
	at com.sun.org.apache.xerces.internal.impl.XMLDocumentFragmentScannerImpl.scanStartElement(XMLDocumentFragmentScannerImpl.java:1315)
	at com.sun.org.apache.xerces.internal.impl.XMLDocumentFragmentScannerImpl$FragmentContentDriver.next(XMLDocumentFragmentScannerImpl.java:2784)
	at com.sun.org.apache.xerces.internal.impl.XMLDocumentScannerImpl.next(XMLDocumentScannerImpl.java:602)
	at com.sun.org.apache.xerces.internal.impl.XMLDocumentFragmentScannerImpl.scanDocument(XMLDocumentFragmentScannerImpl.java:505)
	at com.sun.org.apache.xerces.internal.parsers.XML11Configuration.parse(XML11Configuration.java:841)
	at com.sun.org.apache.xerces.internal.parsers.XML11Configuration.parse(XML11Configuration.java:770)
	at com.sun.org.apache.xerces.internal.parsers.XMLParser.parse(XMLParser.java:141)
	at com.sun.org.apache.xerces.internal.parsers.DOMParser.parse(DOMParser.java:243)
	at com.sun.org.apache.xerces.internal.jaxp.DocumentBuilderImpl.parse(DocumentBuilderImpl.java:339)
	at org.eclipse.debug.internal.core.LaunchManager.createInfoFromXML(LaunchManager.java:935)
	at org.eclipse.debug.internal.core.LaunchManager.getInfo(LaunchManager.java:1359)
	at org.eclipse.debug.internal.core.LaunchConfiguration.getInfo(LaunchConfiguration.java:490)
	at org.eclipse.debug.internal.core.LaunchConfiguration.getType(LaunchConfiguration.java:645)
	at org.eclipse.debug.internal.core.LaunchManager.isValid(LaunchManager.java:2091)
	at org.eclipse.debug.internal.core.LaunchManager.verifyConfigurations(LaunchManager.java:2462)
	at org.eclipse.debug.internal.core.LaunchManager.getAllLaunchConfigurations(LaunchManager.java:1140)
	at org.eclipse.debug.internal.core.LaunchManager.getLaunchConfigurations(LaunchManager.java:1444)
	at org.eclipse.debug.internal.core.LaunchManager.getLaunchConfigurations(LaunchManager.java:1439)
	at org.eclipse.launchbar.core.internal.LaunchBarManager.init(LaunchBarManager.java:130)
	at org.eclipse.launchbar.core.internal.LaunchBarManager$1.run(LaunchBarManager.java:96)
	at org.eclipse.core.internal.jobs.Worker.run(Worker.java:63)

!ENTRY org.eclipse.debug.core 4 125 2026-07-28 11:20:40.705
!MESSAGE 调试核心所记录的错误：
!STACK 1
org.eclipse.debug.core.DebugException: 读取启动配置文件 F:\code\vibe_project\rollerball\M33\libraries\components\mtb-device-support-pse8xxgp\make\make\scripts\interface_version_3\eclipse\Application\ram\_normal\JLink\&&_APP_NAME&& Program RAM Application (JLink).launch 时发生了 org.xml.sax.SAXParseException; lineNumber: 3; columnNumber: 66; 在实体引用中, 实体名称必须紧跟在 '&' 后面。。
	at org.eclipse.debug.internal.core.LaunchManager.createDebugException(LaunchManager.java:886)
	at org.eclipse.debug.internal.core.LaunchManager.throwException(LaunchManager.java:2448)
	at org.eclipse.debug.internal.core.LaunchManager.getInfo(LaunchManager.java:1366)
	at org.eclipse.debug.internal.core.LaunchConfiguration.getInfo(LaunchConfiguration.java:490)
	at org.eclipse.debug.internal.core.LaunchConfiguration.getType(LaunchConfiguration.java:645)
	at org.eclipse.debug.internal.core.LaunchManager.isValid(LaunchManager.java:2091)
	at org.eclipse.debug.internal.core.LaunchManager.verifyConfigurations(LaunchManager.java:2462)
	at org.eclipse.debug.internal.core.LaunchManager.getAllLaunchConfigurations(LaunchManager.java:1140)
	at org.eclipse.debug.internal.core.LaunchManager.getLaunchConfigurations(LaunchManager.java:1444)
	at org.eclipse.debug.internal.core.LaunchManager.getLaunchConfigurations(LaunchManager.java:1439)
	at org.eclipse.launchbar.core.internal.LaunchBarManager.init(LaunchBarManager.java:130)
	at org.eclipse.launchbar.core.internal.LaunchBarManager$1.run(LaunchBarManager.java:96)
	at org.eclipse.core.internal.jobs.Worker.run(Worker.java:63)
Caused by: org.xml.sax.SAXParseException; lineNumber: 3; columnNumber: 66; 在实体引用中, 实体名称必须紧跟在 '&' 后面。
	at com.sun.org.apache.xerces.internal.util.ErrorHandlerWrapper.createSAXParseException(ErrorHandlerWrapper.java:203)
	at com.sun.org.apache.xerces.internal.util.ErrorHandlerWrapper.fatalError(ErrorHandlerWrapper.java:177)
	at com.sun.org.apache.xerces.internal.impl.XMLErrorReporter.reportError(XMLErrorReporter.java:400)
	at com.sun.org.apache.xerces.internal.impl.XMLErrorReporter.reportError(XMLErrorReporter.java:327)
	at com.sun.org.apache.xerces.internal.impl.XMLScanner.reportFatalError(XMLScanner.java:1472)
	at com.sun.org.apache.xerces.internal.impl.XMLScanner.scanAttributeValue(XMLScanner.java:908)
	at com.sun.org.apache.xerces.internal.impl.XMLDocumentFragmentScannerImpl.scanAttribute(XMLDocumentFragmentScannerImpl.java:1548)
	at com.sun.org.apache.xerces.internal.impl.XMLDocumentFragmentScannerImpl.scanStartElement(XMLDocumentFragmentScannerImpl.java:1315)
	at com.sun.org.apache.xerces.internal.impl.XMLDocumentFragmentScannerImpl$FragmentContentDriver.next(XMLDocumentFragmentScannerImpl.java:2784)
	at com.sun.org.apache.xerces.internal.impl.XMLDocumentScannerImpl.next(XMLDocumentScannerImpl.java:602)
	at com.sun.org.apache.xerces.internal.impl.XMLDocumentFragmentScannerImpl.scanDocument(XMLDocumentFragmentScannerImpl.java:505)
	at com.sun.org.apache.xerces.internal.parsers.XML11Configuration.parse(XML11Configuration.java:841)
	at com.sun.org.apache.xerces.internal.parsers.XML11Configuration.parse(XML11Configuration.java:770)
	at com.sun.org.apache.xerces.internal.parsers.XMLParser.parse(XMLParser.java:141)
	at com.sun.org.apache.xerces.internal.parsers.DOMParser.parse(DOMParser.java:243)
	at com.sun.org.apache.xerces.internal.jaxp.DocumentBuilderImpl.parse(DocumentBuilderImpl.java:339)
	at org.eclipse.debug.internal.core.LaunchManager.createInfoFromXML(LaunchManager.java:935)
	at org.eclipse.debug.internal.core.LaunchManager.getInfo(LaunchManager.java:1359)
	... 10 more
!SUBENTRY 1 org.eclipse.debug.core 4 5012 2026-07-28 11:20:40.705
!MESSAGE 读取启动配置文件 F:\code\vibe_project\rollerball\M33\libraries\components\mtb-device-support-pse8xxgp\make\make\scripts\interface_version_3\eclipse\Application\ram\_normal\JLink\&&_APP_NAME&& Program RAM Application (JLink).launch 时发生了 org.xml.sax.SAXParseException; lineNumber: 3; columnNumber: 66; 在实体引用中, 实体名称必须紧跟在 '&' 后面。。
!STACK 0
org.xml.sax.SAXParseException; lineNumber: 3; columnNumber: 66; 在实体引用中, 实体名称必须紧跟在 '&' 后面。
	at com.sun.org.apache.xerces.internal.util.ErrorHandlerWrapper.createSAXParseException(ErrorHandlerWrapper.java:203)
	at com.sun.org.apache.xerces.internal.util.ErrorHandlerWrapper.fatalError(ErrorHandlerWrapper.java:177)
	at com.sun.org.apache.xerces.internal.impl.XMLErrorReporter.reportError(XMLErrorReporter.java:400)
	at com.sun.org.apache.xerces.internal.impl.XMLErrorReporter.reportError(XMLErrorReporter.java:327)
	at com.sun.org.apache.xerces.internal.impl.XMLScanner.reportFatalError(XMLScanner.java:1472)
	at com.sun.org.apache.xerces.internal.impl.XMLScanner.scanAttributeValue(XMLScanner.java:908)
	at com.sun.org.apache.xerces.internal.impl.XMLDocumentFragmentScannerImpl.scanAttribute(XMLDocumentFragmentScannerImpl.java:1548)
	at com.sun.org.apache.xerces.internal.impl.XMLDocumentFragmentScannerImpl.scanStartElement(XMLDocumentFragmentScannerImpl.java:1315)
	at com.sun.org.apache.xerces.internal.impl.XMLDocumentFragmentScannerImpl$FragmentContentDriver.next(XMLDocumentFragmentScannerImpl.java:2784)
	at com.sun.org.apache.xerces.internal.impl.XMLDocumentScannerImpl.next(XMLDocumentScannerImpl.java:602)
	at com.sun.org.apache.xerces.internal.impl.XMLDocumentFragmentScannerImpl.scanDocument(XMLDocumentFragmentScannerImpl.java:505)
	at com.sun.org.apache.xerces.internal.parsers.XML11Configuration.parse(XML11Configuration.java:841)
	at com.sun.org.apache.xerces.internal.parsers.XML11Configuration.parse(XML11Configuration.java:770)
	at com.sun.org.apache.xerces.internal.parsers.XMLParser.parse(XMLParser.java:141)
	at com.sun.org.apache.xerces.internal.parsers.DOMParser.parse(DOMParser.java:243)
	at com.sun.org.apache.xerces.internal.jaxp.DocumentBuilderImpl.parse(DocumentBuilderImpl.java:339)
	at org.eclipse.debug.internal.core.LaunchManager.createInfoFromXML(LaunchManager.java:935)
	at org.eclipse.debug.internal.core.LaunchManager.getInfo(LaunchManager.java:1359)
	at org.eclipse.debug.internal.core.LaunchConfiguration.getInfo(LaunchConfiguration.java:490)
	at org.eclipse.debug.internal.core.LaunchConfiguration.getType(LaunchConfiguration.java:645)
	at org.eclipse.debug.internal.core.LaunchManager.isValid(LaunchManager.java:2091)
	at org.eclipse.debug.internal.core.LaunchManager.verifyConfigurations(LaunchManager.java:2462)
	at org.eclipse.debug.internal.core.LaunchManager.getAllLaunchConfigurations(LaunchManager.java:1140)
	at org.eclipse.debug.internal.core.LaunchManager.getLaunchConfigurations(LaunchManager.java:1444)
	at org.eclipse.debug.internal.core.LaunchManager.getLaunchConfigurations(LaunchManager.java:1439)
	at org.eclipse.launchbar.core.internal.LaunchBarManager.init(LaunchBarManager.java:130)
	at org.eclipse.launchbar.core.internal.LaunchBarManager$1.run(LaunchBarManager.java:96)
	at org.eclipse.core.internal.jobs.Worker.run(Worker.java:63)

!ENTRY org.eclipse.debug.core 4 125 2026-07-28 11:20:40.708
!MESSAGE 调试核心所记录的错误：
!STACK 1
org.eclipse.debug.core.DebugException: 读取启动配置文件 F:\code\vibe_project\rollerball\M33\libraries\components\mtb-device-support-pse8xxgp\make\make\scripts\interface_version_3\eclipse\Application\ram\_normal\KitProg3\&&_APP_NAME&& Debug MultiCore (KitProg3_MiniProg4).launch 时发生了 org.xml.sax.SAXParseException; lineNumber: 3; columnNumber: 66; 在实体引用中, 实体名称必须紧跟在 '&' 后面。。
	at org.eclipse.debug.internal.core.LaunchManager.createDebugException(LaunchManager.java:886)
	at org.eclipse.debug.internal.core.LaunchManager.throwException(LaunchManager.java:2448)
	at org.eclipse.debug.internal.core.LaunchManager.getInfo(LaunchManager.java:1366)
	at org.eclipse.debug.internal.core.LaunchConfiguration.getInfo(LaunchConfiguration.java:490)
	at org.eclipse.debug.internal.core.LaunchConfiguration.getType(LaunchConfiguration.java:645)
	at org.eclipse.debug.internal.core.LaunchManager.isValid(LaunchManager.java:2091)
	at org.eclipse.debug.internal.core.LaunchManager.verifyConfigurations(LaunchManager.java:2462)
	at org.eclipse.debug.internal.core.LaunchManager.getAllLaunchConfigurations(LaunchManager.java:1140)
	at org.eclipse.debug.internal.core.LaunchManager.getLaunchConfigurations(LaunchManager.java:1444)
	at org.eclipse.debug.internal.core.LaunchManager.getLaunchConfigurations(LaunchManager.java:1439)
	at org.eclipse.launchbar.core.internal.LaunchBarManager.init(LaunchBarManager.java:130)
	at org.eclipse.launchbar.core.internal.LaunchBarManager$1.run(LaunchBarManager.java:96)
	at org.eclipse.core.internal.jobs.Worker.run(Worker.java:63)
Caused by: org.xml.sax.SAXParseException; lineNumber: 3; columnNumber: 66; 在实体引用中, 实体名称必须紧跟在 '&' 后面。
	at com.sun.org.apache.xerces.internal.util.ErrorHandlerWrapper.createSAXParseException(ErrorHandlerWrapper.java:203)
	at com.sun.org.apache.xerces.internal.util.ErrorHandlerWrapper.fatalError(ErrorHandlerWrapper.java:177)
	at com.sun.org.apache.xerces.internal.impl.XMLErrorReporter.reportError(XMLErrorReporter.java:400)
	at com.sun.org.apache.xerces.internal.impl.XMLErrorReporter.reportError(XMLErrorReporter.java:327)
	at com.sun.org.apache.xerces.internal.impl.XMLScanner.reportFatalError(XMLScanner.java:1472)
	at com.sun.org.apache.xerces.internal.impl.XMLScanner.scanAttributeValue(XMLScanner.java:908)
	at com.sun.org.apache.xerces.internal.impl.XMLDocumentFragmentScannerImpl.scanAttribute(XMLDocumentFragmentScannerImpl.java:1548)
	at com.sun.org.apache.xerces.internal.impl.XMLDocumentFragmentScannerImpl.scanStartElement(XMLDocumentFragmentScannerImpl.java:1315)
	at com.sun.org.apache.xerces.internal.impl.XMLDocumentFragmentScannerImpl$FragmentContentDriver.next(XMLDocumentFragmentScannerImpl.java:2784)
	at com.sun.org.apache.xerces.internal.impl.XMLDocumentScannerImpl.next(XMLDocumentScannerImpl.java:602)
	at com.sun.org.apache.xerces.internal.impl.XMLDocumentFragmentScannerImpl.scanDocument(XMLDocumentFragmentScannerImpl.java:505)
	at com.sun.org.apache.xerces.internal.parsers.XML11Configuration.parse(XML11Configuration.java:841)
	at com.sun.org.apache.xerces.internal.parsers.XML11Configuration.parse(XML11Configuration.java:770)
	at com.sun.org.apache.xerces.internal.parsers.XMLParser.parse(XMLParser.java:141)
	at com.sun.org.apache.xerces.internal.parsers.DOMParser.parse(DOMParser.java:243)
	at com.sun.org.apache.xerces.internal.jaxp.DocumentBuilderImpl.parse(DocumentBuilderImpl.java:339)
	at org.eclipse.debug.internal.core.LaunchManager.createInfoFromXML(LaunchManager.java:935)
	at org.eclipse.debug.internal.core.LaunchManager.getInfo(LaunchManager.java:1359)
	... 10 more
!SUBENTRY 1 org.eclipse.debug.core 4 5012 2026-07-28 11:20:40.708
!MESSAGE 读取启动配置文件 F:\code\vibe_project\rollerball\M33\libraries\components\mtb-device-support-pse8xxgp\make\make\scripts\interface_version_3\eclipse\Application\ram\_normal\KitProg3\&&_APP_NAME&& Debug MultiCore (KitProg3_MiniProg4).launch 时发生了 org.xml.sax.SAXParseException; lineNumber: 3; columnNumber: 66; 在实体引用中, 实体名称必须紧跟在 '&' 后面。。
!STACK 0
org.xml.sax.SAXParseException; lineNumber: 3; columnNumber: 66; 在实体引用中, 实体名称必须紧跟在 '&' 后面。
	at com.sun.org.apache.xerces.internal.util.ErrorHandlerWrapper.createSAXParseException(ErrorHandlerWrapper.java:203)
	at com.sun.org.apache.xerces.internal.util.ErrorHandlerWrapper.fatalError(ErrorHandlerWrapper.java:177)
	at com.sun.org.apache.xerces.internal.impl.XMLErrorReporter.reportError(XMLErrorReporter.java:400)
	at com.sun.org.apache.xerces.internal.impl.XMLErrorReporter.reportError(XMLErrorReporter.java:327)
	at com.sun.org.apache.xerces.internal.impl.XMLScanner.reportFatalError(XMLScanner.java:1472)
	at com.sun.org.apache.xerces.internal.impl.XMLScanner.scanAttributeValue(XMLScanner.java:908)
	at com.sun.org.apache.xerces.internal.impl.XMLDocumentFragmentScannerImpl.scanAttribute(XMLDocumentFragmentScannerImpl.java:1548)
	at com.sun.org.apache.xerces.internal.impl.XMLDocumentFragmentScannerImpl.scanStartElement(XMLDocumentFragmentScannerImpl.java:1315)
	at com.sun.org.apache.xerces.internal.impl.XMLDocumentFragmentScannerImpl$FragmentContentDriver.next(XMLDocumentFragmentScannerImpl.java:2784)
	at com.sun.org.apache.xerces.internal.impl.XMLDocumentScannerImpl.next(XMLDocumentScannerImpl.java:602)
	at com.sun.org.apache.xerces.internal.impl.XMLDocumentFragmentScannerImpl.scanDocument(XMLDocumentFragmentScannerImpl.java:505)
	at com.sun.org.apache.xerces.internal.parsers.XML11Configuration.parse(XML11Configuration.java:841)
	at com.sun.org.apache.xerces.internal.parsers.XML11Configuration.parse(XML11Configuration.java:770)
	at com.sun.org.apache.xerces.internal.parsers.XMLParser.parse(XMLParser.java:141)
	at com.sun.org.apache.xerces.internal.parsers.DOMParser.parse(DOMParser.java:243)
	at com.sun.org.apache.xerces.internal.jaxp.DocumentBuilderImpl.parse(DocumentBuilderImpl.java:339)
	at org.eclipse.debug.internal.core.LaunchManager.createInfoFromXML(LaunchManager.java:935)
	at org.eclipse.debug.internal.core.LaunchManager.getInfo(LaunchManager.java:1359)
	at org.eclipse.debug.internal.core.LaunchConfiguration.getInfo(LaunchConfiguration.java:490)
	at org.eclipse.debug.internal.core.LaunchConfiguration.getType(LaunchConfiguration.java:645)
	at org.eclipse.debug.internal.core.LaunchManager.isValid(LaunchManager.java:2091)
	at org.eclipse.debug.internal.core.LaunchManager.verifyConfigurations(LaunchManager.java:2462)
	at org.eclipse.debug.internal.core.LaunchManager.getAllLaunchConfigurations(LaunchManager.java:1140)
	at org.eclipse.debug.internal.core.LaunchManager.getLaunchConfigurations(LaunchManager.java:1444)
	at org.eclipse.debug.internal.core.LaunchManager.getLaunchConfigurations(LaunchManager.java:1439)
	at org.eclipse.launchbar.core.internal.LaunchBarManager.init(LaunchBarManager.java:130)
	at org.eclipse.launchbar.core.internal.LaunchBarManager$1.run(LaunchBarManager.java:96)
	at org.eclipse.core.internal.jobs.Worker.run(Worker.java:63)

!ENTRY org.eclipse.debug.core 4 125 2026-07-28 11:20:40.708
!MESSAGE 调试核心所记录的错误：
!STACK 1
org.eclipse.debug.core.DebugException: 读取启动配置文件 F:\code\vibe_project\rollerball\M33\libraries\components\mtb-device-support-pse8xxgp\make\make\scripts\interface_version_3\eclipse\Application\ram\_normal\KitProg3\&&_APP_NAME&& Erase All (KitProg3_MiniProg4).launch 时发生了 org.xml.sax.SAXParseException; lineNumber: 3; columnNumber: 66; 在实体引用中, 实体名称必须紧跟在 '&' 后面。。
	at org.eclipse.debug.internal.core.LaunchManager.createDebugException(LaunchManager.java:886)
	at org.eclipse.debug.internal.core.LaunchManager.throwException(LaunchManager.java:2448)
	at org.eclipse.debug.internal.core.LaunchManager.getInfo(LaunchManager.java:1366)
	at org.eclipse.debug.internal.core.LaunchConfiguration.getInfo(LaunchConfiguration.java:490)
	at org.eclipse.debug.internal.core.LaunchConfiguration.getType(LaunchConfiguration.java:645)
	at org.eclipse.debug.internal.core.LaunchManager.isValid(LaunchManager.java:2091)
	at org.eclipse.debug.internal.core.LaunchManager.verifyConfigurations(LaunchManager.java:2462)
	at org.eclipse.debug.internal.core.LaunchManager.getAllLaunchConfigurations(LaunchManager.java:1140)
	at org.eclipse.debug.internal.core.LaunchManager.getLaunchConfigurations(LaunchManager.java:1444)
	at org.eclipse.debug.internal.core.LaunchManager.getLaunchConfigurations(LaunchManager.java:1439)
	at org.eclipse.launchbar.core.internal.LaunchBarManager.init(LaunchBarManager.java:130)
	at org.eclipse.launchbar.core.internal.LaunchBarManager$1.run(LaunchBarManager.java:96)
	at org.eclipse.core.internal.jobs.Worker.run(Worker.java:63)
Caused by: org.xml.sax.SAXParseException; lineNumber: 3; columnNumber: 66; 在实体引用中, 实体名称必须紧跟在 '&' 后面。
	at com.sun.org.apache.xerces.internal.util.ErrorHandlerWrapper.createSAXParseException(ErrorHandlerWrapper.java:203)
	at com.sun.org.apache.xerces.internal.util.ErrorHandlerWrapper.fatalError(ErrorHandlerWrapper.java:177)
	at com.sun.org.apache.xerces.internal.impl.XMLErrorReporter.reportError(XMLErrorReporter.java:400)
	at com.sun.org.apache.xerces.internal.impl.XMLErrorReporter.reportError(XMLErrorReporter.java:327)
	at com.sun.org.apache.xerces.internal.impl.XMLScanner.reportFatalError(XMLScanner.java:1472)
	at com.sun.org.apache.xerces.internal.impl.XMLScanner.scanAttributeValue(XMLScanner.java:908)
	at com.sun.org.apache.xerces.internal.impl.XMLDocumentFragmentScannerImpl.scanAttribute(XMLDocumentFragmentScannerImpl.java:1548)
	at com.sun.org.apache.xerces.internal.impl.XMLDocumentFragmentScannerImpl.scanStartElement(XMLDocumentFragmentScannerImpl.java:1315)
	at com.sun.org.apache.xerces.internal.impl.XMLDocumentFragmentScannerImpl$FragmentContentDriver.next(XMLDocumentFragmentScannerImpl.java:2784)
	at com.sun.org.apache.xerces.internal.impl.XMLDocumentScannerImpl.next(XMLDocumentScannerImpl.java:602)
	at com.sun.org.apache.xerces.internal.impl.XMLDocumentFragmentScannerImpl.scanDocument(XMLDocumentFragmentScannerImpl.java:505)
	at com.sun.org.apache.xerces.internal.parsers.XML11Configuration.parse(XML11Configuration.java:841)
	at com.sun.org.apache.xerces.internal.parsers.XML11Configuration.parse(XML11Configuration.java:770)
	at com.sun.org.apache.xerces.internal.parsers.XMLParser.parse(XMLParser.java:141)
	at com.sun.org.apache.xerces.internal.parsers.DOMParser.parse(DOMParser.java:243)
	at com.sun.org.apache.xerces.internal.jaxp.DocumentBuilderImpl.parse(DocumentBuilderImpl.java:339)
	at org.eclipse.debug.internal.core.LaunchManager.createInfoFromXML(LaunchManager.java:935)
	at org.eclipse.debug.internal.core.LaunchManager.getInfo(LaunchManager.java:1359)
	... 10 more
!SUBENTRY 1 org.eclipse.debug.core 4 5012 2026-07-28 11:20:40.708
!MESSAGE 读取启动配置文件 F:\code\vibe_project\rollerball\M33\libraries\components\mtb-device-support-pse8xxgp\make\make\scripts\interface_version_3\eclipse\Application\ram\_normal\KitProg3\&&_APP_NAME&& Erase All (KitProg3_MiniProg4).launch 时发生了 org.xml.sax.SAXParseException; lineNumber: 3; columnNumber: 66; 在实体引用中, 实体名称必须紧跟在 '&' 后面。。
!STACK 0
org.xml.sax.SAXParseException; lineNumber: 3; columnNumber: 66; 在实体引用中, 实体名称必须紧跟在 '&' 后面。
	at com.sun.org.apache.xerces.internal.util.ErrorHandlerWrapper.createSAXParseException(ErrorHandlerWrapper.java:203)
	at com.sun.org.apache.xerces.internal.util.ErrorHandlerWrapper.fatalError(ErrorHandlerWrapper.java:177)
	at com.sun.org.apache.xerces.internal.impl.XMLErrorReporter.reportError(XMLErrorReporter.java:400)
	at com.sun.org.apache.xerces.internal.impl.XMLErrorReporter.reportError(XMLErrorReporter.java:327)
	at com.sun.org.apache.xerces.internal.impl.XMLScanner.reportFatalError(XMLScanner.java:1472)
	at com.sun.org.apache.xerces.internal.impl.XMLScanner.scanAttributeValue(XMLScanner.java:908)
	at com.sun.org.apache.xerces.internal.impl.XMLDocumentFragmentScannerImpl.scanAttribute(XMLDocumentFragmentScannerImpl.java:1548)
	at com.sun.org.apache.xerces.internal.impl.XMLDocumentFragmentScannerImpl.scanStartElement(XMLDocumentFragmentScannerImpl.java:1315)
	at com.sun.org.apache.xerces.internal.impl.XMLDocumentFragmentScannerImpl$FragmentContentDriver.next(XMLDocumentFragmentScannerImpl.java:2784)
	at com.sun.org.apache.xerces.internal.impl.XMLDocumentScannerImpl.next(XMLDocumentScannerImpl.java:602)
	at com.sun.org.apache.xerces.internal.impl.XMLDocumentFragmentScannerImpl.scanDocument(XMLDocumentFragmentScannerImpl.java:505)
	at com.sun.org.apache.xerces.internal.parsers.XML11Configuration.parse(XML11Configuration.java:841)
	at com.sun.org.apache.xerces.internal.parsers.XML11Configuration.parse(XML11Configuration.java:770)
	at com.sun.org.apache.xerces.internal.parsers.XMLParser.parse(XMLParser.java:141)
	at com.sun.org.apache.xerces.internal.parsers.DOMParser.parse(DOMParser.java:243)
	at com.sun.org.apache.xerces.internal.jaxp.DocumentBuilderImpl.parse(DocumentBuilderImpl.java:339)
	at org.eclipse.debug.internal.core.LaunchManager.createInfoFromXML(LaunchManager.java:935)
	at org.eclipse.debug.internal.core.LaunchManager.getInfo(LaunchManager.java:1359)
	at org.eclipse.debug.internal.core.LaunchConfiguration.getInfo(LaunchConfiguration.java:490)
	at org.eclipse.debug.internal.core.LaunchConfiguration.getType(LaunchConfiguration.java:645)
	at org.eclipse.debug.internal.core.LaunchManager.isValid(LaunchManager.java:2091)
	at org.eclipse.debug.internal.core.LaunchManager.verifyConfigurations(LaunchManager.java:2462)
	at org.eclipse.debug.internal.core.LaunchManager.getAllLaunchConfigurations(LaunchManager.java:1140)
	at org.eclipse.debug.internal.core.LaunchManager.getLaunchConfigurations(LaunchManager.java:1444)
	at org.eclipse.debug.internal.core.LaunchManager.getLaunchConfigurations(LaunchManager.java:1439)
	at org.eclipse.launchbar.core.internal.LaunchBarManager.init(LaunchBarManager.java:130)
	at org.eclipse.launchbar.core.internal.LaunchBarManager$1.run(LaunchBarManager.java:96)
	at org.eclipse.core.internal.jobs.Worker.run(Worker.java:63)

!ENTRY org.eclipse.debug.core 4 125 2026-07-28 11:20:40.712
!MESSAGE 调试核心所记录的错误：
!STACK 1
org.eclipse.debug.core.DebugException: 读取启动配置文件 F:\code\vibe_project\rollerball\M33\libraries\components\mtb-device-support-pse8xxgp\make\make\scripts\interface_version_3\eclipse\Application\ram\_normal\KitProg3\&&_APP_NAME&& Erase Device (KitProg3_MiniProg4).launch 时发生了 org.xml.sax.SAXParseException; lineNumber: 3; columnNumber: 66; 在实体引用中, 实体名称必须紧跟在 '&' 后面。。
	at org.eclipse.debug.internal.core.LaunchManager.createDebugException(LaunchManager.java:886)
	at org.eclipse.debug.internal.core.LaunchManager.throwException(LaunchManager.java:2448)
	at org.eclipse.debug.internal.core.LaunchManager.getInfo(LaunchManager.java:1366)
	at org.eclipse.debug.internal.core.LaunchConfiguration.getInfo(LaunchConfiguration.java:490)
	at org.eclipse.debug.internal.core.LaunchConfiguration.getType(LaunchConfiguration.java:645)
	at org.eclipse.debug.internal.core.LaunchManager.isValid(LaunchManager.java:2091)
	at org.eclipse.debug.internal.core.LaunchManager.verifyConfigurations(LaunchManager.java:2462)
	at org.eclipse.debug.internal.core.LaunchManager.getAllLaunchConfigurations(LaunchManager.java:1140)
	at org.eclipse.debug.internal.core.LaunchManager.getLaunchConfigurations(LaunchManager.java:1444)
	at org.eclipse.debug.internal.core.LaunchManager.getLaunchConfigurations(LaunchManager.java:1439)
	at org.eclipse.launchbar.core.internal.LaunchBarManager.init(LaunchBarManager.java:130)
	at org.eclipse.launchbar.core.internal.LaunchBarManager$1.run(LaunchBarManager.java:96)
	at org.eclipse.core.internal.jobs.Worker.run(Worker.java:63)
Caused by: org.xml.sax.SAXParseException; lineNumber: 3; columnNumber: 66; 在实体引用中, 实体名称必须紧跟在 '&' 后面。
	at com.sun.org.apache.xerces.internal.util.ErrorHandlerWrapper.createSAXParseException(ErrorHandlerWrapper.java:203)
	at com.sun.org.apache.xerces.internal.util.ErrorHandlerWrapper.fatalError(ErrorHandlerWrapper.java:177)
	at com.sun.org.apache.xerces.internal.impl.XMLErrorReporter.reportError(XMLErrorReporter.java:400)
	at com.sun.org.apache.xerces.internal.impl.XMLErrorReporter.reportError(XMLErrorReporter.java:327)
	at com.sun.org.apache.xerces.internal.impl.XMLScanner.reportFatalError(XMLScanner.java:1472)
	at com.sun.org.apache.xerces.internal.impl.XMLScanner.scanAttributeValue(XMLScanner.java:908)
	at com.sun.org.apache.xerces.internal.impl.XMLDocumentFragmentScannerImpl.scanAttribute(XMLDocumentFragmentScannerImpl.java:1548)
	at com.sun.org.apache.xerces.internal.impl.XMLDocumentFragmentScannerImpl.scanStartElement(XMLDocumentFragmentScannerImpl.java:1315)
	at com.sun.org.apache.xerces.internal.impl.XMLDocumentFragmentScannerImpl$FragmentContentDriver.next(XMLDocumentFragmentScannerImpl.java:2784)
	at com.sun.org.apache.xerces.internal.impl.XMLDocumentScannerImpl.next(XMLDocumentScannerImpl.java:602)
	at com.sun.org.apache.xerces.internal.impl.XMLDocumentFragmentScannerImpl.scanDocument(XMLDocumentFragmentScannerImpl.java:505)
	at com.sun.org.apache.xerces.internal.parsers.XML11Configuration.parse(XML11Configuration.java:841)
	at com.sun.org.apache.xerces.internal.parsers.XML11Configuration.parse(XML11Configuration.java:770)
	at com.sun.org.apache.xerces.internal.parsers.XMLParser.parse(XMLParser.java:141)
	at com.sun.org.apache.xerces.internal.parsers.DOMParser.parse(DOMParser.java:243)
	at com.sun.org.apache.xerces.internal.jaxp.DocumentBuilderImpl.parse(DocumentBuilderImpl.java:339)
	at org.eclipse.debug.internal.core.LaunchManager.createInfoFromXML(LaunchManager.java:935)
	at org.eclipse.debug.internal.core.LaunchManager.getInfo(LaunchManager.java:1359)
	... 10 more
!SUBENTRY 1 org.eclipse.debug.core 4 5012 2026-07-28 11:20:40.712
!MESSAGE 读取启动配置文件 F:\code\vibe_project\rollerball\M33\libraries\components\mtb-device-support-pse8xxgp\make\make\scripts\interface_version_3\eclipse\Application\ram\_normal\KitProg3\&&_APP_NAME&& Erase Device (KitProg3_MiniProg4).launch 时发生了 org.xml.sax.SAXParseException; lineNumber: 3; columnNumber: 66; 在实体引用中, 实体名称必须紧跟在 '&' 后面。。
!STACK 0
org.xml.sax.SAXParseException; lineNumber: 3; columnNumber: 66; 在实体引用中, 实体名称必须紧跟在 '&' 后面。
	at com.sun.org.apache.xerces.internal.util.ErrorHandlerWrapper.createSAXParseException(ErrorHandlerWrapper.java:203)
	at com.sun.org.apache.xerces.internal.util.ErrorHandlerWrapper.fatalError(ErrorHandlerWrapper.java:177)
	at com.sun.org.apache.xerces.internal.impl.XMLErrorReporter.reportError(XMLErrorReporter.java:400)
	at com.sun.org.apache.xerces.internal.impl.XMLErrorReporter.reportError(XMLErrorReporter.java:327)
	at com.sun.org.apache.xerces.internal.impl.XMLScanner.reportFatalError(XMLScanner.java:1472)
	at com.sun.org.apache.xerces.internal.impl.XMLScanner.scanAttributeValue(XMLScanner.java:908)
	at com.sun.org.apache.xerces.internal.impl.XMLDocumentFragmentScannerImpl.scanAttribute(XMLDocumentFragmentScannerImpl.java:1548)
	at com.sun.org.apache.xerces.internal.impl.XMLDocumentFragmentScannerImpl.scanStartElement(XMLDocumentFragmentScannerImpl.java:1315)
	at com.sun.org.apache.xerces.internal.impl.XMLDocumentFragmentScannerImpl$FragmentContentDriver.next(XMLDocumentFragmentScannerImpl.java:2784)
	at com.sun.org.apache.xerces.internal.impl.XMLDocumentScannerImpl.next(XMLDocumentScannerImpl.java:602)
	at com.sun.org.apache.xerces.internal.impl.XMLDocumentFragmentScannerImpl.scanDocument(XMLDocumentFragmentScannerImpl.java:505)
	at com.sun.org.apache.xerces.internal.parsers.XML11Configuration.parse(XML11Configuration.java:841)
	at com.sun.org.apache.xerces.internal.parsers.XML11Configuration.parse(XML11Configuration.java:770)
	at com.sun.org.apache.xerces.internal.parsers.XMLParser.parse(XMLParser.java:141)
	at com.sun.org.apache.xerces.internal.parsers.DOMParser.parse(DOMParser.java:243)
	at com.sun.org.apache.xerces.internal.jaxp.DocumentBuilderImpl.parse(DocumentBuilderImpl.java:339)
	at org.eclipse.debug.internal.core.LaunchManager.createInfoFromXML(LaunchManager.java:935)
	at org.eclipse.debug.internal.core.LaunchManager.getInfo(LaunchManager.java:1359)
	at org.eclipse.debug.internal.core.LaunchConfiguration.getInfo(LaunchConfiguration.java:490)
	at org.eclipse.debug.internal.core.LaunchConfiguration.getType(LaunchConfiguration.java:645)
	at org.eclipse.debug.internal.core.LaunchManager.isValid(LaunchManager.java:2091)
	at org.eclipse.debug.internal.core.LaunchManager.verifyConfigurations(LaunchManager.java:2462)
	at org.eclipse.debug.internal.core.LaunchManager.getAllLaunchConfigurations(LaunchManager.java:1140)
	at org.eclipse.debug.internal.core.LaunchManager.getLaunchConfigurations(LaunchManager.java:1444)
	at org.eclipse.debug.internal.core.LaunchManager.getLaunchConfigurations(LaunchManager.java:1439)
	at org.eclipse.launchbar.core.internal.LaunchBarManager.init(LaunchBarManager.java:130)
	at org.eclipse.launchbar.core.internal.LaunchBarManager$1.run(LaunchBarManager.java:96)
	at org.eclipse.core.internal.jobs.Worker.run(Worker.java:63)

!ENTRY org.eclipse.debug.core 4 125 2026-07-28 11:20:40.712
!MESSAGE 调试核心所记录的错误：
!STACK 1
org.eclipse.debug.core.DebugException: 读取启动配置文件 F:\code\vibe_project\rollerball\M33\libraries\components\mtb-device-support-pse8xxgp\make\make\scripts\interface_version_3\eclipse\Application\ram\_normal\KitProg3\&&_APP_NAME&& Program Application (KitProg3_MiniProg4).launch 时发生了 org.xml.sax.SAXParseException; lineNumber: 3; columnNumber: 66; 在实体引用中, 实体名称必须紧跟在 '&' 后面。。
	at org.eclipse.debug.internal.core.LaunchManager.createDebugException(LaunchManager.java:886)
	at org.eclipse.debug.internal.core.LaunchManager.throwException(LaunchManager.java:2448)
	at org.eclipse.debug.internal.core.LaunchManager.getInfo(LaunchManager.java:1366)
	at org.eclipse.debug.internal.core.LaunchConfiguration.getInfo(LaunchConfiguration.java:490)
	at org.eclipse.debug.internal.core.LaunchConfiguration.getType(LaunchConfiguration.java:645)
	at org.eclipse.debug.internal.core.LaunchManager.isValid(LaunchManager.java:2091)
	at org.eclipse.debug.internal.core.LaunchManager.verifyConfigurations(LaunchManager.java:2462)
	at org.eclipse.debug.internal.core.LaunchManager.getAllLaunchConfigurations(LaunchManager.java:1140)
	at org.eclipse.debug.internal.core.LaunchManager.getLaunchConfigurations(LaunchManager.java:1444)
	at org.eclipse.debug.internal.core.LaunchManager.getLaunchConfigurations(LaunchManager.java:1439)
	at org.eclipse.launchbar.core.internal.LaunchBarManager.init(LaunchBarManager.java:130)
	at org.eclipse.launchbar.core.internal.LaunchBarManager$1.run(LaunchBarManager.java:96)
	at org.eclipse.core.internal.jobs.Worker.run(Worker.java:63)
Caused by: org.xml.sax.SAXParseException; lineNumber: 3; columnNumber: 66; 在实体引用中, 实体名称必须紧跟在 '&' 后面。
	at com.sun.org.apache.xerces.internal.util.ErrorHandlerWrapper.createSAXParseException(ErrorHandlerWrapper.java:203)
	at com.sun.org.apache.xerces.internal.util.ErrorHandlerWrapper.fatalError(ErrorHandlerWrapper.java:177)
	at com.sun.org.apache.xerces.internal.impl.XMLErrorReporter.reportError(XMLErrorReporter.java:400)
	at com.sun.org.apache.xerces.internal.impl.XMLErrorReporter.reportError(XMLErrorReporter.java:327)
	at com.sun.org.apache.xerces.internal.impl.XMLScanner.reportFatalError(XMLScanner.java:1472)
	at com.sun.org.apache.xerces.internal.impl.XMLScanner.scanAttributeValue(XMLScanner.java:908)
	at com.sun.org.apache.xerces.internal.impl.XMLDocumentFragmentScannerImpl.scanAttribute(XMLDocumentFragmentScannerImpl.java:1548)
	at com.sun.org.apache.xerces.internal.impl.XMLDocumentFragmentScannerImpl.scanStartElement(XMLDocumentFragmentScannerImpl.java:1315)
	at com.sun.org.apache.xerces.internal.impl.XMLDocumentFragmentScannerImpl$FragmentContentDriver.next(XMLDocumentFragmentScannerImpl.java:2784)
	at com.sun.org.apache.xerces.internal.impl.XMLDocumentScannerImpl.next(XMLDocumentScannerImpl.java:602)
	at com.sun.org.apache.xerces.internal.impl.XMLDocumentFragmentScannerImpl.scanDocument(XMLDocumentFragmentScannerImpl.java:505)
	at com.sun.org.apache.xerces.internal.parsers.XML11Configuration.parse(XML11Configuration.java:841)
	at com.sun.org.apache.xerces.internal.parsers.XML11Configuration.parse(XML11Configuration.java:770)
	at com.sun.org.apache.xerces.internal.parsers.XMLParser.parse(XMLParser.java:141)
	at com.sun.org.apache.xerces.internal.parsers.DOMParser.parse(DOMParser.java:243)
	at com.sun.org.apache.xerces.internal.jaxp.DocumentBuilderImpl.parse(DocumentBuilderImpl.java:339)
	at org.eclipse.debug.internal.core.LaunchManager.createInfoFromXML(LaunchManager.java:935)
	at org.eclipse.debug.internal.core.LaunchManager.getInfo(LaunchManager.java:1359)
	... 10 more
!SUBENTRY 1 org.eclipse.debug.core 4 5012 2026-07-28 11:20:40.712
!MESSAGE 读取启动配置文件 F:\code\vibe_project\rollerball\M33\libraries\components\mtb-device-support-pse8xxgp\make\make\scripts\interface_version_3\eclipse\Application\ram\_normal\KitProg3\&&_APP_NAME&& Program Application (KitProg3_MiniProg4).launch 时发生了 org.xml.sax.SAXParseException; lineNumber: 3; columnNumber: 66; 在实体引用中, 实体名称必须紧跟在 '&' 后面。。
!STACK 0
org.xml.sax.SAXParseException; lineNumber: 3; columnNumber: 66; 在实体引用中, 实体名称必须紧跟在 '&' 后面。
	at com.sun.org.apache.xerces.internal.util.ErrorHandlerWrapper.createSAXParseException(ErrorHandlerWrapper.java:203)
	at com.sun.org.apache.xerces.internal.util.ErrorHandlerWrapper.fatalError(ErrorHandlerWrapper.java:177)
	at com.sun.org.apache.xerces.internal.impl.XMLErrorReporter.reportError(XMLErrorReporter.java:400)
	at com.sun.org.apache.xerces.internal.impl.XMLErrorReporter.reportError(XMLErrorReporter.java:327)
	at com.sun.org.apache.xerces.internal.impl.XMLScanner.reportFatalError(XMLScanner.java:1472)
	at com.sun.org.apache.xerces.internal.impl.XMLScanner.scanAttributeValue(XMLScanner.java:908)
	at com.sun.org.apache.xerces.internal.impl.XMLDocumentFragmentScannerImpl.scanAttribute(XMLDocumentFragmentScannerImpl.java:1548)
	at com.sun.org.apache.xerces.internal.impl.XMLDocumentFragmentScannerImpl.scanStartElement(XMLDocumentFragmentScannerImpl.java:1315)
	at com.sun.org.apache.xerces.internal.impl.XMLDocumentFragmentScannerImpl$FragmentContentDriver.next(XMLDocumentFragmentScannerImpl.java:2784)
	at com.sun.org.apache.xerces.internal.impl.XMLDocumentScannerImpl.next(XMLDocumentScannerImpl.java:602)
	at com.sun.org.apache.xerces.internal.impl.XMLDocumentFragmentScannerImpl.scanDocument(XMLDocumentFragmentScannerImpl.java:505)
	at com.sun.org.apache.xerces.internal.parsers.XML11Configuration.parse(XML11Configuration.java:841)
	at com.sun.org.apache.xerces.internal.parsers.XML11Configuration.parse(XML11Configuration.java:770)
	at com.sun.org.apache.xerces.internal.parsers.XMLParser.parse(XMLParser.java:141)
	at com.sun.org.apache.xerces.internal.parsers.DOMParser.parse(DOMParser.java:243)
	at com.sun.org.apache.xerces.internal.jaxp.DocumentBuilderImpl.parse(DocumentBuilderImpl.java:339)
	at org.eclipse.debug.internal.core.LaunchManager.createInfoFromXML(LaunchManager.java:935)
	at org.eclipse.debug.internal.core.LaunchManager.getInfo(LaunchManager.java:1359)
	at org.eclipse.debug.internal.core.LaunchConfiguration.getInfo(LaunchConfiguration.java:490)
	at org.eclipse.debug.internal.core.LaunchConfiguration.getType(LaunchConfiguration.java:645)
	at org.eclipse.debug.internal.core.LaunchManager.isValid(LaunchManager.java:2091)
	at org.eclipse.debug.internal.core.LaunchManager.verifyConfigurations(LaunchManager.java:2462)
	at org.eclipse.debug.internal.core.LaunchManager.getAllLaunchConfigurations(LaunchManager.java:1140)
	at org.eclipse.debug.internal.core.LaunchManager.getLaunchConfigurations(LaunchManager.java:1444)
	at org.eclipse.debug.internal.core.LaunchManager.getLaunchConfigurations(LaunchManager.java:1439)
	at org.eclipse.launchbar.core.internal.LaunchBarManager.init(LaunchBarManager.java:130)
	at org.eclipse.launchbar.core.internal.LaunchBarManager$1.run(LaunchBarManager.java:96)
	at org.eclipse.core.internal.jobs.Worker.run(Worker.java:63)

!ENTRY org.eclipse.debug.core 4 125 2026-07-28 11:20:40.716
!MESSAGE 调试核心所记录的错误：
!STACK 1
org.eclipse.debug.core.DebugException: 读取启动配置文件 F:\code\vibe_project\rollerball\M33\libraries\components\mtb-device-support-pse8xxgp\make\make\scripts\interface_version_3\eclipse\Application\ram\virgin\JLink\&&_APP_NAME&& Debug RAM MultiCore (JLink).launch 时发生了 org.xml.sax.SAXParseException; lineNumber: 3; columnNumber: 66; 在实体引用中, 实体名称必须紧跟在 '&' 后面。。
	at org.eclipse.debug.internal.core.LaunchManager.createDebugException(LaunchManager.java:886)
	at org.eclipse.debug.internal.core.LaunchManager.throwException(LaunchManager.java:2448)
	at org.eclipse.debug.internal.core.LaunchManager.getInfo(LaunchManager.java:1366)
	at org.eclipse.debug.internal.core.LaunchConfiguration.getInfo(LaunchConfiguration.java:490)
	at org.eclipse.debug.internal.core.LaunchConfiguration.getType(LaunchConfiguration.java:645)
	at org.eclipse.debug.internal.core.LaunchManager.isValid(LaunchManager.java:2091)
	at org.eclipse.debug.internal.core.LaunchManager.verifyConfigurations(LaunchManager.java:2462)
	at org.eclipse.debug.internal.core.LaunchManager.getAllLaunchConfigurations(LaunchManager.java:1140)
	at org.eclipse.debug.internal.core.LaunchManager.getLaunchConfigurations(LaunchManager.java:1444)
	at org.eclipse.debug.internal.core.LaunchManager.getLaunchConfigurations(LaunchManager.java:1439)
	at org.eclipse.launchbar.core.internal.LaunchBarManager.init(LaunchBarManager.java:130)
	at org.eclipse.launchbar.core.internal.LaunchBarManager$1.run(LaunchBarManager.java:96)
	at org.eclipse.core.internal.jobs.Worker.run(Worker.java:63)
Caused by: org.xml.sax.SAXParseException; lineNumber: 3; columnNumber: 66; 在实体引用中, 实体名称必须紧跟在 '&' 后面。
	at com.sun.org.apache.xerces.internal.util.ErrorHandlerWrapper.createSAXParseException(ErrorHandlerWrapper.java:203)
	at com.sun.org.apache.xerces.internal.util.ErrorHandlerWrapper.fatalError(ErrorHandlerWrapper.java:177)
	at com.sun.org.apache.xerces.internal.impl.XMLErrorReporter.reportError(XMLErrorReporter.java:400)
	at com.sun.org.apache.xerces.internal.impl.XMLErrorReporter.reportError(XMLErrorReporter.java:327)
	at com.sun.org.apache.xerces.internal.impl.XMLScanner.reportFatalError(XMLScanner.java:1472)
	at com.sun.org.apache.xerces.internal.impl.XMLScanner.scanAttributeValue(XMLScanner.java:908)
	at com.sun.org.apache.xerces.internal.impl.XMLDocumentFragmentScannerImpl.scanAttribute(XMLDocumentFragmentScannerImpl.java:1548)
	at com.sun.org.apache.xerces.internal.impl.XMLDocumentFragmentScannerImpl.scanStartElement(XMLDocumentFragmentScannerImpl.java:1315)
	at com.sun.org.apache.xerces.internal.impl.XMLDocumentFragmentScannerImpl$FragmentContentDriver.next(XMLDocumentFragmentScannerImpl.java:2784)
	at com.sun.org.apache.xerces.internal.impl.XMLDocumentScannerImpl.next(XMLDocumentScannerImpl.java:602)
	at com.sun.org.apache.xerces.internal.impl.XMLDocumentFragmentScannerImpl.scanDocument(XMLDocumentFragmentScannerImpl.java:505)
	at com.sun.org.apache.xerces.internal.parsers.XML11Configuration.parse(XML11Configuration.java:841)
	at com.sun.org.apache.xerces.internal.parsers.XML11Configuration.parse(XML11Configuration.java:770)
	at com.sun.org.apache.xerces.internal.parsers.XMLParser.parse(XMLParser.java:141)
	at com.sun.org.apache.xerces.internal.parsers.DOMParser.parse(DOMParser.java:243)
	at com.sun.org.apache.xerces.internal.jaxp.DocumentBuilderImpl.parse(DocumentBuilderImpl.java:339)
	at org.eclipse.debug.internal.core.LaunchManager.createInfoFromXML(LaunchManager.java:935)
	at org.eclipse.debug.internal.core.LaunchManager.getInfo(LaunchManager.java:1359)
	... 10 more
!SUBENTRY 1 org.eclipse.debug.core 4 5012 2026-07-28 11:20:40.716
!MESSAGE 读取启动配置文件 F:\code\vibe_project\rollerball\M33\libraries\components\mtb-device-support-pse8xxgp\make\make\scripts\interface_version_3\eclipse\Application\ram\virgin\JLink\&&_APP_NAME&& Debug RAM MultiCore (JLink).launch 时发生了 org.xml.sax.SAXParseException; lineNumber: 3; columnNumber: 66; 在实体引用中, 实体名称必须紧跟在 '&' 后面。。
!STACK 0
org.xml.sax.SAXParseException; lineNumber: 3; columnNumber: 66; 在实体引用中, 实体名称必须紧跟在 '&' 后面。
	at com.sun.org.apache.xerces.internal.util.ErrorHandlerWrapper.createSAXParseException(ErrorHandlerWrapper.java:203)
	at com.sun.org.apache.xerces.internal.util.ErrorHandlerWrapper.fatalError(ErrorHandlerWrapper.java:177)
	at com.sun.org.apache.xerces.internal.impl.XMLErrorReporter.reportError(XMLErrorReporter.java:400)
	at com.sun.org.apache.xerces.internal.impl.XMLErrorReporter.reportError(XMLErrorReporter.java:327)
	at com.sun.org.apache.xerces.internal.impl.XMLScanner.reportFatalError(XMLScanner.java:1472)
	at com.sun.org.apache.xerces.internal.impl.XMLScanner.scanAttributeValue(XMLScanner.java:908)
	at com.sun.org.apache.xerces.internal.impl.XMLDocumentFragmentScannerImpl.scanAttribute(XMLDocumentFragmentScannerImpl.java:1548)
	at com.sun.org.apache.xerces.internal.impl.XMLDocumentFragmentScannerImpl.scanStartElement(XMLDocumentFragmentScannerImpl.java:1315)
	at com.sun.org.apache.xerces.internal.impl.XMLDocumentFragmentScannerImpl$FragmentContentDriver.next(XMLDocumentFragmentScannerImpl.java:2784)
	at com.sun.org.apache.xerces.internal.impl.XMLDocumentScannerImpl.next(XMLDocumentScannerImpl.java:602)
	at com.sun.org.apache.xerces.internal.impl.XMLDocumentFragmentScannerImpl.scanDocument(XMLDocumentFragmentScannerImpl.java:505)
	at com.sun.org.apache.xerces.internal.parsers.XML11Configuration.parse(XML11Configuration.java:841)
	at com.sun.org.apache.xerces.internal.parsers.XML11Configuration.parse(XML11Configuration.java:770)
	at com.sun.org.apache.xerces.internal.parsers.XMLParser.parse(XMLParser.java:141)
	at com.sun.org.apache.xerces.internal.parsers.DOMParser.parse(DOMParser.java:243)
	at com.sun.org.apache.xerces.internal.jaxp.DocumentBuilderImpl.parse(DocumentBuilderImpl.java:339)
	at org.eclipse.debug.internal.core.LaunchManager.createInfoFromXML(LaunchManager.java:935)
	at org.eclipse.debug.internal.core.LaunchManager.getInfo(LaunchManager.java:1359)
	at org.eclipse.debug.internal.core.LaunchConfiguration.getInfo(LaunchConfiguration.java:490)
	at org.eclipse.debug.internal.core.LaunchConfiguration.getType(LaunchConfiguration.java:645)
	at org.eclipse.debug.internal.core.LaunchManager.isValid(LaunchManager.java:2091)
	at org.eclipse.debug.internal.core.LaunchManager.verifyConfigurations(LaunchManager.java:2462)
	at org.eclipse.debug.internal.core.LaunchManager.getAllLaunchConfigurations(LaunchManager.java:1140)
	at org.eclipse.debug.internal.core.LaunchManager.getLaunchConfigurations(LaunchManager.java:1444)
	at org.eclipse.debug.internal.core.LaunchManager.getLaunchConfigurations(LaunchManager.java:1439)
	at org.eclipse.launchbar.core.internal.LaunchBarManager.init(LaunchBarManager.java:130)
	at org.eclipse.launchbar.core.internal.LaunchBarManager$1.run(LaunchBarManager.java:96)
	at org.eclipse.core.internal.jobs.Worker.run(Worker.java:63)

!ENTRY org.eclipse.debug.core 4 125 2026-07-28 11:20:40.718
!MESSAGE 调试核心所记录的错误：
!STACK 1
org.eclipse.debug.core.DebugException: 读取启动配置文件 F:\code\vibe_project\rollerball\M33\libraries\components\mtb-device-support-pse8xxgp\make\make\scripts\interface_version_3\eclipse\Application\ram\virgin\JLink\&&_APP_NAME&& Program RAM Application (JLink).launch 时发生了 org.xml.sax.SAXParseException; lineNumber: 3; columnNumber: 66; 在实体引用中, 实体名称必须紧跟在 '&' 后面。。
	at org.eclipse.debug.internal.core.LaunchManager.createDebugException(LaunchManager.java:886)
	at org.eclipse.debug.internal.core.LaunchManager.throwException(LaunchManager.java:2448)
	at org.eclipse.debug.internal.core.LaunchManager.getInfo(LaunchManager.java:1366)
	at org.eclipse.debug.internal.core.LaunchConfiguration.getInfo(LaunchConfiguration.java:490)
	at org.eclipse.debug.internal.core.LaunchConfiguration.getType(LaunchConfiguration.java:645)
	at org.eclipse.debug.internal.core.LaunchManager.isValid(LaunchManager.java:2091)
	at org.eclipse.debug.internal.core.LaunchManager.verifyConfigurations(LaunchManager.java:2462)
	at org.eclipse.debug.internal.core.LaunchManager.getAllLaunchConfigurations(LaunchManager.java:1140)
	at org.eclipse.debug.internal.core.LaunchManager.getLaunchConfigurations(LaunchManager.java:1444)
	at org.eclipse.debug.internal.core.LaunchManager.getLaunchConfigurations(LaunchManager.java:1439)
	at org.eclipse.launchbar.core.internal.LaunchBarManager.init(LaunchBarManager.java:130)
	at org.eclipse.launchbar.core.internal.LaunchBarManager$1.run(LaunchBarManager.java:96)
	at org.eclipse.core.internal.jobs.Worker.run(Worker.java:63)
Caused by: org.xml.sax.SAXParseException; lineNumber: 3; columnNumber: 66; 在实体引用中, 实体名称必须紧跟在 '&' 后面。
	at com.sun.org.apache.xerces.internal.util.ErrorHandlerWrapper.createSAXParseException(ErrorHandlerWrapper.java:203)
	at com.sun.org.apache.xerces.internal.util.ErrorHandlerWrapper.fatalError(ErrorHandlerWrapper.java:177)
	at com.sun.org.apache.xerces.internal.impl.XMLErrorReporter.reportError(XMLErrorReporter.java:400)
	at com.sun.org.apache.xerces.internal.impl.XMLErrorReporter.reportError(XMLErrorReporter.java:327)
	at com.sun.org.apache.xerces.internal.impl.XMLScanner.reportFatalError(XMLScanner.java:1472)
	at com.sun.org.apache.xerces.internal.impl.XMLScanner.scanAttributeValue(XMLScanner.java:908)
	at com.sun.org.apache.xerces.internal.impl.XMLDocumentFragmentScannerImpl.scanAttribute(XMLDocumentFragmentScannerImpl.java:1548)
	at com.sun.org.apache.xerces.internal.impl.XMLDocumentFragmentScannerImpl.scanStartElement(XMLDocumentFragmentScannerImpl.java:1315)
	at com.sun.org.apache.xerces.internal.impl.XMLDocumentFragmentScannerImpl$FragmentContentDriver.next(XMLDocumentFragmentScannerImpl.java:2784)
	at com.sun.org.apache.xerces.internal.impl.XMLDocumentScannerImpl.next(XMLDocumentScannerImpl.java:602)
	at com.sun.org.apache.xerces.internal.impl.XMLDocumentFragmentScannerImpl.scanDocument(XMLDocumentFragmentScannerImpl.java:505)
	at com.sun.org.apache.xerces.internal.parsers.XML11Configuration.parse(XML11Configuration.java:841)
	at com.sun.org.apache.xerces.internal.parsers.XML11Configuration.parse(XML11Configuration.java:770)
	at com.sun.org.apache.xerces.internal.parsers.XMLParser.parse(XMLParser.java:141)
	at com.sun.org.apache.xerces.internal.parsers.DOMParser.parse(DOMParser.java:243)
	at com.sun.org.apache.xerces.internal.jaxp.DocumentBuilderImpl.parse(DocumentBuilderImpl.java:339)
	at org.eclipse.debug.internal.core.LaunchManager.createInfoFromXML(LaunchManager.java:935)
	at org.eclipse.debug.internal.core.LaunchManager.getInfo(LaunchManager.java:1359)
	... 10 more
!SUBENTRY 1 org.eclipse.debug.core 4 5012 2026-07-28 11:20:40.718
!MESSAGE 读取启动配置文件 F:\code\vibe_project\rollerball\M33\libraries\components\mtb-device-support-pse8xxgp\make\make\scripts\interface_version_3\eclipse\Application\ram\virgin\JLink\&&_APP_NAME&& Program RAM Application (JLink).launch 时发生了 org.xml.sax.SAXParseException; lineNumber: 3; columnNumber: 66; 在实体引用中, 实体名称必须紧跟在 '&' 后面。。
!STACK 0
org.xml.sax.SAXParseException; lineNumber: 3; columnNumber: 66; 在实体引用中, 实体名称必须紧跟在 '&' 后面。
	at com.sun.org.apache.xerces.internal.util.ErrorHandlerWrapper.createSAXParseException(ErrorHandlerWrapper.java:203)
	at com.sun.org.apache.xerces.internal.util.ErrorHandlerWrapper.fatalError(ErrorHandlerWrapper.java:177)
	at com.sun.org.apache.xerces.internal.impl.XMLErrorReporter.reportError(XMLErrorReporter.java:400)
	at com.sun.org.apache.xerces.internal.impl.XMLErrorReporter.reportError(XMLErrorReporter.java:327)
	at com.sun.org.apache.xerces.internal.impl.XMLScanner.reportFatalError(XMLScanner.java:1472)
	at com.sun.org.apache.xerces.internal.impl.XMLScanner.scanAttributeValue(XMLScanner.java:908)
	at com.sun.org.apache.xerces.internal.impl.XMLDocumentFragmentScannerImpl.scanAttribute(XMLDocumentFragmentScannerImpl.java:1548)
	at com.sun.org.apache.xerces.internal.impl.XMLDocumentFragmentScannerImpl.scanStartElement(XMLDocumentFragmentScannerImpl.java:1315)
	at com.sun.org.apache.xerces.internal.impl.XMLDocumentFragmentScannerImpl$FragmentContentDriver.next(XMLDocumentFragmentScannerImpl.java:2784)
	at com.sun.org.apache.xerces.internal.impl.XMLDocumentScannerImpl.next(XMLDocumentScannerImpl.java:602)
	at com.sun.org.apache.xerces.internal.impl.XMLDocumentFragmentScannerImpl.scanDocument(XMLDocumentFragmentScannerImpl.java:505)
	at com.sun.org.apache.xerces.internal.parsers.XML11Configuration.parse(XML11Configuration.java:841)
	at com.sun.org.apache.xerces.internal.parsers.XML11Configuration.parse(XML11Configuration.java:770)
	at com.sun.org.apache.xerces.internal.parsers.XMLParser.parse(XMLParser.java:141)
	at com.sun.org.apache.xerces.internal.parsers.DOMParser.parse(DOMParser.java:243)
	at com.sun.org.apache.xerces.internal.jaxp.DocumentBuilderImpl.parse(DocumentBuilderImpl.java:339)
	at org.eclipse.debug.internal.core.LaunchManager.createInfoFromXML(LaunchManager.java:935)
	at org.eclipse.debug.internal.core.LaunchManager.getInfo(LaunchManager.java:1359)
	at org.eclipse.debug.internal.core.LaunchConfiguration.getInfo(LaunchConfiguration.java:490)
	at org.eclipse.debug.internal.core.LaunchConfiguration.getType(LaunchConfiguration.java:645)
	at org.eclipse.debug.internal.core.LaunchManager.isValid(LaunchManager.java:2091)
	at org.eclipse.debug.internal.core.LaunchManager.verifyConfigurations(LaunchManager.java:2462)
	at org.eclipse.debug.internal.core.LaunchManager.getAllLaunchConfigurations(LaunchManager.java:1140)
	at org.eclipse.debug.internal.core.LaunchManager.getLaunchConfigurations(LaunchManager.java:1444)
	at org.eclipse.debug.internal.core.LaunchManager.getLaunchConfigurations(LaunchManager.java:1439)
	at org.eclipse.launchbar.core.internal.LaunchBarManager.init(LaunchBarManager.java:130)
	at org.eclipse.launchbar.core.internal.LaunchBarManager$1.run(LaunchBarManager.java:96)
	at org.eclipse.core.internal.jobs.Worker.run(Worker.java:63)

!ENTRY org.eclipse.debug.core 4 125 2026-07-28 11:20:40.721
!MESSAGE 调试核心所记录的错误：
!STACK 1
org.eclipse.debug.core.DebugException: 读取启动配置文件 F:\code\vibe_project\rollerball\M33\libraries\components\mtb-device-support-pse8xxgp\make\make\scripts\interface_version_3\eclipse\Application\ram\virgin\KitProg3\&&_APP_NAME&& Debug RAM MultiCore (KitProg3_MiniProg4).launch 时发生了 org.xml.sax.SAXParseException; lineNumber: 3; columnNumber: 66; 在实体引用中, 实体名称必须紧跟在 '&' 后面。。
	at org.eclipse.debug.internal.core.LaunchManager.createDebugException(LaunchManager.java:886)
	at org.eclipse.debug.internal.core.LaunchManager.throwException(LaunchManager.java:2448)
	at org.eclipse.debug.internal.core.LaunchManager.getInfo(LaunchManager.java:1366)
	at org.eclipse.debug.internal.core.LaunchConfiguration.getInfo(LaunchConfiguration.java:490)
	at org.eclipse.debug.internal.core.LaunchConfiguration.getType(LaunchConfiguration.java:645)
	at org.eclipse.debug.internal.core.LaunchManager.isValid(LaunchManager.java:2091)
	at org.eclipse.debug.internal.core.LaunchManager.verifyConfigurations(LaunchManager.java:2462)
	at org.eclipse.debug.internal.core.LaunchManager.getAllLaunchConfigurations(LaunchManager.java:1140)
	at org.eclipse.debug.internal.core.LaunchManager.getLaunchConfigurations(LaunchManager.java:1444)
	at org.eclipse.debug.internal.core.LaunchManager.getLaunchConfigurations(LaunchManager.java:1439)
	at org.eclipse.launchbar.core.internal.LaunchBarManager.init(LaunchBarManager.java:130)
	at org.eclipse.launchbar.core.internal.LaunchBarManager$1.run(LaunchBarManager.java:96)
	at org.eclipse.core.internal.jobs.Worker.run(Worker.java:63)
Caused by: org.xml.sax.SAXParseException; lineNumber: 3; columnNumber: 66; 在实体引用中, 实体名称必须紧跟在 '&' 后面。
	at com.sun.org.apache.xerces.internal.util.ErrorHandlerWrapper.createSAXParseException(ErrorHandlerWrapper.java:203)
	at com.sun.org.apache.xerces.internal.util.ErrorHandlerWrapper.fatalError(ErrorHandlerWrapper.java:177)
	at com.sun.org.apache.xerces.internal.impl.XMLErrorReporter.reportError(XMLErrorReporter.java:400)
	at com.sun.org.apache.xerces.internal.impl.XMLErrorReporter.reportError(XMLErrorReporter.java:327)
	at com.sun.org.apache.xerces.internal.impl.XMLScanner.reportFatalError(XMLScanner.java:1472)
	at com.sun.org.apache.xerces.internal.impl.XMLScanner.scanAttributeValue(XMLScanner.java:908)
	at com.sun.org.apache.xerces.internal.impl.XMLDocumentFragmentScannerImpl.scanAttribute(XMLDocumentFragmentScannerImpl.java:1548)
	at com.sun.org.apache.xerces.internal.impl.XMLDocumentFragmentScannerImpl.scanStartElement(XMLDocumentFragmentScannerImpl.java:1315)
	at com.sun.org.apache.xerces.internal.impl.XMLDocumentFragmentScannerImpl$FragmentContentDriver.next(XMLDocumentFragmentScannerImpl.java:2784)
	at com.sun.org.apache.xerces.internal.impl.XMLDocumentScannerImpl.next(XMLDocumentScannerImpl.java:602)
	at com.sun.org.apache.xerces.internal.impl.XMLDocumentFragmentScannerImpl.scanDocument(XMLDocumentFragmentScannerImpl.java:505)
	at com.sun.org.apache.xerces.internal.parsers.XML11Configuration.parse(XML11Configuration.java:841)
	at com.sun.org.apache.xerces.internal.parsers.XML11Configuration.parse(XML11Configuration.java:770)
	at com.sun.org.apache.xerces.internal.parsers.XMLParser.parse(XMLParser.java:141)
	at com.sun.org.apache.xerces.internal.parsers.DOMParser.parse(DOMParser.java:243)
	at com.sun.org.apache.xerces.internal.jaxp.DocumentBuilderImpl.parse(DocumentBuilderImpl.java:339)
	at org.eclipse.debug.internal.core.LaunchManager.createInfoFromXML(LaunchManager.java:935)
	at org.eclipse.debug.internal.core.LaunchManager.getInfo(LaunchManager.java:1359)
	... 10 more
!SUBENTRY 1 org.eclipse.debug.core 4 5012 2026-07-28 11:20:40.721
!MESSAGE 读取启动配置文件 F:\code\vibe_project\rollerball\M33\libraries\components\mtb-device-support-pse8xxgp\make\make\scripts\interface_version_3\eclipse\Application\ram\virgin\KitProg3\&&_APP_NAME&& Debug RAM MultiCore (KitProg3_MiniProg4).launch 时发生了 org.xml.sax.SAXParseException; lineNumber: 3; columnNumber: 66; 在实体引用中, 实体名称必须紧跟在 '&' 后面。。
!STACK 0
org.xml.sax.SAXParseException; lineNumber: 3; columnNumber: 66; 在实体引用中, 实体名称必须紧跟在 '&' 后面。
	at com.sun.org.apache.xerces.internal.util.ErrorHandlerWrapper.createSAXParseException(ErrorHandlerWrapper.java:203)
	at com.sun.org.apache.xerces.internal.util.ErrorHandlerWrapper.fatalError(ErrorHandlerWrapper.java:177)
	at com.sun.org.apache.xerces.internal.impl.XMLErrorReporter.reportError(XMLErrorReporter.java:400)
	at com.sun.org.apache.xerces.internal.impl.XMLErrorReporter.reportError(XMLErrorReporter.java:327)
	at com.sun.org.apache.xerces.internal.impl.XMLScanner.reportFatalError(XMLScanner.java:1472)
	at com.sun.org.apache.xerces.internal.impl.XMLScanner.scanAttributeValue(XMLScanner.java:908)
	at com.sun.org.apache.xerces.internal.impl.XMLDocumentFragmentScannerImpl.scanAttribute(XMLDocumentFragmentScannerImpl.java:1548)
	at com.sun.org.apache.xerces.internal.impl.XMLDocumentFragmentScannerImpl.scanStartElement(XMLDocumentFragmentScannerImpl.java:1315)
	at com.sun.org.apache.xerces.internal.impl.XMLDocumentFragmentScannerImpl$FragmentContentDriver.next(XMLDocumentFragmentScannerImpl.java:2784)
	at com.sun.org.apache.xerces.internal.impl.XMLDocumentScannerImpl.next(XMLDocumentScannerImpl.java:602)
	at com.sun.org.apache.xerces.internal.impl.XMLDocumentFragmentScannerImpl.scanDocument(XMLDocumentFragmentScannerImpl.java:505)
	at com.sun.org.apache.xerces.internal.parsers.XML11Configuration.parse(XML11Configuration.java:841)
	at com.sun.org.apache.xerces.internal.parsers.XML11Configuration.parse(XML11Configuration.java:770)
	at com.sun.org.apache.xerces.internal.parsers.XMLParser.parse(XMLParser.java:141)
	at com.sun.org.apache.xerces.internal.parsers.DOMParser.parse(DOMParser.java:243)
	at com.sun.org.apache.xerces.internal.jaxp.DocumentBuilderImpl.parse(DocumentBuilderImpl.java:339)
	at org.eclipse.debug.internal.core.LaunchManager.createInfoFromXML(LaunchManager.java:935)
	at org.eclipse.debug.internal.core.LaunchManager.getInfo(LaunchManager.java:1359)
	at org.eclipse.debug.internal.core.LaunchConfiguration.getInfo(LaunchConfiguration.java:490)
	at org.eclipse.debug.internal.core.LaunchConfiguration.getType(LaunchConfiguration.java:645)
	at org.eclipse.debug.internal.core.LaunchManager.isValid(LaunchManager.java:2091)
	at org.eclipse.debug.internal.core.LaunchManager.verifyConfigurations(LaunchManager.java:2462)
	at org.eclipse.debug.internal.core.LaunchManager.getAllLaunchConfigurations(LaunchManager.java:1140)
	at org.eclipse.debug.internal.core.LaunchManager.getLaunchConfigurations(LaunchManager.java:1444)
	at org.eclipse.debug.internal.core.LaunchManager.getLaunchConfigurations(LaunchManager.java:1439)
	at org.eclipse.launchbar.core.internal.LaunchBarManager.init(LaunchBarManager.java:130)
	at org.eclipse.launchbar.core.internal.LaunchBarManager$1.run(LaunchBarManager.java:96)
	at org.eclipse.core.internal.jobs.Worker.run(Worker.java:63)

!ENTRY org.eclipse.debug.core 4 125 2026-07-28 11:20:40.721
!MESSAGE 调试核心所记录的错误：
!STACK 1
org.eclipse.debug.core.DebugException: 读取启动配置文件 F:\code\vibe_project\rollerball\M33\libraries\components\mtb-device-support-pse8xxgp\make\make\scripts\interface_version_3\eclipse\Application\ram\virgin\KitProg3\&&_APP_NAME&& Program RAM Application (KitProg3_MiniProg4).launch 时发生了 org.xml.sax.SAXParseException; lineNumber: 3; columnNumber: 66; 在实体引用中, 实体名称必须紧跟在 '&' 后面。。
	at org.eclipse.debug.internal.core.LaunchManager.createDebugException(LaunchManager.java:886)
	at org.eclipse.debug.internal.core.LaunchManager.throwException(LaunchManager.java:2448)
	at org.eclipse.debug.internal.core.LaunchManager.getInfo(LaunchManager.java:1366)
	at org.eclipse.debug.internal.core.LaunchConfiguration.getInfo(LaunchConfiguration.java:490)
	at org.eclipse.debug.internal.core.LaunchConfiguration.getType(LaunchConfiguration.java:645)
	at org.eclipse.debug.internal.core.LaunchManager.isValid(LaunchManager.java:2091)
	at org.eclipse.debug.internal.core.LaunchManager.verifyConfigurations(LaunchManager.java:2462)
	at org.eclipse.debug.internal.core.LaunchManager.getAllLaunchConfigurations(LaunchManager.java:1140)
	at org.eclipse.debug.internal.core.LaunchManager.getLaunchConfigurations(LaunchManager.java:1444)
	at org.eclipse.debug.internal.core.LaunchManager.getLaunchConfigurations(LaunchManager.java:1439)
	at org.eclipse.launchbar.core.internal.LaunchBarManager.init(LaunchBarManager.java:130)
	at org.eclipse.launchbar.core.internal.LaunchBarManager$1.run(LaunchBarManager.java:96)
	at org.eclipse.core.internal.jobs.Worker.run(Worker.java:63)
Caused by: org.xml.sax.SAXParseException; lineNumber: 3; columnNumber: 66; 在实体引用中, 实体名称必须紧跟在 '&' 后面。
	at com.sun.org.apache.xerces.internal.util.ErrorHandlerWrapper.createSAXParseException(ErrorHandlerWrapper.java:203)
	at com.sun.org.apache.xerces.internal.util.ErrorHandlerWrapper.fatalError(ErrorHandlerWrapper.java:177)
	at com.sun.org.apache.xerces.internal.impl.XMLErrorReporter.reportError(XMLErrorReporter.java:400)
	at com.sun.org.apache.xerces.internal.impl.XMLErrorReporter.reportError(XMLErrorReporter.java:327)
	at com.sun.org.apache.xerces.internal.impl.XMLScanner.reportFatalError(XMLScanner.java:1472)
	at com.sun.org.apache.xerces.internal.impl.XMLScanner.scanAttributeValue(XMLScanner.java:908)
	at com.sun.org.apache.xerces.internal.impl.XMLDocumentFragmentScannerImpl.scanAttribute(XMLDocumentFragmentScannerImpl.java:1548)
	at com.sun.org.apache.xerces.internal.impl.XMLDocumentFragmentScannerImpl.scanStartElement(XMLDocumentFragmentScannerImpl.java:1315)
	at com.sun.org.apache.xerces.internal.impl.XMLDocumentFragmentScannerImpl$FragmentContentDriver.next(XMLDocumentFragmentScannerImpl.java:2784)
	at com.sun.org.apache.xerces.internal.impl.XMLDocumentScannerImpl.next(XMLDocumentScannerImpl.java:602)
	at com.sun.org.apache.xerces.internal.impl.XMLDocumentFragmentScannerImpl.scanDocument(XMLDocumentFragmentScannerImpl.java:505)
	at com.sun.org.apache.xerces.internal.parsers.XML11Configuration.parse(XML11Configuration.java:841)
	at com.sun.org.apache.xerces.internal.parsers.XML11Configuration.parse(XML11Configuration.java:770)
	at com.sun.org.apache.xerces.internal.parsers.XMLParser.parse(XMLParser.java:141)
	at com.sun.org.apache.xerces.internal.parsers.DOMParser.parse(DOMParser.java:243)
	at com.sun.org.apache.xerces.internal.jaxp.DocumentBuilderImpl.parse(DocumentBuilderImpl.java:339)
	at org.eclipse.debug.internal.core.LaunchManager.createInfoFromXML(LaunchManager.java:935)
	at org.eclipse.debug.internal.core.LaunchManager.getInfo(LaunchManager.java:1359)
	... 10 more
!SUBENTRY 1 org.eclipse.debug.core 4 5012 2026-07-28 11:20:40.721
!MESSAGE 读取启动配置文件 F:\code\vibe_project\rollerball\M33\libraries\components\mtb-device-support-pse8xxgp\make\make\scripts\interface_version_3\eclipse\Application\ram\virgin\KitProg3\&&_APP_NAME&& Program RAM Application (KitProg3_MiniProg4).launch 时发生了 org.xml.sax.SAXParseException; lineNumber: 3; columnNumber: 66; 在实体引用中, 实体名称必须紧跟在 '&' 后面。。
!STACK 0
org.xml.sax.SAXParseException; lineNumber: 3; columnNumber: 66; 在实体引用中, 实体名称必须紧跟在 '&' 后面。
	at com.sun.org.apache.xerces.internal.util.ErrorHandlerWrapper.createSAXParseException(ErrorHandlerWrapper.java:203)
	at com.sun.org.apache.xerces.internal.util.ErrorHandlerWrapper.fatalError(ErrorHandlerWrapper.java:177)
	at com.sun.org.apache.xerces.internal.impl.XMLErrorReporter.reportError(XMLErrorReporter.java:400)
	at com.sun.org.apache.xerces.internal.impl.XMLErrorReporter.reportError(XMLErrorReporter.java:327)
	at com.sun.org.apache.xerces.internal.impl.XMLScanner.reportFatalError(XMLScanner.java:1472)
	at com.sun.org.apache.xerces.internal.impl.XMLScanner.scanAttributeValue(XMLScanner.java:908)
	at com.sun.org.apache.xerces.internal.impl.XMLDocumentFragmentScannerImpl.scanAttribute(XMLDocumentFragmentScannerImpl.java:1548)
	at com.sun.org.apache.xerces.internal.impl.XMLDocumentFragmentScannerImpl.scanStartElement(XMLDocumentFragmentScannerImpl.java:1315)
	at com.sun.org.apache.xerces.internal.impl.XMLDocumentFragmentScannerImpl$FragmentContentDriver.next(XMLDocumentFragmentScannerImpl.java:2784)
	at com.sun.org.apache.xerces.internal.impl.XMLDocumentScannerImpl.next(XMLDocumentScannerImpl.java:602)
	at com.sun.org.apache.xerces.internal.impl.XMLDocumentFragmentScannerImpl.scanDocument(XMLDocumentFragmentScannerImpl.java:505)
	at com.sun.org.apache.xerces.internal.parsers.XML11Configuration.parse(XML11Configuration.java:841)
	at com.sun.org.apache.xerces.internal.parsers.XML11Configuration.parse(XML11Configuration.java:770)
	at com.sun.org.apache.xerces.internal.parsers.XMLParser.parse(XMLParser.java:141)
	at com.sun.org.apache.xerces.internal.parsers.DOMParser.parse(DOMParser.java:243)
	at com.sun.org.apache.xerces.internal.jaxp.DocumentBuilderImpl.parse(DocumentBuilderImpl.java:339)
	at org.eclipse.debug.internal.core.LaunchManager.createInfoFromXML(LaunchManager.java:935)
	at org.eclipse.debug.internal.core.LaunchManager.getInfo(LaunchManager.java:1359)
	at org.eclipse.debug.internal.core.LaunchConfiguration.getInfo(LaunchConfiguration.java:490)
	at org.eclipse.debug.internal.core.LaunchConfiguration.getType(LaunchConfiguration.java:645)
	at org.eclipse.debug.internal.core.LaunchManager.isValid(LaunchManager.java:2091)
	at org.eclipse.debug.internal.core.LaunchManager.verifyConfigurations(LaunchManager.java:2462)
	at org.eclipse.debug.internal.core.LaunchManager.getAllLaunchConfigurations(LaunchManager.java:1140)
	at org.eclipse.debug.internal.core.LaunchManager.getLaunchConfigurations(LaunchManager.java:1444)
	at org.eclipse.debug.internal.core.LaunchManager.getLaunchConfigurations(LaunchManager.java:1439)
	at org.eclipse.launchbar.core.internal.LaunchBarManager.init(LaunchBarManager.java:130)
	at org.eclipse.launchbar.core.internal.LaunchBarManager$1.run(LaunchBarManager.java:96)
	at org.eclipse.core.internal.jobs.Worker.run(Worker.java:63)

!ENTRY org.eclipse.debug.core 4 125 2026-07-28 11:20:40.724
!MESSAGE 调试核心所记录的错误：
!STACK 1
org.eclipse.debug.core.DebugException: 读取启动配置文件 F:\code\vibe_project\rollerball\M33\libraries\components\mtb-device-support-pse8xxgp\make\make\scripts\interface_version_3\eclipse\CM33\flash\_normal\JLink\any\&&_PRJ_NAME&& Attach RAM (JLink).launch 时发生了 org.xml.sax.SAXParseException; lineNumber: 3; columnNumber: 66; 在实体引用中, 实体名称必须紧跟在 '&' 后面。。
	at org.eclipse.debug.internal.core.LaunchManager.createDebugException(LaunchManager.java:886)
	at org.eclipse.debug.internal.core.LaunchManager.throwException(LaunchManager.java:2448)
	at org.eclipse.debug.internal.core.LaunchManager.getInfo(LaunchManager.java:1366)
	at org.eclipse.debug.internal.core.LaunchConfiguration.getInfo(LaunchConfiguration.java:490)
	at org.eclipse.debug.internal.core.LaunchConfiguration.getType(LaunchConfiguration.java:645)
	at org.eclipse.debug.internal.core.LaunchManager.isValid(LaunchManager.java:2091)
	at org.eclipse.debug.internal.core.LaunchManager.verifyConfigurations(LaunchManager.java:2462)
	at org.eclipse.debug.internal.core.LaunchManager.getAllLaunchConfigurations(LaunchManager.java:1140)
	at org.eclipse.debug.internal.core.LaunchManager.getLaunchConfigurations(LaunchManager.java:1444)
	at org.eclipse.debug.internal.core.LaunchManager.getLaunchConfigurations(LaunchManager.java:1439)
	at org.eclipse.launchbar.core.internal.LaunchBarManager.init(LaunchBarManager.java:130)
	at org.eclipse.launchbar.core.internal.LaunchBarManager$1.run(LaunchBarManager.java:96)
	at org.eclipse.core.internal.jobs.Worker.run(Worker.java:63)
Caused by: org.xml.sax.SAXParseException; lineNumber: 3; columnNumber: 66; 在实体引用中, 实体名称必须紧跟在 '&' 后面。
	at com.sun.org.apache.xerces.internal.util.ErrorHandlerWrapper.createSAXParseException(ErrorHandlerWrapper.java:203)
	at com.sun.org.apache.xerces.internal.util.ErrorHandlerWrapper.fatalError(ErrorHandlerWrapper.java:177)
	at com.sun.org.apache.xerces.internal.impl.XMLErrorReporter.reportError(XMLErrorReporter.java:400)
	at com.sun.org.apache.xerces.internal.impl.XMLErrorReporter.reportError(XMLErrorReporter.java:327)
	at com.sun.org.apache.xerces.internal.impl.XMLScanner.reportFatalError(XMLScanner.java:1472)
	at com.sun.org.apache.xerces.internal.impl.XMLScanner.scanAttributeValue(XMLScanner.java:908)
	at com.sun.org.apache.xerces.internal.impl.XMLDocumentFragmentScannerImpl.scanAttribute(XMLDocumentFragmentScannerImpl.java:1548)
	at com.sun.org.apache.xerces.internal.impl.XMLDocumentFragmentScannerImpl.scanStartElement(XMLDocumentFragmentScannerImpl.java:1315)
	at com.sun.org.apache.xerces.internal.impl.XMLDocumentFragmentScannerImpl$FragmentContentDriver.next(XMLDocumentFragmentScannerImpl.java:2784)
	at com.sun.org.apache.xerces.internal.impl.XMLDocumentScannerImpl.next(XMLDocumentScannerImpl.java:602)
	at com.sun.org.apache.xerces.internal.impl.XMLDocumentFragmentScannerImpl.scanDocument(XMLDocumentFragmentScannerImpl.java:505)
	at com.sun.org.apache.xerces.internal.parsers.XML11Configuration.parse(XML11Configuration.java:841)
	at com.sun.org.apache.xerces.internal.parsers.XML11Configuration.parse(XML11Configuration.java:770)
	at com.sun.org.apache.xerces.internal.parsers.XMLParser.parse(XMLParser.java:141)
	at com.sun.org.apache.xerces.internal.parsers.DOMParser.parse(DOMParser.java:243)
	at com.sun.org.apache.xerces.internal.jaxp.DocumentBuilderImpl.parse(DocumentBuilderImpl.java:339)
	at org.eclipse.debug.internal.core.LaunchManager.createInfoFromXML(LaunchManager.java:935)
	at org.eclipse.debug.internal.core.LaunchManager.getInfo(LaunchManager.java:1359)
	... 10 more
!SUBENTRY 1 org.eclipse.debug.core 4 5012 2026-07-28 11:20:40.724
!MESSAGE 读取启动配置文件 F:\code\vibe_project\rollerball\M33\libraries\components\mtb-device-support-pse8xxgp\make\make\scripts\interface_version_3\eclipse\CM33\flash\_normal\JLink\any\&&_PRJ_NAME&& Attach RAM (JLink).launch 时发生了 org.xml.sax.SAXParseException; lineNumber: 3; columnNumber: 66; 在实体引用中, 实体名称必须紧跟在 '&' 后面。。
!STACK 0
org.xml.sax.SAXParseException; lineNumber: 3; columnNumber: 66; 在实体引用中, 实体名称必须紧跟在 '&' 后面。
	at com.sun.org.apache.xerces.internal.util.ErrorHandlerWrapper.createSAXParseException(ErrorHandlerWrapper.java:203)
	at com.sun.org.apache.xerces.internal.util.ErrorHandlerWrapper.fatalError(ErrorHandlerWrapper.java:177)
	at com.sun.org.apache.xerces.internal.impl.XMLErrorReporter.reportError(XMLErrorReporter.java:400)
	at com.sun.org.apache.xerces.internal.impl.XMLErrorReporter.reportError(XMLErrorReporter.java:327)
	at com.sun.org.apache.xerces.internal.impl.XMLScanner.reportFatalError(XMLScanner.java:1472)
	at com.sun.org.apache.xerces.internal.impl.XMLScanner.scanAttributeValue(XMLScanner.java:908)
	at com.sun.org.apache.xerces.internal.impl.XMLDocumentFragmentScannerImpl.scanAttribute(XMLDocumentFragmentScannerImpl.java:1548)
	at com.sun.org.apache.xerces.internal.impl.XMLDocumentFragmentScannerImpl.scanStartElement(XMLDocumentFragmentScannerImpl.java:1315)
	at com.sun.org.apache.xerces.internal.impl.XMLDocumentFragmentScannerImpl$FragmentContentDriver.next(XMLDocumentFragmentScannerImpl.java:2784)
	at com.sun.org.apache.xerces.internal.impl.XMLDocumentScannerImpl.next(XMLDocumentScannerImpl.java:602)
	at com.sun.org.apache.xerces.internal.impl.XMLDocumentFragmentScannerImpl.scanDocument(XMLDocumentFragmentScannerImpl.java:505)
	at com.sun.org.apache.xerces.internal.parsers.XML11Configuration.parse(XML11Configuration.java:841)
	at com.sun.org.apache.xerces.internal.parsers.XML11Configuration.parse(XML11Configuration.java:770)
	at com.sun.org.apache.xerces.internal.parsers.XMLParser.parse(XMLParser.java:141)
	at com.sun.org.apache.xerces.internal.parsers.DOMParser.parse(DOMParser.java:243)
	at com.sun.org.apache.xerces.internal.jaxp.DocumentBuilderImpl.parse(DocumentBuilderImpl.java:339)
	at org.eclipse.debug.internal.core.LaunchManager.createInfoFromXML(LaunchManager.java:935)
	at org.eclipse.debug.internal.core.LaunchManager.getInfo(LaunchManager.java:1359)
	at org.eclipse.debug.internal.core.LaunchConfiguration.getInfo(LaunchConfiguration.java:490)
	at org.eclipse.debug.internal.core.LaunchConfiguration.getType(LaunchConfiguration.java:645)
	at org.eclipse.debug.internal.core.LaunchManager.isValid(LaunchManager.java:2091)
	at org.eclipse.debug.internal.core.LaunchManager.verifyConfigurations(LaunchManager.java:2462)
	at org.eclipse.debug.internal.core.LaunchManager.getAllLaunchConfigurations(LaunchManager.java:1140)
	at org.eclipse.debug.internal.core.LaunchManager.getLaunchConfigurations(LaunchManager.java:1444)
	at org.eclipse.debug.internal.core.LaunchManager.getLaunchConfigurations(LaunchManager.java:1439)
	at org.eclipse.launchbar.core.internal.LaunchBarManager.init(LaunchBarManager.java:130)
	at org.eclipse.launchbar.core.internal.LaunchBarManager$1.run(LaunchBarManager.java:96)
	at org.eclipse.core.internal.jobs.Worker.run(Worker.java:63)

!ENTRY org.eclipse.debug.core 4 125 2026-07-28 11:20:40.724
!MESSAGE 调试核心所记录的错误：
!STACK 1
org.eclipse.debug.core.DebugException: 读取启动配置文件 F:\code\vibe_project\rollerball\M33\libraries\components\mtb-device-support-pse8xxgp\make\make\scripts\interface_version_3\eclipse\CM33\flash\_normal\JLink\any\&&_PRJ_NAME&& Program RAM (JLink).launch 时发生了 org.xml.sax.SAXParseException; lineNumber: 3; columnNumber: 66; 在实体引用中, 实体名称必须紧跟在 '&' 后面。。
	at org.eclipse.debug.internal.core.LaunchManager.createDebugException(LaunchManager.java:886)
	at org.eclipse.debug.internal.core.LaunchManager.throwException(LaunchManager.java:2448)
	at org.eclipse.debug.internal.core.LaunchManager.getInfo(LaunchManager.java:1366)
	at org.eclipse.debug.internal.core.LaunchConfiguration.getInfo(LaunchConfiguration.java:490)
	at org.eclipse.debug.internal.core.LaunchConfiguration.getType(LaunchConfiguration.java:645)
	at org.eclipse.debug.internal.core.LaunchManager.isValid(LaunchManager.java:2091)
	at org.eclipse.debug.internal.core.LaunchManager.verifyConfigurations(LaunchManager.java:2462)
	at org.eclipse.debug.internal.core.LaunchManager.getAllLaunchConfigurations(LaunchManager.java:1140)
	at org.eclipse.debug.internal.core.LaunchManager.getLaunchConfigurations(LaunchManager.java:1444)
	at org.eclipse.debug.internal.core.LaunchManager.getLaunchConfigurations(LaunchManager.java:1439)
	at org.eclipse.launchbar.core.internal.LaunchBarManager.init(LaunchBarManager.java:130)
	at org.eclipse.launchbar.core.internal.LaunchBarManager$1.run(LaunchBarManager.java:96)
	at org.eclipse.core.internal.jobs.Worker.run(Worker.java:63)
Caused by: org.xml.sax.SAXParseException; lineNumber: 3; columnNumber: 66; 在实体引用中, 实体名称必须紧跟在 '&' 后面。
	at com.sun.org.apache.xerces.internal.util.ErrorHandlerWrapper.createSAXParseException(ErrorHandlerWrapper.java:203)
	at com.sun.org.apache.xerces.internal.util.ErrorHandlerWrapper.fatalError(ErrorHandlerWrapper.java:177)
	at com.sun.org.apache.xerces.internal.impl.XMLErrorReporter.reportError(XMLErrorReporter.java:400)
	at com.sun.org.apache.xerces.internal.impl.XMLErrorReporter.reportError(XMLErrorReporter.java:327)
	at com.sun.org.apache.xerces.internal.impl.XMLScanner.reportFatalError(XMLScanner.java:1472)
	at com.sun.org.apache.xerces.internal.impl.XMLScanner.scanAttributeValue(XMLScanner.java:908)
	at com.sun.org.apache.xerces.internal.impl.XMLDocumentFragmentScannerImpl.scanAttribute(XMLDocumentFragmentScannerImpl.java:1548)
	at com.sun.org.apache.xerces.internal.impl.XMLDocumentFragmentScannerImpl.scanStartElement(XMLDocumentFragmentScannerImpl.java:1315)
	at com.sun.org.apache.xerces.internal.impl.XMLDocumentFragmentScannerImpl$FragmentContentDriver.next(XMLDocumentFragmentScannerImpl.java:2784)
	at com.sun.org.apache.xerces.internal.impl.XMLDocumentScannerImpl.next(XMLDocumentScannerImpl.java:602)
	at com.sun.org.apache.xerces.internal.impl.XMLDocumentFragmentScannerImpl.scanDocument(XMLDocumentFragmentScannerImpl.java:505)
	at com.sun.org.apache.xerces.internal.parsers.XML11Configuration.parse(XML11Configuration.java:841)
	at com.sun.org.apache.xerces.internal.parsers.XML11Configuration.parse(XML11Configuration.java:770)
	at com.sun.org.apache.xerces.internal.parsers.XMLParser.parse(XMLParser.java:141)
	at com.sun.org.apache.xerces.internal.parsers.DOMParser.parse(DOMParser.java:243)
	at com.sun.org.apache.xerces.internal.jaxp.DocumentBuilderImpl.parse(DocumentBuilderImpl.java:339)
	at org.eclipse.debug.internal.core.LaunchManager.createInfoFromXML(LaunchManager.java:935)
	at org.eclipse.debug.internal.core.LaunchManager.getInfo(LaunchManager.java:1359)
	... 10 more
!SUBENTRY 1 org.eclipse.debug.core 4 5012 2026-07-28 11:20:40.724
!MESSAGE 读取启动配置文件 F:\code\vibe_project\rollerball\M33\libraries\components\mtb-device-support-pse8xxgp\make\make\scripts\interface_version_3\eclipse\CM33\flash\_normal\JLink\any\&&_PRJ_NAME&& Program RAM (JLink).launch 时发生了 org.xml.sax.SAXParseException; lineNumber: 3; columnNumber: 66; 在实体引用中, 实体名称必须紧跟在 '&' 后面。。
!STACK 0
org.xml.sax.SAXParseException; lineNumber: 3; columnNumber: 66; 在实体引用中, 实体名称必须紧跟在 '&' 后面。
	at com.sun.org.apache.xerces.internal.util.ErrorHandlerWrapper.createSAXParseException(ErrorHandlerWrapper.java:203)
	at com.sun.org.apache.xerces.internal.util.ErrorHandlerWrapper.fatalError(ErrorHandlerWrapper.java:177)
	at com.sun.org.apache.xerces.internal.impl.XMLErrorReporter.reportError(XMLErrorReporter.java:400)
	at com.sun.org.apache.xerces.internal.impl.XMLErrorReporter.reportError(XMLErrorReporter.java:327)
	at com.sun.org.apache.xerces.internal.impl.XMLScanner.reportFatalError(XMLScanner.java:1472)
	at com.sun.org.apache.xerces.internal.impl.XMLScanner.scanAttributeValue(XMLScanner.java:908)
	at com.sun.org.apache.xerces.internal.impl.XMLDocumentFragmentScannerImpl.scanAttribute(XMLDocumentFragmentScannerImpl.java:1548)
	at com.sun.org.apache.xerces.internal.impl.XMLDocumentFragmentScannerImpl.scanStartElement(XMLDocumentFragmentScannerImpl.java:1315)
	at com.sun.org.apache.xerces.internal.impl.XMLDocumentFragmentScannerImpl$FragmentContentDriver.next(XMLDocumentFragmentScannerImpl.java:2784)
	at com.sun.org.apache.xerces.internal.impl.XMLDocumentScannerImpl.next(XMLDocumentScannerImpl.java:602)
	at com.sun.org.apache.xerces.internal.impl.XMLDocumentFragmentScannerImpl.scanDocument(XMLDocumentFragmentScannerImpl.java:505)
	at com.sun.org.apache.xerces.internal.parsers.XML11Configuration.parse(XML11Configuration.java:841)
	at com.sun.org.apache.xerces.internal.parsers.XML11Configuration.parse(XML11Configuration.java:770)
	at com.sun.org.apache.xerces.internal.parsers.XMLParser.parse(XMLParser.java:141)
	at com.sun.org.apache.xerces.internal.parsers.DOMParser.parse(DOMParser.java:243)
	at com.sun.org.apache.xerces.internal.jaxp.DocumentBuilderImpl.parse(DocumentBuilderImpl.java:339)
	at org.eclipse.debug.internal.core.LaunchManager.createInfoFromXML(LaunchManager.java:935)
	at org.eclipse.debug.internal.core.LaunchManager.getInfo(LaunchManager.java:1359)
	at org.eclipse.debug.internal.core.LaunchConfiguration.getInfo(LaunchConfiguration.java:490)
	at org.eclipse.debug.internal.core.LaunchConfiguration.getType(LaunchConfiguration.java:645)
	at org.eclipse.debug.internal.core.LaunchManager.isValid(LaunchManager.java:2091)
	at org.eclipse.debug.internal.core.LaunchManager.verifyConfigurations(LaunchManager.java:2462)
	at org.eclipse.debug.internal.core.LaunchManager.getAllLaunchConfigurations(LaunchManager.java:1140)
	at org.eclipse.debug.internal.core.LaunchManager.getLaunchConfigurations(LaunchManager.java:1444)
	at org.eclipse.debug.internal.core.LaunchManager.getLaunchConfigurations(LaunchManager.java:1439)
	at org.eclipse.launchbar.core.internal.LaunchBarManager.init(LaunchBarManager.java:130)
	at org.eclipse.launchbar.core.internal.LaunchBarManager$1.run(LaunchBarManager.java:96)
	at org.eclipse.core.internal.jobs.Worker.run(Worker.java:63)

!ENTRY org.eclipse.debug.core 4 125 2026-07-28 11:20:40.729
!MESSAGE 调试核心所记录的错误：
!STACK 1
org.eclipse.debug.core.DebugException: 读取启动配置文件 F:\code\vibe_project\rollerball\M33\libraries\components\mtb-device-support-pse8xxgp\make\make\scripts\interface_version_3\eclipse\CM33\flash\_normal\KitProg3\any\&&_PRJ_NAME&& Attach (KitProg3_MiniProg4).launch 时发生了 org.xml.sax.SAXParseException; lineNumber: 3; columnNumber: 66; 在实体引用中, 实体名称必须紧跟在 '&' 后面。。
	at org.eclipse.debug.internal.core.LaunchManager.createDebugException(LaunchManager.java:886)
	at org.eclipse.debug.internal.core.LaunchManager.throwException(LaunchManager.java:2448)
	at org.eclipse.debug.internal.core.LaunchManager.getInfo(LaunchManager.java:1366)
	at org.eclipse.debug.internal.core.LaunchConfiguration.getInfo(LaunchConfiguration.java:490)
	at org.eclipse.debug.internal.core.LaunchConfiguration.getType(LaunchConfiguration.java:645)
	at org.eclipse.debug.internal.core.LaunchManager.isValid(LaunchManager.java:2091)
	at org.eclipse.debug.internal.core.LaunchManager.verifyConfigurations(LaunchManager.java:2462)
	at org.eclipse.debug.internal.core.LaunchManager.getAllLaunchConfigurations(LaunchManager.java:1140)
	at org.eclipse.debug.internal.core.LaunchManager.getLaunchConfigurations(LaunchManager.java:1444)
	at org.eclipse.debug.internal.core.LaunchManager.getLaunchConfigurations(LaunchManager.java:1439)
	at org.eclipse.launchbar.core.internal.LaunchBarManager.init(LaunchBarManager.java:130)
	at org.eclipse.launchbar.core.internal.LaunchBarManager$1.run(LaunchBarManager.java:96)
	at org.eclipse.core.internal.jobs.Worker.run(Worker.java:63)
Caused by: org.xml.sax.SAXParseException; lineNumber: 3; columnNumber: 66; 在实体引用中, 实体名称必须紧跟在 '&' 后面。
	at com.sun.org.apache.xerces.internal.util.ErrorHandlerWrapper.createSAXParseException(ErrorHandlerWrapper.java:203)
	at com.sun.org.apache.xerces.internal.util.ErrorHandlerWrapper.fatalError(ErrorHandlerWrapper.java:177)
	at com.sun.org.apache.xerces.internal.impl.XMLErrorReporter.reportError(XMLErrorReporter.java:400)
	at com.sun.org.apache.xerces.internal.impl.XMLErrorReporter.reportError(XMLErrorReporter.java:327)
	at com.sun.org.apache.xerces.internal.impl.XMLScanner.reportFatalError(XMLScanner.java:1472)
	at com.sun.org.apache.xerces.internal.impl.XMLScanner.scanAttributeValue(XMLScanner.java:908)
	at com.sun.org.apache.xerces.internal.impl.XMLDocumentFragmentScannerImpl.scanAttribute(XMLDocumentFragmentScannerImpl.java:1548)
	at com.sun.org.apache.xerces.internal.impl.XMLDocumentFragmentScannerImpl.scanStartElement(XMLDocumentFragmentScannerImpl.java:1315)
	at com.sun.org.apache.xerces.internal.impl.XMLDocumentFragmentScannerImpl$FragmentContentDriver.next(XMLDocumentFragmentScannerImpl.java:2784)
	at com.sun.org.apache.xerces.internal.impl.XMLDocumentScannerImpl.next(XMLDocumentScannerImpl.java:602)
	at com.sun.org.apache.xerces.internal.impl.XMLDocumentFragmentScannerImpl.scanDocument(XMLDocumentFragmentScannerImpl.java:505)
	at com.sun.org.apache.xerces.internal.parsers.XML11Configuration.parse(XML11Configuration.java:841)
	at com.sun.org.apache.xerces.internal.parsers.XML11Configuration.parse(XML11Configuration.java:770)
	at com.sun.org.apache.xerces.internal.parsers.XMLParser.parse(XMLParser.java:141)
	at com.sun.org.apache.xerces.internal.parsers.DOMParser.parse(DOMParser.java:243)
	at com.sun.org.apache.xerces.internal.jaxp.DocumentBuilderImpl.parse(DocumentBuilderImpl.java:339)
	at org.eclipse.debug.internal.core.LaunchManager.createInfoFromXML(LaunchManager.java:935)
	at org.eclipse.debug.internal.core.LaunchManager.getInfo(LaunchManager.java:1359)
	... 10 more
!SUBENTRY 1 org.eclipse.debug.core 4 5012 2026-07-28 11:20:40.729
!MESSAGE 读取启动配置文件 F:\code\vibe_project\rollerball\M33\libraries\components\mtb-device-support-pse8xxgp\make\make\scripts\interface_version_3\eclipse\CM33\flash\_normal\KitProg3\any\&&_PRJ_NAME&& Attach (KitProg3_MiniProg4).launch 时发生了 org.xml.sax.SAXParseException; lineNumber: 3; columnNumber: 66; 在实体引用中, 实体名称必须紧跟在 '&' 后面。。
!STACK 0
org.xml.sax.SAXParseException; lineNumber: 3; columnNumber: 66; 在实体引用中, 实体名称必须紧跟在 '&' 后面。
	at com.sun.org.apache.xerces.internal.util.ErrorHandlerWrapper.createSAXParseException(ErrorHandlerWrapper.java:203)
	at com.sun.org.apache.xerces.internal.util.ErrorHandlerWrapper.fatalError(ErrorHandlerWrapper.java:177)
	at com.sun.org.apache.xerces.internal.impl.XMLErrorReporter.reportError(XMLErrorReporter.java:400)
	at com.sun.org.apache.xerces.internal.impl.XMLErrorReporter.reportError(XMLErrorReporter.java:327)
	at com.sun.org.apache.xerces.internal.impl.XMLScanner.reportFatalError(XMLScanner.java:1472)
	at com.sun.org.apache.xerces.internal.impl.XMLScanner.scanAttributeValue(XMLScanner.java:908)
	at com.sun.org.apache.xerces.internal.impl.XMLDocumentFragmentScannerImpl.scanAttribute(XMLDocumentFragmentScannerImpl.java:1548)
	at com.sun.org.apache.xerces.internal.impl.XMLDocumentFragmentScannerImpl.scanStartElement(XMLDocumentFragmentScannerImpl.java:1315)
	at com.sun.org.apache.xerces.internal.impl.XMLDocumentFragmentScannerImpl$FragmentContentDriver.next(XMLDocumentFragmentScannerImpl.java:2784)
	at com.sun.org.apache.xerces.internal.impl.XMLDocumentScannerImpl.next(XMLDocumentScannerImpl.java:602)
	at com.sun.org.apache.xerces.internal.impl.XMLDocumentFragmentScannerImpl.scanDocument(XMLDocumentFragmentScannerImpl.java:505)
	at com.sun.org.apache.xerces.internal.parsers.XML11Configuration.parse(XML11Configuration.java:841)
	at com.sun.org.apache.xerces.internal.parsers.XML11Configuration.parse(XML11Configuration.java:770)
	at com.sun.org.apache.xerces.internal.parsers.XMLParser.parse(XMLParser.java:141)
	at com.sun.org.apache.xerces.internal.parsers.DOMParser.parse(DOMParser.java:243)
	at com.sun.org.apache.xerces.internal.jaxp.DocumentBuilderImpl.parse(DocumentBuilderImpl.java:339)
	at org.eclipse.debug.internal.core.LaunchManager.createInfoFromXML(LaunchManager.java:935)
	at org.eclipse.debug.internal.core.LaunchManager.getInfo(LaunchManager.java:1359)
	at org.eclipse.debug.internal.core.LaunchConfiguration.getInfo(LaunchConfiguration.java:490)
	at org.eclipse.debug.internal.core.LaunchConfiguration.getType(LaunchConfiguration.java:645)
	at org.eclipse.debug.internal.core.LaunchManager.isValid(LaunchManager.java:2091)
	at org.eclipse.debug.internal.core.LaunchManager.verifyConfigurations(LaunchManager.java:2462)
	at org.eclipse.debug.internal.core.LaunchManager.getAllLaunchConfigurations(LaunchManager.java:1140)
	at org.eclipse.debug.internal.core.LaunchManager.getLaunchConfigurations(LaunchManager.java:1444)
	at org.eclipse.debug.internal.core.LaunchManager.getLaunchConfigurations(LaunchManager.java:1439)
	at org.eclipse.launchbar.core.internal.LaunchBarManager.init(LaunchBarManager.java:130)
	at org.eclipse.launchbar.core.internal.LaunchBarManager$1.run(LaunchBarManager.java:96)
	at org.eclipse.core.internal.jobs.Worker.run(Worker.java:63)

!ENTRY org.eclipse.debug.core 4 125 2026-07-28 11:20:40.732
!MESSAGE 调试核心所记录的错误：
!STACK 1
org.eclipse.debug.core.DebugException: 读取启动配置文件 F:\code\vibe_project\rollerball\M33\libraries\components\mtb-device-support-pse8xxgp\make\make\scripts\interface_version_3\eclipse\CM33\flash\_normal\KitProg3\any\&&_PRJ_NAME&& Debug (KitProg3_MiniProg4).launch 时发生了 org.xml.sax.SAXParseException; lineNumber: 3; columnNumber: 66; 在实体引用中, 实体名称必须紧跟在 '&' 后面。。
	at org.eclipse.debug.internal.core.LaunchManager.createDebugException(LaunchManager.java:886)
	at org.eclipse.debug.internal.core.LaunchManager.throwException(LaunchManager.java:2448)
	at org.eclipse.debug.internal.core.LaunchManager.getInfo(LaunchManager.java:1366)
	at org.eclipse.debug.internal.core.LaunchConfiguration.getInfo(LaunchConfiguration.java:490)
	at org.eclipse.debug.internal.core.LaunchConfiguration.getType(LaunchConfiguration.java:645)
	at org.eclipse.debug.internal.core.LaunchManager.isValid(LaunchManager.java:2091)
	at org.eclipse.debug.internal.core.LaunchManager.verifyConfigurations(LaunchManager.java:2462)
	at org.eclipse.debug.internal.core.LaunchManager.getAllLaunchConfigurations(LaunchManager.java:1140)
	at org.eclipse.debug.internal.core.LaunchManager.getLaunchConfigurations(LaunchManager.java:1444)
	at org.eclipse.debug.internal.core.LaunchManager.getLaunchConfigurations(LaunchManager.java:1439)
	at org.eclipse.launchbar.core.internal.LaunchBarManager.init(LaunchBarManager.java:130)
	at org.eclipse.launchbar.core.internal.LaunchBarManager$1.run(LaunchBarManager.java:96)
	at org.eclipse.core.internal.jobs.Worker.run(Worker.java:63)
Caused by: org.xml.sax.SAXParseException; lineNumber: 3; columnNumber: 66; 在实体引用中, 实体名称必须紧跟在 '&' 后面。
	at com.sun.org.apache.xerces.internal.util.ErrorHandlerWrapper.createSAXParseException(ErrorHandlerWrapper.java:203)
	at com.sun.org.apache.xerces.internal.util.ErrorHandlerWrapper.fatalError(ErrorHandlerWrapper.java:177)
	at com.sun.org.apache.xerces.internal.impl.XMLErrorReporter.reportError(XMLErrorReporter.java:400)
	at com.sun.org.apache.xerces.internal.impl.XMLErrorReporter.reportError(XMLErrorReporter.java:327)
	at com.sun.org.apache.xerces.internal.impl.XMLScanner.reportFatalError(XMLScanner.java:1472)
	at com.sun.org.apache.xerces.internal.impl.XMLScanner.scanAttributeValue(XMLScanner.java:908)
	at com.sun.org.apache.xerces.internal.impl.XMLDocumentFragmentScannerImpl.scanAttribute(XMLDocumentFragmentScannerImpl.java:1548)
	at com.sun.org.apache.xerces.internal.impl.XMLDocumentFragmentScannerImpl.scanStartElement(XMLDocumentFragmentScannerImpl.java:1315)
	at com.sun.org.apache.xerces.internal.impl.XMLDocumentFragmentScannerImpl$FragmentContentDriver.next(XMLDocumentFragmentScannerImpl.java:2784)
	at com.sun.org.apache.xerces.internal.impl.XMLDocumentScannerImpl.next(XMLDocumentScannerImpl.java:602)
	at com.sun.org.apache.xerces.internal.impl.XMLDocumentFragmentScannerImpl.scanDocument(XMLDocumentFragmentScannerImpl.java:505)
	at com.sun.org.apache.xerces.internal.parsers.XML11Configuration.parse(XML11Configuration.java:841)
	at com.sun.org.apache.xerces.internal.parsers.XML11Configuration.parse(XML11Configuration.java:770)
	at com.sun.org.apache.xerces.internal.parsers.XMLParser.parse(XMLParser.java:141)
	at com.sun.org.apache.xerces.internal.parsers.DOMParser.parse(DOMParser.java:243)
	at com.sun.org.apache.xerces.internal.jaxp.DocumentBuilderImpl.parse(DocumentBuilderImpl.java:339)
	at org.eclipse.debug.internal.core.LaunchManager.createInfoFromXML(LaunchManager.java:935)
	at org.eclipse.debug.internal.core.LaunchManager.getInfo(LaunchManager.java:1359)
	... 10 more
!SUBENTRY 1 org.eclipse.debug.core 4 5012 2026-07-28 11:20:40.732
!MESSAGE 读取启动配置文件 F:\code\vibe_project\rollerball\M33\libraries\components\mtb-device-support-pse8xxgp\make\make\scripts\interface_version_3\eclipse\CM33\flash\_normal\KitProg3\any\&&_PRJ_NAME&& Debug (KitProg3_MiniProg4).launch 时发生了 org.xml.sax.SAXParseException; lineNumber: 3; columnNumber: 66; 在实体引用中, 实体名称必须紧跟在 '&' 后面。。
!STACK 0
org.xml.sax.SAXParseException; lineNumber: 3; columnNumber: 66; 在实体引用中, 实体名称必须紧跟在 '&' 后面。
	at com.sun.org.apache.xerces.internal.util.ErrorHandlerWrapper.createSAXParseException(ErrorHandlerWrapper.java:203)
	at com.sun.org.apache.xerces.internal.util.ErrorHandlerWrapper.fatalError(ErrorHandlerWrapper.java:177)
	at com.sun.org.apache.xerces.internal.impl.XMLErrorReporter.reportError(XMLErrorReporter.java:400)
	at com.sun.org.apache.xerces.internal.impl.XMLErrorReporter.reportError(XMLErrorReporter.java:327)
	at com.sun.org.apache.xerces.internal.impl.XMLScanner.reportFatalError(XMLScanner.java:1472)
	at com.sun.org.apache.xerces.internal.impl.XMLScanner.scanAttributeValue(XMLScanner.java:908)
	at com.sun.org.apache.xerces.internal.impl.XMLDocumentFragmentScannerImpl.scanAttribute(XMLDocumentFragmentScannerImpl.java:1548)
	at com.sun.org.apache.xerces.internal.impl.XMLDocumentFragmentScannerImpl.scanStartElement(XMLDocumentFragmentScannerImpl.java:1315)
	at com.sun.org.apache.xerces.internal.impl.XMLDocumentFragmentScannerImpl$FragmentContentDriver.next(XMLDocumentFragmentScannerImpl.java:2784)
	at com.sun.org.apache.xerces.internal.impl.XMLDocumentScannerImpl.next(XMLDocumentScannerImpl.java:602)
	at com.sun.org.apache.xerces.internal.impl.XMLDocumentFragmentScannerImpl.scanDocument(XMLDocumentFragmentScannerImpl.java:505)
	at com.sun.org.apache.xerces.internal.parsers.XML11Configuration.parse(XML11Configuration.java:841)
	at com.sun.org.apache.xerces.internal.parsers.XML11Configuration.parse(XML11Configuration.java:770)
	at com.sun.org.apache.xerces.internal.parsers.XMLParser.parse(XMLParser.java:141)
	at com.sun.org.apache.xerces.internal.parsers.DOMParser.parse(DOMParser.java:243)
	at com.sun.org.apache.xerces.internal.jaxp.DocumentBuilderImpl.parse(DocumentBuilderImpl.java:339)
	at org.eclipse.debug.internal.core.LaunchManager.createInfoFromXML(LaunchManager.java:935)
	at org.eclipse.debug.internal.core.LaunchManager.getInfo(LaunchManager.java:1359)
	at org.eclipse.debug.internal.core.LaunchConfiguration.getInfo(LaunchConfiguration.java:490)
	at org.eclipse.debug.internal.core.LaunchConfiguration.getType(LaunchConfiguration.java:645)
	at org.eclipse.debug.internal.core.LaunchManager.isValid(LaunchManager.java:2091)
	at org.eclipse.debug.internal.core.LaunchManager.verifyConfigurations(LaunchManager.java:2462)
	at org.eclipse.debug.internal.core.LaunchManager.getAllLaunchConfigurations(LaunchManager.java:1140)
	at org.eclipse.debug.internal.core.LaunchManager.getLaunchConfigurations(LaunchManager.java:1444)
	at org.eclipse.debug.internal.core.LaunchManager.getLaunchConfigurations(LaunchManager.java:1439)
	at org.eclipse.launchbar.core.internal.LaunchBarManager.init(LaunchBarManager.java:130)
	at org.eclipse.launchbar.core.internal.LaunchBarManager$1.run(LaunchBarManager.java:96)
	at org.eclipse.core.internal.jobs.Worker.run(Worker.java:63)

!ENTRY org.eclipse.debug.core 4 125 2026-07-28 11:20:40.732
!MESSAGE 调试核心所记录的错误：
!STACK 1
org.eclipse.debug.core.DebugException: 读取启动配置文件 F:\code\vibe_project\rollerball\M33\libraries\components\mtb-device-support-pse8xxgp\make\make\scripts\interface_version_3\eclipse\CM33\flash\_normal\KitProg3\any\&&_PRJ_NAME&& Program (KitProg3_MiniProg4).launch 时发生了 org.xml.sax.SAXParseException; lineNumber: 3; columnNumber: 66; 在实体引用中, 实体名称必须紧跟在 '&' 后面。。
	at org.eclipse.debug.internal.core.LaunchManager.createDebugException(LaunchManager.java:886)
	at org.eclipse.debug.internal.core.LaunchManager.throwException(LaunchManager.java:2448)
	at org.eclipse.debug.internal.core.LaunchManager.getInfo(LaunchManager.java:1366)
	at org.eclipse.debug.internal.core.LaunchConfiguration.getInfo(LaunchConfiguration.java:490)
	at org.eclipse.debug.internal.core.LaunchConfiguration.getType(LaunchConfiguration.java:645)
	at org.eclipse.debug.internal.core.LaunchManager.isValid(LaunchManager.java:2091)
	at org.eclipse.debug.internal.core.LaunchManager.verifyConfigurations(LaunchManager.java:2462)
	at org.eclipse.debug.internal.core.LaunchManager.getAllLaunchConfigurations(LaunchManager.java:1140)
	at org.eclipse.debug.internal.core.LaunchManager.getLaunchConfigurations(LaunchManager.java:1444)
	at org.eclipse.debug.internal.core.LaunchManager.getLaunchConfigurations(LaunchManager.java:1439)
	at org.eclipse.launchbar.core.internal.LaunchBarManager.init(LaunchBarManager.java:130)
	at org.eclipse.launchbar.core.internal.LaunchBarManager$1.run(LaunchBarManager.java:96)
	at org.eclipse.core.internal.jobs.Worker.run(Worker.java:63)
Caused by: org.xml.sax.SAXParseException; lineNumber: 3; columnNumber: 66; 在实体引用中, 实体名称必须紧跟在 '&' 后面。
	at com.sun.org.apache.xerces.internal.util.ErrorHandlerWrapper.createSAXParseException(ErrorHandlerWrapper.java:203)
	at com.sun.org.apache.xerces.internal.util.ErrorHandlerWrapper.fatalError(ErrorHandlerWrapper.java:177)
	at com.sun.org.apache.xerces.internal.impl.XMLErrorReporter.reportError(XMLErrorReporter.java:400)
	at com.sun.org.apache.xerces.internal.impl.XMLErrorReporter.reportError(XMLErrorReporter.java:327)
	at com.sun.org.apache.xerces.internal.impl.XMLScanner.reportFatalError(XMLScanner.java:1472)
	at com.sun.org.apache.xerces.internal.impl.XMLScanner.scanAttributeValue(XMLScanner.java:908)
	at com.sun.org.apache.xerces.internal.impl.XMLDocumentFragmentScannerImpl.scanAttribute(XMLDocumentFragmentScannerImpl.java:1548)
	at com.sun.org.apache.xerces.internal.impl.XMLDocumentFragmentScannerImpl.scanStartElement(XMLDocumentFragmentScannerImpl.java:1315)
	at com.sun.org.apache.xerces.internal.impl.XMLDocumentFragmentScannerImpl$FragmentContentDriver.next(XMLDocumentFragmentScannerImpl.java:2784)
	at com.sun.org.apache.xerces.internal.impl.XMLDocumentScannerImpl.next(XMLDocumentScannerImpl.java:602)
	at com.sun.org.apache.xerces.internal.impl.XMLDocumentFragmentScannerImpl.scanDocument(XMLDocumentFragmentScannerImpl.java:505)
	at com.sun.org.apache.xerces.internal.parsers.XML11Configuration.parse(XML11Configuration.java:841)
	at com.sun.org.apache.xerces.internal.parsers.XML11Configuration.parse(XML11Configuration.java:770)
	at com.sun.org.apache.xerces.internal.parsers.XMLParser.parse(XMLParser.java:141)
	at com.sun.org.apache.xerces.internal.parsers.DOMParser.parse(DOMParser.java:243)
	at com.sun.org.apache.xerces.internal.jaxp.DocumentBuilderImpl.parse(DocumentBuilderImpl.java:339)
	at org.eclipse.debug.internal.core.LaunchManager.createInfoFromXML(LaunchManager.java:935)
	at org.eclipse.debug.internal.core.LaunchManager.getInfo(LaunchManager.java:1359)
	... 10 more
!SUBENTRY 1 org.eclipse.debug.core 4 5012 2026-07-28 11:20:40.732
!MESSAGE 读取启动配置文件 F:\code\vibe_project\rollerball\M33\libraries\components\mtb-device-support-pse8xxgp\make\make\scripts\interface_version_3\eclipse\CM33\flash\_normal\KitProg3\any\&&_PRJ_NAME&& Program (KitProg3_MiniProg4).launch 时发生了 org.xml.sax.SAXParseException; lineNumber: 3; columnNumber: 66; 在实体引用中, 实体名称必须紧跟在 '&' 后面。。
!STACK 0
org.xml.sax.SAXParseException; lineNumber: 3; columnNumber: 66; 在实体引用中, 实体名称必须紧跟在 '&' 后面。
	at com.sun.org.apache.xerces.internal.util.ErrorHandlerWrapper.createSAXParseException(ErrorHandlerWrapper.java:203)
	at com.sun.org.apache.xerces.internal.util.ErrorHandlerWrapper.fatalError(ErrorHandlerWrapper.java:177)
	at com.sun.org.apache.xerces.internal.impl.XMLErrorReporter.reportError(XMLErrorReporter.java:400)
	at com.sun.org.apache.xerces.internal.impl.XMLErrorReporter.reportError(XMLErrorReporter.java:327)
	at com.sun.org.apache.xerces.internal.impl.XMLScanner.reportFatalError(XMLScanner.java:1472)
	at com.sun.org.apache.xerces.internal.impl.XMLScanner.scanAttributeValue(XMLScanner.java:908)
	at com.sun.org.apache.xerces.internal.impl.XMLDocumentFragmentScannerImpl.scanAttribute(XMLDocumentFragmentScannerImpl.java:1548)
	at com.sun.org.apache.xerces.internal.impl.XMLDocumentFragmentScannerImpl.scanStartElement(XMLDocumentFragmentScannerImpl.java:1315)
	at com.sun.org.apache.xerces.internal.impl.XMLDocumentFragmentScannerImpl$FragmentContentDriver.next(XMLDocumentFragmentScannerImpl.java:2784)
	at com.sun.org.apache.xerces.internal.impl.XMLDocumentScannerImpl.next(XMLDocumentScannerImpl.java:602)
	at com.sun.org.apache.xerces.internal.impl.XMLDocumentFragmentScannerImpl.scanDocument(XMLDocumentFragmentScannerImpl.java:505)
	at com.sun.org.apache.xerces.internal.parsers.XML11Configuration.parse(XML11Configuration.java:841)
	at com.sun.org.apache.xerces.internal.parsers.XML11Configuration.parse(XML11Configuration.java:770)
	at com.sun.org.apache.xerces.internal.parsers.XMLParser.parse(XMLParser.java:141)
	at com.sun.org.apache.xerces.internal.parsers.DOMParser.parse(DOMParser.java:243)
	at com.sun.org.apache.xerces.internal.jaxp.DocumentBuilderImpl.parse(DocumentBuilderImpl.java:339)
	at org.eclipse.debug.internal.core.LaunchManager.createInfoFromXML(LaunchManager.java:935)
	at org.eclipse.debug.internal.core.LaunchManager.getInfo(LaunchManager.java:1359)
	at org.eclipse.debug.internal.core.LaunchConfiguration.getInfo(LaunchConfiguration.java:490)
	at org.eclipse.debug.internal.core.LaunchConfiguration.getType(LaunchConfiguration.java:645)
	at org.eclipse.debug.internal.core.LaunchManager.isValid(LaunchManager.java:2091)
	at org.eclipse.debug.internal.core.LaunchManager.verifyConfigurations(LaunchManager.java:2462)
	at org.eclipse.debug.internal.core.LaunchManager.getAllLaunchConfigurations(LaunchManager.java:1140)
	at org.eclipse.debug.internal.core.LaunchManager.getLaunchConfigurations(LaunchManager.java:1444)
	at org.eclipse.debug.internal.core.LaunchManager.getLaunchConfigurations(LaunchManager.java:1439)
	at org.eclipse.launchbar.core.internal.LaunchBarManager.init(LaunchBarManager.java:130)
	at org.eclipse.launchbar.core.internal.LaunchBarManager$1.run(LaunchBarManager.java:96)
	at org.eclipse.core.internal.jobs.Worker.run(Worker.java:63)

!ENTRY org.eclipse.debug.core 4 125 2026-07-28 11:20:40.737
!MESSAGE 调试核心所记录的错误：
!STACK 1
org.eclipse.debug.core.DebugException: 读取启动配置文件 F:\code\vibe_project\rollerball\M33\libraries\components\mtb-device-support-pse8xxgp\make\make\scripts\interface_version_3\eclipse\CM33\flash\_normal\KitProg3\combine_sign\Debug.launch 时发生了 org.xml.sax.SAXParseException; lineNumber: 3; columnNumber: 66; 在实体引用中, 实体名称必须紧跟在 '&' 后面。。
	at org.eclipse.debug.internal.core.LaunchManager.createDebugException(LaunchManager.java:886)
	at org.eclipse.debug.internal.core.LaunchManager.throwException(LaunchManager.java:2448)
	at org.eclipse.debug.internal.core.LaunchManager.getInfo(LaunchManager.java:1366)
	at org.eclipse.debug.internal.core.LaunchConfiguration.getInfo(LaunchConfiguration.java:490)
	at org.eclipse.debug.internal.core.LaunchConfiguration.getType(LaunchConfiguration.java:645)
	at org.eclipse.debug.internal.core.LaunchManager.isValid(LaunchManager.java:2091)
	at org.eclipse.debug.internal.core.LaunchManager.verifyConfigurations(LaunchManager.java:2462)
	at org.eclipse.debug.internal.core.LaunchManager.getAllLaunchConfigurations(LaunchManager.java:1140)
	at org.eclipse.debug.internal.core.LaunchManager.getLaunchConfigurations(LaunchManager.java:1444)
	at org.eclipse.debug.internal.core.LaunchManager.getLaunchConfigurations(LaunchManager.java:1439)
	at org.eclipse.launchbar.core.internal.LaunchBarManager.init(LaunchBarManager.java:130)
	at org.eclipse.launchbar.core.internal.LaunchBarManager$1.run(LaunchBarManager.java:96)
	at org.eclipse.core.internal.jobs.Worker.run(Worker.java:63)
Caused by: org.xml.sax.SAXParseException; lineNumber: 3; columnNumber: 66; 在实体引用中, 实体名称必须紧跟在 '&' 后面。
	at com.sun.org.apache.xerces.internal.util.ErrorHandlerWrapper.createSAXParseException(ErrorHandlerWrapper.java:203)
	at com.sun.org.apache.xerces.internal.util.ErrorHandlerWrapper.fatalError(ErrorHandlerWrapper.java:177)
	at com.sun.org.apache.xerces.internal.impl.XMLErrorReporter.reportError(XMLErrorReporter.java:400)
	at com.sun.org.apache.xerces.internal.impl.XMLErrorReporter.reportError(XMLErrorReporter.java:327)
	at com.sun.org.apache.xerces.internal.impl.XMLScanner.reportFatalError(XMLScanner.java:1472)
	at com.sun.org.apache.xerces.internal.impl.XMLScanner.scanAttributeValue(XMLScanner.java:908)
	at com.sun.org.apache.xerces.internal.impl.XMLDocumentFragmentScannerImpl.scanAttribute(XMLDocumentFragmentScannerImpl.java:1548)
	at com.sun.org.apache.xerces.internal.impl.XMLDocumentFragmentScannerImpl.scanStartElement(XMLDocumentFragmentScannerImpl.java:1315)
	at com.sun.org.apache.xerces.internal.impl.XMLDocumentFragmentScannerImpl$FragmentContentDriver.next(XMLDocumentFragmentScannerImpl.java:2784)
	at com.sun.org.apache.xerces.internal.impl.XMLDocumentScannerImpl.next(XMLDocumentScannerImpl.java:602)
	at com.sun.org.apache.xerces.internal.impl.XMLDocumentFragmentScannerImpl.scanDocument(XMLDocumentFragmentScannerImpl.java:505)
	at com.sun.org.apache.xerces.internal.parsers.XML11Configuration.parse(XML11Configuration.java:841)
	at com.sun.org.apache.xerces.internal.parsers.XML11Configuration.parse(XML11Configuration.java:770)
	at com.sun.org.apache.xerces.internal.parsers.XMLParser.parse(XMLParser.java:141)
	at com.sun.org.apache.xerces.internal.parsers.DOMParser.parse(DOMParser.java:243)
	at com.sun.org.apache.xerces.internal.jaxp.DocumentBuilderImpl.parse(DocumentBuilderImpl.java:339)
	at org.eclipse.debug.internal.core.LaunchManager.createInfoFromXML(LaunchManager.java:935)
	at org.eclipse.debug.internal.core.LaunchManager.getInfo(LaunchManager.java:1359)
	... 10 more
!SUBENTRY 1 org.eclipse.debug.core 4 5012 2026-07-28 11:20:40.737
!MESSAGE 读取启动配置文件 F:\code\vibe_project\rollerball\M33\libraries\components\mtb-device-support-pse8xxgp\make\make\scripts\interface_version_3\eclipse\CM33\flash\_normal\KitProg3\combine_sign\Debug.launch 时发生了 org.xml.sax.SAXParseException; lineNumber: 3; columnNumber: 66; 在实体引用中, 实体名称必须紧跟在 '&' 后面。。
!STACK 0
org.xml.sax.SAXParseException; lineNumber: 3; columnNumber: 66; 在实体引用中, 实体名称必须紧跟在 '&' 后面。
	at com.sun.org.apache.xerces.internal.util.ErrorHandlerWrapper.createSAXParseException(ErrorHandlerWrapper.java:203)
	at com.sun.org.apache.xerces.internal.util.ErrorHandlerWrapper.fatalError(ErrorHandlerWrapper.java:177)
	at com.sun.org.apache.xerces.internal.impl.XMLErrorReporter.reportError(XMLErrorReporter.java:400)
	at com.sun.org.apache.xerces.internal.impl.XMLErrorReporter.reportError(XMLErrorReporter.java:327)
	at com.sun.org.apache.xerces.internal.impl.XMLScanner.reportFatalError(XMLScanner.java:1472)
	at com.sun.org.apache.xerces.internal.impl.XMLScanner.scanAttributeValue(XMLScanner.java:908)
	at com.sun.org.apache.xerces.internal.impl.XMLDocumentFragmentScannerImpl.scanAttribute(XMLDocumentFragmentScannerImpl.java:1548)
	at com.sun.org.apache.xerces.internal.impl.XMLDocumentFragmentScannerImpl.scanStartElement(XMLDocumentFragmentScannerImpl.java:1315)
	at com.sun.org.apache.xerces.internal.impl.XMLDocumentFragmentScannerImpl$FragmentContentDriver.next(XMLDocumentFragmentScannerImpl.java:2784)
	at com.sun.org.apache.xerces.internal.impl.XMLDocumentScannerImpl.next(XMLDocumentScannerImpl.java:602)
	at com.sun.org.apache.xerces.internal.impl.XMLDocumentFragmentScannerImpl.scanDocument(XMLDocumentFragmentScannerImpl.java:505)
	at com.sun.org.apache.xerces.internal.parsers.XML11Configuration.parse(XML11Configuration.java:841)
	at com.sun.org.apache.xerces.internal.parsers.XML11Configuration.parse(XML11Configuration.java:770)
	at com.sun.org.apache.xerces.internal.parsers.XMLParser.parse(XMLParser.java:141)
	at com.sun.org.apache.xerces.internal.parsers.DOMParser.parse(DOMParser.java:243)
	at com.sun.org.apache.xerces.internal.jaxp.DocumentBuilderImpl.parse(DocumentBuilderImpl.java:339)
	at org.eclipse.debug.internal.core.LaunchManager.createInfoFromXML(LaunchManager.java:935)
	at org.eclipse.debug.internal.core.LaunchManager.getInfo(LaunchManager.java:1359)
	at org.eclipse.debug.internal.core.LaunchConfiguration.getInfo(LaunchConfiguration.java:490)
	at org.eclipse.debug.internal.core.LaunchConfiguration.getType(LaunchConfiguration.java:645)
	at org.eclipse.debug.internal.core.LaunchManager.isValid(LaunchManager.java:2091)
	at org.eclipse.debug.internal.core.LaunchManager.verifyConfigurations(LaunchManager.java:2462)
	at org.eclipse.debug.internal.core.LaunchManager.getAllLaunchConfigurations(LaunchManager.java:1140)
	at org.eclipse.debug.internal.core.LaunchManager.getLaunchConfigurations(LaunchManager.java:1444)
	at org.eclipse.debug.internal.core.LaunchManager.getLaunchConfigurations(LaunchManager.java:1439)
	at org.eclipse.launchbar.core.internal.LaunchBarManager.init(LaunchBarManager.java:130)
	at org.eclipse.launchbar.core.internal.LaunchBarManager$1.run(LaunchBarManager.java:96)
	at org.eclipse.core.internal.jobs.Worker.run(Worker.java:63)

!ENTRY org.eclipse.debug.core 4 125 2026-07-28 11:20:40.741
!MESSAGE 调试核心所记录的错误：
!STACK 1
org.eclipse.debug.core.DebugException: 读取启动配置文件 F:\code\vibe_project\rollerball\M33\libraries\components\mtb-device-support-pse8xxgp\make\make\scripts\interface_version_3\eclipse\CM33\flash\_normal\KitProg3\multi\&&_PRJ_NAME&& Debug Multicore (KitProg3_MiniProg4).launch 时发生了 org.xml.sax.SAXParseException; lineNumber: 3; columnNumber: 66; 在实体引用中, 实体名称必须紧跟在 '&' 后面。。
	at org.eclipse.debug.internal.core.LaunchManager.createDebugException(LaunchManager.java:886)
	at org.eclipse.debug.internal.core.LaunchManager.throwException(LaunchManager.java:2448)
	at org.eclipse.debug.internal.core.LaunchManager.getInfo(LaunchManager.java:1366)
	at org.eclipse.debug.internal.core.LaunchConfiguration.getInfo(LaunchConfiguration.java:490)
	at org.eclipse.debug.internal.core.LaunchConfiguration.getType(LaunchConfiguration.java:645)
	at org.eclipse.debug.internal.core.LaunchManager.isValid(LaunchManager.java:2091)
	at org.eclipse.debug.internal.core.LaunchManager.verifyConfigurations(LaunchManager.java:2462)
	at org.eclipse.debug.internal.core.LaunchManager.getAllLaunchConfigurations(LaunchManager.java:1140)
	at org.eclipse.debug.internal.core.LaunchManager.getLaunchConfigurations(LaunchManager.java:1444)
	at org.eclipse.debug.internal.core.LaunchManager.getLaunchConfigurations(LaunchManager.java:1439)
	at org.eclipse.launchbar.core.internal.LaunchBarManager.init(LaunchBarManager.java:130)
	at org.eclipse.launchbar.core.internal.LaunchBarManager$1.run(LaunchBarManager.java:96)
	at org.eclipse.core.internal.jobs.Worker.run(Worker.java:63)
Caused by: org.xml.sax.SAXParseException; lineNumber: 3; columnNumber: 66; 在实体引用中, 实体名称必须紧跟在 '&' 后面。
	at com.sun.org.apache.xerces.internal.util.ErrorHandlerWrapper.createSAXParseException(ErrorHandlerWrapper.java:203)
	at com.sun.org.apache.xerces.internal.util.ErrorHandlerWrapper.fatalError(ErrorHandlerWrapper.java:177)
	at com.sun.org.apache.xerces.internal.impl.XMLErrorReporter.reportError(XMLErrorReporter.java:400)
	at com.sun.org.apache.xerces.internal.impl.XMLErrorReporter.reportError(XMLErrorReporter.java:327)
	at com.sun.org.apache.xerces.internal.impl.XMLScanner.reportFatalError(XMLScanner.java:1472)
	at com.sun.org.apache.xerces.internal.impl.XMLScanner.scanAttributeValue(XMLScanner.java:908)
	at com.sun.org.apache.xerces.internal.impl.XMLDocumentFragmentScannerImpl.scanAttribute(XMLDocumentFragmentScannerImpl.java:1548)
	at com.sun.org.apache.xerces.internal.impl.XMLDocumentFragmentScannerImpl.scanStartElement(XMLDocumentFragmentScannerImpl.java:1315)
	at com.sun.org.apache.xerces.internal.impl.XMLDocumentFragmentScannerImpl$FragmentContentDriver.next(XMLDocumentFragmentScannerImpl.java:2784)
	at com.sun.org.apache.xerces.internal.impl.XMLDocumentScannerImpl.next(XMLDocumentScannerImpl.java:602)
	at com.sun.org.apache.xerces.internal.impl.XMLDocumentFragmentScannerImpl.scanDocument(XMLDocumentFragmentScannerImpl.java:505)
	at com.sun.org.apache.xerces.internal.parsers.XML11Configuration.parse(XML11Configuration.java:841)
	at com.sun.org.apache.xerces.internal.parsers.XML11Configuration.parse(XML11Configuration.java:770)
	at com.sun.org.apache.xerces.internal.parsers.XMLParser.parse(XMLParser.java:141)
	at com.sun.org.apache.xerces.internal.parsers.DOMParser.parse(DOMParser.java:243)
	at com.sun.org.apache.xerces.internal.jaxp.DocumentBuilderImpl.parse(DocumentBuilderImpl.java:339)
	at org.eclipse.debug.internal.core.LaunchManager.createInfoFromXML(LaunchManager.java:935)
	at org.eclipse.debug.internal.core.LaunchManager.getInfo(LaunchManager.java:1359)
	... 10 more
!SUBENTRY 1 org.eclipse.debug.core 4 5012 2026-07-28 11:20:40.741
!MESSAGE 读取启动配置文件 F:\code\vibe_project\rollerball\M33\libraries\components\mtb-device-support-pse8xxgp\make\make\scripts\interface_version_3\eclipse\CM33\flash\_normal\KitProg3\multi\&&_PRJ_NAME&& Debug Multicore (KitProg3_MiniProg4).launch 时发生了 org.xml.sax.SAXParseException; lineNumber: 3; columnNumber: 66; 在实体引用中, 实体名称必须紧跟在 '&' 后面。。
!STACK 0
org.xml.sax.SAXParseException; lineNumber: 3; columnNumber: 66; 在实体引用中, 实体名称必须紧跟在 '&' 后面。
	at com.sun.org.apache.xerces.internal.util.ErrorHandlerWrapper.createSAXParseException(ErrorHandlerWrapper.java:203)
	at com.sun.org.apache.xerces.internal.util.ErrorHandlerWrapper.fatalError(ErrorHandlerWrapper.java:177)
	at com.sun.org.apache.xerces.internal.impl.XMLErrorReporter.reportError(XMLErrorReporter.java:400)
	at com.sun.org.apache.xerces.internal.impl.XMLErrorReporter.reportError(XMLErrorReporter.java:327)
	at com.sun.org.apache.xerces.internal.impl.XMLScanner.reportFatalError(XMLScanner.java:1472)
	at com.sun.org.apache.xerces.internal.impl.XMLScanner.scanAttributeValue(XMLScanner.java:908)
	at com.sun.org.apache.xerces.internal.impl.XMLDocumentFragmentScannerImpl.scanAttribute(XMLDocumentFragmentScannerImpl.java:1548)
	at com.sun.org.apache.xerces.internal.impl.XMLDocumentFragmentScannerImpl.scanStartElement(XMLDocumentFragmentScannerImpl.java:1315)
	at com.sun.org.apache.xerces.internal.impl.XMLDocumentFragmentScannerImpl$FragmentContentDriver.next(XMLDocumentFragmentScannerImpl.java:2784)
	at com.sun.org.apache.xerces.internal.impl.XMLDocumentScannerImpl.next(XMLDocumentScannerImpl.java:602)
	at com.sun.org.apache.xerces.internal.impl.XMLDocumentFragmentScannerImpl.scanDocument(XMLDocumentFragmentScannerImpl.java:505)
	at com.sun.org.apache.xerces.internal.parsers.XML11Configuration.parse(XML11Configuration.java:841)
	at com.sun.org.apache.xerces.internal.parsers.XML11Configuration.parse(XML11Configuration.java:770)
	at com.sun.org.apache.xerces.internal.parsers.XMLParser.parse(XMLParser.java:141)
	at com.sun.org.apache.xerces.internal.parsers.DOMParser.parse(DOMParser.java:243)
	at com.sun.org.apache.xerces.internal.jaxp.DocumentBuilderImpl.parse(DocumentBuilderImpl.java:339)
	at org.eclipse.debug.internal.core.LaunchManager.createInfoFromXML(LaunchManager.java:935)
	at org.eclipse.debug.internal.core.LaunchManager.getInfo(LaunchManager.java:1359)
	at org.eclipse.debug.internal.core.LaunchConfiguration.getInfo(LaunchConfiguration.java:490)
	at org.eclipse.debug.internal.core.LaunchConfiguration.getType(LaunchConfiguration.java:645)
	at org.eclipse.debug.internal.core.LaunchManager.isValid(LaunchManager.java:2091)
	at org.eclipse.debug.internal.core.LaunchManager.verifyConfigurations(LaunchManager.java:2462)
	at org.eclipse.debug.internal.core.LaunchManager.getAllLaunchConfigurations(LaunchManager.java:1140)
	at org.eclipse.debug.internal.core.LaunchManager.getLaunchConfigurations(LaunchManager.java:1444)
	at org.eclipse.debug.internal.core.LaunchManager.getLaunchConfigurations(LaunchManager.java:1439)
	at org.eclipse.launchbar.core.internal.LaunchBarManager.init(LaunchBarManager.java:130)
	at org.eclipse.launchbar.core.internal.LaunchBarManager$1.run(LaunchBarManager.java:96)
	at org.eclipse.core.internal.jobs.Worker.run(Worker.java:63)

!ENTRY org.eclipse.debug.core 4 125 2026-07-28 11:20:40.742
!MESSAGE 调试核心所记录的错误：
!STACK 1
org.eclipse.debug.core.DebugException: 读取启动配置文件 F:\code\vibe_project\rollerball\M33\libraries\components\mtb-device-support-pse8xxgp\make\make\scripts\interface_version_3\eclipse\CM33\flash\_normal\KitProg3\single\&&_PRJ_NAME&& Erase All (KitProg3_MiniProg4).launch 时发生了 org.xml.sax.SAXParseException; lineNumber: 3; columnNumber: 66; 在实体引用中, 实体名称必须紧跟在 '&' 后面。。
	at org.eclipse.debug.internal.core.LaunchManager.createDebugException(LaunchManager.java:886)
	at org.eclipse.debug.internal.core.LaunchManager.throwException(LaunchManager.java:2448)
	at org.eclipse.debug.internal.core.LaunchManager.getInfo(LaunchManager.java:1366)
	at org.eclipse.debug.internal.core.LaunchConfiguration.getInfo(LaunchConfiguration.java:490)
	at org.eclipse.debug.internal.core.LaunchConfiguration.getType(LaunchConfiguration.java:645)
	at org.eclipse.debug.internal.core.LaunchManager.isValid(LaunchManager.java:2091)
	at org.eclipse.debug.internal.core.LaunchManager.verifyConfigurations(LaunchManager.java:2462)
	at org.eclipse.debug.internal.core.LaunchManager.getAllLaunchConfigurations(LaunchManager.java:1140)
	at org.eclipse.debug.internal.core.LaunchManager.getLaunchConfigurations(LaunchManager.java:1444)
	at org.eclipse.debug.internal.core.LaunchManager.getLaunchConfigurations(LaunchManager.java:1439)
	at org.eclipse.launchbar.core.internal.LaunchBarManager.init(LaunchBarManager.java:130)
	at org.eclipse.launchbar.core.internal.LaunchBarManager$1.run(LaunchBarManager.java:96)
	at org.eclipse.core.internal.jobs.Worker.run(Worker.java:63)
Caused by: org.xml.sax.SAXParseException; lineNumber: 3; columnNumber: 66; 在实体引用中, 实体名称必须紧跟在 '&' 后面。
	at com.sun.org.apache.xerces.internal.util.ErrorHandlerWrapper.createSAXParseException(ErrorHandlerWrapper.java:203)
	at com.sun.org.apache.xerces.internal.util.ErrorHandlerWrapper.fatalError(ErrorHandlerWrapper.java:177)
	at com.sun.org.apache.xerces.internal.impl.XMLErrorReporter.reportError(XMLErrorReporter.java:400)
	at com.sun.org.apache.xerces.internal.impl.XMLErrorReporter.reportError(XMLErrorReporter.java:327)
	at com.sun.org.apache.xerces.internal.impl.XMLScanner.reportFatalError(XMLScanner.java:1472)
	at com.sun.org.apache.xerces.internal.impl.XMLScanner.scanAttributeValue(XMLScanner.java:908)
	at com.sun.org.apache.xerces.internal.impl.XMLDocumentFragmentScannerImpl.scanAttribute(XMLDocumentFragmentScannerImpl.java:1548)
	at com.sun.org.apache.xerces.internal.impl.XMLDocumentFragmentScannerImpl.scanStartElement(XMLDocumentFragmentScannerImpl.java:1315)
	at com.sun.org.apache.xerces.internal.impl.XMLDocumentFragmentScannerImpl$FragmentContentDriver.next(XMLDocumentFragmentScannerImpl.java:2784)
	at com.sun.org.apache.xerces.internal.impl.XMLDocumentScannerImpl.next(XMLDocumentScannerImpl.java:602)
	at com.sun.org.apache.xerces.internal.impl.XMLDocumentFragmentScannerImpl.scanDocument(XMLDocumentFragmentScannerImpl.java:505)
	at com.sun.org.apache.xerces.internal.parsers.XML11Configuration.parse(XML11Configuration.java:841)
	at com.sun.org.apache.xerces.internal.parsers.XML11Configuration.parse(XML11Configuration.java:770)
	at com.sun.org.apache.xerces.internal.parsers.XMLParser.parse(XMLParser.java:141)
	at com.sun.org.apache.xerces.internal.parsers.DOMParser.parse(DOMParser.java:243)
	at com.sun.org.apache.xerces.internal.jaxp.DocumentBuilderImpl.parse(DocumentBuilderImpl.java:339)
	at org.eclipse.debug.internal.core.LaunchManager.createInfoFromXML(LaunchManager.java:935)
	at org.eclipse.debug.internal.core.LaunchManager.getInfo(LaunchManager.java:1359)
	... 10 more
!SUBENTRY 1 org.eclipse.debug.core 4 5012 2026-07-28 11:20:40.742
!MESSAGE 读取启动配置文件 F:\code\vibe_project\rollerball\M33\libraries\components\mtb-device-support-pse8xxgp\make\make\scripts\interface_version_3\eclipse\CM33\flash\_normal\KitProg3\single\&&_PRJ_NAME&& Erase All (KitProg3_MiniProg4).launch 时发生了 org.xml.sax.SAXParseException; lineNumber: 3; columnNumber: 66; 在实体引用中, 实体名称必须紧跟在 '&' 后面。。
!STACK 0
org.xml.sax.SAXParseException; lineNumber: 3; columnNumber: 66; 在实体引用中, 实体名称必须紧跟在 '&' 后面。
	at com.sun.org.apache.xerces.internal.util.ErrorHandlerWrapper.createSAXParseException(ErrorHandlerWrapper.java:203)
	at com.sun.org.apache.xerces.internal.util.ErrorHandlerWrapper.fatalError(ErrorHandlerWrapper.java:177)
	at com.sun.org.apache.xerces.internal.impl.XMLErrorReporter.reportError(XMLErrorReporter.java:400)
	at com.sun.org.apache.xerces.internal.impl.XMLErrorReporter.reportError(XMLErrorReporter.java:327)
	at com.sun.org.apache.xerces.internal.impl.XMLScanner.reportFatalError(XMLScanner.java:1472)
	at com.sun.org.apache.xerces.internal.impl.XMLScanner.scanAttributeValue(XMLScanner.java:908)
	at com.sun.org.apache.xerces.internal.impl.XMLDocumentFragmentScannerImpl.scanAttribute(XMLDocumentFragmentScannerImpl.java:1548)
	at com.sun.org.apache.xerces.internal.impl.XMLDocumentFragmentScannerImpl.scanStartElement(XMLDocumentFragmentScannerImpl.java:1315)
	at com.sun.org.apache.xerces.internal.impl.XMLDocumentFragmentScannerImpl$FragmentContentDriver.next(XMLDocumentFragmentScannerImpl.java:2784)
	at com.sun.org.apache.xerces.internal.impl.XMLDocumentScannerImpl.next(XMLDocumentScannerImpl.java:602)
	at com.sun.org.apache.xerces.internal.impl.XMLDocumentFragmentScannerImpl.scanDocument(XMLDocumentFragmentScannerImpl.java:505)
	at com.sun.org.apache.xerces.internal.parsers.XML11Configuration.parse(XML11Configuration.java:841)
	at com.sun.org.apache.xerces.internal.parsers.XML11Configuration.parse(XML11Configuration.java:770)
	at com.sun.org.apache.xerces.internal.parsers.XMLParser.parse(XMLParser.java:141)
	at com.sun.org.apache.xerces.internal.parsers.DOMParser.parse(DOMParser.java:243)
	at com.sun.org.apache.xerces.internal.jaxp.DocumentBuilderImpl.parse(DocumentBuilderImpl.java:339)
	at org.eclipse.debug.internal.core.LaunchManager.createInfoFromXML(LaunchManager.java:935)
	at org.eclipse.debug.internal.core.LaunchManager.getInfo(LaunchManager.java:1359)
	at org.eclipse.debug.internal.core.LaunchConfiguration.getInfo(LaunchConfiguration.java:490)
	at org.eclipse.debug.internal.core.LaunchConfiguration.getType(LaunchConfiguration.java:645)
	at org.eclipse.debug.internal.core.LaunchManager.isValid(LaunchManager.java:2091)
	at org.eclipse.debug.internal.core.LaunchManager.verifyConfigurations(LaunchManager.java:2462)
	at org.eclipse.debug.internal.core.LaunchManager.getAllLaunchConfigurations(LaunchManager.java:1140)
	at org.eclipse.debug.internal.core.LaunchManager.getLaunchConfigurations(LaunchManager.java:1444)
	at org.eclipse.debug.internal.core.LaunchManager.getLaunchConfigurations(LaunchManager.java:1439)
	at org.eclipse.launchbar.core.internal.LaunchBarManager.init(LaunchBarManager.java:130)
	at org.eclipse.launchbar.core.internal.LaunchBarManager$1.run(LaunchBarManager.java:96)
	at org.eclipse.core.internal.jobs.Worker.run(Worker.java:63)

!ENTRY org.eclipse.debug.core 4 125 2026-07-28 11:20:40.745
!MESSAGE 调试核心所记录的错误：
!STACK 1
org.eclipse.debug.core.DebugException: 读取启动配置文件 F:\code\vibe_project\rollerball\M33\libraries\components\mtb-device-support-pse8xxgp\make\make\scripts\interface_version_3\eclipse\CM33\flash\_normal\KitProg3\single\&&_PRJ_NAME&& Erase Device (KitProg3_MiniProg4).launch 时发生了 org.xml.sax.SAXParseException; lineNumber: 3; columnNumber: 66; 在实体引用中, 实体名称必须紧跟在 '&' 后面。。
	at org.eclipse.debug.internal.core.LaunchManager.createDebugException(LaunchManager.java:886)
	at org.eclipse.debug.internal.core.LaunchManager.throwException(LaunchManager.java:2448)
	at org.eclipse.debug.internal.core.LaunchManager.getInfo(LaunchManager.java:1366)
	at org.eclipse.debug.internal.core.LaunchConfiguration.getInfo(LaunchConfiguration.java:490)
	at org.eclipse.debug.internal.core.LaunchConfiguration.getType(LaunchConfiguration.java:645)
	at org.eclipse.debug.internal.core.LaunchManager.isValid(LaunchManager.java:2091)
	at org.eclipse.debug.internal.core.LaunchManager.verifyConfigurations(LaunchManager.java:2462)
	at org.eclipse.debug.internal.core.LaunchManager.getAllLaunchConfigurations(LaunchManager.java:1140)
	at org.eclipse.debug.internal.core.LaunchManager.getLaunchConfigurations(LaunchManager.java:1444)
	at org.eclipse.debug.internal.core.LaunchManager.getLaunchConfigurations(LaunchManager.java:1439)
	at org.eclipse.launchbar.core.internal.LaunchBarManager.init(LaunchBarManager.java:130)
	at org.eclipse.launchbar.core.internal.LaunchBarManager$1.run(LaunchBarManager.java:96)
	at org.eclipse.core.internal.jobs.Worker.run(Worker.java:63)
Caused by: org.xml.sax.SAXParseException; lineNumber: 3; columnNumber: 66; 在实体引用中, 实体名称必须紧跟在 '&' 后面。
	at com.sun.org.apache.xerces.internal.util.ErrorHandlerWrapper.createSAXParseException(ErrorHandlerWrapper.java:203)
	at com.sun.org.apache.xerces.internal.util.ErrorHandlerWrapper.fatalError(ErrorHandlerWrapper.java:177)
	at com.sun.org.apache.xerces.internal.impl.XMLErrorReporter.reportError(XMLErrorReporter.java:400)
	at com.sun.org.apache.xerces.internal.impl.XMLErrorReporter.reportError(XMLErrorReporter.java:327)
	at com.sun.org.apache.xerces.internal.impl.XMLScanner.reportFatalError(XMLScanner.java:1472)
	at com.sun.org.apache.xerces.internal.impl.XMLScanner.scanAttributeValue(XMLScanner.java:908)
	at com.sun.org.apache.xerces.internal.impl.XMLDocumentFragmentScannerImpl.scanAttribute(XMLDocumentFragmentScannerImpl.java:1548)
	at com.sun.org.apache.xerces.internal.impl.XMLDocumentFragmentScannerImpl.scanStartElement(XMLDocumentFragmentScannerImpl.java:1315)
	at com.sun.org.apache.xerces.internal.impl.XMLDocumentFragmentScannerImpl$FragmentContentDriver.next(XMLDocumentFragmentScannerImpl.java:2784)
	at com.sun.org.apache.xerces.internal.impl.XMLDocumentScannerImpl.next(XMLDocumentScannerImpl.java:602)
	at com.sun.org.apache.xerces.internal.impl.XMLDocumentFragmentScannerImpl.scanDocument(XMLDocumentFragmentScannerImpl.java:505)
	at com.sun.org.apache.xerces.internal.parsers.XML11Configuration.parse(XML11Configuration.java:841)
	at com.sun.org.apache.xerces.internal.parsers.XML11Configuration.parse(XML11Configuration.java:770)
	at com.sun.org.apache.xerces.internal.parsers.XMLParser.parse(XMLParser.java:141)
	at com.sun.org.apache.xerces.internal.parsers.DOMParser.parse(DOMParser.java:243)
	at com.sun.org.apache.xerces.internal.jaxp.DocumentBuilderImpl.parse(DocumentBuilderImpl.java:339)
	at org.eclipse.debug.internal.core.LaunchManager.createInfoFromXML(LaunchManager.java:935)
	at org.eclipse.debug.internal.core.LaunchManager.getInfo(LaunchManager.java:1359)
	... 10 more
!SUBENTRY 1 org.eclipse.debug.core 4 5012 2026-07-28 11:20:40.745
!MESSAGE 读取启动配置文件 F:\code\vibe_project\rollerball\M33\libraries\components\mtb-device-support-pse8xxgp\make\make\scripts\interface_version_3\eclipse\CM33\flash\_normal\KitProg3\single\&&_PRJ_NAME&& Erase Device (KitProg3_MiniProg4).launch 时发生了 org.xml.sax.SAXParseException; lineNumber: 3; columnNumber: 66; 在实体引用中, 实体名称必须紧跟在 '&' 后面。。
!STACK 0
org.xml.sax.SAXParseException; lineNumber: 3; columnNumber: 66; 在实体引用中, 实体名称必须紧跟在 '&' 后面。
	at com.sun.org.apache.xerces.internal.util.ErrorHandlerWrapper.createSAXParseException(ErrorHandlerWrapper.java:203)
	at com.sun.org.apache.xerces.internal.util.ErrorHandlerWrapper.fatalError(ErrorHandlerWrapper.java:177)
	at com.sun.org.apache.xerces.internal.impl.XMLErrorReporter.reportError(XMLErrorReporter.java:400)
	at com.sun.org.apache.xerces.internal.impl.XMLErrorReporter.reportError(XMLErrorReporter.java:327)
	at com.sun.org.apache.xerces.internal.impl.XMLScanner.reportFatalError(XMLScanner.java:1472)
	at com.sun.org.apache.xerces.internal.impl.XMLScanner.scanAttributeValue(XMLScanner.java:908)
	at com.sun.org.apache.xerces.internal.impl.XMLDocumentFragmentScannerImpl.scanAttribute(XMLDocumentFragmentScannerImpl.java:1548)
	at com.sun.org.apache.xerces.internal.impl.XMLDocumentFragmentScannerImpl.scanStartElement(XMLDocumentFragmentScannerImpl.java:1315)
	at com.sun.org.apache.xerces.internal.impl.XMLDocumentFragmentScannerImpl$FragmentContentDriver.next(XMLDocumentFragmentScannerImpl.java:2784)
	at com.sun.org.apache.xerces.internal.impl.XMLDocumentScannerImpl.next(XMLDocumentScannerImpl.java:602)
	at com.sun.org.apache.xerces.internal.impl.XMLDocumentFragmentScannerImpl.scanDocument(XMLDocumentFragmentScannerImpl.java:505)
	at com.sun.org.apache.xerces.internal.parsers.XML11Configuration.parse(XML11Configuration.java:841)
	at com.sun.org.apache.xerces.internal.parsers.XML11Configuration.parse(XML11Configuration.java:770)
	at com.sun.org.apache.xerces.internal.parsers.XMLParser.parse(XMLParser.java:141)
	at com.sun.org.apache.xerces.internal.parsers.DOMParser.parse(DOMParser.java:243)
	at com.sun.org.apache.xerces.internal.jaxp.DocumentBuilderImpl.parse(DocumentBuilderImpl.java:339)
	at org.eclipse.debug.internal.core.LaunchManager.createInfoFromXML(LaunchManager.java:935)
	at org.eclipse.debug.internal.core.LaunchManager.getInfo(LaunchManager.java:1359)
	at org.eclipse.debug.internal.core.LaunchConfiguration.getInfo(LaunchConfiguration.java:490)
	at org.eclipse.debug.internal.core.LaunchConfiguration.getType(LaunchConfiguration.java:645)
	at org.eclipse.debug.internal.core.LaunchManager.isValid(LaunchManager.java:2091)
	at org.eclipse.debug.internal.core.LaunchManager.verifyConfigurations(LaunchManager.java:2462)
	at org.eclipse.debug.internal.core.LaunchManager.getAllLaunchConfigurations(LaunchManager.java:1140)
	at org.eclipse.debug.internal.core.LaunchManager.getLaunchConfigurations(LaunchManager.java:1444)
	at org.eclipse.debug.internal.core.LaunchManager.getLaunchConfigurations(LaunchManager.java:1439)
	at org.eclipse.launchbar.core.internal.LaunchBarManager.init(LaunchBarManager.java:130)
	at org.eclipse.launchbar.core.internal.LaunchBarManager$1.run(LaunchBarManager.java:96)
	at org.eclipse.core.internal.jobs.Worker.run(Worker.java:63)

!ENTRY org.eclipse.debug.core 4 125 2026-07-28 11:20:40.745
!MESSAGE 调试核心所记录的错误：
!STACK 1
org.eclipse.debug.core.DebugException: 读取启动配置文件 F:\code\vibe_project\rollerball\M33\libraries\components\mtb-device-support-pse8xxgp\make\make\scripts\interface_version_3\eclipse\CM33\flash\normal\JLink\any\&&_PRJ_NAME&& Attach (JLink).launch 时发生了 org.xml.sax.SAXParseException; lineNumber: 3; columnNumber: 66; 在实体引用中, 实体名称必须紧跟在 '&' 后面。。
	at org.eclipse.debug.internal.core.LaunchManager.createDebugException(LaunchManager.java:886)
	at org.eclipse.debug.internal.core.LaunchManager.throwException(LaunchManager.java:2448)
	at org.eclipse.debug.internal.core.LaunchManager.getInfo(LaunchManager.java:1366)
	at org.eclipse.debug.internal.core.LaunchConfiguration.getInfo(LaunchConfiguration.java:490)
	at org.eclipse.debug.internal.core.LaunchConfiguration.getType(LaunchConfiguration.java:645)
	at org.eclipse.debug.internal.core.LaunchManager.isValid(LaunchManager.java:2091)
	at org.eclipse.debug.internal.core.LaunchManager.verifyConfigurations(LaunchManager.java:2462)
	at org.eclipse.debug.internal.core.LaunchManager.getAllLaunchConfigurations(LaunchManager.java:1140)
	at org.eclipse.debug.internal.core.LaunchManager.getLaunchConfigurations(LaunchManager.java:1444)
	at org.eclipse.debug.internal.core.LaunchManager.getLaunchConfigurations(LaunchManager.java:1439)
	at org.eclipse.launchbar.core.internal.LaunchBarManager.init(LaunchBarManager.java:130)
	at org.eclipse.launchbar.core.internal.LaunchBarManager$1.run(LaunchBarManager.java:96)
	at org.eclipse.core.internal.jobs.Worker.run(Worker.java:63)
Caused by: org.xml.sax.SAXParseException; lineNumber: 3; columnNumber: 66; 在实体引用中, 实体名称必须紧跟在 '&' 后面。
	at com.sun.org.apache.xerces.internal.util.ErrorHandlerWrapper.createSAXParseException(ErrorHandlerWrapper.java:203)
	at com.sun.org.apache.xerces.internal.util.ErrorHandlerWrapper.fatalError(ErrorHandlerWrapper.java:177)
	at com.sun.org.apache.xerces.internal.impl.XMLErrorReporter.reportError(XMLErrorReporter.java:400)
	at com.sun.org.apache.xerces.internal.impl.XMLErrorReporter.reportError(XMLErrorReporter.java:327)
	at com.sun.org.apache.xerces.internal.impl.XMLScanner.reportFatalError(XMLScanner.java:1472)
	at com.sun.org.apache.xerces.internal.impl.XMLScanner.scanAttributeValue(XMLScanner.java:908)
	at com.sun.org.apache.xerces.internal.impl.XMLDocumentFragmentScannerImpl.scanAttribute(XMLDocumentFragmentScannerImpl.java:1548)
	at com.sun.org.apache.xerces.internal.impl.XMLDocumentFragmentScannerImpl.scanStartElement(XMLDocumentFragmentScannerImpl.java:1315)
	at com.sun.org.apache.xerces.internal.impl.XMLDocumentFragmentScannerImpl$FragmentContentDriver.next(XMLDocumentFragmentScannerImpl.java:2784)
	at com.sun.org.apache.xerces.internal.impl.XMLDocumentScannerImpl.next(XMLDocumentScannerImpl.java:602)
	at com.sun.org.apache.xerces.internal.impl.XMLDocumentFragmentScannerImpl.scanDocument(XMLDocumentFragmentScannerImpl.java:505)
	at com.sun.org.apache.xerces.internal.parsers.XML11Configuration.parse(XML11Configuration.java:841)
	at com.sun.org.apache.xerces.internal.parsers.XML11Configuration.parse(XML11Configuration.java:770)
	at com.sun.org.apache.xerces.internal.parsers.XMLParser.parse(XMLParser.java:141)
	at com.sun.org.apache.xerces.internal.parsers.DOMParser.parse(DOMParser.java:243)
	at com.sun.org.apache.xerces.internal.jaxp.DocumentBuilderImpl.parse(DocumentBuilderImpl.java:339)
	at org.eclipse.debug.internal.core.LaunchManager.createInfoFromXML(LaunchManager.java:935)
	at org.eclipse.debug.internal.core.LaunchManager.getInfo(LaunchManager.java:1359)
	... 10 more
!SUBENTRY 1 org.eclipse.debug.core 4 5012 2026-07-28 11:20:40.745
!MESSAGE 读取启动配置文件 F:\code\vibe_project\rollerball\M33\libraries\components\mtb-device-support-pse8xxgp\make\make\scripts\interface_version_3\eclipse\CM33\flash\normal\JLink\any\&&_PRJ_NAME&& Attach (JLink).launch 时发生了 org.xml.sax.SAXParseException; lineNumber: 3; columnNumber: 66; 在实体引用中, 实体名称必须紧跟在 '&' 后面。。
!STACK 0
org.xml.sax.SAXParseException; lineNumber: 3; columnNumber: 66; 在实体引用中, 实体名称必须紧跟在 '&' 后面。
	at com.sun.org.apache.xerces.internal.util.ErrorHandlerWrapper.createSAXParseException(ErrorHandlerWrapper.java:203)
	at com.sun.org.apache.xerces.internal.util.ErrorHandlerWrapper.fatalError(ErrorHandlerWrapper.java:177)
	at com.sun.org.apache.xerces.internal.impl.XMLErrorReporter.reportError(XMLErrorReporter.java:400)
	at com.sun.org.apache.xerces.internal.impl.XMLErrorReporter.reportError(XMLErrorReporter.java:327)
	at com.sun.org.apache.xerces.internal.impl.XMLScanner.reportFatalError(XMLScanner.java:1472)
	at com.sun.org.apache.xerces.internal.impl.XMLScanner.scanAttributeValue(XMLScanner.java:908)
	at com.sun.org.apache.xerces.internal.impl.XMLDocumentFragmentScannerImpl.scanAttribute(XMLDocumentFragmentScannerImpl.java:1548)
	at com.sun.org.apache.xerces.internal.impl.XMLDocumentFragmentScannerImpl.scanStartElement(XMLDocumentFragmentScannerImpl.java:1315)
	at com.sun.org.apache.xerces.internal.impl.XMLDocumentFragmentScannerImpl$FragmentContentDriver.next(XMLDocumentFragmentScannerImpl.java:2784)
	at com.sun.org.apache.xerces.internal.impl.XMLDocumentScannerImpl.next(XMLDocumentScannerImpl.java:602)
	at com.sun.org.apache.xerces.internal.impl.XMLDocumentFragmentScannerImpl.scanDocument(XMLDocumentFragmentScannerImpl.java:505)
	at com.sun.org.apache.xerces.internal.parsers.XML11Configuration.parse(XML11Configuration.java:841)
	at com.sun.org.apache.xerces.internal.parsers.XML11Configuration.parse(XML11Configuration.java:770)
	at com.sun.org.apache.xerces.internal.parsers.XMLParser.parse(XMLParser.java:141)
	at com.sun.org.apache.xerces.internal.parsers.DOMParser.parse(DOMParser.java:243)
	at com.sun.org.apache.xerces.internal.jaxp.DocumentBuilderImpl.parse(DocumentBuilderImpl.java:339)
	at org.eclipse.debug.internal.core.LaunchManager.createInfoFromXML(LaunchManager.java:935)
	at org.eclipse.debug.internal.core.LaunchManager.getInfo(LaunchManager.java:1359)
	at org.eclipse.debug.internal.core.LaunchConfiguration.getInfo(LaunchConfiguration.java:490)
	at org.eclipse.debug.internal.core.LaunchConfiguration.getType(LaunchConfiguration.java:645)
	at org.eclipse.debug.internal.core.LaunchManager.isValid(LaunchManager.java:2091)
	at org.eclipse.debug.internal.core.LaunchManager.verifyConfigurations(LaunchManager.java:2462)
	at org.eclipse.debug.internal.core.LaunchManager.getAllLaunchConfigurations(LaunchManager.java:1140)
	at org.eclipse.debug.internal.core.LaunchManager.getLaunchConfigurations(LaunchManager.java:1444)
	at org.eclipse.debug.internal.core.LaunchManager.getLaunchConfigurations(LaunchManager.java:1439)
	at org.eclipse.launchbar.core.internal.LaunchBarManager.init(LaunchBarManager.java:130)
	at org.eclipse.launchbar.core.internal.LaunchBarManager$1.run(LaunchBarManager.java:96)
	at org.eclipse.core.internal.jobs.Worker.run(Worker.java:63)

!ENTRY org.eclipse.debug.core 4 125 2026-07-28 11:20:40.750
!MESSAGE 调试核心所记录的错误：
!STACK 1
org.eclipse.debug.core.DebugException: 读取启动配置文件 F:\code\vibe_project\rollerball\M33\libraries\components\mtb-device-support-pse8xxgp\make\make\scripts\interface_version_3\eclipse\CM33\flash\normal\JLink\any\&&_PRJ_NAME&& Debug (JLink).launch 时发生了 org.xml.sax.SAXParseException; lineNumber: 3; columnNumber: 66; 在实体引用中, 实体名称必须紧跟在 '&' 后面。。
	at org.eclipse.debug.internal.core.LaunchManager.createDebugException(LaunchManager.java:886)
	at org.eclipse.debug.internal.core.LaunchManager.throwException(LaunchManager.java:2448)
	at org.eclipse.debug.internal.core.LaunchManager.getInfo(LaunchManager.java:1366)
	at org.eclipse.debug.internal.core.LaunchConfiguration.getInfo(LaunchConfiguration.java:490)
	at org.eclipse.debug.internal.core.LaunchConfiguration.getType(LaunchConfiguration.java:645)
	at org.eclipse.debug.internal.core.LaunchManager.isValid(LaunchManager.java:2091)
	at org.eclipse.debug.internal.core.LaunchManager.verifyConfigurations(LaunchManager.java:2462)
	at org.eclipse.debug.internal.core.LaunchManager.getAllLaunchConfigurations(LaunchManager.java:1140)
	at org.eclipse.debug.internal.core.LaunchManager.getLaunchConfigurations(LaunchManager.java:1444)
	at org.eclipse.debug.internal.core.LaunchManager.getLaunchConfigurations(LaunchManager.java:1439)
	at org.eclipse.launchbar.core.internal.LaunchBarManager.init(LaunchBarManager.java:130)
	at org.eclipse.launchbar.core.internal.LaunchBarManager$1.run(LaunchBarManager.java:96)
	at org.eclipse.core.internal.jobs.Worker.run(Worker.java:63)
Caused by: org.xml.sax.SAXParseException; lineNumber: 3; columnNumber: 66; 在实体引用中, 实体名称必须紧跟在 '&' 后面。
	at com.sun.org.apache.xerces.internal.util.ErrorHandlerWrapper.createSAXParseException(ErrorHandlerWrapper.java:203)
	at com.sun.org.apache.xerces.internal.util.ErrorHandlerWrapper.fatalError(ErrorHandlerWrapper.java:177)
	at com.sun.org.apache.xerces.internal.impl.XMLErrorReporter.reportError(XMLErrorReporter.java:400)
	at com.sun.org.apache.xerces.internal.impl.XMLErrorReporter.reportError(XMLErrorReporter.java:327)
	at com.sun.org.apache.xerces.internal.impl.XMLScanner.reportFatalError(XMLScanner.java:1472)
	at com.sun.org.apache.xerces.internal.impl.XMLScanner.scanAttributeValue(XMLScanner.java:908)
	at com.sun.org.apache.xerces.internal.impl.XMLDocumentFragmentScannerImpl.scanAttribute(XMLDocumentFragmentScannerImpl.java:1548)
	at com.sun.org.apache.xerces.internal.impl.XMLDocumentFragmentScannerImpl.scanStartElement(XMLDocumentFragmentScannerImpl.java:1315)
	at com.sun.org.apache.xerces.internal.impl.XMLDocumentFragmentScannerImpl$FragmentContentDriver.next(XMLDocumentFragmentScannerImpl.java:2784)
	at com.sun.org.apache.xerces.internal.impl.XMLDocumentScannerImpl.next(XMLDocumentScannerImpl.java:602)
	at com.sun.org.apache.xerces.internal.impl.XMLDocumentFragmentScannerImpl.scanDocument(XMLDocumentFragmentScannerImpl.java:505)
	at com.sun.org.apache.xerces.internal.parsers.XML11Configuration.parse(XML11Configuration.java:841)
	at com.sun.org.apache.xerces.internal.parsers.XML11Configuration.parse(XML11Configuration.java:770)
	at com.sun.org.apache.xerces.internal.parsers.XMLParser.parse(XMLParser.java:141)
	at com.sun.org.apache.xerces.internal.parsers.DOMParser.parse(DOMParser.java:243)
	at com.sun.org.apache.xerces.internal.jaxp.DocumentBuilderImpl.parse(DocumentBuilderImpl.java:339)
	at org.eclipse.debug.internal.core.LaunchManager.createInfoFromXML(LaunchManager.java:935)
	at org.eclipse.debug.internal.core.LaunchManager.getInfo(LaunchManager.java:1359)
	... 10 more
!SUBENTRY 1 org.eclipse.debug.core 4 5012 2026-07-28 11:20:40.750
!MESSAGE 读取启动配置文件 F:\code\vibe_project\rollerball\M33\libraries\components\mtb-device-support-pse8xxgp\make\make\scripts\interface_version_3\eclipse\CM33\flash\normal\JLink\any\&&_PRJ_NAME&& Debug (JLink).launch 时发生了 org.xml.sax.SAXParseException; lineNumber: 3; columnNumber: 66; 在实体引用中, 实体名称必须紧跟在 '&' 后面。。
!STACK 0
org.xml.sax.SAXParseException; lineNumber: 3; columnNumber: 66; 在实体引用中, 实体名称必须紧跟在 '&' 后面。
	at com.sun.org.apache.xerces.internal.util.ErrorHandlerWrapper.createSAXParseException(ErrorHandlerWrapper.java:203)
	at com.sun.org.apache.xerces.internal.util.ErrorHandlerWrapper.fatalError(ErrorHandlerWrapper.java:177)
	at com.sun.org.apache.xerces.internal.impl.XMLErrorReporter.reportError(XMLErrorReporter.java:400)
	at com.sun.org.apache.xerces.internal.impl.XMLErrorReporter.reportError(XMLErrorReporter.java:327)
	at com.sun.org.apache.xerces.internal.impl.XMLScanner.reportFatalError(XMLScanner.java:1472)
	at com.sun.org.apache.xerces.internal.impl.XMLScanner.scanAttributeValue(XMLScanner.java:908)
	at com.sun.org.apache.xerces.internal.impl.XMLDocumentFragmentScannerImpl.scanAttribute(XMLDocumentFragmentScannerImpl.java:1548)
	at com.sun.org.apache.xerces.internal.impl.XMLDocumentFragmentScannerImpl.scanStartElement(XMLDocumentFragmentScannerImpl.java:1315)
	at com.sun.org.apache.xerces.internal.impl.XMLDocumentFragmentScannerImpl$FragmentContentDriver.next(XMLDocumentFragmentScannerImpl.java:2784)
	at com.sun.org.apache.xerces.internal.impl.XMLDocumentScannerImpl.next(XMLDocumentScannerImpl.java:602)
	at com.sun.org.apache.xerces.internal.impl.XMLDocumentFragmentScannerImpl.scanDocument(XMLDocumentFragmentScannerImpl.java:505)
	at com.sun.org.apache.xerces.internal.parsers.XML11Configuration.parse(XML11Configuration.java:841)
	at com.sun.org.apache.xerces.internal.parsers.XML11Configuration.parse(XML11Configuration.java:770)
	at com.sun.org.apache.xerces.internal.parsers.XMLParser.parse(XMLParser.java:141)
	at com.sun.org.apache.xerces.internal.parsers.DOMParser.parse(DOMParser.java:243)
	at com.sun.org.apache.xerces.internal.jaxp.DocumentBuilderImpl.parse(DocumentBuilderImpl.java:339)
	at org.eclipse.debug.internal.core.LaunchManager.createInfoFromXML(LaunchManager.java:935)
	at org.eclipse.debug.internal.core.LaunchManager.getInfo(LaunchManager.java:1359)
	at org.eclipse.debug.internal.core.LaunchConfiguration.getInfo(LaunchConfiguration.java:490)
	at org.eclipse.debug.internal.core.LaunchConfiguration.getType(LaunchConfiguration.java:645)
	at org.eclipse.debug.internal.core.LaunchManager.isValid(LaunchManager.java:2091)
	at org.eclipse.debug.internal.core.LaunchManager.verifyConfigurations(LaunchManager.java:2462)
	at org.eclipse.debug.internal.core.LaunchManager.getAllLaunchConfigurations(LaunchManager.java:1140)
	at org.eclipse.debug.internal.core.LaunchManager.getLaunchConfigurations(LaunchManager.java:1444)
	at org.eclipse.debug.internal.core.LaunchManager.getLaunchConfigurations(LaunchManager.java:1439)
	at org.eclipse.launchbar.core.internal.LaunchBarManager.init(LaunchBarManager.java:130)
	at org.eclipse.launchbar.core.internal.LaunchBarManager$1.run(LaunchBarManager.java:96)
	at org.eclipse.core.internal.jobs.Worker.run(Worker.java:63)

!ENTRY org.eclipse.debug.core 4 125 2026-07-28 11:20:40.750
!MESSAGE 调试核心所记录的错误：
!STACK 1
org.eclipse.debug.core.DebugException: 读取启动配置文件 F:\code\vibe_project\rollerball\M33\libraries\components\mtb-device-support-pse8xxgp\make\make\scripts\interface_version_3\eclipse\CM33\flash\normal\JLink\combine_sign\Attach.launch 时发生了 org.xml.sax.SAXParseException; lineNumber: 3; columnNumber: 66; 在实体引用中, 实体名称必须紧跟在 '&' 后面。。
	at org.eclipse.debug.internal.core.LaunchManager.createDebugException(LaunchManager.java:886)
	at org.eclipse.debug.internal.core.LaunchManager.throwException(LaunchManager.java:2448)
	at org.eclipse.debug.internal.core.LaunchManager.getInfo(LaunchManager.java:1366)
	at org.eclipse.debug.internal.core.LaunchConfiguration.getInfo(LaunchConfiguration.java:490)
	at org.eclipse.debug.internal.core.LaunchConfiguration.getType(LaunchConfiguration.java:645)
	at org.eclipse.debug.internal.core.LaunchManager.isValid(LaunchManager.java:2091)
	at org.eclipse.debug.internal.core.LaunchManager.verifyConfigurations(LaunchManager.java:2462)
	at org.eclipse.debug.internal.core.LaunchManager.getAllLaunchConfigurations(LaunchManager.java:1140)
	at org.eclipse.debug.internal.core.LaunchManager.getLaunchConfigurations(LaunchManager.java:1444)
	at org.eclipse.debug.internal.core.LaunchManager.getLaunchConfigurations(LaunchManager.java:1439)
	at org.eclipse.launchbar.core.internal.LaunchBarManager.init(LaunchBarManager.java:130)
	at org.eclipse.launchbar.core.internal.LaunchBarManager$1.run(LaunchBarManager.java:96)
	at org.eclipse.core.internal.jobs.Worker.run(Worker.java:63)
Caused by: org.xml.sax.SAXParseException; lineNumber: 3; columnNumber: 66; 在实体引用中, 实体名称必须紧跟在 '&' 后面。
	at com.sun.org.apache.xerces.internal.util.ErrorHandlerWrapper.createSAXParseException(ErrorHandlerWrapper.java:203)
	at com.sun.org.apache.xerces.internal.util.ErrorHandlerWrapper.fatalError(ErrorHandlerWrapper.java:177)
	at com.sun.org.apache.xerces.internal.impl.XMLErrorReporter.reportError(XMLErrorReporter.java:400)
	at com.sun.org.apache.xerces.internal.impl.XMLErrorReporter.reportError(XMLErrorReporter.java:327)
	at com.sun.org.apache.xerces.internal.impl.XMLScanner.reportFatalError(XMLScanner.java:1472)
	at com.sun.org.apache.xerces.internal.impl.XMLScanner.scanAttributeValue(XMLScanner.java:908)
	at com.sun.org.apache.xerces.internal.impl.XMLDocumentFragmentScannerImpl.scanAttribute(XMLDocumentFragmentScannerImpl.java:1548)
	at com.sun.org.apache.xerces.internal.impl.XMLDocumentFragmentScannerImpl.scanStartElement(XMLDocumentFragmentScannerImpl.java:1315)
	at com.sun.org.apache.xerces.internal.impl.XMLDocumentFragmentScannerImpl$FragmentContentDriver.next(XMLDocumentFragmentScannerImpl.java:2784)
	at com.sun.org.apache.xerces.internal.impl.XMLDocumentScannerImpl.next(XMLDocumentScannerImpl.java:602)
	at com.sun.org.apache.xerces.internal.impl.XMLDocumentFragmentScannerImpl.scanDocument(XMLDocumentFragmentScannerImpl.java:505)
	at com.sun.org.apache.xerces.internal.parsers.XML11Configuration.parse(XML11Configuration.java:841)
	at com.sun.org.apache.xerces.internal.parsers.XML11Configuration.parse(XML11Configuration.java:770)
	at com.sun.org.apache.xerces.internal.parsers.XMLParser.parse(XMLParser.java:141)
	at com.sun.org.apache.xerces.internal.parsers.DOMParser.parse(DOMParser.java:243)
	at com.sun.org.apache.xerces.internal.jaxp.DocumentBuilderImpl.parse(DocumentBuilderImpl.java:339)
	at org.eclipse.debug.internal.core.LaunchManager.createInfoFromXML(LaunchManager.java:935)
	at org.eclipse.debug.internal.core.LaunchManager.getInfo(LaunchManager.java:1359)
	... 10 more
!SUBENTRY 1 org.eclipse.debug.core 4 5012 2026-07-28 11:20:40.750
!MESSAGE 读取启动配置文件 F:\code\vibe_project\rollerball\M33\libraries\components\mtb-device-support-pse8xxgp\make\make\scripts\interface_version_3\eclipse\CM33\flash\normal\JLink\combine_sign\Attach.launch 时发生了 org.xml.sax.SAXParseException; lineNumber: 3; columnNumber: 66; 在实体引用中, 实体名称必须紧跟在 '&' 后面。。
!STACK 0
org.xml.sax.SAXParseException; lineNumber: 3; columnNumber: 66; 在实体引用中, 实体名称必须紧跟在 '&' 后面。
	at com.sun.org.apache.xerces.internal.util.ErrorHandlerWrapper.createSAXParseException(ErrorHandlerWrapper.java:203)
	at com.sun.org.apache.xerces.internal.util.ErrorHandlerWrapper.fatalError(ErrorHandlerWrapper.java:177)
	at com.sun.org.apache.xerces.internal.impl.XMLErrorReporter.reportError(XMLErrorReporter.java:400)
	at com.sun.org.apache.xerces.internal.impl.XMLErrorReporter.reportError(XMLErrorReporter.java:327)
	at com.sun.org.apache.xerces.internal.impl.XMLScanner.reportFatalError(XMLScanner.java:1472)
	at com.sun.org.apache.xerces.internal.impl.XMLScanner.scanAttributeValue(XMLScanner.java:908)
	at com.sun.org.apache.xerces.internal.impl.XMLDocumentFragmentScannerImpl.scanAttribute(XMLDocumentFragmentScannerImpl.java:1548)
	at com.sun.org.apache.xerces.internal.impl.XMLDocumentFragmentScannerImpl.scanStartElement(XMLDocumentFragmentScannerImpl.java:1315)
	at com.sun.org.apache.xerces.internal.impl.XMLDocumentFragmentScannerImpl$FragmentContentDriver.next(XMLDocumentFragmentScannerImpl.java:2784)
	at com.sun.org.apache.xerces.internal.impl.XMLDocumentScannerImpl.next(XMLDocumentScannerImpl.java:602)
	at com.sun.org.apache.xerces.internal.impl.XMLDocumentFragmentScannerImpl.scanDocument(XMLDocumentFragmentScannerImpl.java:505)
	at com.sun.org.apache.xerces.internal.parsers.XML11Configuration.parse(XML11Configuration.java:841)
	at com.sun.org.apache.xerces.internal.parsers.XML11Configuration.parse(XML11Configuration.java:770)
	at com.sun.org.apache.xerces.internal.parsers.XMLParser.parse(XMLParser.java:141)
	at com.sun.org.apache.xerces.internal.parsers.DOMParser.parse(DOMParser.java:243)
	at com.sun.org.apache.xerces.internal.jaxp.DocumentBuilderImpl.parse(DocumentBuilderImpl.java:339)
	at org.eclipse.debug.internal.core.LaunchManager.createInfoFromXML(LaunchManager.java:935)
	at org.eclipse.debug.internal.core.LaunchManager.getInfo(LaunchManager.java:1359)
	at org.eclipse.debug.internal.core.LaunchConfiguration.getInfo(LaunchConfiguration.java:490)
	at org.eclipse.debug.internal.core.LaunchConfiguration.getType(LaunchConfiguration.java:645)
	at org.eclipse.debug.internal.core.LaunchManager.isValid(LaunchManager.java:2091)
	at org.eclipse.debug.internal.core.LaunchManager.verifyConfigurations(LaunchManager.java:2462)
	at org.eclipse.debug.internal.core.LaunchManager.getAllLaunchConfigurations(LaunchManager.java:1140)
	at org.eclipse.debug.internal.core.LaunchManager.getLaunchConfigurations(LaunchManager.java:1444)
	at org.eclipse.debug.internal.core.LaunchManager.getLaunchConfigurations(LaunchManager.java:1439)
	at org.eclipse.launchbar.core.internal.LaunchBarManager.init(LaunchBarManager.java:130)
	at org.eclipse.launchbar.core.internal.LaunchBarManager$1.run(LaunchBarManager.java:96)
	at org.eclipse.core.internal.jobs.Worker.run(Worker.java:63)

!ENTRY org.eclipse.debug.core 4 125 2026-07-28 11:20:40.754
!MESSAGE 调试核心所记录的错误：
!STACK 1
org.eclipse.debug.core.DebugException: 读取启动配置文件 F:\code\vibe_project\rollerball\M33\libraries\components\mtb-device-support-pse8xxgp\make\make\scripts\interface_version_3\eclipse\CM33\flash\normal\JLink\combine_sign\Debug.launch 时发生了 org.xml.sax.SAXParseException; lineNumber: 3; columnNumber: 66; 在实体引用中, 实体名称必须紧跟在 '&' 后面。。
	at org.eclipse.debug.internal.core.LaunchManager.createDebugException(LaunchManager.java:886)
	at org.eclipse.debug.internal.core.LaunchManager.throwException(LaunchManager.java:2448)
	at org.eclipse.debug.internal.core.LaunchManager.getInfo(LaunchManager.java:1366)
	at org.eclipse.debug.internal.core.LaunchConfiguration.getInfo(LaunchConfiguration.java:490)
	at org.eclipse.debug.internal.core.LaunchConfiguration.getType(LaunchConfiguration.java:645)
	at org.eclipse.debug.internal.core.LaunchManager.isValid(LaunchManager.java:2091)
	at org.eclipse.debug.internal.core.LaunchManager.verifyConfigurations(LaunchManager.java:2462)
	at org.eclipse.debug.internal.core.LaunchManager.getAllLaunchConfigurations(LaunchManager.java:1140)
	at org.eclipse.debug.internal.core.LaunchManager.getLaunchConfigurations(LaunchManager.java:1444)
	at org.eclipse.debug.internal.core.LaunchManager.getLaunchConfigurations(LaunchManager.java:1439)
	at org.eclipse.launchbar.core.internal.LaunchBarManager.init(LaunchBarManager.java:130)
	at org.eclipse.launchbar.core.internal.LaunchBarManager$1.run(LaunchBarManager.java:96)
	at org.eclipse.core.internal.jobs.Worker.run(Worker.java:63)
Caused by: org.xml.sax.SAXParseException; lineNumber: 3; columnNumber: 66; 在实体引用中, 实体名称必须紧跟在 '&' 后面。
	at com.sun.org.apache.xerces.internal.util.ErrorHandlerWrapper.createSAXParseException(ErrorHandlerWrapper.java:203)
	at com.sun.org.apache.xerces.internal.util.ErrorHandlerWrapper.fatalError(ErrorHandlerWrapper.java:177)
	at com.sun.org.apache.xerces.internal.impl.XMLErrorReporter.reportError(XMLErrorReporter.java:400)
	at com.sun.org.apache.xerces.internal.impl.XMLErrorReporter.reportError(XMLErrorReporter.java:327)
	at com.sun.org.apache.xerces.internal.impl.XMLScanner.reportFatalError(XMLScanner.java:1472)
	at com.sun.org.apache.xerces.internal.impl.XMLScanner.scanAttributeValue(XMLScanner.java:908)
	at com.sun.org.apache.xerces.internal.impl.XMLDocumentFragmentScannerImpl.scanAttribute(XMLDocumentFragmentScannerImpl.java:1548)
	at com.sun.org.apache.xerces.internal.impl.XMLDocumentFragmentScannerImpl.scanStartElement(XMLDocumentFragmentScannerImpl.java:1315)
	at com.sun.org.apache.xerces.internal.impl.XMLDocumentFragmentScannerImpl$FragmentContentDriver.next(XMLDocumentFragmentScannerImpl.java:2784)
	at com.sun.org.apache.xerces.internal.impl.XMLDocumentScannerImpl.next(XMLDocumentScannerImpl.java:602)
	at com.sun.org.apache.xerces.internal.impl.XMLDocumentFragmentScannerImpl.scanDocument(XMLDocumentFragmentScannerImpl.java:505)
	at com.sun.org.apache.xerces.internal.parsers.XML11Configuration.parse(XML11Configuration.java:841)
	at com.sun.org.apache.xerces.internal.parsers.XML11Configuration.parse(XML11Configuration.java:770)
	at com.sun.org.apache.xerces.internal.parsers.XMLParser.parse(XMLParser.java:141)
	at com.sun.org.apache.xerces.internal.parsers.DOMParser.parse(DOMParser.java:243)
	at com.sun.org.apache.xerces.internal.jaxp.DocumentBuilderImpl.parse(DocumentBuilderImpl.java:339)
	at org.eclipse.debug.internal.core.LaunchManager.createInfoFromXML(LaunchManager.java:935)
	at org.eclipse.debug.internal.core.LaunchManager.getInfo(LaunchManager.java:1359)
	... 10 more
!SUBENTRY 1 org.eclipse.debug.core 4 5012 2026-07-28 11:20:40.754
!MESSAGE 读取启动配置文件 F:\code\vibe_project\rollerball\M33\libraries\components\mtb-device-support-pse8xxgp\make\make\scripts\interface_version_3\eclipse\CM33\flash\normal\JLink\combine_sign\Debug.launch 时发生了 org.xml.sax.SAXParseException; lineNumber: 3; columnNumber: 66; 在实体引用中, 实体名称必须紧跟在 '&' 后面。。
!STACK 0
org.xml.sax.SAXParseException; lineNumber: 3; columnNumber: 66; 在实体引用中, 实体名称必须紧跟在 '&' 后面。
	at com.sun.org.apache.xerces.internal.util.ErrorHandlerWrapper.createSAXParseException(ErrorHandlerWrapper.java:203)
	at com.sun.org.apache.xerces.internal.util.ErrorHandlerWrapper.fatalError(ErrorHandlerWrapper.java:177)
	at com.sun.org.apache.xerces.internal.impl.XMLErrorReporter.reportError(XMLErrorReporter.java:400)
	at com.sun.org.apache.xerces.internal.impl.XMLErrorReporter.reportError(XMLErrorReporter.java:327)
	at com.sun.org.apache.xerces.internal.impl.XMLScanner.reportFatalError(XMLScanner.java:1472)
	at com.sun.org.apache.xerces.internal.impl.XMLScanner.scanAttributeValue(XMLScanner.java:908)
	at com.sun.org.apache.xerces.internal.impl.XMLDocumentFragmentScannerImpl.scanAttribute(XMLDocumentFragmentScannerImpl.java:1548)
	at com.sun.org.apache.xerces.internal.impl.XMLDocumentFragmentScannerImpl.scanStartElement(XMLDocumentFragmentScannerImpl.java:1315)
	at com.sun.org.apache.xerces.internal.impl.XMLDocumentFragmentScannerImpl$FragmentContentDriver.next(XMLDocumentFragmentScannerImpl.java:2784)
	at com.sun.org.apache.xerces.internal.impl.XMLDocumentScannerImpl.next(XMLDocumentScannerImpl.java:602)
	at com.sun.org.apache.xerces.internal.impl.XMLDocumentFragmentScannerImpl.scanDocument(XMLDocumentFragmentScannerImpl.java:505)
	at com.sun.org.apache.xerces.internal.parsers.XML11Configuration.parse(XML11Configuration.java:841)
	at com.sun.org.apache.xerces.internal.parsers.XML11Configuration.parse(XML11Configuration.java:770)
	at com.sun.org.apache.xerces.internal.parsers.XMLParser.parse(XMLParser.java:141)
	at com.sun.org.apache.xerces.internal.parsers.DOMParser.parse(DOMParser.java:243)
	at com.sun.org.apache.xerces.internal.jaxp.DocumentBuilderImpl.parse(DocumentBuilderImpl.java:339)
	at org.eclipse.debug.internal.core.LaunchManager.createInfoFromXML(LaunchManager.java:935)
	at org.eclipse.debug.internal.core.LaunchManager.getInfo(LaunchManager.java:1359)
	at org.eclipse.debug.internal.core.LaunchConfiguration.getInfo(LaunchConfiguration.java:490)
	at org.eclipse.debug.internal.core.LaunchConfiguration.getType(LaunchConfiguration.java:645)
	at org.eclipse.debug.internal.core.LaunchManager.isValid(LaunchManager.java:2091)
	at org.eclipse.debug.internal.core.LaunchManager.verifyConfigurations(LaunchManager.java:2462)
	at org.eclipse.debug.internal.core.LaunchManager.getAllLaunchConfigurations(LaunchManager.java:1140)
	at org.eclipse.debug.internal.core.LaunchManager.getLaunchConfigurations(LaunchManager.java:1444)
	at org.eclipse.debug.internal.core.LaunchManager.getLaunchConfigurations(LaunchManager.java:1439)
	at org.eclipse.launchbar.core.internal.LaunchBarManager.init(LaunchBarManager.java:130)
	at org.eclipse.launchbar.core.internal.LaunchBarManager$1.run(LaunchBarManager.java:96)
	at org.eclipse.core.internal.jobs.Worker.run(Worker.java:63)

!ENTRY org.eclipse.debug.core 4 125 2026-07-28 11:20:40.754
!MESSAGE 调试核心所记录的错误：
!STACK 1
org.eclipse.debug.core.DebugException: 读取启动配置文件 F:\code\vibe_project\rollerball\M33\libraries\components\mtb-device-support-pse8xxgp\make\make\scripts\interface_version_3\eclipse\CM33\flash\normal\KitProg3\any\&&_PRJ_NAME&& Attach (KitProg3_MiniProg4).launch 时发生了 org.xml.sax.SAXParseException; lineNumber: 3; columnNumber: 66; 在实体引用中, 实体名称必须紧跟在 '&' 后面。。
	at org.eclipse.debug.internal.core.LaunchManager.createDebugException(LaunchManager.java:886)
	at org.eclipse.debug.internal.core.LaunchManager.throwException(LaunchManager.java:2448)
	at org.eclipse.debug.internal.core.LaunchManager.getInfo(LaunchManager.java:1366)
	at org.eclipse.debug.internal.core.LaunchConfiguration.getInfo(LaunchConfiguration.java:490)
	at org.eclipse.debug.internal.core.LaunchConfiguration.getType(LaunchConfiguration.java:645)
	at org.eclipse.debug.internal.core.LaunchManager.isValid(LaunchManager.java:2091)
	at org.eclipse.debug.internal.core.LaunchManager.verifyConfigurations(LaunchManager.java:2462)
	at org.eclipse.debug.internal.core.LaunchManager.getAllLaunchConfigurations(LaunchManager.java:1140)
	at org.eclipse.debug.internal.core.LaunchManager.getLaunchConfigurations(LaunchManager.java:1444)
	at org.eclipse.debug.internal.core.LaunchManager.getLaunchConfigurations(LaunchManager.java:1439)
	at org.eclipse.launchbar.core.internal.LaunchBarManager.init(LaunchBarManager.java:130)
	at org.eclipse.launchbar.core.internal.LaunchBarManager$1.run(LaunchBarManager.java:96)
	at org.eclipse.core.internal.jobs.Worker.run(Worker.java:63)
Caused by: org.xml.sax.SAXParseException; lineNumber: 3; columnNumber: 66; 在实体引用中, 实体名称必须紧跟在 '&' 后面。
	at com.sun.org.apache.xerces.internal.util.ErrorHandlerWrapper.createSAXParseException(ErrorHandlerWrapper.java:203)
	at com.sun.org.apache.xerces.internal.util.ErrorHandlerWrapper.fatalError(ErrorHandlerWrapper.java:177)
	at com.sun.org.apache.xerces.internal.impl.XMLErrorReporter.reportError(XMLErrorReporter.java:400)
	at com.sun.org.apache.xerces.internal.impl.XMLErrorReporter.reportError(XMLErrorReporter.java:327)
	at com.sun.org.apache.xerces.internal.impl.XMLScanner.reportFatalError(XMLScanner.java:1472)
	at com.sun.org.apache.xerces.internal.impl.XMLScanner.scanAttributeValue(XMLScanner.java:908)
	at com.sun.org.apache.xerces.internal.impl.XMLDocumentFragmentScannerImpl.scanAttribute(XMLDocumentFragmentScannerImpl.java:1548)
	at com.sun.org.apache.xerces.internal.impl.XMLDocumentFragmentScannerImpl.scanStartElement(XMLDocumentFragmentScannerImpl.java:1315)
	at com.sun.org.apache.xerces.internal.impl.XMLDocumentFragmentScannerImpl$FragmentContentDriver.next(XMLDocumentFragmentScannerImpl.java:2784)
	at com.sun.org.apache.xerces.internal.impl.XMLDocumentScannerImpl.next(XMLDocumentScannerImpl.java:602)
	at com.sun.org.apache.xerces.internal.impl.XMLDocumentFragmentScannerImpl.scanDocument(XMLDocumentFragmentScannerImpl.java:505)
	at com.sun.org.apache.xerces.internal.parsers.XML11Configuration.parse(XML11Configuration.java:841)
	at com.sun.org.apache.xerces.internal.parsers.XML11Configuration.parse(XML11Configuration.java:770)
	at com.sun.org.apache.xerces.internal.parsers.XMLParser.parse(XMLParser.java:141)
	at com.sun.org.apache.xerces.internal.parsers.DOMParser.parse(DOMParser.java:243)
	at com.sun.org.apache.xerces.internal.jaxp.DocumentBuilderImpl.parse(DocumentBuilderImpl.java:339)
	at org.eclipse.debug.internal.core.LaunchManager.createInfoFromXML(LaunchManager.java:935)
	at org.eclipse.debug.internal.core.LaunchManager.getInfo(LaunchManager.java:1359)
	... 10 more
!SUBENTRY 1 org.eclipse.debug.core 4 5012 2026-07-28 11:20:40.754
!MESSAGE 读取启动配置文件 F:\code\vibe_project\rollerball\M33\libraries\components\mtb-device-support-pse8xxgp\make\make\scripts\interface_version_3\eclipse\CM33\flash\normal\KitProg3\any\&&_PRJ_NAME&& Attach (KitProg3_MiniProg4).launch 时发生了 org.xml.sax.SAXParseException; lineNumber: 3; columnNumber: 66; 在实体引用中, 实体名称必须紧跟在 '&' 后面。。
!STACK 0
org.xml.sax.SAXParseException; lineNumber: 3; columnNumber: 66; 在实体引用中, 实体名称必须紧跟在 '&' 后面。
	at com.sun.org.apache.xerces.internal.util.ErrorHandlerWrapper.createSAXParseException(ErrorHandlerWrapper.java:203)
	at com.sun.org.apache.xerces.internal.util.ErrorHandlerWrapper.fatalError(ErrorHandlerWrapper.java:177)
	at com.sun.org.apache.xerces.internal.impl.XMLErrorReporter.reportError(XMLErrorReporter.java:400)
	at com.sun.org.apache.xerces.internal.impl.XMLErrorReporter.reportError(XMLErrorReporter.java:327)
	at com.sun.org.apache.xerces.internal.impl.XMLScanner.reportFatalError(XMLScanner.java:1472)
	at com.sun.org.apache.xerces.internal.impl.XMLScanner.scanAttributeValue(XMLScanner.java:908)
	at com.sun.org.apache.xerces.internal.impl.XMLDocumentFragmentScannerImpl.scanAttribute(XMLDocumentFragmentScannerImpl.java:1548)
	at com.sun.org.apache.xerces.internal.impl.XMLDocumentFragmentScannerImpl.scanStartElement(XMLDocumentFragmentScannerImpl.java:1315)
	at com.sun.org.apache.xerces.internal.impl.XMLDocumentFragmentScannerImpl$FragmentContentDriver.next(XMLDocumentFragmentScannerImpl.java:2784)
	at com.sun.org.apache.xerces.internal.impl.XMLDocumentScannerImpl.next(XMLDocumentScannerImpl.java:602)
	at com.sun.org.apache.xerces.internal.impl.XMLDocumentFragmentScannerImpl.scanDocument(XMLDocumentFragmentScannerImpl.java:505)
	at com.sun.org.apache.xerces.internal.parsers.XML11Configuration.parse(XML11Configuration.java:841)
	at com.sun.org.apache.xerces.internal.parsers.XML11Configuration.parse(XML11Configuration.java:770)
	at com.sun.org.apache.xerces.internal.parsers.XMLParser.parse(XMLParser.java:141)
	at com.sun.org.apache.xerces.internal.parsers.DOMParser.parse(DOMParser.java:243)
	at com.sun.org.apache.xerces.internal.jaxp.DocumentBuilderImpl.parse(DocumentBuilderImpl.java:339)
	at org.eclipse.debug.internal.core.LaunchManager.createInfoFromXML(LaunchManager.java:935)
	at org.eclipse.debug.internal.core.LaunchManager.getInfo(LaunchManager.java:1359)
	at org.eclipse.debug.internal.core.LaunchConfiguration.getInfo(LaunchConfiguration.java:490)
	at org.eclipse.debug.internal.core.LaunchConfiguration.getType(LaunchConfiguration.java:645)
	at org.eclipse.debug.internal.core.LaunchManager.isValid(LaunchManager.java:2091)
	at org.eclipse.debug.internal.core.LaunchManager.verifyConfigurations(LaunchManager.java:2462)
	at org.eclipse.debug.internal.core.LaunchManager.getAllLaunchConfigurations(LaunchManager.java:1140)
	at org.eclipse.debug.internal.core.LaunchManager.getLaunchConfigurations(LaunchManager.java:1444)
	at org.eclipse.debug.internal.core.LaunchManager.getLaunchConfigurations(LaunchManager.java:1439)
	at org.eclipse.launchbar.core.internal.LaunchBarManager.init(LaunchBarManager.java:130)
	at org.eclipse.launchbar.core.internal.LaunchBarManager$1.run(LaunchBarManager.java:96)
	at org.eclipse.core.internal.jobs.Worker.run(Worker.java:63)

!ENTRY org.eclipse.debug.core 4 125 2026-07-28 11:20:40.758
!MESSAGE 调试核心所记录的错误：
!STACK 1
org.eclipse.debug.core.DebugException: 读取启动配置文件 F:\code\vibe_project\rollerball\M33\libraries\components\mtb-device-support-pse8xxgp\make\make\scripts\interface_version_3\eclipse\CM33\flash\normal\KitProg3\any\&&_PRJ_NAME&& Debug (KitProg3_MiniProg4).launch 时发生了 org.xml.sax.SAXParseException; lineNumber: 3; columnNumber: 66; 在实体引用中, 实体名称必须紧跟在 '&' 后面。。
	at org.eclipse.debug.internal.core.LaunchManager.createDebugException(LaunchManager.java:886)
	at org.eclipse.debug.internal.core.LaunchManager.throwException(LaunchManager.java:2448)
	at org.eclipse.debug.internal.core.LaunchManager.getInfo(LaunchManager.java:1366)
	at org.eclipse.debug.internal.core.LaunchConfiguration.getInfo(LaunchConfiguration.java:490)
	at org.eclipse.debug.internal.core.LaunchConfiguration.getType(LaunchConfiguration.java:645)
	at org.eclipse.debug.internal.core.LaunchManager.isValid(LaunchManager.java:2091)
	at org.eclipse.debug.internal.core.LaunchManager.verifyConfigurations(LaunchManager.java:2462)
	at org.eclipse.debug.internal.core.LaunchManager.getAllLaunchConfigurations(LaunchManager.java:1140)
	at org.eclipse.debug.internal.core.LaunchManager.getLaunchConfigurations(LaunchManager.java:1444)
	at org.eclipse.debug.internal.core.LaunchManager.getLaunchConfigurations(LaunchManager.java:1439)
	at org.eclipse.launchbar.core.internal.LaunchBarManager.init(LaunchBarManager.java:130)
	at org.eclipse.launchbar.core.internal.LaunchBarManager$1.run(LaunchBarManager.java:96)
	at org.eclipse.core.internal.jobs.Worker.run(Worker.java:63)
Caused by: org.xml.sax.SAXParseException; lineNumber: 3; columnNumber: 66; 在实体引用中, 实体名称必须紧跟在 '&' 后面。
	at com.sun.org.apache.xerces.internal.util.ErrorHandlerWrapper.createSAXParseException(ErrorHandlerWrapper.java:203)
	at com.sun.org.apache.xerces.internal.util.ErrorHandlerWrapper.fatalError(ErrorHandlerWrapper.java:177)
	at com.sun.org.apache.xerces.internal.impl.XMLErrorReporter.reportError(XMLErrorReporter.java:400)
	at com.sun.org.apache.xerces.internal.impl.XMLErrorReporter.reportError(XMLErrorReporter.java:327)
	at com.sun.org.apache.xerces.internal.impl.XMLScanner.reportFatalError(XMLScanner.java:1472)
	at com.sun.org.apache.xerces.internal.impl.XMLScanner.scanAttributeValue(XMLScanner.java:908)
	at com.sun.org.apache.xerces.internal.impl.XMLDocumentFragmentScannerImpl.scanAttribute(XMLDocumentFragmentScannerImpl.java:1548)
	at com.sun.org.apache.xerces.internal.impl.XMLDocumentFragmentScannerImpl.scanStartElement(XMLDocumentFragmentScannerImpl.java:1315)
	at com.sun.org.apache.xerces.internal.impl.XMLDocumentFragmentScannerImpl$FragmentContentDriver.next(XMLDocumentFragmentScannerImpl.java:2784)
	at com.sun.org.apache.xerces.internal.impl.XMLDocumentScannerImpl.next(XMLDocumentScannerImpl.java:602)
	at com.sun.org.apache.xerces.internal.impl.XMLDocumentFragmentScannerImpl.scanDocument(XMLDocumentFragmentScannerImpl.java:505)
	at com.sun.org.apache.xerces.internal.parsers.XML11Configuration.parse(XML11Configuration.java:841)
	at com.sun.org.apache.xerces.internal.parsers.XML11Configuration.parse(XML11Configuration.java:770)
	at com.sun.org.apache.xerces.internal.parsers.XMLParser.parse(XMLParser.java:141)
	at com.sun.org.apache.xerces.internal.parsers.DOMParser.parse(DOMParser.java:243)
	at com.sun.org.apache.xerces.internal.jaxp.DocumentBuilderImpl.parse(DocumentBuilderImpl.java:339)
	at org.eclipse.debug.internal.core.LaunchManager.createInfoFromXML(LaunchManager.java:935)
	at org.eclipse.debug.internal.core.LaunchManager.getInfo(LaunchManager.java:1359)
	... 10 more
!SUBENTRY 1 org.eclipse.debug.core 4 5012 2026-07-28 11:20:40.758
!MESSAGE 读取启动配置文件 F:\code\vibe_project\rollerball\M33\libraries\components\mtb-device-support-pse8xxgp\make\make\scripts\interface_version_3\eclipse\CM33\flash\normal\KitProg3\any\&&_PRJ_NAME&& Debug (KitProg3_MiniProg4).launch 时发生了 org.xml.sax.SAXParseException; lineNumber: 3; columnNumber: 66; 在实体引用中, 实体名称必须紧跟在 '&' 后面。。
!STACK 0
org.xml.sax.SAXParseException; lineNumber: 3; columnNumber: 66; 在实体引用中, 实体名称必须紧跟在 '&' 后面。
	at com.sun.org.apache.xerces.internal.util.ErrorHandlerWrapper.createSAXParseException(ErrorHandlerWrapper.java:203)
	at com.sun.org.apache.xerces.internal.util.ErrorHandlerWrapper.fatalError(ErrorHandlerWrapper.java:177)
	at com.sun.org.apache.xerces.internal.impl.XMLErrorReporter.reportError(XMLErrorReporter.java:400)
	at com.sun.org.apache.xerces.internal.impl.XMLErrorReporter.reportError(XMLErrorReporter.java:327)
	at com.sun.org.apache.xerces.internal.impl.XMLScanner.reportFatalError(XMLScanner.java:1472)
	at com.sun.org.apache.xerces.internal.impl.XMLScanner.scanAttributeValue(XMLScanner.java:908)
	at com.sun.org.apache.xerces.internal.impl.XMLDocumentFragmentScannerImpl.scanAttribute(XMLDocumentFragmentScannerImpl.java:1548)
	at com.sun.org.apache.xerces.internal.impl.XMLDocumentFragmentScannerImpl.scanStartElement(XMLDocumentFragmentScannerImpl.java:1315)
	at com.sun.org.apache.xerces.internal.impl.XMLDocumentFragmentScannerImpl$FragmentContentDriver.next(XMLDocumentFragmentScannerImpl.java:2784)
	at com.sun.org.apache.xerces.internal.impl.XMLDocumentScannerImpl.next(XMLDocumentScannerImpl.java:602)
	at com.sun.org.apache.xerces.internal.impl.XMLDocumentFragmentScannerImpl.scanDocument(XMLDocumentFragmentScannerImpl.java:505)
	at com.sun.org.apache.xerces.internal.parsers.XML11Configuration.parse(XML11Configuration.java:841)
	at com.sun.org.apache.xerces.internal.parsers.XML11Configuration.parse(XML11Configuration.java:770)
	at com.sun.org.apache.xerces.internal.parsers.XMLParser.parse(XMLParser.java:141)
	at com.sun.org.apache.xerces.internal.parsers.DOMParser.parse(DOMParser.java:243)
	at com.sun.org.apache.xerces.internal.jaxp.DocumentBuilderImpl.parse(DocumentBuilderImpl.java:339)
	at org.eclipse.debug.internal.core.LaunchManager.createInfoFromXML(LaunchManager.java:935)
	at org.eclipse.debug.internal.core.LaunchManager.getInfo(LaunchManager.java:1359)
	at org.eclipse.debug.internal.core.LaunchConfiguration.getInfo(LaunchConfiguration.java:490)
	at org.eclipse.debug.internal.core.LaunchConfiguration.getType(LaunchConfiguration.java:645)
	at org.eclipse.debug.internal.core.LaunchManager.isValid(LaunchManager.java:2091)
	at org.eclipse.debug.internal.core.LaunchManager.verifyConfigurations(LaunchManager.java:2462)
	at org.eclipse.debug.internal.core.LaunchManager.getAllLaunchConfigurations(LaunchManager.java:1140)
	at org.eclipse.debug.internal.core.LaunchManager.getLaunchConfigurations(LaunchManager.java:1444)
	at org.eclipse.debug.internal.core.LaunchManager.getLaunchConfigurations(LaunchManager.java:1439)
	at org.eclipse.launchbar.core.internal.LaunchBarManager.init(LaunchBarManager.java:130)
	at org.eclipse.launchbar.core.internal.LaunchBarManager$1.run(LaunchBarManager.java:96)
	at org.eclipse.core.internal.jobs.Worker.run(Worker.java:63)

!ENTRY org.eclipse.debug.core 4 125 2026-07-28 11:20:40.758
!MESSAGE 调试核心所记录的错误：
!STACK 1
org.eclipse.debug.core.DebugException: 读取启动配置文件 F:\code\vibe_project\rollerball\M33\libraries\components\mtb-device-support-pse8xxgp\make\make\scripts\interface_version_3\eclipse\CM33\flash\normal\KitProg3\combine_sign\Attach.launch 时发生了 org.xml.sax.SAXParseException; lineNumber: 3; columnNumber: 66; 在实体引用中, 实体名称必须紧跟在 '&' 后面。。
	at org.eclipse.debug.internal.core.LaunchManager.createDebugException(LaunchManager.java:886)
	at org.eclipse.debug.internal.core.LaunchManager.throwException(LaunchManager.java:2448)
	at org.eclipse.debug.internal.core.LaunchManager.getInfo(LaunchManager.java:1366)
	at org.eclipse.debug.internal.core.LaunchConfiguration.getInfo(LaunchConfiguration.java:490)
	at org.eclipse.debug.internal.core.LaunchConfiguration.getType(LaunchConfiguration.java:645)
	at org.eclipse.debug.internal.core.LaunchManager.isValid(LaunchManager.java:2091)
	at org.eclipse.debug.internal.core.LaunchManager.verifyConfigurations(LaunchManager.java:2462)
	at org.eclipse.debug.internal.core.LaunchManager.getAllLaunchConfigurations(LaunchManager.java:1140)
	at org.eclipse.debug.internal.core.LaunchManager.getLaunchConfigurations(LaunchManager.java:1444)
	at org.eclipse.debug.internal.core.LaunchManager.getLaunchConfigurations(LaunchManager.java:1439)
	at org.eclipse.launchbar.core.internal.LaunchBarManager.init(LaunchBarManager.java:130)
	at org.eclipse.launchbar.core.internal.LaunchBarManager$1.run(LaunchBarManager.java:96)
	at org.eclipse.core.internal.jobs.Worker.run(Worker.java:63)
Caused by: org.xml.sax.SAXParseException; lineNumber: 3; columnNumber: 66; 在实体引用中, 实体名称必须紧跟在 '&' 后面。
	at com.sun.org.apache.xerces.internal.util.ErrorHandlerWrapper.createSAXParseException(ErrorHandlerWrapper.java:203)
	at com.sun.org.apache.xerces.internal.util.ErrorHandlerWrapper.fatalError(ErrorHandlerWrapper.java:177)
	at com.sun.org.apache.xerces.internal.impl.XMLErrorReporter.reportError(XMLErrorReporter.java:400)
	at com.sun.org.apache.xerces.internal.impl.XMLErrorReporter.reportError(XMLErrorReporter.java:327)
	at com.sun.org.apache.xerces.internal.impl.XMLScanner.reportFatalError(XMLScanner.java:1472)
	at com.sun.org.apache.xerces.internal.impl.XMLScanner.scanAttributeValue(XMLScanner.java:908)
	at com.sun.org.apache.xerces.internal.impl.XMLDocumentFragmentScannerImpl.scanAttribute(XMLDocumentFragmentScannerImpl.java:1548)
	at com.sun.org.apache.xerces.internal.impl.XMLDocumentFragmentScannerImpl.scanStartElement(XMLDocumentFragmentScannerImpl.java:1315)
	at com.sun.org.apache.xerces.internal.impl.XMLDocumentFragmentScannerImpl$FragmentContentDriver.next(XMLDocumentFragmentScannerImpl.java:2784)
	at com.sun.org.apache.xerces.internal.impl.XMLDocumentScannerImpl.next(XMLDocumentScannerImpl.java:602)
	at com.sun.org.apache.xerces.internal.impl.XMLDocumentFragmentScannerImpl.scanDocument(XMLDocumentFragmentScannerImpl.java:505)
	at com.sun.org.apache.xerces.internal.parsers.XML11Configuration.parse(XML11Configuration.java:841)
	at com.sun.org.apache.xerces.internal.parsers.XML11Configuration.parse(XML11Configuration.java:770)
	at com.sun.org.apache.xerces.internal.parsers.XMLParser.parse(XMLParser.java:141)
	at com.sun.org.apache.xerces.internal.parsers.DOMParser.parse(DOMParser.java:243)
	at com.sun.org.apache.xerces.internal.jaxp.DocumentBuilderImpl.parse(DocumentBuilderImpl.java:339)
	at org.eclipse.debug.internal.core.LaunchManager.createInfoFromXML(LaunchManager.java:935)
	at org.eclipse.debug.internal.core.LaunchManager.getInfo(LaunchManager.java:1359)
	... 10 more
!SUBENTRY 1 org.eclipse.debug.core 4 5012 2026-07-28 11:20:40.758
!MESSAGE 读取启动配置文件 F:\code\vibe_project\rollerball\M33\libraries\components\mtb-device-support-pse8xxgp\make\make\scripts\interface_version_3\eclipse\CM33\flash\normal\KitProg3\combine_sign\Attach.launch 时发生了 org.xml.sax.SAXParseException; lineNumber: 3; columnNumber: 66; 在实体引用中, 实体名称必须紧跟在 '&' 后面。。
!STACK 0
org.xml.sax.SAXParseException; lineNumber: 3; columnNumber: 66; 在实体引用中, 实体名称必须紧跟在 '&' 后面。
	at com.sun.org.apache.xerces.internal.util.ErrorHandlerWrapper.createSAXParseException(ErrorHandlerWrapper.java:203)
	at com.sun.org.apache.xerces.internal.util.ErrorHandlerWrapper.fatalError(ErrorHandlerWrapper.java:177)
	at com.sun.org.apache.xerces.internal.impl.XMLErrorReporter.reportError(XMLErrorReporter.java:400)
	at com.sun.org.apache.xerces.internal.impl.XMLErrorReporter.reportError(XMLErrorReporter.java:327)
	at com.sun.org.apache.xerces.internal.impl.XMLScanner.reportFatalError(XMLScanner.java:1472)
	at com.sun.org.apache.xerces.internal.impl.XMLScanner.scanAttributeValue(XMLScanner.java:908)
	at com.sun.org.apache.xerces.internal.impl.XMLDocumentFragmentScannerImpl.scanAttribute(XMLDocumentFragmentScannerImpl.java:1548)
	at com.sun.org.apache.xerces.internal.impl.XMLDocumentFragmentScannerImpl.scanStartElement(XMLDocumentFragmentScannerImpl.java:1315)
	at com.sun.org.apache.xerces.internal.impl.XMLDocumentFragmentScannerImpl$FragmentContentDriver.next(XMLDocumentFragmentScannerImpl.java:2784)
	at com.sun.org.apache.xerces.internal.impl.XMLDocumentScannerImpl.next(XMLDocumentScannerImpl.java:602)
	at com.sun.org.apache.xerces.internal.impl.XMLDocumentFragmentScannerImpl.scanDocument(XMLDocumentFragmentScannerImpl.java:505)
	at com.sun.org.apache.xerces.internal.parsers.XML11Configuration.parse(XML11Configuration.java:841)
	at com.sun.org.apache.xerces.internal.parsers.XML11Configuration.parse(XML11Configuration.java:770)
	at com.sun.org.apache.xerces.internal.parsers.XMLParser.parse(XMLParser.java:141)
	at com.sun.org.apache.xerces.internal.parsers.DOMParser.parse(DOMParser.java:243)
	at com.sun.org.apache.xerces.internal.jaxp.DocumentBuilderImpl.parse(DocumentBuilderImpl.java:339)
	at org.eclipse.debug.internal.core.LaunchManager.createInfoFromXML(LaunchManager.java:935)
	at org.eclipse.debug.internal.core.LaunchManager.getInfo(LaunchManager.java:1359)
	at org.eclipse.debug.internal.core.LaunchConfiguration.getInfo(LaunchConfiguration.java:490)
	at org.eclipse.debug.internal.core.LaunchConfiguration.getType(LaunchConfiguration.java:645)
	at org.eclipse.debug.internal.core.LaunchManager.isValid(LaunchManager.java:2091)
	at org.eclipse.debug.internal.core.LaunchManager.verifyConfigurations(LaunchManager.java:2462)
	at org.eclipse.debug.internal.core.LaunchManager.getAllLaunchConfigurations(LaunchManager.java:1140)
	at org.eclipse.debug.internal.core.LaunchManager.getLaunchConfigurations(LaunchManager.java:1444)
	at org.eclipse.debug.internal.core.LaunchManager.getLaunchConfigurations(LaunchManager.java:1439)
	at org.eclipse.launchbar.core.internal.LaunchBarManager.init(LaunchBarManager.java:130)
	at org.eclipse.launchbar.core.internal.LaunchBarManager$1.run(LaunchBarManager.java:96)
	at org.eclipse.core.internal.jobs.Worker.run(Worker.java:63)

!ENTRY org.eclipse.debug.core 4 125 2026-07-28 11:20:40.762
!MESSAGE 调试核心所记录的错误：
!STACK 1
org.eclipse.debug.core.DebugException: 读取启动配置文件 F:\code\vibe_project\rollerball\M33\libraries\components\mtb-device-support-pse8xxgp\make\make\scripts\interface_version_3\eclipse\CM33\flash\normal\KitProg3\combine_sign\Debug.launch 时发生了 org.xml.sax.SAXParseException; lineNumber: 3; columnNumber: 66; 在实体引用中, 实体名称必须紧跟在 '&' 后面。。
	at org.eclipse.debug.internal.core.LaunchManager.createDebugException(LaunchManager.java:886)
	at org.eclipse.debug.internal.core.LaunchManager.throwException(LaunchManager.java:2448)
	at org.eclipse.debug.internal.core.LaunchManager.getInfo(LaunchManager.java:1366)
	at org.eclipse.debug.internal.core.LaunchConfiguration.getInfo(LaunchConfiguration.java:490)
	at org.eclipse.debug.internal.core.LaunchConfiguration.getType(LaunchConfiguration.java:645)
	at org.eclipse.debug.internal.core.LaunchManager.isValid(LaunchManager.java:2091)
	at org.eclipse.debug.internal.core.LaunchManager.verifyConfigurations(LaunchManager.java:2462)
	at org.eclipse.debug.internal.core.LaunchManager.getAllLaunchConfigurations(LaunchManager.java:1140)
	at org.eclipse.debug.internal.core.LaunchManager.getLaunchConfigurations(LaunchManager.java:1444)
	at org.eclipse.debug.internal.core.LaunchManager.getLaunchConfigurations(LaunchManager.java:1439)
	at org.eclipse.launchbar.core.internal.LaunchBarManager.init(LaunchBarManager.java:130)
	at org.eclipse.launchbar.core.internal.LaunchBarManager$1.run(LaunchBarManager.java:96)
	at org.eclipse.core.internal.jobs.Worker.run(Worker.java:63)
Caused by: org.xml.sax.SAXParseException; lineNumber: 3; columnNumber: 66; 在实体引用中, 实体名称必须紧跟在 '&' 后面。
	at com.sun.org.apache.xerces.internal.util.ErrorHandlerWrapper.createSAXParseException(ErrorHandlerWrapper.java:203)
	at com.sun.org.apache.xerces.internal.util.ErrorHandlerWrapper.fatalError(ErrorHandlerWrapper.java:177)
	at com.sun.org.apache.xerces.internal.impl.XMLErrorReporter.reportError(XMLErrorReporter.java:400)
	at com.sun.org.apache.xerces.internal.impl.XMLErrorReporter.reportError(XMLErrorReporter.java:327)
	at com.sun.org.apache.xerces.internal.impl.XMLScanner.reportFatalError(XMLScanner.java:1472)
	at com.sun.org.apache.xerces.internal.impl.XMLScanner.scanAttributeValue(XMLScanner.java:908)
	at com.sun.org.apache.xerces.internal.impl.XMLDocumentFragmentScannerImpl.scanAttribute(XMLDocumentFragmentScannerImpl.java:1548)
	at com.sun.org.apache.xerces.internal.impl.XMLDocumentFragmentScannerImpl.scanStartElement(XMLDocumentFragmentScannerImpl.java:1315)
	at com.sun.org.apache.xerces.internal.impl.XMLDocumentFragmentScannerImpl$FragmentContentDriver.next(XMLDocumentFragmentScannerImpl.java:2784)
	at com.sun.org.apache.xerces.internal.impl.XMLDocumentScannerImpl.next(XMLDocumentScannerImpl.java:602)
	at com.sun.org.apache.xerces.internal.impl.XMLDocumentFragmentScannerImpl.scanDocument(XMLDocumentFragmentScannerImpl.java:505)
	at com.sun.org.apache.xerces.internal.parsers.XML11Configuration.parse(XML11Configuration.java:841)
	at com.sun.org.apache.xerces.internal.parsers.XML11Configuration.parse(XML11Configuration.java:770)
	at com.sun.org.apache.xerces.internal.parsers.XMLParser.parse(XMLParser.java:141)
	at com.sun.org.apache.xerces.internal.parsers.DOMParser.parse(DOMParser.java:243)
	at com.sun.org.apache.xerces.internal.jaxp.DocumentBuilderImpl.parse(DocumentBuilderImpl.java:339)
	at org.eclipse.debug.internal.core.LaunchManager.createInfoFromXML(LaunchManager.java:935)
	at org.eclipse.debug.internal.core.LaunchManager.getInfo(LaunchManager.java:1359)
	... 10 more
!SUBENTRY 1 org.eclipse.debug.core 4 5012 2026-07-28 11:20:40.762
!MESSAGE 读取启动配置文件 F:\code\vibe_project\rollerball\M33\libraries\components\mtb-device-support-pse8xxgp\make\make\scripts\interface_version_3\eclipse\CM33\flash\normal\KitProg3\combine_sign\Debug.launch 时发生了 org.xml.sax.SAXParseException; lineNumber: 3; columnNumber: 66; 在实体引用中, 实体名称必须紧跟在 '&' 后面。。
!STACK 0
org.xml.sax.SAXParseException; lineNumber: 3; columnNumber: 66; 在实体引用中, 实体名称必须紧跟在 '&' 后面。
	at com.sun.org.apache.xerces.internal.util.ErrorHandlerWrapper.createSAXParseException(ErrorHandlerWrapper.java:203)
	at com.sun.org.apache.xerces.internal.util.ErrorHandlerWrapper.fatalError(ErrorHandlerWrapper.java:177)
	at com.sun.org.apache.xerces.internal.impl.XMLErrorReporter.reportError(XMLErrorReporter.java:400)
	at com.sun.org.apache.xerces.internal.impl.XMLErrorReporter.reportError(XMLErrorReporter.java:327)
	at com.sun.org.apache.xerces.internal.impl.XMLScanner.reportFatalError(XMLScanner.java:1472)
	at com.sun.org.apache.xerces.internal.impl.XMLScanner.scanAttributeValue(XMLScanner.java:908)
	at com.sun.org.apache.xerces.internal.impl.XMLDocumentFragmentScannerImpl.scanAttribute(XMLDocumentFragmentScannerImpl.java:1548)
	at com.sun.org.apache.xerces.internal.impl.XMLDocumentFragmentScannerImpl.scanStartElement(XMLDocumentFragmentScannerImpl.java:1315)
	at com.sun.org.apache.xerces.internal.impl.XMLDocumentFragmentScannerImpl$FragmentContentDriver.next(XMLDocumentFragmentScannerImpl.java:2784)
	at com.sun.org.apache.xerces.internal.impl.XMLDocumentScannerImpl.next(XMLDocumentScannerImpl.java:602)
	at com.sun.org.apache.xerces.internal.impl.XMLDocumentFragmentScannerImpl.scanDocument(XMLDocumentFragmentScannerImpl.java:505)
	at com.sun.org.apache.xerces.internal.parsers.XML11Configuration.parse(XML11Configuration.java:841)
	at com.sun.org.apache.xerces.internal.parsers.XML11Configuration.parse(XML11Configuration.java:770)
	at com.sun.org.apache.xerces.internal.parsers.XMLParser.parse(XMLParser.java:141)
	at com.sun.org.apache.xerces.internal.parsers.DOMParser.parse(DOMParser.java:243)
	at com.sun.org.apache.xerces.internal.jaxp.DocumentBuilderImpl.parse(DocumentBuilderImpl.java:339)
	at org.eclipse.debug.internal.core.LaunchManager.createInfoFromXML(LaunchManager.java:935)
	at org.eclipse.debug.internal.core.LaunchManager.getInfo(LaunchManager.java:1359)
	at org.eclipse.debug.internal.core.LaunchConfiguration.getInfo(LaunchConfiguration.java:490)
	at org.eclipse.debug.internal.core.LaunchConfiguration.getType(LaunchConfiguration.java:645)
	at org.eclipse.debug.internal.core.LaunchManager.isValid(LaunchManager.java:2091)
	at org.eclipse.debug.internal.core.LaunchManager.verifyConfigurations(LaunchManager.java:2462)
	at org.eclipse.debug.internal.core.LaunchManager.getAllLaunchConfigurations(LaunchManager.java:1140)
	at org.eclipse.debug.internal.core.LaunchManager.getLaunchConfigurations(LaunchManager.java:1444)
	at org.eclipse.debug.internal.core.LaunchManager.getLaunchConfigurations(LaunchManager.java:1439)
	at org.eclipse.launchbar.core.internal.LaunchBarManager.init(LaunchBarManager.java:130)
	at org.eclipse.launchbar.core.internal.LaunchBarManager$1.run(LaunchBarManager.java:96)
	at org.eclipse.core.internal.jobs.Worker.run(Worker.java:63)

!ENTRY org.eclipse.debug.core 4 125 2026-07-28 11:20:40.762
!MESSAGE 调试核心所记录的错误：
!STACK 1
org.eclipse.debug.core.DebugException: 读取启动配置文件 F:\code\vibe_project\rollerball\M33\libraries\components\mtb-device-support-pse8xxgp\make\make\scripts\interface_version_3\eclipse\CM33\flash\virgin\JLink\any\&&_PRJ_NAME&& Attach (JLink).launch 时发生了 org.xml.sax.SAXParseException; lineNumber: 3; columnNumber: 66; 在实体引用中, 实体名称必须紧跟在 '&' 后面。。
	at org.eclipse.debug.internal.core.LaunchManager.createDebugException(LaunchManager.java:886)
	at org.eclipse.debug.internal.core.LaunchManager.throwException(LaunchManager.java:2448)
	at org.eclipse.debug.internal.core.LaunchManager.getInfo(LaunchManager.java:1366)
	at org.eclipse.debug.internal.core.LaunchConfiguration.getInfo(LaunchConfiguration.java:490)
	at org.eclipse.debug.internal.core.LaunchConfiguration.getType(LaunchConfiguration.java:645)
	at org.eclipse.debug.internal.core.LaunchManager.isValid(LaunchManager.java:2091)
	at org.eclipse.debug.internal.core.LaunchManager.verifyConfigurations(LaunchManager.java:2462)
	at org.eclipse.debug.internal.core.LaunchManager.getAllLaunchConfigurations(LaunchManager.java:1140)
	at org.eclipse.debug.internal.core.LaunchManager.getLaunchConfigurations(LaunchManager.java:1444)
	at org.eclipse.debug.internal.core.LaunchManager.getLaunchConfigurations(LaunchManager.java:1439)
	at org.eclipse.launchbar.core.internal.LaunchBarManager.init(LaunchBarManager.java:130)
	at org.eclipse.launchbar.core.internal.LaunchBarManager$1.run(LaunchBarManager.java:96)
	at org.eclipse.core.internal.jobs.Worker.run(Worker.java:63)
Caused by: org.xml.sax.SAXParseException; lineNumber: 3; columnNumber: 66; 在实体引用中, 实体名称必须紧跟在 '&' 后面。
	at com.sun.org.apache.xerces.internal.util.ErrorHandlerWrapper.createSAXParseException(ErrorHandlerWrapper.java:203)
	at com.sun.org.apache.xerces.internal.util.ErrorHandlerWrapper.fatalError(ErrorHandlerWrapper.java:177)
	at com.sun.org.apache.xerces.internal.impl.XMLErrorReporter.reportError(XMLErrorReporter.java:400)
	at com.sun.org.apache.xerces.internal.impl.XMLErrorReporter.reportError(XMLErrorReporter.java:327)
	at com.sun.org.apache.xerces.internal.impl.XMLScanner.reportFatalError(XMLScanner.java:1472)
	at com.sun.org.apache.xerces.internal.impl.XMLScanner.scanAttributeValue(XMLScanner.java:908)
	at com.sun.org.apache.xerces.internal.impl.XMLDocumentFragmentScannerImpl.scanAttribute(XMLDocumentFragmentScannerImpl.java:1548)
	at com.sun.org.apache.xerces.internal.impl.XMLDocumentFragmentScannerImpl.scanStartElement(XMLDocumentFragmentScannerImpl.java:1315)
	at com.sun.org.apache.xerces.internal.impl.XMLDocumentFragmentScannerImpl$FragmentContentDriver.next(XMLDocumentFragmentScannerImpl.java:2784)
	at com.sun.org.apache.xerces.internal.impl.XMLDocumentScannerImpl.next(XMLDocumentScannerImpl.java:602)
	at com.sun.org.apache.xerces.internal.impl.XMLDocumentFragmentScannerImpl.scanDocument(XMLDocumentFragmentScannerImpl.java:505)
	at com.sun.org.apache.xerces.internal.parsers.XML11Configuration.parse(XML11Configuration.java:841)
	at com.sun.org.apache.xerces.internal.parsers.XML11Configuration.parse(XML11Configuration.java:770)
	at com.sun.org.apache.xerces.internal.parsers.XMLParser.parse(XMLParser.java:141)
	at com.sun.org.apache.xerces.internal.parsers.DOMParser.parse(DOMParser.java:243)
	at com.sun.org.apache.xerces.internal.jaxp.DocumentBuilderImpl.parse(DocumentBuilderImpl.java:339)
	at org.eclipse.debug.internal.core.LaunchManager.createInfoFromXML(LaunchManager.java:935)
	at org.eclipse.debug.internal.core.LaunchManager.getInfo(LaunchManager.java:1359)
	... 10 more
!SUBENTRY 1 org.eclipse.debug.core 4 5012 2026-07-28 11:20:40.762
!MESSAGE 读取启动配置文件 F:\code\vibe_project\rollerball\M33\libraries\components\mtb-device-support-pse8xxgp\make\make\scripts\interface_version_3\eclipse\CM33\flash\virgin\JLink\any\&&_PRJ_NAME&& Attach (JLink).launch 时发生了 org.xml.sax.SAXParseException; lineNumber: 3; columnNumber: 66; 在实体引用中, 实体名称必须紧跟在 '&' 后面。。
!STACK 0
org.xml.sax.SAXParseException; lineNumber: 3; columnNumber: 66; 在实体引用中, 实体名称必须紧跟在 '&' 后面。
	at com.sun.org.apache.xerces.internal.util.ErrorHandlerWrapper.createSAXParseException(ErrorHandlerWrapper.java:203)
	at com.sun.org.apache.xerces.internal.util.ErrorHandlerWrapper.fatalError(ErrorHandlerWrapper.java:177)
	at com.sun.org.apache.xerces.internal.impl.XMLErrorReporter.reportError(XMLErrorReporter.java:400)
	at com.sun.org.apache.xerces.internal.impl.XMLErrorReporter.reportError(XMLErrorReporter.java:327)
	at com.sun.org.apache.xerces.internal.impl.XMLScanner.reportFatalError(XMLScanner.java:1472)
	at com.sun.org.apache.xerces.internal.impl.XMLScanner.scanAttributeValue(XMLScanner.java:908)
	at com.sun.org.apache.xerces.internal.impl.XMLDocumentFragmentScannerImpl.scanAttribute(XMLDocumentFragmentScannerImpl.java:1548)
	at com.sun.org.apache.xerces.internal.impl.XMLDocumentFragmentScannerImpl.scanStartElement(XMLDocumentFragmentScannerImpl.java:1315)
	at com.sun.org.apache.xerces.internal.impl.XMLDocumentFragmentScannerImpl$FragmentContentDriver.next(XMLDocumentFragmentScannerImpl.java:2784)
	at com.sun.org.apache.xerces.internal.impl.XMLDocumentScannerImpl.next(XMLDocumentScannerImpl.java:602)
	at com.sun.org.apache.xerces.internal.impl.XMLDocumentFragmentScannerImpl.scanDocument(XMLDocumentFragmentScannerImpl.java:505)
	at com.sun.org.apache.xerces.internal.parsers.XML11Configuration.parse(XML11Configuration.java:841)
	at com.sun.org.apache.xerces.internal.parsers.XML11Configuration.parse(XML11Configuration.java:770)
	at com.sun.org.apache.xerces.internal.parsers.XMLParser.parse(XMLParser.java:141)
	at com.sun.org.apache.xerces.internal.parsers.DOMParser.parse(DOMParser.java:243)
	at com.sun.org.apache.xerces.internal.jaxp.DocumentBuilderImpl.parse(DocumentBuilderImpl.java:339)
	at org.eclipse.debug.internal.core.LaunchManager.createInfoFromXML(LaunchManager.java:935)
	at org.eclipse.debug.internal.core.LaunchManager.getInfo(LaunchManager.java:1359)
	at org.eclipse.debug.internal.core.LaunchConfiguration.getInfo(LaunchConfiguration.java:490)
	at org.eclipse.debug.internal.core.LaunchConfiguration.getType(LaunchConfiguration.java:645)
	at org.eclipse.debug.internal.core.LaunchManager.isValid(LaunchManager.java:2091)
	at org.eclipse.debug.internal.core.LaunchManager.verifyConfigurations(LaunchManager.java:2462)
	at org.eclipse.debug.internal.core.LaunchManager.getAllLaunchConfigurations(LaunchManager.java:1140)
	at org.eclipse.debug.internal.core.LaunchManager.getLaunchConfigurations(LaunchManager.java:1444)
	at org.eclipse.debug.internal.core.LaunchManager.getLaunchConfigurations(LaunchManager.java:1439)
	at org.eclipse.launchbar.core.internal.LaunchBarManager.init(LaunchBarManager.java:130)
	at org.eclipse.launchbar.core.internal.LaunchBarManager$1.run(LaunchBarManager.java:96)
	at org.eclipse.core.internal.jobs.Worker.run(Worker.java:63)

!ENTRY org.eclipse.debug.core 4 125 2026-07-28 11:20:40.766
!MESSAGE 调试核心所记录的错误：
!STACK 1
org.eclipse.debug.core.DebugException: 读取启动配置文件 F:\code\vibe_project\rollerball\M33\libraries\components\mtb-device-support-pse8xxgp\make\make\scripts\interface_version_3\eclipse\CM33\flash\virgin\JLink\any\&&_PRJ_NAME&& Debug (JLink).launch 时发生了 org.xml.sax.SAXParseException; lineNumber: 3; columnNumber: 66; 在实体引用中, 实体名称必须紧跟在 '&' 后面。。
	at org.eclipse.debug.internal.core.LaunchManager.createDebugException(LaunchManager.java:886)
	at org.eclipse.debug.internal.core.LaunchManager.throwException(LaunchManager.java:2448)
	at org.eclipse.debug.internal.core.LaunchManager.getInfo(LaunchManager.java:1366)
	at org.eclipse.debug.internal.core.LaunchConfiguration.getInfo(LaunchConfiguration.java:490)
	at org.eclipse.debug.internal.core.LaunchConfiguration.getType(LaunchConfiguration.java:645)
	at org.eclipse.debug.internal.core.LaunchManager.isValid(LaunchManager.java:2091)
	at org.eclipse.debug.internal.core.LaunchManager.verifyConfigurations(LaunchManager.java:2462)
	at org.eclipse.debug.internal.core.LaunchManager.getAllLaunchConfigurations(LaunchManager.java:1140)
	at org.eclipse.debug.internal.core.LaunchManager.getLaunchConfigurations(LaunchManager.java:1444)
	at org.eclipse.debug.internal.core.LaunchManager.getLaunchConfigurations(LaunchManager.java:1439)
	at org.eclipse.launchbar.core.internal.LaunchBarManager.init(LaunchBarManager.java:130)
	at org.eclipse.launchbar.core.internal.LaunchBarManager$1.run(LaunchBarManager.java:96)
	at org.eclipse.core.internal.jobs.Worker.run(Worker.java:63)
Caused by: org.xml.sax.SAXParseException; lineNumber: 3; columnNumber: 66; 在实体引用中, 实体名称必须紧跟在 '&' 后面。
	at com.sun.org.apache.xerces.internal.util.ErrorHandlerWrapper.createSAXParseException(ErrorHandlerWrapper.java:203)
	at com.sun.org.apache.xerces.internal.util.ErrorHandlerWrapper.fatalError(ErrorHandlerWrapper.java:177)
	at com.sun.org.apache.xerces.internal.impl.XMLErrorReporter.reportError(XMLErrorReporter.java:400)
	at com.sun.org.apache.xerces.internal.impl.XMLErrorReporter.reportError(XMLErrorReporter.java:327)
	at com.sun.org.apache.xerces.internal.impl.XMLScanner.reportFatalError(XMLScanner.java:1472)
	at com.sun.org.apache.xerces.internal.impl.XMLScanner.scanAttributeValue(XMLScanner.java:908)
	at com.sun.org.apache.xerces.internal.impl.XMLDocumentFragmentScannerImpl.scanAttribute(XMLDocumentFragmentScannerImpl.java:1548)
	at com.sun.org.apache.xerces.internal.impl.XMLDocumentFragmentScannerImpl.scanStartElement(XMLDocumentFragmentScannerImpl.java:1315)
	at com.sun.org.apache.xerces.internal.impl.XMLDocumentFragmentScannerImpl$FragmentContentDriver.next(XMLDocumentFragmentScannerImpl.java:2784)
	at com.sun.org.apache.xerces.internal.impl.XMLDocumentScannerImpl.next(XMLDocumentScannerImpl.java:602)
	at com.sun.org.apache.xerces.internal.impl.XMLDocumentFragmentScannerImpl.scanDocument(XMLDocumentFragmentScannerImpl.java:505)
	at com.sun.org.apache.xerces.internal.parsers.XML11Configuration.parse(XML11Configuration.java:841)
	at com.sun.org.apache.xerces.internal.parsers.XML11Configuration.parse(XML11Configuration.java:770)
	at com.sun.org.apache.xerces.internal.parsers.XMLParser.parse(XMLParser.java:141)
	at com.sun.org.apache.xerces.internal.parsers.DOMParser.parse(DOMParser.java:243)
	at com.sun.org.apache.xerces.internal.jaxp.DocumentBuilderImpl.parse(DocumentBuilderImpl.java:339)
	at org.eclipse.debug.internal.core.LaunchManager.createInfoFromXML(LaunchManager.java:935)
	at org.eclipse.debug.internal.core.LaunchManager.getInfo(LaunchManager.java:1359)
	... 10 more
!SUBENTRY 1 org.eclipse.debug.core 4 5012 2026-07-28 11:20:40.766
!MESSAGE 读取启动配置文件 F:\code\vibe_project\rollerball\M33\libraries\components\mtb-device-support-pse8xxgp\make\make\scripts\interface_version_3\eclipse\CM33\flash\virgin\JLink\any\&&_PRJ_NAME&& Debug (JLink).launch 时发生了 org.xml.sax.SAXParseException; lineNumber: 3; columnNumber: 66; 在实体引用中, 实体名称必须紧跟在 '&' 后面。。
!STACK 0
org.xml.sax.SAXParseException; lineNumber: 3; columnNumber: 66; 在实体引用中, 实体名称必须紧跟在 '&' 后面。
	at com.sun.org.apache.xerces.internal.util.ErrorHandlerWrapper.createSAXParseException(ErrorHandlerWrapper.java:203)
	at com.sun.org.apache.xerces.internal.util.ErrorHandlerWrapper.fatalError(ErrorHandlerWrapper.java:177)
	at com.sun.org.apache.xerces.internal.impl.XMLErrorReporter.reportError(XMLErrorReporter.java:400)
	at com.sun.org.apache.xerces.internal.impl.XMLErrorReporter.reportError(XMLErrorReporter.java:327)
	at com.sun.org.apache.xerces.internal.impl.XMLScanner.reportFatalError(XMLScanner.java:1472)
	at com.sun.org.apache.xerces.internal.impl.XMLScanner.scanAttributeValue(XMLScanner.java:908)
	at com.sun.org.apache.xerces.internal.impl.XMLDocumentFragmentScannerImpl.scanAttribute(XMLDocumentFragmentScannerImpl.java:1548)
	at com.sun.org.apache.xerces.internal.impl.XMLDocumentFragmentScannerImpl.scanStartElement(XMLDocumentFragmentScannerImpl.java:1315)
	at com.sun.org.apache.xerces.internal.impl.XMLDocumentFragmentScannerImpl$FragmentContentDriver.next(XMLDocumentFragmentScannerImpl.java:2784)
	at com.sun.org.apache.xerces.internal.impl.XMLDocumentScannerImpl.next(XMLDocumentScannerImpl.java:602)
	at com.sun.org.apache.xerces.internal.impl.XMLDocumentFragmentScannerImpl.scanDocument(XMLDocumentFragmentScannerImpl.java:505)
	at com.sun.org.apache.xerces.internal.parsers.XML11Configuration.parse(XML11Configuration.java:841)
	at com.sun.org.apache.xerces.internal.parsers.XML11Configuration.parse(XML11Configuration.java:770)
	at com.sun.org.apache.xerces.internal.parsers.XMLParser.parse(XMLParser.java:141)
	at com.sun.org.apache.xerces.internal.parsers.DOMParser.parse(DOMParser.java:243)
	at com.sun.org.apache.xerces.internal.jaxp.DocumentBuilderImpl.parse(DocumentBuilderImpl.java:339)
	at org.eclipse.debug.internal.core.LaunchManager.createInfoFromXML(LaunchManager.java:935)
	at org.eclipse.debug.internal.core.LaunchManager.getInfo(LaunchManager.java:1359)
	at org.eclipse.debug.internal.core.LaunchConfiguration.getInfo(LaunchConfiguration.java:490)
	at org.eclipse.debug.internal.core.LaunchConfiguration.getType(LaunchConfiguration.java:645)
	at org.eclipse.debug.internal.core.LaunchManager.isValid(LaunchManager.java:2091)
	at org.eclipse.debug.internal.core.LaunchManager.verifyConfigurations(LaunchManager.java:2462)
	at org.eclipse.debug.internal.core.LaunchManager.getAllLaunchConfigurations(LaunchManager.java:1140)
	at org.eclipse.debug.internal.core.LaunchManager.getLaunchConfigurations(LaunchManager.java:1444)
	at org.eclipse.debug.internal.core.LaunchManager.getLaunchConfigurations(LaunchManager.java:1439)
	at org.eclipse.launchbar.core.internal.LaunchBarManager.init(LaunchBarManager.java:130)
	at org.eclipse.launchbar.core.internal.LaunchBarManager$1.run(LaunchBarManager.java:96)
	at org.eclipse.core.internal.jobs.Worker.run(Worker.java:63)

!ENTRY org.eclipse.debug.core 4 125 2026-07-28 11:20:40.770
!MESSAGE 调试核心所记录的错误：
!STACK 1
org.eclipse.debug.core.DebugException: 读取启动配置文件 F:\code\vibe_project\rollerball\M33\libraries\components\mtb-device-support-pse8xxgp\make\make\scripts\interface_version_3\eclipse\CM33\flash\virgin\JLink\any\&&_PRJ_NAME&& Erase All (JLink).launch 时发生了 org.xml.sax.SAXParseException; lineNumber: 3; columnNumber: 66; 在实体引用中, 实体名称必须紧跟在 '&' 后面。。
	at org.eclipse.debug.internal.core.LaunchManager.createDebugException(LaunchManager.java:886)
	at org.eclipse.debug.internal.core.LaunchManager.throwException(LaunchManager.java:2448)
	at org.eclipse.debug.internal.core.LaunchManager.getInfo(LaunchManager.java:1366)
	at org.eclipse.debug.internal.core.LaunchConfiguration.getInfo(LaunchConfiguration.java:490)
	at org.eclipse.debug.internal.core.LaunchConfiguration.getType(LaunchConfiguration.java:645)
	at org.eclipse.debug.internal.core.LaunchManager.isValid(LaunchManager.java:2091)
	at org.eclipse.debug.internal.core.LaunchManager.verifyConfigurations(LaunchManager.java:2462)
	at org.eclipse.debug.internal.core.LaunchManager.getAllLaunchConfigurations(LaunchManager.java:1140)
	at org.eclipse.debug.internal.core.LaunchManager.getLaunchConfigurations(LaunchManager.java:1444)
	at org.eclipse.debug.internal.core.LaunchManager.getLaunchConfigurations(LaunchManager.java:1439)
	at org.eclipse.launchbar.core.internal.LaunchBarManager.init(LaunchBarManager.java:130)
	at org.eclipse.launchbar.core.internal.LaunchBarManager$1.run(LaunchBarManager.java:96)
	at org.eclipse.core.internal.jobs.Worker.run(Worker.java:63)
Caused by: org.xml.sax.SAXParseException; lineNumber: 3; columnNumber: 66; 在实体引用中, 实体名称必须紧跟在 '&' 后面。
	at com.sun.org.apache.xerces.internal.util.ErrorHandlerWrapper.createSAXParseException(ErrorHandlerWrapper.java:203)
	at com.sun.org.apache.xerces.internal.util.ErrorHandlerWrapper.fatalError(ErrorHandlerWrapper.java:177)
	at com.sun.org.apache.xerces.internal.impl.XMLErrorReporter.reportError(XMLErrorReporter.java:400)
	at com.sun.org.apache.xerces.internal.impl.XMLErrorReporter.reportError(XMLErrorReporter.java:327)
	at com.sun.org.apache.xerces.internal.impl.XMLScanner.reportFatalError(XMLScanner.java:1472)
	at com.sun.org.apache.xerces.internal.impl.XMLScanner.scanAttributeValue(XMLScanner.java:908)
	at com.sun.org.apache.xerces.internal.impl.XMLDocumentFragmentScannerImpl.scanAttribute(XMLDocumentFragmentScannerImpl.java:1548)
	at com.sun.org.apache.xerces.internal.impl.XMLDocumentFragmentScannerImpl.scanStartElement(XMLDocumentFragmentScannerImpl.java:1315)
	at com.sun.org.apache.xerces.internal.impl.XMLDocumentFragmentScannerImpl$FragmentContentDriver.next(XMLDocumentFragmentScannerImpl.java:2784)
	at com.sun.org.apache.xerces.internal.impl.XMLDocumentScannerImpl.next(XMLDocumentScannerImpl.java:602)
	at com.sun.org.apache.xerces.internal.impl.XMLDocumentFragmentScannerImpl.scanDocument(XMLDocumentFragmentScannerImpl.java:505)
	at com.sun.org.apache.xerces.internal.parsers.XML11Configuration.parse(XML11Configuration.java:841)
	at com.sun.org.apache.xerces.internal.parsers.XML11Configuration.parse(XML11Configuration.java:770)
	at com.sun.org.apache.xerces.internal.parsers.XMLParser.parse(XMLParser.java:141)
	at com.sun.org.apache.xerces.internal.parsers.DOMParser.parse(DOMParser.java:243)
	at com.sun.org.apache.xerces.internal.jaxp.DocumentBuilderImpl.parse(DocumentBuilderImpl.java:339)
	at org.eclipse.debug.internal.core.LaunchManager.createInfoFromXML(LaunchManager.java:935)
	at org.eclipse.debug.internal.core.LaunchManager.getInfo(LaunchManager.java:1359)
	... 10 more
!SUBENTRY 1 org.eclipse.debug.core 4 5012 2026-07-28 11:20:40.770
!MESSAGE 读取启动配置文件 F:\code\vibe_project\rollerball\M33\libraries\components\mtb-device-support-pse8xxgp\make\make\scripts\interface_version_3\eclipse\CM33\flash\virgin\JLink\any\&&_PRJ_NAME&& Erase All (JLink).launch 时发生了 org.xml.sax.SAXParseException; lineNumber: 3; columnNumber: 66; 在实体引用中, 实体名称必须紧跟在 '&' 后面。。
!STACK 0
org.xml.sax.SAXParseException; lineNumber: 3; columnNumber: 66; 在实体引用中, 实体名称必须紧跟在 '&' 后面。
	at com.sun.org.apache.xerces.internal.util.ErrorHandlerWrapper.createSAXParseException(ErrorHandlerWrapper.java:203)
	at com.sun.org.apache.xerces.internal.util.ErrorHandlerWrapper.fatalError(ErrorHandlerWrapper.java:177)
	at com.sun.org.apache.xerces.internal.impl.XMLErrorReporter.reportError(XMLErrorReporter.java:400)
	at com.sun.org.apache.xerces.internal.impl.XMLErrorReporter.reportError(XMLErrorReporter.java:327)
	at com.sun.org.apache.xerces.internal.impl.XMLScanner.reportFatalError(XMLScanner.java:1472)
	at com.sun.org.apache.xerces.internal.impl.XMLScanner.scanAttributeValue(XMLScanner.java:908)
	at com.sun.org.apache.xerces.internal.impl.XMLDocumentFragmentScannerImpl.scanAttribute(XMLDocumentFragmentScannerImpl.java:1548)
	at com.sun.org.apache.xerces.internal.impl.XMLDocumentFragmentScannerImpl.scanStartElement(XMLDocumentFragmentScannerImpl.java:1315)
	at com.sun.org.apache.xerces.internal.impl.XMLDocumentFragmentScannerImpl$FragmentContentDriver.next(XMLDocumentFragmentScannerImpl.java:2784)
	at com.sun.org.apache.xerces.internal.impl.XMLDocumentScannerImpl.next(XMLDocumentScannerImpl.java:602)
	at com.sun.org.apache.xerces.internal.impl.XMLDocumentFragmentScannerImpl.scanDocument(XMLDocumentFragmentScannerImpl.java:505)
	at com.sun.org.apache.xerces.internal.parsers.XML11Configuration.parse(XML11Configuration.java:841)
	at com.sun.org.apache.xerces.internal.parsers.XML11Configuration.parse(XML11Configuration.java:770)
	at com.sun.org.apache.xerces.internal.parsers.XMLParser.parse(XMLParser.java:141)
	at com.sun.org.apache.xerces.internal.parsers.DOMParser.parse(DOMParser.java:243)
	at com.sun.org.apache.xerces.internal.jaxp.DocumentBuilderImpl.parse(DocumentBuilderImpl.java:339)
	at org.eclipse.debug.internal.core.LaunchManager.createInfoFromXML(LaunchManager.java:935)
	at org.eclipse.debug.internal.core.LaunchManager.getInfo(LaunchManager.java:1359)
	at org.eclipse.debug.internal.core.LaunchConfiguration.getInfo(LaunchConfiguration.java:490)
	at org.eclipse.debug.internal.core.LaunchConfiguration.getType(LaunchConfiguration.java:645)
	at org.eclipse.debug.internal.core.LaunchManager.isValid(LaunchManager.java:2091)
	at org.eclipse.debug.internal.core.LaunchManager.verifyConfigurations(LaunchManager.java:2462)
	at org.eclipse.debug.internal.core.LaunchManager.getAllLaunchConfigurations(LaunchManager.java:1140)
	at org.eclipse.debug.internal.core.LaunchManager.getLaunchConfigurations(LaunchManager.java:1444)
	at org.eclipse.debug.internal.core.LaunchManager.getLaunchConfigurations(LaunchManager.java:1439)
	at org.eclipse.launchbar.core.internal.LaunchBarManager.init(LaunchBarManager.java:130)
	at org.eclipse.launchbar.core.internal.LaunchBarManager$1.run(LaunchBarManager.java:96)
	at org.eclipse.core.internal.jobs.Worker.run(Worker.java:63)

!ENTRY org.eclipse.debug.core 4 125 2026-07-28 11:20:40.770
!MESSAGE 调试核心所记录的错误：
!STACK 1
org.eclipse.debug.core.DebugException: 读取启动配置文件 F:\code\vibe_project\rollerball\M33\libraries\components\mtb-device-support-pse8xxgp\make\make\scripts\interface_version_3\eclipse\CM33\flash\virgin\JLink\any\&&_PRJ_NAME&& Erase Device (JLink).launch 时发生了 org.xml.sax.SAXParseException; lineNumber: 3; columnNumber: 66; 在实体引用中, 实体名称必须紧跟在 '&' 后面。。
	at org.eclipse.debug.internal.core.LaunchManager.createDebugException(LaunchManager.java:886)
	at org.eclipse.debug.internal.core.LaunchManager.throwException(LaunchManager.java:2448)
	at org.eclipse.debug.internal.core.LaunchManager.getInfo(LaunchManager.java:1366)
	at org.eclipse.debug.internal.core.LaunchConfiguration.getInfo(LaunchConfiguration.java:490)
	at org.eclipse.debug.internal.core.LaunchConfiguration.getType(LaunchConfiguration.java:645)
	at org.eclipse.debug.internal.core.LaunchManager.isValid(LaunchManager.java:2091)
	at org.eclipse.debug.internal.core.LaunchManager.verifyConfigurations(LaunchManager.java:2462)
	at org.eclipse.debug.internal.core.LaunchManager.getAllLaunchConfigurations(LaunchManager.java:1140)
	at org.eclipse.debug.internal.core.LaunchManager.getLaunchConfigurations(LaunchManager.java:1444)
	at org.eclipse.debug.internal.core.LaunchManager.getLaunchConfigurations(LaunchManager.java:1439)
	at org.eclipse.launchbar.core.internal.LaunchBarManager.init(LaunchBarManager.java:130)
	at org.eclipse.launchbar.core.internal.LaunchBarManager$1.run(LaunchBarManager.java:96)
	at org.eclipse.core.internal.jobs.Worker.run(Worker.java:63)
Caused by: org.xml.sax.SAXParseException; lineNumber: 3; columnNumber: 66; 在实体引用中, 实体名称必须紧跟在 '&' 后面。
	at com.sun.org.apache.xerces.internal.util.ErrorHandlerWrapper.createSAXParseException(ErrorHandlerWrapper.java:203)
	at com.sun.org.apache.xerces.internal.util.ErrorHandlerWrapper.fatalError(ErrorHandlerWrapper.java:177)
	at com.sun.org.apache.xerces.internal.impl.XMLErrorReporter.reportError(XMLErrorReporter.java:400)
	at com.sun.org.apache.xerces.internal.impl.XMLErrorReporter.reportError(XMLErrorReporter.java:327)
	at com.sun.org.apache.xerces.internal.impl.XMLScanner.reportFatalError(XMLScanner.java:1472)
	at com.sun.org.apache.xerces.internal.impl.XMLScanner.scanAttributeValue(XMLScanner.java:908)
	at com.sun.org.apache.xerces.internal.impl.XMLDocumentFragmentScannerImpl.scanAttribute(XMLDocumentFragmentScannerImpl.java:1548)
	at com.sun.org.apache.xerces.internal.impl.XMLDocumentFragmentScannerImpl.scanStartElement(XMLDocumentFragmentScannerImpl.java:1315)
	at com.sun.org.apache.xerces.internal.impl.XMLDocumentFragmentScannerImpl$FragmentContentDriver.next(XMLDocumentFragmentScannerImpl.java:2784)
	at com.sun.org.apache.xerces.internal.impl.XMLDocumentScannerImpl.next(XMLDocumentScannerImpl.java:602)
	at com.sun.org.apache.xerces.internal.impl.XMLDocumentFragmentScannerImpl.scanDocument(XMLDocumentFragmentScannerImpl.java:505)
	at com.sun.org.apache.xerces.internal.parsers.XML11Configuration.parse(XML11Configuration.java:841)
	at com.sun.org.apache.xerces.internal.parsers.XML11Configuration.parse(XML11Configuration.java:770)
	at com.sun.org.apache.xerces.internal.parsers.XMLParser.parse(XMLParser.java:141)
	at com.sun.org.apache.xerces.internal.parsers.DOMParser.parse(DOMParser.java:243)
	at com.sun.org.apache.xerces.internal.jaxp.DocumentBuilderImpl.parse(DocumentBuilderImpl.java:339)
	at org.eclipse.debug.internal.core.LaunchManager.createInfoFromXML(LaunchManager.java:935)
	at org.eclipse.debug.internal.core.LaunchManager.getInfo(LaunchManager.java:1359)
	... 10 more
!SUBENTRY 1 org.eclipse.debug.core 4 5012 2026-07-28 11:20:40.770
!MESSAGE 读取启动配置文件 F:\code\vibe_project\rollerball\M33\libraries\components\mtb-device-support-pse8xxgp\make\make\scripts\interface_version_3\eclipse\CM33\flash\virgin\JLink\any\&&_PRJ_NAME&& Erase Device (JLink).launch 时发生了 org.xml.sax.SAXParseException; lineNumber: 3; columnNumber: 66; 在实体引用中, 实体名称必须紧跟在 '&' 后面。。
!STACK 0
org.xml.sax.SAXParseException; lineNumber: 3; columnNumber: 66; 在实体引用中, 实体名称必须紧跟在 '&' 后面。
	at com.sun.org.apache.xerces.internal.util.ErrorHandlerWrapper.createSAXParseException(ErrorHandlerWrapper.java:203)
	at com.sun.org.apache.xerces.internal.util.ErrorHandlerWrapper.fatalError(ErrorHandlerWrapper.java:177)
	at com.sun.org.apache.xerces.internal.impl.XMLErrorReporter.reportError(XMLErrorReporter.java:400)
	at com.sun.org.apache.xerces.internal.impl.XMLErrorReporter.reportError(XMLErrorReporter.java:327)
	at com.sun.org.apache.xerces.internal.impl.XMLScanner.reportFatalError(XMLScanner.java:1472)
	at com.sun.org.apache.xerces.internal.impl.XMLScanner.scanAttributeValue(XMLScanner.java:908)
	at com.sun.org.apache.xerces.internal.impl.XMLDocumentFragmentScannerImpl.scanAttribute(XMLDocumentFragmentScannerImpl.java:1548)
	at com.sun.org.apache.xerces.internal.impl.XMLDocumentFragmentScannerImpl.scanStartElement(XMLDocumentFragmentScannerImpl.java:1315)
	at com.sun.org.apache.xerces.internal.impl.XMLDocumentFragmentScannerImpl$FragmentContentDriver.next(XMLDocumentFragmentScannerImpl.java:2784)
	at com.sun.org.apache.xerces.internal.impl.XMLDocumentScannerImpl.next(XMLDocumentScannerImpl.java:602)
	at com.sun.org.apache.xerces.internal.impl.XMLDocumentFragmentScannerImpl.scanDocument(XMLDocumentFragmentScannerImpl.java:505)
	at com.sun.org.apache.xerces.internal.parsers.XML11Configuration.parse(XML11Configuration.java:841)
	at com.sun.org.apache.xerces.internal.parsers.XML11Configuration.parse(XML11Configuration.java:770)
	at com.sun.org.apache.xerces.internal.parsers.XMLParser.parse(XMLParser.java:141)
	at com.sun.org.apache.xerces.internal.parsers.DOMParser.parse(DOMParser.java:243)
	at com.sun.org.apache.xerces.internal.jaxp.DocumentBuilderImpl.parse(DocumentBuilderImpl.java:339)
	at org.eclipse.debug.internal.core.LaunchManager.createInfoFromXML(LaunchManager.java:935)
	at org.eclipse.debug.internal.core.LaunchManager.getInfo(LaunchManager.java:1359)
	at org.eclipse.debug.internal.core.LaunchConfiguration.getInfo(LaunchConfiguration.java:490)
	at org.eclipse.debug.internal.core.LaunchConfiguration.getType(LaunchConfiguration.java:645)
	at org.eclipse.debug.internal.core.LaunchManager.isValid(LaunchManager.java:2091)
	at org.eclipse.debug.internal.core.LaunchManager.verifyConfigurations(LaunchManager.java:2462)
	at org.eclipse.debug.internal.core.LaunchManager.getAllLaunchConfigurations(LaunchManager.java:1140)
	at org.eclipse.debug.internal.core.LaunchManager.getLaunchConfigurations(LaunchManager.java:1444)
	at org.eclipse.debug.internal.core.LaunchManager.getLaunchConfigurations(LaunchManager.java:1439)
	at org.eclipse.launchbar.core.internal.LaunchBarManager.init(LaunchBarManager.java:130)
	at org.eclipse.launchbar.core.internal.LaunchBarManager$1.run(LaunchBarManager.java:96)
	at org.eclipse.core.internal.jobs.Worker.run(Worker.java:63)

!ENTRY org.eclipse.debug.core 4 125 2026-07-28 11:20:40.775
!MESSAGE 调试核心所记录的错误：
!STACK 1
org.eclipse.debug.core.DebugException: 读取启动配置文件 F:\code\vibe_project\rollerball\M33\libraries\components\mtb-device-support-pse8xxgp\make\make\scripts\interface_version_3\eclipse\CM33\flash\virgin\JLink\combine_sign\Debug (JLink).launch 时发生了 org.xml.sax.SAXParseException; lineNumber: 3; columnNumber: 66; 在实体引用中, 实体名称必须紧跟在 '&' 后面。。
	at org.eclipse.debug.internal.core.LaunchManager.createDebugException(LaunchManager.java:886)
	at org.eclipse.debug.internal.core.LaunchManager.throwException(LaunchManager.java:2448)
	at org.eclipse.debug.internal.core.LaunchManager.getInfo(LaunchManager.java:1366)
	at org.eclipse.debug.internal.core.LaunchConfiguration.getInfo(LaunchConfiguration.java:490)
	at org.eclipse.debug.internal.core.LaunchConfiguration.getType(LaunchConfiguration.java:645)
	at org.eclipse.debug.internal.core.LaunchManager.isValid(LaunchManager.java:2091)
	at org.eclipse.debug.internal.core.LaunchManager.verifyConfigurations(LaunchManager.java:2462)
	at org.eclipse.debug.internal.core.LaunchManager.getAllLaunchConfigurations(LaunchManager.java:1140)
	at org.eclipse.debug.internal.core.LaunchManager.getLaunchConfigurations(LaunchManager.java:1444)
	at org.eclipse.debug.internal.core.LaunchManager.getLaunchConfigurations(LaunchManager.java:1439)
	at org.eclipse.launchbar.core.internal.LaunchBarManager.init(LaunchBarManager.java:130)
	at org.eclipse.launchbar.core.internal.LaunchBarManager$1.run(LaunchBarManager.java:96)
	at org.eclipse.core.internal.jobs.Worker.run(Worker.java:63)
Caused by: org.xml.sax.SAXParseException; lineNumber: 3; columnNumber: 66; 在实体引用中, 实体名称必须紧跟在 '&' 后面。
	at com.sun.org.apache.xerces.internal.util.ErrorHandlerWrapper.createSAXParseException(ErrorHandlerWrapper.java:203)
	at com.sun.org.apache.xerces.internal.util.ErrorHandlerWrapper.fatalError(ErrorHandlerWrapper.java:177)
	at com.sun.org.apache.xerces.internal.impl.XMLErrorReporter.reportError(XMLErrorReporter.java:400)
	at com.sun.org.apache.xerces.internal.impl.XMLErrorReporter.reportError(XMLErrorReporter.java:327)
	at com.sun.org.apache.xerces.internal.impl.XMLScanner.reportFatalError(XMLScanner.java:1472)
	at com.sun.org.apache.xerces.internal.impl.XMLScanner.scanAttributeValue(XMLScanner.java:908)
	at com.sun.org.apache.xerces.internal.impl.XMLDocumentFragmentScannerImpl.scanAttribute(XMLDocumentFragmentScannerImpl.java:1548)
	at com.sun.org.apache.xerces.internal.impl.XMLDocumentFragmentScannerImpl.scanStartElement(XMLDocumentFragmentScannerImpl.java:1315)
	at com.sun.org.apache.xerces.internal.impl.XMLDocumentFragmentScannerImpl$FragmentContentDriver.next(XMLDocumentFragmentScannerImpl.java:2784)
	at com.sun.org.apache.xerces.internal.impl.XMLDocumentScannerImpl.next(XMLDocumentScannerImpl.java:602)
	at com.sun.org.apache.xerces.internal.impl.XMLDocumentFragmentScannerImpl.scanDocument(XMLDocumentFragmentScannerImpl.java:505)
	at com.sun.org.apache.xerces.internal.parsers.XML11Configuration.parse(XML11Configuration.java:841)
	at com.sun.org.apache.xerces.internal.parsers.XML11Configuration.parse(XML11Configuration.java:770)
	at com.sun.org.apache.xerces.internal.parsers.XMLParser.parse(XMLParser.java:141)
	at com.sun.org.apache.xerces.internal.parsers.DOMParser.parse(DOMParser.java:243)
	at com.sun.org.apache.xerces.internal.jaxp.DocumentBuilderImpl.parse(DocumentBuilderImpl.java:339)
	at org.eclipse.debug.internal.core.LaunchManager.createInfoFromXML(LaunchManager.java:935)
	at org.eclipse.debug.internal.core.LaunchManager.getInfo(LaunchManager.java:1359)
	... 10 more
!SUBENTRY 1 org.eclipse.debug.core 4 5012 2026-07-28 11:20:40.775
!MESSAGE 读取启动配置文件 F:\code\vibe_project\rollerball\M33\libraries\components\mtb-device-support-pse8xxgp\make\make\scripts\interface_version_3\eclipse\CM33\flash\virgin\JLink\combine_sign\Debug (JLink).launch 时发生了 org.xml.sax.SAXParseException; lineNumber: 3; columnNumber: 66; 在实体引用中, 实体名称必须紧跟在 '&' 后面。。
!STACK 0
org.xml.sax.SAXParseException; lineNumber: 3; columnNumber: 66; 在实体引用中, 实体名称必须紧跟在 '&' 后面。
	at com.sun.org.apache.xerces.internal.util.ErrorHandlerWrapper.createSAXParseException(ErrorHandlerWrapper.java:203)
	at com.sun.org.apache.xerces.internal.util.ErrorHandlerWrapper.fatalError(ErrorHandlerWrapper.java:177)
	at com.sun.org.apache.xerces.internal.impl.XMLErrorReporter.reportError(XMLErrorReporter.java:400)
	at com.sun.org.apache.xerces.internal.impl.XMLErrorReporter.reportError(XMLErrorReporter.java:327)
	at com.sun.org.apache.xerces.internal.impl.XMLScanner.reportFatalError(XMLScanner.java:1472)
	at com.sun.org.apache.xerces.internal.impl.XMLScanner.scanAttributeValue(XMLScanner.java:908)
	at com.sun.org.apache.xerces.internal.impl.XMLDocumentFragmentScannerImpl.scanAttribute(XMLDocumentFragmentScannerImpl.java:1548)
	at com.sun.org.apache.xerces.internal.impl.XMLDocumentFragmentScannerImpl.scanStartElement(XMLDocumentFragmentScannerImpl.java:1315)
	at com.sun.org.apache.xerces.internal.impl.XMLDocumentFragmentScannerImpl$FragmentContentDriver.next(XMLDocumentFragmentScannerImpl.java:2784)
	at com.sun.org.apache.xerces.internal.impl.XMLDocumentScannerImpl.next(XMLDocumentScannerImpl.java:602)
	at com.sun.org.apache.xerces.internal.impl.XMLDocumentFragmentScannerImpl.scanDocument(XMLDocumentFragmentScannerImpl.java:505)
	at com.sun.org.apache.xerces.internal.parsers.XML11Configuration.parse(XML11Configuration.java:841)
	at com.sun.org.apache.xerces.internal.parsers.XML11Configuration.parse(XML11Configuration.java:770)
	at com.sun.org.apache.xerces.internal.parsers.XMLParser.parse(XMLParser.java:141)
	at com.sun.org.apache.xerces.internal.parsers.DOMParser.parse(DOMParser.java:243)
	at com.sun.org.apache.xerces.internal.jaxp.DocumentBuilderImpl.parse(DocumentBuilderImpl.java:339)
	at org.eclipse.debug.internal.core.LaunchManager.createInfoFromXML(LaunchManager.java:935)
	at org.eclipse.debug.internal.core.LaunchManager.getInfo(LaunchManager.java:1359)
	at org.eclipse.debug.internal.core.LaunchConfiguration.getInfo(LaunchConfiguration.java:490)
	at org.eclipse.debug.internal.core.LaunchConfiguration.getType(LaunchConfiguration.java:645)
	at org.eclipse.debug.internal.core.LaunchManager.isValid(LaunchManager.java:2091)
	at org.eclipse.debug.internal.core.LaunchManager.verifyConfigurations(LaunchManager.java:2462)
	at org.eclipse.debug.internal.core.LaunchManager.getAllLaunchConfigurations(LaunchManager.java:1140)
	at org.eclipse.debug.internal.core.LaunchManager.getLaunchConfigurations(LaunchManager.java:1444)
	at org.eclipse.debug.internal.core.LaunchManager.getLaunchConfigurations(LaunchManager.java:1439)
	at org.eclipse.launchbar.core.internal.LaunchBarManager.init(LaunchBarManager.java:130)
	at org.eclipse.launchbar.core.internal.LaunchBarManager$1.run(LaunchBarManager.java:96)
	at org.eclipse.core.internal.jobs.Worker.run(Worker.java:63)

!ENTRY org.eclipse.debug.core 4 125 2026-07-28 11:20:40.775
!MESSAGE 调试核心所记录的错误：
!STACK 1
org.eclipse.debug.core.DebugException: 读取启动配置文件 F:\code\vibe_project\rollerball\M33\libraries\components\mtb-device-support-pse8xxgp\make\make\scripts\interface_version_3\eclipse\CM33\flash\virgin\JLink\multi\&&_PRJ_NAME&& Debug Multicore (JLink).launch 时发生了 org.xml.sax.SAXParseException; lineNumber: 3; columnNumber: 66; 在实体引用中, 实体名称必须紧跟在 '&' 后面。。
	at org.eclipse.debug.internal.core.LaunchManager.createDebugException(LaunchManager.java:886)
	at org.eclipse.debug.internal.core.LaunchManager.throwException(LaunchManager.java:2448)
	at org.eclipse.debug.internal.core.LaunchManager.getInfo(LaunchManager.java:1366)
	at org.eclipse.debug.internal.core.LaunchConfiguration.getInfo(LaunchConfiguration.java:490)
	at org.eclipse.debug.internal.core.LaunchConfiguration.getType(LaunchConfiguration.java:645)
	at org.eclipse.debug.internal.core.LaunchManager.isValid(LaunchManager.java:2091)
	at org.eclipse.debug.internal.core.LaunchManager.verifyConfigurations(LaunchManager.java:2462)
	at org.eclipse.debug.internal.core.LaunchManager.getAllLaunchConfigurations(LaunchManager.java:1140)
	at org.eclipse.debug.internal.core.LaunchManager.getLaunchConfigurations(LaunchManager.java:1444)
	at org.eclipse.debug.internal.core.LaunchManager.getLaunchConfigurations(LaunchManager.java:1439)
	at org.eclipse.launchbar.core.internal.LaunchBarManager.init(LaunchBarManager.java:130)
	at org.eclipse.launchbar.core.internal.LaunchBarManager$1.run(LaunchBarManager.java:96)
	at org.eclipse.core.internal.jobs.Worker.run(Worker.java:63)
Caused by: org.xml.sax.SAXParseException; lineNumber: 3; columnNumber: 66; 在实体引用中, 实体名称必须紧跟在 '&' 后面。
	at com.sun.org.apache.xerces.internal.util.ErrorHandlerWrapper.createSAXParseException(ErrorHandlerWrapper.java:203)
	at com.sun.org.apache.xerces.internal.util.ErrorHandlerWrapper.fatalError(ErrorHandlerWrapper.java:177)
	at com.sun.org.apache.xerces.internal.impl.XMLErrorReporter.reportError(XMLErrorReporter.java:400)
	at com.sun.org.apache.xerces.internal.impl.XMLErrorReporter.reportError(XMLErrorReporter.java:327)
	at com.sun.org.apache.xerces.internal.impl.XMLScanner.reportFatalError(XMLScanner.java:1472)
	at com.sun.org.apache.xerces.internal.impl.XMLScanner.scanAttributeValue(XMLScanner.java:908)
	at com.sun.org.apache.xerces.internal.impl.XMLDocumentFragmentScannerImpl.scanAttribute(XMLDocumentFragmentScannerImpl.java:1548)
	at com.sun.org.apache.xerces.internal.impl.XMLDocumentFragmentScannerImpl.scanStartElement(XMLDocumentFragmentScannerImpl.java:1315)
	at com.sun.org.apache.xerces.internal.impl.XMLDocumentFragmentScannerImpl$FragmentContentDriver.next(XMLDocumentFragmentScannerImpl.java:2784)
	at com.sun.org.apache.xerces.internal.impl.XMLDocumentScannerImpl.next(XMLDocumentScannerImpl.java:602)
	at com.sun.org.apache.xerces.internal.impl.XMLDocumentFragmentScannerImpl.scanDocument(XMLDocumentFragmentScannerImpl.java:505)
	at com.sun.org.apache.xerces.internal.parsers.XML11Configuration.parse(XML11Configuration.java:841)
	at com.sun.org.apache.xerces.internal.parsers.XML11Configuration.parse(XML11Configuration.java:770)
	at com.sun.org.apache.xerces.internal.parsers.XMLParser.parse(XMLParser.java:141)
	at com.sun.org.apache.xerces.internal.parsers.DOMParser.parse(DOMParser.java:243)
	at com.sun.org.apache.xerces.internal.jaxp.DocumentBuilderImpl.parse(DocumentBuilderImpl.java:339)
	at org.eclipse.debug.internal.core.LaunchManager.createInfoFromXML(LaunchManager.java:935)
	at org.eclipse.debug.internal.core.LaunchManager.getInfo(LaunchManager.java:1359)
	... 10 more
!SUBENTRY 1 org.eclipse.debug.core 4 5012 2026-07-28 11:20:40.775
!MESSAGE 读取启动配置文件 F:\code\vibe_project\rollerball\M33\libraries\components\mtb-device-support-pse8xxgp\make\make\scripts\interface_version_3\eclipse\CM33\flash\virgin\JLink\multi\&&_PRJ_NAME&& Debug Multicore (JLink).launch 时发生了 org.xml.sax.SAXParseException; lineNumber: 3; columnNumber: 66; 在实体引用中, 实体名称必须紧跟在 '&' 后面。。
!STACK 0
org.xml.sax.SAXParseException; lineNumber: 3; columnNumber: 66; 在实体引用中, 实体名称必须紧跟在 '&' 后面。
	at com.sun.org.apache.xerces.internal.util.ErrorHandlerWrapper.createSAXParseException(ErrorHandlerWrapper.java:203)
	at com.sun.org.apache.xerces.internal.util.ErrorHandlerWrapper.fatalError(ErrorHandlerWrapper.java:177)
	at com.sun.org.apache.xerces.internal.impl.XMLErrorReporter.reportError(XMLErrorReporter.java:400)
	at com.sun.org.apache.xerces.internal.impl.XMLErrorReporter.reportError(XMLErrorReporter.java:327)
	at com.sun.org.apache.xerces.internal.impl.XMLScanner.reportFatalError(XMLScanner.java:1472)
	at com.sun.org.apache.xerces.internal.impl.XMLScanner.scanAttributeValue(XMLScanner.java:908)
	at com.sun.org.apache.xerces.internal.impl.XMLDocumentFragmentScannerImpl.scanAttribute(XMLDocumentFragmentScannerImpl.java:1548)
	at com.sun.org.apache.xerces.internal.impl.XMLDocumentFragmentScannerImpl.scanStartElement(XMLDocumentFragmentScannerImpl.java:1315)
	at com.sun.org.apache.xerces.internal.impl.XMLDocumentFragmentScannerImpl$FragmentContentDriver.next(XMLDocumentFragmentScannerImpl.java:2784)
	at com.sun.org.apache.xerces.internal.impl.XMLDocumentScannerImpl.next(XMLDocumentScannerImpl.java:602)
	at com.sun.org.apache.xerces.internal.impl.XMLDocumentFragmentScannerImpl.scanDocument(XMLDocumentFragmentScannerImpl.java:505)
	at com.sun.org.apache.xerces.internal.parsers.XML11Configuration.parse(XML11Configuration.java:841)
	at com.sun.org.apache.xerces.internal.parsers.XML11Configuration.parse(XML11Configuration.java:770)
	at com.sun.org.apache.xerces.internal.parsers.XMLParser.parse(XMLParser.java:141)
	at com.sun.org.apache.xerces.internal.parsers.DOMParser.parse(DOMParser.java:243)
	at com.sun.org.apache.xerces.internal.jaxp.DocumentBuilderImpl.parse(DocumentBuilderImpl.java:339)
	at org.eclipse.debug.internal.core.LaunchManager.createInfoFromXML(LaunchManager.java:935)
	at org.eclipse.debug.internal.core.LaunchManager.getInfo(LaunchManager.java:1359)
	at org.eclipse.debug.internal.core.LaunchConfiguration.getInfo(LaunchConfiguration.java:490)
	at org.eclipse.debug.internal.core.LaunchConfiguration.getType(LaunchConfiguration.java:645)
	at org.eclipse.debug.internal.core.LaunchManager.isValid(LaunchManager.java:2091)
	at org.eclipse.debug.internal.core.LaunchManager.verifyConfigurations(LaunchManager.java:2462)
	at org.eclipse.debug.internal.core.LaunchManager.getAllLaunchConfigurations(LaunchManager.java:1140)
	at org.eclipse.debug.internal.core.LaunchManager.getLaunchConfigurations(LaunchManager.java:1444)
	at org.eclipse.debug.internal.core.LaunchManager.getLaunchConfigurations(LaunchManager.java:1439)
	at org.eclipse.launchbar.core.internal.LaunchBarManager.init(LaunchBarManager.java:130)
	at org.eclipse.launchbar.core.internal.LaunchBarManager$1.run(LaunchBarManager.java:96)
	at org.eclipse.core.internal.jobs.Worker.run(Worker.java:63)

!ENTRY org.eclipse.debug.core 4 125 2026-07-28 11:20:40.779
!MESSAGE 调试核心所记录的错误：
!STACK 1
org.eclipse.debug.core.DebugException: 读取启动配置文件 F:\code\vibe_project\rollerball\M33\libraries\components\mtb-device-support-pse8xxgp\make\make\scripts\interface_version_3\eclipse\CM33\flash\virgin\JLink\single\&&_PRJ_NAME&& Program (JLink).launch 时发生了 org.xml.sax.SAXParseException; lineNumber: 3; columnNumber: 66; 在实体引用中, 实体名称必须紧跟在 '&' 后面。。
	at org.eclipse.debug.internal.core.LaunchManager.createDebugException(LaunchManager.java:886)
	at org.eclipse.debug.internal.core.LaunchManager.throwException(LaunchManager.java:2448)
	at org.eclipse.debug.internal.core.LaunchManager.getInfo(LaunchManager.java:1366)
	at org.eclipse.debug.internal.core.LaunchConfiguration.getInfo(LaunchConfiguration.java:490)
	at org.eclipse.debug.internal.core.LaunchConfiguration.getType(LaunchConfiguration.java:645)
	at org.eclipse.debug.internal.core.LaunchManager.isValid(LaunchManager.java:2091)
	at org.eclipse.debug.internal.core.LaunchManager.verifyConfigurations(LaunchManager.java:2462)
	at org.eclipse.debug.internal.core.LaunchManager.getAllLaunchConfigurations(LaunchManager.java:1140)
	at org.eclipse.debug.internal.core.LaunchManager.getLaunchConfigurations(LaunchManager.java:1444)
	at org.eclipse.debug.internal.core.LaunchManager.getLaunchConfigurations(LaunchManager.java:1439)
	at org.eclipse.launchbar.core.internal.LaunchBarManager.init(LaunchBarManager.java:130)
	at org.eclipse.launchbar.core.internal.LaunchBarManager$1.run(LaunchBarManager.java:96)
	at org.eclipse.core.internal.jobs.Worker.run(Worker.java:63)
Caused by: org.xml.sax.SAXParseException; lineNumber: 3; columnNumber: 66; 在实体引用中, 实体名称必须紧跟在 '&' 后面。
	at com.sun.org.apache.xerces.internal.util.ErrorHandlerWrapper.createSAXParseException(ErrorHandlerWrapper.java:203)
	at com.sun.org.apache.xerces.internal.util.ErrorHandlerWrapper.fatalError(ErrorHandlerWrapper.java:177)
	at com.sun.org.apache.xerces.internal.impl.XMLErrorReporter.reportError(XMLErrorReporter.java:400)
	at com.sun.org.apache.xerces.internal.impl.XMLErrorReporter.reportError(XMLErrorReporter.java:327)
	at com.sun.org.apache.xerces.internal.impl.XMLScanner.reportFatalError(XMLScanner.java:1472)
	at com.sun.org.apache.xerces.internal.impl.XMLScanner.scanAttributeValue(XMLScanner.java:908)
	at com.sun.org.apache.xerces.internal.impl.XMLDocumentFragmentScannerImpl.scanAttribute(XMLDocumentFragmentScannerImpl.java:1548)
	at com.sun.org.apache.xerces.internal.impl.XMLDocumentFragmentScannerImpl.scanStartElement(XMLDocumentFragmentScannerImpl.java:1315)
	at com.sun.org.apache.xerces.internal.impl.XMLDocumentFragmentScannerImpl$FragmentContentDriver.next(XMLDocumentFragmentScannerImpl.java:2784)
	at com.sun.org.apache.xerces.internal.impl.XMLDocumentScannerImpl.next(XMLDocumentScannerImpl.java:602)
	at com.sun.org.apache.xerces.internal.impl.XMLDocumentFragmentScannerImpl.scanDocument(XMLDocumentFragmentScannerImpl.java:505)
	at com.sun.org.apache.xerces.internal.parsers.XML11Configuration.parse(XML11Configuration.java:841)
	at com.sun.org.apache.xerces.internal.parsers.XML11Configuration.parse(XML11Configuration.java:770)
	at com.sun.org.apache.xerces.internal.parsers.XMLParser.parse(XMLParser.java:141)
	at com.sun.org.apache.xerces.internal.parsers.DOMParser.parse(DOMParser.java:243)
	at com.sun.org.apache.xerces.internal.jaxp.DocumentBuilderImpl.parse(DocumentBuilderImpl.java:339)
	at org.eclipse.debug.internal.core.LaunchManager.createInfoFromXML(LaunchManager.java:935)
	at org.eclipse.debug.internal.core.LaunchManager.getInfo(LaunchManager.java:1359)
	... 10 more
!SUBENTRY 1 org.eclipse.debug.core 4 5012 2026-07-28 11:20:40.779
!MESSAGE 读取启动配置文件 F:\code\vibe_project\rollerball\M33\libraries\components\mtb-device-support-pse8xxgp\make\make\scripts\interface_version_3\eclipse\CM33\flash\virgin\JLink\single\&&_PRJ_NAME&& Program (JLink).launch 时发生了 org.xml.sax.SAXParseException; lineNumber: 3; columnNumber: 66; 在实体引用中, 实体名称必须紧跟在 '&' 后面。。
!STACK 0
org.xml.sax.SAXParseException; lineNumber: 3; columnNumber: 66; 在实体引用中, 实体名称必须紧跟在 '&' 后面。
	at com.sun.org.apache.xerces.internal.util.ErrorHandlerWrapper.createSAXParseException(ErrorHandlerWrapper.java:203)
	at com.sun.org.apache.xerces.internal.util.ErrorHandlerWrapper.fatalError(ErrorHandlerWrapper.java:177)
	at com.sun.org.apache.xerces.internal.impl.XMLErrorReporter.reportError(XMLErrorReporter.java:400)
	at com.sun.org.apache.xerces.internal.impl.XMLErrorReporter.reportError(XMLErrorReporter.java:327)
	at com.sun.org.apache.xerces.internal.impl.XMLScanner.reportFatalError(XMLScanner.java:1472)
	at com.sun.org.apache.xerces.internal.impl.XMLScanner.scanAttributeValue(XMLScanner.java:908)
	at com.sun.org.apache.xerces.internal.impl.XMLDocumentFragmentScannerImpl.scanAttribute(XMLDocumentFragmentScannerImpl.java:1548)
	at com.sun.org.apache.xerces.internal.impl.XMLDocumentFragmentScannerImpl.scanStartElement(XMLDocumentFragmentScannerImpl.java:1315)
	at com.sun.org.apache.xerces.internal.impl.XMLDocumentFragmentScannerImpl$FragmentContentDriver.next(XMLDocumentFragmentScannerImpl.java:2784)
	at com.sun.org.apache.xerces.internal.impl.XMLDocumentScannerImpl.next(XMLDocumentScannerImpl.java:602)
	at com.sun.org.apache.xerces.internal.impl.XMLDocumentFragmentScannerImpl.scanDocument(XMLDocumentFragmentScannerImpl.java:505)
	at com.sun.org.apache.xerces.internal.parsers.XML11Configuration.parse(XML11Configuration.java:841)
	at com.sun.org.apache.xerces.internal.parsers.XML11Configuration.parse(XML11Configuration.java:770)
	at com.sun.org.apache.xerces.internal.parsers.XMLParser.parse(XMLParser.java:141)
	at com.sun.org.apache.xerces.internal.parsers.DOMParser.parse(DOMParser.java:243)
	at com.sun.org.apache.xerces.internal.jaxp.DocumentBuilderImpl.parse(DocumentBuilderImpl.java:339)
	at org.eclipse.debug.internal.core.LaunchManager.createInfoFromXML(LaunchManager.java:935)
	at org.eclipse.debug.internal.core.LaunchManager.getInfo(LaunchManager.java:1359)
	at org.eclipse.debug.internal.core.LaunchConfiguration.getInfo(LaunchConfiguration.java:490)
	at org.eclipse.debug.internal.core.LaunchConfiguration.getType(LaunchConfiguration.java:645)
	at org.eclipse.debug.internal.core.LaunchManager.isValid(LaunchManager.java:2091)
	at org.eclipse.debug.internal.core.LaunchManager.verifyConfigurations(LaunchManager.java:2462)
	at org.eclipse.debug.internal.core.LaunchManager.getAllLaunchConfigurations(LaunchManager.java:1140)
	at org.eclipse.debug.internal.core.LaunchManager.getLaunchConfigurations(LaunchManager.java:1444)
	at org.eclipse.debug.internal.core.LaunchManager.getLaunchConfigurations(LaunchManager.java:1439)
	at org.eclipse.launchbar.core.internal.LaunchBarManager.init(LaunchBarManager.java:130)
	at org.eclipse.launchbar.core.internal.LaunchBarManager$1.run(LaunchBarManager.java:96)
	at org.eclipse.core.internal.jobs.Worker.run(Worker.java:63)

!ENTRY org.eclipse.debug.core 4 125 2026-07-28 11:20:40.781
!MESSAGE 调试核心所记录的错误：
!STACK 1
org.eclipse.debug.core.DebugException: 读取启动配置文件 F:\code\vibe_project\rollerball\M33\libraries\components\mtb-device-support-pse8xxgp\make\make\scripts\interface_version_3\eclipse\CM33\flash\virgin\KitProg3\any\&&_PRJ_NAME&& Attach (KitProg3_MiniProg4).launch 时发生了 org.xml.sax.SAXParseException; lineNumber: 3; columnNumber: 66; 在实体引用中, 实体名称必须紧跟在 '&' 后面。。
	at org.eclipse.debug.internal.core.LaunchManager.createDebugException(LaunchManager.java:886)
	at org.eclipse.debug.internal.core.LaunchManager.throwException(LaunchManager.java:2448)
	at org.eclipse.debug.internal.core.LaunchManager.getInfo(LaunchManager.java:1366)
	at org.eclipse.debug.internal.core.LaunchConfiguration.getInfo(LaunchConfiguration.java:490)
	at org.eclipse.debug.internal.core.LaunchConfiguration.getType(LaunchConfiguration.java:645)
	at org.eclipse.debug.internal.core.LaunchManager.isValid(LaunchManager.java:2091)
	at org.eclipse.debug.internal.core.LaunchManager.verifyConfigurations(LaunchManager.java:2462)
	at org.eclipse.debug.internal.core.LaunchManager.getAllLaunchConfigurations(LaunchManager.java:1140)
	at org.eclipse.debug.internal.core.LaunchManager.getLaunchConfigurations(LaunchManager.java:1444)
	at org.eclipse.debug.internal.core.LaunchManager.getLaunchConfigurations(LaunchManager.java:1439)
	at org.eclipse.launchbar.core.internal.LaunchBarManager.init(LaunchBarManager.java:130)
	at org.eclipse.launchbar.core.internal.LaunchBarManager$1.run(LaunchBarManager.java:96)
	at org.eclipse.core.internal.jobs.Worker.run(Worker.java:63)
Caused by: org.xml.sax.SAXParseException; lineNumber: 3; columnNumber: 66; 在实体引用中, 实体名称必须紧跟在 '&' 后面。
	at com.sun.org.apache.xerces.internal.util.ErrorHandlerWrapper.createSAXParseException(ErrorHandlerWrapper.java:203)
	at com.sun.org.apache.xerces.internal.util.ErrorHandlerWrapper.fatalError(ErrorHandlerWrapper.java:177)
	at com.sun.org.apache.xerces.internal.impl.XMLErrorReporter.reportError(XMLErrorReporter.java:400)
	at com.sun.org.apache.xerces.internal.impl.XMLErrorReporter.reportError(XMLErrorReporter.java:327)
	at com.sun.org.apache.xerces.internal.impl.XMLScanner.reportFatalError(XMLScanner.java:1472)
	at com.sun.org.apache.xerces.internal.impl.XMLScanner.scanAttributeValue(XMLScanner.java:908)
	at com.sun.org.apache.xerces.internal.impl.XMLDocumentFragmentScannerImpl.scanAttribute(XMLDocumentFragmentScannerImpl.java:1548)
	at com.sun.org.apache.xerces.internal.impl.XMLDocumentFragmentScannerImpl.scanStartElement(XMLDocumentFragmentScannerImpl.java:1315)
	at com.sun.org.apache.xerces.internal.impl.XMLDocumentFragmentScannerImpl$FragmentContentDriver.next(XMLDocumentFragmentScannerImpl.java:2784)
	at com.sun.org.apache.xerces.internal.impl.XMLDocumentScannerImpl.next(XMLDocumentScannerImpl.java:602)
	at com.sun.org.apache.xerces.internal.impl.XMLDocumentFragmentScannerImpl.scanDocument(XMLDocumentFragmentScannerImpl.java:505)
	at com.sun.org.apache.xerces.internal.parsers.XML11Configuration.parse(XML11Configuration.java:841)
	at com.sun.org.apache.xerces.internal.parsers.XML11Configuration.parse(XML11Configuration.java:770)
	at com.sun.org.apache.xerces.internal.parsers.XMLParser.parse(XMLParser.java:141)
	at com.sun.org.apache.xerces.internal.parsers.DOMParser.parse(DOMParser.java:243)
	at com.sun.org.apache.xerces.internal.jaxp.DocumentBuilderImpl.parse(DocumentBuilderImpl.java:339)
	at org.eclipse.debug.internal.core.LaunchManager.createInfoFromXML(LaunchManager.java:935)
	at org.eclipse.debug.internal.core.LaunchManager.getInfo(LaunchManager.java:1359)
	... 10 more
!SUBENTRY 1 org.eclipse.debug.core 4 5012 2026-07-28 11:20:40.781
!MESSAGE 读取启动配置文件 F:\code\vibe_project\rollerball\M33\libraries\components\mtb-device-support-pse8xxgp\make\make\scripts\interface_version_3\eclipse\CM33\flash\virgin\KitProg3\any\&&_PRJ_NAME&& Attach (KitProg3_MiniProg4).launch 时发生了 org.xml.sax.SAXParseException; lineNumber: 3; columnNumber: 66; 在实体引用中, 实体名称必须紧跟在 '&' 后面。。
!STACK 0
org.xml.sax.SAXParseException; lineNumber: 3; columnNumber: 66; 在实体引用中, 实体名称必须紧跟在 '&' 后面。
	at com.sun.org.apache.xerces.internal.util.ErrorHandlerWrapper.createSAXParseException(ErrorHandlerWrapper.java:203)
	at com.sun.org.apache.xerces.internal.util.ErrorHandlerWrapper.fatalError(ErrorHandlerWrapper.java:177)
	at com.sun.org.apache.xerces.internal.impl.XMLErrorReporter.reportError(XMLErrorReporter.java:400)
	at com.sun.org.apache.xerces.internal.impl.XMLErrorReporter.reportError(XMLErrorReporter.java:327)
	at com.sun.org.apache.xerces.internal.impl.XMLScanner.reportFatalError(XMLScanner.java:1472)
	at com.sun.org.apache.xerces.internal.impl.XMLScanner.scanAttributeValue(XMLScanner.java:908)
	at com.sun.org.apache.xerces.internal.impl.XMLDocumentFragmentScannerImpl.scanAttribute(XMLDocumentFragmentScannerImpl.java:1548)
	at com.sun.org.apache.xerces.internal.impl.XMLDocumentFragmentScannerImpl.scanStartElement(XMLDocumentFragmentScannerImpl.java:1315)
	at com.sun.org.apache.xerces.internal.impl.XMLDocumentFragmentScannerImpl$FragmentContentDriver.next(XMLDocumentFragmentScannerImpl.java:2784)
	at com.sun.org.apache.xerces.internal.impl.XMLDocumentScannerImpl.next(XMLDocumentScannerImpl.java:602)
	at com.sun.org.apache.xerces.internal.impl.XMLDocumentFragmentScannerImpl.scanDocument(XMLDocumentFragmentScannerImpl.java:505)
	at com.sun.org.apache.xerces.internal.parsers.XML11Configuration.parse(XML11Configuration.java:841)
	at com.sun.org.apache.xerces.internal.parsers.XML11Configuration.parse(XML11Configuration.java:770)
	at com.sun.org.apache.xerces.internal.parsers.XMLParser.parse(XMLParser.java:141)
	at com.sun.org.apache.xerces.internal.parsers.DOMParser.parse(DOMParser.java:243)
	at com.sun.org.apache.xerces.internal.jaxp.DocumentBuilderImpl.parse(DocumentBuilderImpl.java:339)
	at org.eclipse.debug.internal.core.LaunchManager.createInfoFromXML(LaunchManager.java:935)
	at org.eclipse.debug.internal.core.LaunchManager.getInfo(LaunchManager.java:1359)
	at org.eclipse.debug.internal.core.LaunchConfiguration.getInfo(LaunchConfiguration.java:490)
	at org.eclipse.debug.internal.core.LaunchConfiguration.getType(LaunchConfiguration.java:645)
	at org.eclipse.debug.internal.core.LaunchManager.isValid(LaunchManager.java:2091)
	at org.eclipse.debug.internal.core.LaunchManager.verifyConfigurations(LaunchManager.java:2462)
	at org.eclipse.debug.internal.core.LaunchManager.getAllLaunchConfigurations(LaunchManager.java:1140)
	at org.eclipse.debug.internal.core.LaunchManager.getLaunchConfigurations(LaunchManager.java:1444)
	at org.eclipse.debug.internal.core.LaunchManager.getLaunchConfigurations(LaunchManager.java:1439)
	at org.eclipse.launchbar.core.internal.LaunchBarManager.init(LaunchBarManager.java:130)
	at org.eclipse.launchbar.core.internal.LaunchBarManager$1.run(LaunchBarManager.java:96)
	at org.eclipse.core.internal.jobs.Worker.run(Worker.java:63)

!ENTRY org.eclipse.debug.core 4 125 2026-07-28 11:20:40.783
!MESSAGE 调试核心所记录的错误：
!STACK 1
org.eclipse.debug.core.DebugException: 读取启动配置文件 F:\code\vibe_project\rollerball\M33\libraries\components\mtb-device-support-pse8xxgp\make\make\scripts\interface_version_3\eclipse\CM33\flash\virgin\KitProg3\any\&&_PRJ_NAME&& Program (KitProg3_MiniProg4).launch 时发生了 org.xml.sax.SAXParseException; lineNumber: 3; columnNumber: 66; 在实体引用中, 实体名称必须紧跟在 '&' 后面。。
	at org.eclipse.debug.internal.core.LaunchManager.createDebugException(LaunchManager.java:886)
	at org.eclipse.debug.internal.core.LaunchManager.throwException(LaunchManager.java:2448)
	at org.eclipse.debug.internal.core.LaunchManager.getInfo(LaunchManager.java:1366)
	at org.eclipse.debug.internal.core.LaunchConfiguration.getInfo(LaunchConfiguration.java:490)
	at org.eclipse.debug.internal.core.LaunchConfiguration.getType(LaunchConfiguration.java:645)
	at org.eclipse.debug.internal.core.LaunchManager.isValid(LaunchManager.java:2091)
	at org.eclipse.debug.internal.core.LaunchManager.verifyConfigurations(LaunchManager.java:2462)
	at org.eclipse.debug.internal.core.LaunchManager.getAllLaunchConfigurations(LaunchManager.java:1140)
	at org.eclipse.debug.internal.core.LaunchManager.getLaunchConfigurations(LaunchManager.java:1444)
	at org.eclipse.debug.internal.core.LaunchManager.getLaunchConfigurations(LaunchManager.java:1439)
	at org.eclipse.launchbar.core.internal.LaunchBarManager.init(LaunchBarManager.java:130)
	at org.eclipse.launchbar.core.internal.LaunchBarManager$1.run(LaunchBarManager.java:96)
	at org.eclipse.core.internal.jobs.Worker.run(Worker.java:63)
Caused by: org.xml.sax.SAXParseException; lineNumber: 3; columnNumber: 66; 在实体引用中, 实体名称必须紧跟在 '&' 后面。
	at com.sun.org.apache.xerces.internal.util.ErrorHandlerWrapper.createSAXParseException(ErrorHandlerWrapper.java:203)
	at com.sun.org.apache.xerces.internal.util.ErrorHandlerWrapper.fatalError(ErrorHandlerWrapper.java:177)
	at com.sun.org.apache.xerces.internal.impl.XMLErrorReporter.reportError(XMLErrorReporter.java:400)
	at com.sun.org.apache.xerces.internal.impl.XMLErrorReporter.reportError(XMLErrorReporter.java:327)
	at com.sun.org.apache.xerces.internal.impl.XMLScanner.reportFatalError(XMLScanner.java:1472)
	at com.sun.org.apache.xerces.internal.impl.XMLScanner.scanAttributeValue(XMLScanner.java:908)
	at com.sun.org.apache.xerces.internal.impl.XMLDocumentFragmentScannerImpl.scanAttribute(XMLDocumentFragmentScannerImpl.java:1548)
	at com.sun.org.apache.xerces.internal.impl.XMLDocumentFragmentScannerImpl.scanStartElement(XMLDocumentFragmentScannerImpl.java:1315)
	at com.sun.org.apache.xerces.internal.impl.XMLDocumentFragmentScannerImpl$FragmentContentDriver.next(XMLDocumentFragmentScannerImpl.java:2784)
	at com.sun.org.apache.xerces.internal.impl.XMLDocumentScannerImpl.next(XMLDocumentScannerImpl.java:602)
	at com.sun.org.apache.xerces.internal.impl.XMLDocumentFragmentScannerImpl.scanDocument(XMLDocumentFragmentScannerImpl.java:505)
	at com.sun.org.apache.xerces.internal.parsers.XML11Configuration.parse(XML11Configuration.java:841)
	at com.sun.org.apache.xerces.internal.parsers.XML11Configuration.parse(XML11Configuration.java:770)
	at com.sun.org.apache.xerces.internal.parsers.XMLParser.parse(XMLParser.java:141)
	at com.sun.org.apache.xerces.internal.parsers.DOMParser.parse(DOMParser.java:243)
	at com.sun.org.apache.xerces.internal.jaxp.DocumentBuilderImpl.parse(DocumentBuilderImpl.java:339)
	at org.eclipse.debug.internal.core.LaunchManager.createInfoFromXML(LaunchManager.java:935)
	at org.eclipse.debug.internal.core.LaunchManager.getInfo(LaunchManager.java:1359)
	... 10 more
!SUBENTRY 1 org.eclipse.debug.core 4 5012 2026-07-28 11:20:40.783
!MESSAGE 读取启动配置文件 F:\code\vibe_project\rollerball\M33\libraries\components\mtb-device-support-pse8xxgp\make\make\scripts\interface_version_3\eclipse\CM33\flash\virgin\KitProg3\any\&&_PRJ_NAME&& Program (KitProg3_MiniProg4).launch 时发生了 org.xml.sax.SAXParseException; lineNumber: 3; columnNumber: 66; 在实体引用中, 实体名称必须紧跟在 '&' 后面。。
!STACK 0
org.xml.sax.SAXParseException; lineNumber: 3; columnNumber: 66; 在实体引用中, 实体名称必须紧跟在 '&' 后面。
	at com.sun.org.apache.xerces.internal.util.ErrorHandlerWrapper.createSAXParseException(ErrorHandlerWrapper.java:203)
	at com.sun.org.apache.xerces.internal.util.ErrorHandlerWrapper.fatalError(ErrorHandlerWrapper.java:177)
	at com.sun.org.apache.xerces.internal.impl.XMLErrorReporter.reportError(XMLErrorReporter.java:400)
	at com.sun.org.apache.xerces.internal.impl.XMLErrorReporter.reportError(XMLErrorReporter.java:327)
	at com.sun.org.apache.xerces.internal.impl.XMLScanner.reportFatalError(XMLScanner.java:1472)
	at com.sun.org.apache.xerces.internal.impl.XMLScanner.scanAttributeValue(XMLScanner.java:908)
	at com.sun.org.apache.xerces.internal.impl.XMLDocumentFragmentScannerImpl.scanAttribute(XMLDocumentFragmentScannerImpl.java:1548)
	at com.sun.org.apache.xerces.internal.impl.XMLDocumentFragmentScannerImpl.scanStartElement(XMLDocumentFragmentScannerImpl.java:1315)
	at com.sun.org.apache.xerces.internal.impl.XMLDocumentFragmentScannerImpl$FragmentContentDriver.next(XMLDocumentFragmentScannerImpl.java:2784)
	at com.sun.org.apache.xerces.internal.impl.XMLDocumentScannerImpl.next(XMLDocumentScannerImpl.java:602)
	at com.sun.org.apache.xerces.internal.impl.XMLDocumentFragmentScannerImpl.scanDocument(XMLDocumentFragmentScannerImpl.java:505)
	at com.sun.org.apache.xerces.internal.parsers.XML11Configuration.parse(XML11Configuration.java:841)
	at com.sun.org.apache.xerces.internal.parsers.XML11Configuration.parse(XML11Configuration.java:770)
	at com.sun.org.apache.xerces.internal.parsers.XMLParser.parse(XMLParser.java:141)
	at com.sun.org.apache.xerces.internal.parsers.DOMParser.parse(DOMParser.java:243)
	at com.sun.org.apache.xerces.internal.jaxp.DocumentBuilderImpl.parse(DocumentBuilderImpl.java:339)
	at org.eclipse.debug.internal.core.LaunchManager.createInfoFromXML(LaunchManager.java:935)
	at org.eclipse.debug.internal.core.LaunchManager.getInfo(LaunchManager.java:1359)
	at org.eclipse.debug.internal.core.LaunchConfiguration.getInfo(LaunchConfiguration.java:490)
	at org.eclipse.debug.internal.core.LaunchConfiguration.getType(LaunchConfiguration.java:645)
	at org.eclipse.debug.internal.core.LaunchManager.isValid(LaunchManager.java:2091)
	at org.eclipse.debug.internal.core.LaunchManager.verifyConfigurations(LaunchManager.java:2462)
	at org.eclipse.debug.internal.core.LaunchManager.getAllLaunchConfigurations(LaunchManager.java:1140)
	at org.eclipse.debug.internal.core.LaunchManager.getLaunchConfigurations(LaunchManager.java:1444)
	at org.eclipse.debug.internal.core.LaunchManager.getLaunchConfigurations(LaunchManager.java:1439)
	at org.eclipse.launchbar.core.internal.LaunchBarManager.init(LaunchBarManager.java:130)
	at org.eclipse.launchbar.core.internal.LaunchBarManager$1.run(LaunchBarManager.java:96)
	at org.eclipse.core.internal.jobs.Worker.run(Worker.java:63)

!ENTRY org.eclipse.debug.core 4 125 2026-07-28 11:20:40.785
!MESSAGE 调试核心所记录的错误：
!STACK 1
org.eclipse.debug.core.DebugException: 读取启动配置文件 F:\code\vibe_project\rollerball\M33\libraries\components\mtb-device-support-pse8xxgp\make\make\scripts\interface_version_3\eclipse\CM33\flash\virgin\KitProg3\single\&&_PRJ_NAME&& Erase All (KitProg3_MiniProg4).launch 时发生了 org.xml.sax.SAXParseException; lineNumber: 3; columnNumber: 66; 在实体引用中, 实体名称必须紧跟在 '&' 后面。。
	at org.eclipse.debug.internal.core.LaunchManager.createDebugException(LaunchManager.java:886)
	at org.eclipse.debug.internal.core.LaunchManager.throwException(LaunchManager.java:2448)
	at org.eclipse.debug.internal.core.LaunchManager.getInfo(LaunchManager.java:1366)
	at org.eclipse.debug.internal.core.LaunchConfiguration.getInfo(LaunchConfiguration.java:490)
	at org.eclipse.debug.internal.core.LaunchConfiguration.getType(LaunchConfiguration.java:645)
	at org.eclipse.debug.internal.core.LaunchManager.isValid(LaunchManager.java:2091)
	at org.eclipse.debug.internal.core.LaunchManager.verifyConfigurations(LaunchManager.java:2462)
	at org.eclipse.debug.internal.core.LaunchManager.getAllLaunchConfigurations(LaunchManager.java:1140)
	at org.eclipse.debug.internal.core.LaunchManager.getLaunchConfigurations(LaunchManager.java:1444)
	at org.eclipse.debug.internal.core.LaunchManager.getLaunchConfigurations(LaunchManager.java:1439)
	at org.eclipse.launchbar.core.internal.LaunchBarManager.init(LaunchBarManager.java:130)
	at org.eclipse.launchbar.core.internal.LaunchBarManager$1.run(LaunchBarManager.java:96)
	at org.eclipse.core.internal.jobs.Worker.run(Worker.java:63)
Caused by: org.xml.sax.SAXParseException; lineNumber: 3; columnNumber: 66; 在实体引用中, 实体名称必须紧跟在 '&' 后面。
	at com.sun.org.apache.xerces.internal.util.ErrorHandlerWrapper.createSAXParseException(ErrorHandlerWrapper.java:203)
	at com.sun.org.apache.xerces.internal.util.ErrorHandlerWrapper.fatalError(ErrorHandlerWrapper.java:177)
	at com.sun.org.apache.xerces.internal.impl.XMLErrorReporter.reportError(XMLErrorReporter.java:400)
	at com.sun.org.apache.xerces.internal.impl.XMLErrorReporter.reportError(XMLErrorReporter.java:327)
	at com.sun.org.apache.xerces.internal.impl.XMLScanner.reportFatalError(XMLScanner.java:1472)
	at com.sun.org.apache.xerces.internal.impl.XMLScanner.scanAttributeValue(XMLScanner.java:908)
	at com.sun.org.apache.xerces.internal.impl.XMLDocumentFragmentScannerImpl.scanAttribute(XMLDocumentFragmentScannerImpl.java:1548)
	at com.sun.org.apache.xerces.internal.impl.XMLDocumentFragmentScannerImpl.scanStartElement(XMLDocumentFragmentScannerImpl.java:1315)
	at com.sun.org.apache.xerces.internal.impl.XMLDocumentFragmentScannerImpl$FragmentContentDriver.next(XMLDocumentFragmentScannerImpl.java:2784)
	at com.sun.org.apache.xerces.internal.impl.XMLDocumentScannerImpl.next(XMLDocumentScannerImpl.java:602)
	at com.sun.org.apache.xerces.internal.impl.XMLDocumentFragmentScannerImpl.scanDocument(XMLDocumentFragmentScannerImpl.java:505)
	at com.sun.org.apache.xerces.internal.parsers.XML11Configuration.parse(XML11Configuration.java:841)
	at com.sun.org.apache.xerces.internal.parsers.XML11Configuration.parse(XML11Configuration.java:770)
	at com.sun.org.apache.xerces.internal.parsers.XMLParser.parse(XMLParser.java:141)
	at com.sun.org.apache.xerces.internal.parsers.DOMParser.parse(DOMParser.java:243)
	at com.sun.org.apache.xerces.internal.jaxp.DocumentBuilderImpl.parse(DocumentBuilderImpl.java:339)
	at org.eclipse.debug.internal.core.LaunchManager.createInfoFromXML(LaunchManager.java:935)
	at org.eclipse.debug.internal.core.LaunchManager.getInfo(LaunchManager.java:1359)
	... 10 more
!SUBENTRY 1 org.eclipse.debug.core 4 5012 2026-07-28 11:20:40.785
!MESSAGE 读取启动配置文件 F:\code\vibe_project\rollerball\M33\libraries\components\mtb-device-support-pse8xxgp\make\make\scripts\interface_version_3\eclipse\CM33\flash\virgin\KitProg3\single\&&_PRJ_NAME&& Erase All (KitProg3_MiniProg4).launch 时发生了 org.xml.sax.SAXParseException; lineNumber: 3; columnNumber: 66; 在实体引用中, 实体名称必须紧跟在 '&' 后面。。
!STACK 0
org.xml.sax.SAXParseException; lineNumber: 3; columnNumber: 66; 在实体引用中, 实体名称必须紧跟在 '&' 后面。
	at com.sun.org.apache.xerces.internal.util.ErrorHandlerWrapper.createSAXParseException(ErrorHandlerWrapper.java:203)
	at com.sun.org.apache.xerces.internal.util.ErrorHandlerWrapper.fatalError(ErrorHandlerWrapper.java:177)
	at com.sun.org.apache.xerces.internal.impl.XMLErrorReporter.reportError(XMLErrorReporter.java:400)
	at com.sun.org.apache.xerces.internal.impl.XMLErrorReporter.reportError(XMLErrorReporter.java:327)
	at com.sun.org.apache.xerces.internal.impl.XMLScanner.reportFatalError(XMLScanner.java:1472)
	at com.sun.org.apache.xerces.internal.impl.XMLScanner.scanAttributeValue(XMLScanner.java:908)
	at com.sun.org.apache.xerces.internal.impl.XMLDocumentFragmentScannerImpl.scanAttribute(XMLDocumentFragmentScannerImpl.java:1548)
	at com.sun.org.apache.xerces.internal.impl.XMLDocumentFragmentScannerImpl.scanStartElement(XMLDocumentFragmentScannerImpl.java:1315)
	at com.sun.org.apache.xerces.internal.impl.XMLDocumentFragmentScannerImpl$FragmentContentDriver.next(XMLDocumentFragmentScannerImpl.java:2784)
	at com.sun.org.apache.xerces.internal.impl.XMLDocumentScannerImpl.next(XMLDocumentScannerImpl.java:602)
	at com.sun.org.apache.xerces.internal.impl.XMLDocumentFragmentScannerImpl.scanDocument(XMLDocumentFragmentScannerImpl.java:505)
	at com.sun.org.apache.xerces.internal.parsers.XML11Configuration.parse(XML11Configuration.java:841)
	at com.sun.org.apache.xerces.internal.parsers.XML11Configuration.parse(XML11Configuration.java:770)
	at com.sun.org.apache.xerces.internal.parsers.XMLParser.parse(XMLParser.java:141)
	at com.sun.org.apache.xerces.internal.parsers.DOMParser.parse(DOMParser.java:243)
	at com.sun.org.apache.xerces.internal.jaxp.DocumentBuilderImpl.parse(DocumentBuilderImpl.java:339)
	at org.eclipse.debug.internal.core.LaunchManager.createInfoFromXML(LaunchManager.java:935)
	at org.eclipse.debug.internal.core.LaunchManager.getInfo(LaunchManager.java:1359)
	at org.eclipse.debug.internal.core.LaunchConfiguration.getInfo(LaunchConfiguration.java:490)
	at org.eclipse.debug.internal.core.LaunchConfiguration.getType(LaunchConfiguration.java:645)
	at org.eclipse.debug.internal.core.LaunchManager.isValid(LaunchManager.java:2091)
	at org.eclipse.debug.internal.core.LaunchManager.verifyConfigurations(LaunchManager.java:2462)
	at org.eclipse.debug.internal.core.LaunchManager.getAllLaunchConfigurations(LaunchManager.java:1140)
	at org.eclipse.debug.internal.core.LaunchManager.getLaunchConfigurations(LaunchManager.java:1444)
	at org.eclipse.debug.internal.core.LaunchManager.getLaunchConfigurations(LaunchManager.java:1439)
	at org.eclipse.launchbar.core.internal.LaunchBarManager.init(LaunchBarManager.java:130)
	at org.eclipse.launchbar.core.internal.LaunchBarManager$1.run(LaunchBarManager.java:96)
	at org.eclipse.core.internal.jobs.Worker.run(Worker.java:63)

!ENTRY org.eclipse.debug.core 4 125 2026-07-28 11:20:40.787
!MESSAGE 调试核心所记录的错误：
!STACK 1
org.eclipse.debug.core.DebugException: 读取启动配置文件 F:\code\vibe_project\rollerball\M33\libraries\components\mtb-device-support-pse8xxgp\make\make\scripts\interface_version_3\eclipse\CM33\flash\virgin\KitProg3\single\&&_PRJ_NAME&& Erase Device (KitProg3_MiniProg4).launch 时发生了 org.xml.sax.SAXParseException; lineNumber: 3; columnNumber: 66; 在实体引用中, 实体名称必须紧跟在 '&' 后面。。
	at org.eclipse.debug.internal.core.LaunchManager.createDebugException(LaunchManager.java:886)
	at org.eclipse.debug.internal.core.LaunchManager.throwException(LaunchManager.java:2448)
	at org.eclipse.debug.internal.core.LaunchManager.getInfo(LaunchManager.java:1366)
	at org.eclipse.debug.internal.core.LaunchConfiguration.getInfo(LaunchConfiguration.java:490)
	at org.eclipse.debug.internal.core.LaunchConfiguration.getType(LaunchConfiguration.java:645)
	at org.eclipse.debug.internal.core.LaunchManager.isValid(LaunchManager.java:2091)
	at org.eclipse.debug.internal.core.LaunchManager.verifyConfigurations(LaunchManager.java:2462)
	at org.eclipse.debug.internal.core.LaunchManager.getAllLaunchConfigurations(LaunchManager.java:1140)
	at org.eclipse.debug.internal.core.LaunchManager.getLaunchConfigurations(LaunchManager.java:1444)
	at org.eclipse.debug.internal.core.LaunchManager.getLaunchConfigurations(LaunchManager.java:1439)
	at org.eclipse.launchbar.core.internal.LaunchBarManager.init(LaunchBarManager.java:130)
	at org.eclipse.launchbar.core.internal.LaunchBarManager$1.run(LaunchBarManager.java:96)
	at org.eclipse.core.internal.jobs.Worker.run(Worker.java:63)
Caused by: org.xml.sax.SAXParseException; lineNumber: 3; columnNumber: 66; 在实体引用中, 实体名称必须紧跟在 '&' 后面。
	at com.sun.org.apache.xerces.internal.util.ErrorHandlerWrapper.createSAXParseException(ErrorHandlerWrapper.java:203)
	at com.sun.org.apache.xerces.internal.util.ErrorHandlerWrapper.fatalError(ErrorHandlerWrapper.java:177)
	at com.sun.org.apache.xerces.internal.impl.XMLErrorReporter.reportError(XMLErrorReporter.java:400)
	at com.sun.org.apache.xerces.internal.impl.XMLErrorReporter.reportError(XMLErrorReporter.java:327)
	at com.sun.org.apache.xerces.internal.impl.XMLScanner.reportFatalError(XMLScanner.java:1472)
	at com.sun.org.apache.xerces.internal.impl.XMLScanner.scanAttributeValue(XMLScanner.java:908)
	at com.sun.org.apache.xerces.internal.impl.XMLDocumentFragmentScannerImpl.scanAttribute(XMLDocumentFragmentScannerImpl.java:1548)
	at com.sun.org.apache.xerces.internal.impl.XMLDocumentFragmentScannerImpl.scanStartElement(XMLDocumentFragmentScannerImpl.java:1315)
	at com.sun.org.apache.xerces.internal.impl.XMLDocumentFragmentScannerImpl$FragmentContentDriver.next(XMLDocumentFragmentScannerImpl.java:2784)
	at com.sun.org.apache.xerces.internal.impl.XMLDocumentScannerImpl.next(XMLDocumentScannerImpl.java:602)
	at com.sun.org.apache.xerces.internal.impl.XMLDocumentFragmentScannerImpl.scanDocument(XMLDocumentFragmentScannerImpl.java:505)
	at com.sun.org.apache.xerces.internal.parsers.XML11Configuration.parse(XML11Configuration.java:841)
	at com.sun.org.apache.xerces.internal.parsers.XML11Configuration.parse(XML11Configuration.java:770)
	at com.sun.org.apache.xerces.internal.parsers.XMLParser.parse(XMLParser.java:141)
	at com.sun.org.apache.xerces.internal.parsers.DOMParser.parse(DOMParser.java:243)
	at com.sun.org.apache.xerces.internal.jaxp.DocumentBuilderImpl.parse(DocumentBuilderImpl.java:339)
	at org.eclipse.debug.internal.core.LaunchManager.createInfoFromXML(LaunchManager.java:935)
	at org.eclipse.debug.internal.core.LaunchManager.getInfo(LaunchManager.java:1359)
	... 10 more
!SUBENTRY 1 org.eclipse.debug.core 4 5012 2026-07-28 11:20:40.787
!MESSAGE 读取启动配置文件 F:\code\vibe_project\rollerball\M33\libraries\components\mtb-device-support-pse8xxgp\make\make\scripts\interface_version_3\eclipse\CM33\flash\virgin\KitProg3\single\&&_PRJ_NAME&& Erase Device (KitProg3_MiniProg4).launch 时发生了 org.xml.sax.SAXParseException; lineNumber: 3; columnNumber: 66; 在实体引用中, 实体名称必须紧跟在 '&' 后面。。
!STACK 0
org.xml.sax.SAXParseException; lineNumber: 3; columnNumber: 66; 在实体引用中, 实体名称必须紧跟在 '&' 后面。
	at com.sun.org.apache.xerces.internal.util.ErrorHandlerWrapper.createSAXParseException(ErrorHandlerWrapper.java:203)
	at com.sun.org.apache.xerces.internal.util.ErrorHandlerWrapper.fatalError(ErrorHandlerWrapper.java:177)
	at com.sun.org.apache.xerces.internal.impl.XMLErrorReporter.reportError(XMLErrorReporter.java:400)
	at com.sun.org.apache.xerces.internal.impl.XMLErrorReporter.reportError(XMLErrorReporter.java:327)
	at com.sun.org.apache.xerces.internal.impl.XMLScanner.reportFatalError(XMLScanner.java:1472)
	at com.sun.org.apache.xerces.internal.impl.XMLScanner.scanAttributeValue(XMLScanner.java:908)
	at com.sun.org.apache.xerces.internal.impl.XMLDocumentFragmentScannerImpl.scanAttribute(XMLDocumentFragmentScannerImpl.java:1548)
	at com.sun.org.apache.xerces.internal.impl.XMLDocumentFragmentScannerImpl.scanStartElement(XMLDocumentFragmentScannerImpl.java:1315)
	at com.sun.org.apache.xerces.internal.impl.XMLDocumentFragmentScannerImpl$FragmentContentDriver.next(XMLDocumentFragmentScannerImpl.java:2784)
	at com.sun.org.apache.xerces.internal.impl.XMLDocumentScannerImpl.next(XMLDocumentScannerImpl.java:602)
	at com.sun.org.apache.xerces.internal.impl.XMLDocumentFragmentScannerImpl.scanDocument(XMLDocumentFragmentScannerImpl.java:505)
	at com.sun.org.apache.xerces.internal.parsers.XML11Configuration.parse(XML11Configuration.java:841)
	at com.sun.org.apache.xerces.internal.parsers.XML11Configuration.parse(XML11Configuration.java:770)
	at com.sun.org.apache.xerces.internal.parsers.XMLParser.parse(XMLParser.java:141)
	at com.sun.org.apache.xerces.internal.parsers.DOMParser.parse(DOMParser.java:243)
	at com.sun.org.apache.xerces.internal.jaxp.DocumentBuilderImpl.parse(DocumentBuilderImpl.java:339)
	at org.eclipse.debug.internal.core.LaunchManager.createInfoFromXML(LaunchManager.java:935)
	at org.eclipse.debug.internal.core.LaunchManager.getInfo(LaunchManager.java:1359)
	at org.eclipse.debug.internal.core.LaunchConfiguration.getInfo(LaunchConfiguration.java:490)
	at org.eclipse.debug.internal.core.LaunchConfiguration.getType(LaunchConfiguration.java:645)
	at org.eclipse.debug.internal.core.LaunchManager.isValid(LaunchManager.java:2091)
	at org.eclipse.debug.internal.core.LaunchManager.verifyConfigurations(LaunchManager.java:2462)
	at org.eclipse.debug.internal.core.LaunchManager.getAllLaunchConfigurations(LaunchManager.java:1140)
	at org.eclipse.debug.internal.core.LaunchManager.getLaunchConfigurations(LaunchManager.java:1444)
	at org.eclipse.debug.internal.core.LaunchManager.getLaunchConfigurations(LaunchManager.java:1439)
	at org.eclipse.launchbar.core.internal.LaunchBarManager.init(LaunchBarManager.java:130)
	at org.eclipse.launchbar.core.internal.LaunchBarManager$1.run(LaunchBarManager.java:96)
	at org.eclipse.core.internal.jobs.Worker.run(Worker.java:63)

!ENTRY org.eclipse.debug.core 4 125 2026-07-28 11:20:40.789
!MESSAGE 调试核心所记录的错误：
!STACK 1
org.eclipse.debug.core.DebugException: 读取启动配置文件 F:\code\vibe_project\rollerball\M33\libraries\components\mtb-device-support-pse8xxgp\make\make\scripts\interface_version_3\eclipse\CM33\flash\virgin\KitProg3\single\&&_PRJ_NAME&& Start App (KitProg3_MiniProg4).launch 时发生了 org.xml.sax.SAXParseException; lineNumber: 3; columnNumber: 66; 在实体引用中, 实体名称必须紧跟在 '&' 后面。。
	at org.eclipse.debug.internal.core.LaunchManager.createDebugException(LaunchManager.java:886)
	at org.eclipse.debug.internal.core.LaunchManager.throwException(LaunchManager.java:2448)
	at org.eclipse.debug.internal.core.LaunchManager.getInfo(LaunchManager.java:1366)
	at org.eclipse.debug.internal.core.LaunchConfiguration.getInfo(LaunchConfiguration.java:490)
	at org.eclipse.debug.internal.core.LaunchConfiguration.getType(LaunchConfiguration.java:645)
	at org.eclipse.debug.internal.core.LaunchManager.isValid(LaunchManager.java:2091)
	at org.eclipse.debug.internal.core.LaunchManager.verifyConfigurations(LaunchManager.java:2462)
	at org.eclipse.debug.internal.core.LaunchManager.getAllLaunchConfigurations(LaunchManager.java:1140)
	at org.eclipse.debug.internal.core.LaunchManager.getLaunchConfigurations(LaunchManager.java:1444)
	at org.eclipse.debug.internal.core.LaunchManager.getLaunchConfigurations(LaunchManager.java:1439)
	at org.eclipse.launchbar.core.internal.LaunchBarManager.init(LaunchBarManager.java:130)
	at org.eclipse.launchbar.core.internal.LaunchBarManager$1.run(LaunchBarManager.java:96)
	at org.eclipse.core.internal.jobs.Worker.run(Worker.java:63)
Caused by: org.xml.sax.SAXParseException; lineNumber: 3; columnNumber: 66; 在实体引用中, 实体名称必须紧跟在 '&' 后面。
	at com.sun.org.apache.xerces.internal.util.ErrorHandlerWrapper.createSAXParseException(ErrorHandlerWrapper.java:203)
	at com.sun.org.apache.xerces.internal.util.ErrorHandlerWrapper.fatalError(ErrorHandlerWrapper.java:177)
	at com.sun.org.apache.xerces.internal.impl.XMLErrorReporter.reportError(XMLErrorReporter.java:400)
	at com.sun.org.apache.xerces.internal.impl.XMLErrorReporter.reportError(XMLErrorReporter.java:327)
	at com.sun.org.apache.xerces.internal.impl.XMLScanner.reportFatalError(XMLScanner.java:1472)
	at com.sun.org.apache.xerces.internal.impl.XMLScanner.scanAttributeValue(XMLScanner.java:908)
	at com.sun.org.apache.xerces.internal.impl.XMLDocumentFragmentScannerImpl.scanAttribute(XMLDocumentFragmentScannerImpl.java:1548)
	at com.sun.org.apache.xerces.internal.impl.XMLDocumentFragmentScannerImpl.scanStartElement(XMLDocumentFragmentScannerImpl.java:1315)
	at com.sun.org.apache.xerces.internal.impl.XMLDocumentFragmentScannerImpl$FragmentContentDriver.next(XMLDocumentFragmentScannerImpl.java:2784)
	at com.sun.org.apache.xerces.internal.impl.XMLDocumentScannerImpl.next(XMLDocumentScannerImpl.java:602)
	at com.sun.org.apache.xerces.internal.impl.XMLDocumentFragmentScannerImpl.scanDocument(XMLDocumentFragmentScannerImpl.java:505)
	at com.sun.org.apache.xerces.internal.parsers.XML11Configuration.parse(XML11Configuration.java:841)
	at com.sun.org.apache.xerces.internal.parsers.XML11Configuration.parse(XML11Configuration.java:770)
	at com.sun.org.apache.xerces.internal.parsers.XMLParser.parse(XMLParser.java:141)
	at com.sun.org.apache.xerces.internal.parsers.DOMParser.parse(DOMParser.java:243)
	at com.sun.org.apache.xerces.internal.jaxp.DocumentBuilderImpl.parse(DocumentBuilderImpl.java:339)
	at org.eclipse.debug.internal.core.LaunchManager.createInfoFromXML(LaunchManager.java:935)
	at org.eclipse.debug.internal.core.LaunchManager.getInfo(LaunchManager.java:1359)
	... 10 more
!SUBENTRY 1 org.eclipse.debug.core 4 5012 2026-07-28 11:20:40.789
!MESSAGE 读取启动配置文件 F:\code\vibe_project\rollerball\M33\libraries\components\mtb-device-support-pse8xxgp\make\make\scripts\interface_version_3\eclipse\CM33\flash\virgin\KitProg3\single\&&_PRJ_NAME&& Start App (KitProg3_MiniProg4).launch 时发生了 org.xml.sax.SAXParseException; lineNumber: 3; columnNumber: 66; 在实体引用中, 实体名称必须紧跟在 '&' 后面。。
!STACK 0
org.xml.sax.SAXParseException; lineNumber: 3; columnNumber: 66; 在实体引用中, 实体名称必须紧跟在 '&' 后面。
	at com.sun.org.apache.xerces.internal.util.ErrorHandlerWrapper.createSAXParseException(ErrorHandlerWrapper.java:203)
	at com.sun.org.apache.xerces.internal.util.ErrorHandlerWrapper.fatalError(ErrorHandlerWrapper.java:177)
	at com.sun.org.apache.xerces.internal.impl.XMLErrorReporter.reportError(XMLErrorReporter.java:400)
	at com.sun.org.apache.xerces.internal.impl.XMLErrorReporter.reportError(XMLErrorReporter.java:327)
	at com.sun.org.apache.xerces.internal.impl.XMLScanner.reportFatalError(XMLScanner.java:1472)
	at com.sun.org.apache.xerces.internal.impl.XMLScanner.scanAttributeValue(XMLScanner.java:908)
	at com.sun.org.apache.xerces.internal.impl.XMLDocumentFragmentScannerImpl.scanAttribute(XMLDocumentFragmentScannerImpl.java:1548)
	at com.sun.org.apache.xerces.internal.impl.XMLDocumentFragmentScannerImpl.scanStartElement(XMLDocumentFragmentScannerImpl.java:1315)
	at com.sun.org.apache.xerces.internal.impl.XMLDocumentFragmentScannerImpl$FragmentContentDriver.next(XMLDocumentFragmentScannerImpl.java:2784)
	at com.sun.org.apache.xerces.internal.impl.XMLDocumentScannerImpl.next(XMLDocumentScannerImpl.java:602)
	at com.sun.org.apache.xerces.internal.impl.XMLDocumentFragmentScannerImpl.scanDocument(XMLDocumentFragmentScannerImpl.java:505)
	at com.sun.org.apache.xerces.internal.parsers.XML11Configuration.parse(XML11Configuration.java:841)
	at com.sun.org.apache.xerces.internal.parsers.XML11Configuration.parse(XML11Configuration.java:770)
	at com.sun.org.apache.xerces.internal.parsers.XMLParser.parse(XMLParser.java:141)
	at com.sun.org.apache.xerces.internal.parsers.DOMParser.parse(DOMParser.java:243)
	at com.sun.org.apache.xerces.internal.jaxp.DocumentBuilderImpl.parse(DocumentBuilderImpl.java:339)
	at org.eclipse.debug.internal.core.LaunchManager.createInfoFromXML(LaunchManager.java:935)
	at org.eclipse.debug.internal.core.LaunchManager.getInfo(LaunchManager.java:1359)
	at org.eclipse.debug.internal.core.LaunchConfiguration.getInfo(LaunchConfiguration.java:490)
	at org.eclipse.debug.internal.core.LaunchConfiguration.getType(LaunchConfiguration.java:645)
	at org.eclipse.debug.internal.core.LaunchManager.isValid(LaunchManager.java:2091)
	at org.eclipse.debug.internal.core.LaunchManager.verifyConfigurations(LaunchManager.java:2462)
	at org.eclipse.debug.internal.core.LaunchManager.getAllLaunchConfigurations(LaunchManager.java:1140)
	at org.eclipse.debug.internal.core.LaunchManager.getLaunchConfigurations(LaunchManager.java:1444)
	at org.eclipse.debug.internal.core.LaunchManager.getLaunchConfigurations(LaunchManager.java:1439)
	at org.eclipse.launchbar.core.internal.LaunchBarManager.init(LaunchBarManager.java:130)
	at org.eclipse.launchbar.core.internal.LaunchBarManager$1.run(LaunchBarManager.java:96)
	at org.eclipse.core.internal.jobs.Worker.run(Worker.java:63)

!ENTRY org.eclipse.debug.core 4 125 2026-07-28 11:20:40.793
!MESSAGE 调试核心所记录的错误：
!STACK 1
org.eclipse.debug.core.DebugException: 读取启动配置文件 F:\code\vibe_project\rollerball\M33\libraries\components\mtb-device-support-pse8xxgp\make\make\scripts\interface_version_3\eclipse\CM33\ram\_normal\JLink\any\&&_PRJ_NAME&& Attach RAM (JLink).launch 时发生了 org.xml.sax.SAXParseException; lineNumber: 3; columnNumber: 66; 在实体引用中, 实体名称必须紧跟在 '&' 后面。。
	at org.eclipse.debug.internal.core.LaunchManager.createDebugException(LaunchManager.java:886)
	at org.eclipse.debug.internal.core.LaunchManager.throwException(LaunchManager.java:2448)
	at org.eclipse.debug.internal.core.LaunchManager.getInfo(LaunchManager.java:1366)
	at org.eclipse.debug.internal.core.LaunchConfiguration.getInfo(LaunchConfiguration.java:490)
	at org.eclipse.debug.internal.core.LaunchConfiguration.getType(LaunchConfiguration.java:645)
	at org.eclipse.debug.internal.core.LaunchManager.isValid(LaunchManager.java:2091)
	at org.eclipse.debug.internal.core.LaunchManager.verifyConfigurations(LaunchManager.java:2462)
	at org.eclipse.debug.internal.core.LaunchManager.getAllLaunchConfigurations(LaunchManager.java:1140)
	at org.eclipse.debug.internal.core.LaunchManager.getLaunchConfigurations(LaunchManager.java:1444)
	at org.eclipse.debug.internal.core.LaunchManager.getLaunchConfigurations(LaunchManager.java:1439)
	at org.eclipse.launchbar.core.internal.LaunchBarManager.init(LaunchBarManager.java:130)
	at org.eclipse.launchbar.core.internal.LaunchBarManager$1.run(LaunchBarManager.java:96)
	at org.eclipse.core.internal.jobs.Worker.run(Worker.java:63)
Caused by: org.xml.sax.SAXParseException; lineNumber: 3; columnNumber: 66; 在实体引用中, 实体名称必须紧跟在 '&' 后面。
	at com.sun.org.apache.xerces.internal.util.ErrorHandlerWrapper.createSAXParseException(ErrorHandlerWrapper.java:203)
	at com.sun.org.apache.xerces.internal.util.ErrorHandlerWrapper.fatalError(ErrorHandlerWrapper.java:177)
	at com.sun.org.apache.xerces.internal.impl.XMLErrorReporter.reportError(XMLErrorReporter.java:400)
	at com.sun.org.apache.xerces.internal.impl.XMLErrorReporter.reportError(XMLErrorReporter.java:327)
	at com.sun.org.apache.xerces.internal.impl.XMLScanner.reportFatalError(XMLScanner.java:1472)
	at com.sun.org.apache.xerces.internal.impl.XMLScanner.scanAttributeValue(XMLScanner.java:908)
	at com.sun.org.apache.xerces.internal.impl.XMLDocumentFragmentScannerImpl.scanAttribute(XMLDocumentFragmentScannerImpl.java:1548)
	at com.sun.org.apache.xerces.internal.impl.XMLDocumentFragmentScannerImpl.scanStartElement(XMLDocumentFragmentScannerImpl.java:1315)
	at com.sun.org.apache.xerces.internal.impl.XMLDocumentFragmentScannerImpl$FragmentContentDriver.next(XMLDocumentFragmentScannerImpl.java:2784)
	at com.sun.org.apache.xerces.internal.impl.XMLDocumentScannerImpl.next(XMLDocumentScannerImpl.java:602)
	at com.sun.org.apache.xerces.internal.impl.XMLDocumentFragmentScannerImpl.scanDocument(XMLDocumentFragmentScannerImpl.java:505)
	at com.sun.org.apache.xerces.internal.parsers.XML11Configuration.parse(XML11Configuration.java:841)
	at com.sun.org.apache.xerces.internal.parsers.XML11Configuration.parse(XML11Configuration.java:770)
	at com.sun.org.apache.xerces.internal.parsers.XMLParser.parse(XMLParser.java:141)
	at com.sun.org.apache.xerces.internal.parsers.DOMParser.parse(DOMParser.java:243)
	at com.sun.org.apache.xerces.internal.jaxp.DocumentBuilderImpl.parse(DocumentBuilderImpl.java:339)
	at org.eclipse.debug.internal.core.LaunchManager.createInfoFromXML(LaunchManager.java:935)
	at org.eclipse.debug.internal.core.LaunchManager.getInfo(LaunchManager.java:1359)
	... 10 more
!SUBENTRY 1 org.eclipse.debug.core 4 5012 2026-07-28 11:20:40.793
!MESSAGE 读取启动配置文件 F:\code\vibe_project\rollerball\M33\libraries\components\mtb-device-support-pse8xxgp\make\make\scripts\interface_version_3\eclipse\CM33\ram\_normal\JLink\any\&&_PRJ_NAME&& Attach RAM (JLink).launch 时发生了 org.xml.sax.SAXParseException; lineNumber: 3; columnNumber: 66; 在实体引用中, 实体名称必须紧跟在 '&' 后面。。
!STACK 0
org.xml.sax.SAXParseException; lineNumber: 3; columnNumber: 66; 在实体引用中, 实体名称必须紧跟在 '&' 后面。
	at com.sun.org.apache.xerces.internal.util.ErrorHandlerWrapper.createSAXParseException(ErrorHandlerWrapper.java:203)
	at com.sun.org.apache.xerces.internal.util.ErrorHandlerWrapper.fatalError(ErrorHandlerWrapper.java:177)
	at com.sun.org.apache.xerces.internal.impl.XMLErrorReporter.reportError(XMLErrorReporter.java:400)
	at com.sun.org.apache.xerces.internal.impl.XMLErrorReporter.reportError(XMLErrorReporter.java:327)
	at com.sun.org.apache.xerces.internal.impl.XMLScanner.reportFatalError(XMLScanner.java:1472)
	at com.sun.org.apache.xerces.internal.impl.XMLScanner.scanAttributeValue(XMLScanner.java:908)
	at com.sun.org.apache.xerces.internal.impl.XMLDocumentFragmentScannerImpl.scanAttribute(XMLDocumentFragmentScannerImpl.java:1548)
	at com.sun.org.apache.xerces.internal.impl.XMLDocumentFragmentScannerImpl.scanStartElement(XMLDocumentFragmentScannerImpl.java:1315)
	at com.sun.org.apache.xerces.internal.impl.XMLDocumentFragmentScannerImpl$FragmentContentDriver.next(XMLDocumentFragmentScannerImpl.java:2784)
	at com.sun.org.apache.xerces.internal.impl.XMLDocumentScannerImpl.next(XMLDocumentScannerImpl.java:602)
	at com.sun.org.apache.xerces.internal.impl.XMLDocumentFragmentScannerImpl.scanDocument(XMLDocumentFragmentScannerImpl.java:505)
	at com.sun.org.apache.xerces.internal.parsers.XML11Configuration.parse(XML11Configuration.java:841)
	at com.sun.org.apache.xerces.internal.parsers.XML11Configuration.parse(XML11Configuration.java:770)
	at com.sun.org.apache.xerces.internal.parsers.XMLParser.parse(XMLParser.java:141)
	at com.sun.org.apache.xerces.internal.parsers.DOMParser.parse(DOMParser.java:243)
	at com.sun.org.apache.xerces.internal.jaxp.DocumentBuilderImpl.parse(DocumentBuilderImpl.java:339)
	at org.eclipse.debug.internal.core.LaunchManager.createInfoFromXML(LaunchManager.java:935)
	at org.eclipse.debug.internal.core.LaunchManager.getInfo(LaunchManager.java:1359)
	at org.eclipse.debug.internal.core.LaunchConfiguration.getInfo(LaunchConfiguration.java:490)
	at org.eclipse.debug.internal.core.LaunchConfiguration.getType(LaunchConfiguration.java:645)
	at org.eclipse.debug.internal.core.LaunchManager.isValid(LaunchManager.java:2091)
	at org.eclipse.debug.internal.core.LaunchManager.verifyConfigurations(LaunchManager.java:2462)
	at org.eclipse.debug.internal.core.LaunchManager.getAllLaunchConfigurations(LaunchManager.java:1140)
	at org.eclipse.debug.internal.core.LaunchManager.getLaunchConfigurations(LaunchManager.java:1444)
	at org.eclipse.debug.internal.core.LaunchManager.getLaunchConfigurations(LaunchManager.java:1439)
	at org.eclipse.launchbar.core.internal.LaunchBarManager.init(LaunchBarManager.java:130)
	at org.eclipse.launchbar.core.internal.LaunchBarManager$1.run(LaunchBarManager.java:96)
	at org.eclipse.core.internal.jobs.Worker.run(Worker.java:63)

!ENTRY org.eclipse.debug.core 4 125 2026-07-28 11:20:40.795
!MESSAGE 调试核心所记录的错误：
!STACK 1
org.eclipse.debug.core.DebugException: 读取启动配置文件 F:\code\vibe_project\rollerball\M33\libraries\components\mtb-device-support-pse8xxgp\make\make\scripts\interface_version_3\eclipse\CM33\ram\_normal\JLink\any\&&_PRJ_NAME&& Program RAM (JLink).launch 时发生了 org.xml.sax.SAXParseException; lineNumber: 3; columnNumber: 66; 在实体引用中, 实体名称必须紧跟在 '&' 后面。。
	at org.eclipse.debug.internal.core.LaunchManager.createDebugException(LaunchManager.java:886)
	at org.eclipse.debug.internal.core.LaunchManager.throwException(LaunchManager.java:2448)
	at org.eclipse.debug.internal.core.LaunchManager.getInfo(LaunchManager.java:1366)
	at org.eclipse.debug.internal.core.LaunchConfiguration.getInfo(LaunchConfiguration.java:490)
	at org.eclipse.debug.internal.core.LaunchConfiguration.getType(LaunchConfiguration.java:645)
	at org.eclipse.debug.internal.core.LaunchManager.isValid(LaunchManager.java:2091)
	at org.eclipse.debug.internal.core.LaunchManager.verifyConfigurations(LaunchManager.java:2462)
	at org.eclipse.debug.internal.core.LaunchManager.getAllLaunchConfigurations(LaunchManager.java:1140)
	at org.eclipse.debug.internal.core.LaunchManager.getLaunchConfigurations(LaunchManager.java:1444)
	at org.eclipse.debug.internal.core.LaunchManager.getLaunchConfigurations(LaunchManager.java:1439)
	at org.eclipse.launchbar.core.internal.LaunchBarManager.init(LaunchBarManager.java:130)
	at org.eclipse.launchbar.core.internal.LaunchBarManager$1.run(LaunchBarManager.java:96)
	at org.eclipse.core.internal.jobs.Worker.run(Worker.java:63)
Caused by: org.xml.sax.SAXParseException; lineNumber: 3; columnNumber: 66; 在实体引用中, 实体名称必须紧跟在 '&' 后面。
	at com.sun.org.apache.xerces.internal.util.ErrorHandlerWrapper.createSAXParseException(ErrorHandlerWrapper.java:203)
	at com.sun.org.apache.xerces.internal.util.ErrorHandlerWrapper.fatalError(ErrorHandlerWrapper.java:177)
	at com.sun.org.apache.xerces.internal.impl.XMLErrorReporter.reportError(XMLErrorReporter.java:400)
	at com.sun.org.apache.xerces.internal.impl.XMLErrorReporter.reportError(XMLErrorReporter.java:327)
	at com.sun.org.apache.xerces.internal.impl.XMLScanner.reportFatalError(XMLScanner.java:1472)
	at com.sun.org.apache.xerces.internal.impl.XMLScanner.scanAttributeValue(XMLScanner.java:908)
	at com.sun.org.apache.xerces.internal.impl.XMLDocumentFragmentScannerImpl.scanAttribute(XMLDocumentFragmentScannerImpl.java:1548)
	at com.sun.org.apache.xerces.internal.impl.XMLDocumentFragmentScannerImpl.scanStartElement(XMLDocumentFragmentScannerImpl.java:1315)
	at com.sun.org.apache.xerces.internal.impl.XMLDocumentFragmentScannerImpl$FragmentContentDriver.next(XMLDocumentFragmentScannerImpl.java:2784)
	at com.sun.org.apache.xerces.internal.impl.XMLDocumentScannerImpl.next(XMLDocumentScannerImpl.java:602)
	at com.sun.org.apache.xerces.internal.impl.XMLDocumentFragmentScannerImpl.scanDocument(XMLDocumentFragmentScannerImpl.java:505)
	at com.sun.org.apache.xerces.internal.parsers.XML11Configuration.parse(XML11Configuration.java:841)
	at com.sun.org.apache.xerces.internal.parsers.XML11Configuration.parse(XML11Configuration.java:770)
	at com.sun.org.apache.xerces.internal.parsers.XMLParser.parse(XMLParser.java:141)
	at com.sun.org.apache.xerces.internal.parsers.DOMParser.parse(DOMParser.java:243)
	at com.sun.org.apache.xerces.internal.jaxp.DocumentBuilderImpl.parse(DocumentBuilderImpl.java:339)
	at org.eclipse.debug.internal.core.LaunchManager.createInfoFromXML(LaunchManager.java:935)
	at org.eclipse.debug.internal.core.LaunchManager.getInfo(LaunchManager.java:1359)
	... 10 more
!SUBENTRY 1 org.eclipse.debug.core 4 5012 2026-07-28 11:20:40.795
!MESSAGE 读取启动配置文件 F:\code\vibe_project\rollerball\M33\libraries\components\mtb-device-support-pse8xxgp\make\make\scripts\interface_version_3\eclipse\CM33\ram\_normal\JLink\any\&&_PRJ_NAME&& Program RAM (JLink).launch 时发生了 org.xml.sax.SAXParseException; lineNumber: 3; columnNumber: 66; 在实体引用中, 实体名称必须紧跟在 '&' 后面。。
!STACK 0
org.xml.sax.SAXParseException; lineNumber: 3; columnNumber: 66; 在实体引用中, 实体名称必须紧跟在 '&' 后面。
	at com.sun.org.apache.xerces.internal.util.ErrorHandlerWrapper.createSAXParseException(ErrorHandlerWrapper.java:203)
	at com.sun.org.apache.xerces.internal.util.ErrorHandlerWrapper.fatalError(ErrorHandlerWrapper.java:177)
	at com.sun.org.apache.xerces.internal.impl.XMLErrorReporter.reportError(XMLErrorReporter.java:400)
	at com.sun.org.apache.xerces.internal.impl.XMLErrorReporter.reportError(XMLErrorReporter.java:327)
	at com.sun.org.apache.xerces.internal.impl.XMLScanner.reportFatalError(XMLScanner.java:1472)
	at com.sun.org.apache.xerces.internal.impl.XMLScanner.scanAttributeValue(XMLScanner.java:908)
	at com.sun.org.apache.xerces.internal.impl.XMLDocumentFragmentScannerImpl.scanAttribute(XMLDocumentFragmentScannerImpl.java:1548)
	at com.sun.org.apache.xerces.internal.impl.XMLDocumentFragmentScannerImpl.scanStartElement(XMLDocumentFragmentScannerImpl.java:1315)
	at com.sun.org.apache.xerces.internal.impl.XMLDocumentFragmentScannerImpl$FragmentContentDriver.next(XMLDocumentFragmentScannerImpl.java:2784)
	at com.sun.org.apache.xerces.internal.impl.XMLDocumentScannerImpl.next(XMLDocumentScannerImpl.java:602)
	at com.sun.org.apache.xerces.internal.impl.XMLDocumentFragmentScannerImpl.scanDocument(XMLDocumentFragmentScannerImpl.java:505)
	at com.sun.org.apache.xerces.internal.parsers.XML11Configuration.parse(XML11Configuration.java:841)
	at com.sun.org.apache.xerces.internal.parsers.XML11Configuration.parse(XML11Configuration.java:770)
	at com.sun.org.apache.xerces.internal.parsers.XMLParser.parse(XMLParser.java:141)
	at com.sun.org.apache.xerces.internal.parsers.DOMParser.parse(DOMParser.java:243)
	at com.sun.org.apache.xerces.internal.jaxp.DocumentBuilderImpl.parse(DocumentBuilderImpl.java:339)
	at org.eclipse.debug.internal.core.LaunchManager.createInfoFromXML(LaunchManager.java:935)
	at org.eclipse.debug.internal.core.LaunchManager.getInfo(LaunchManager.java:1359)
	at org.eclipse.debug.internal.core.LaunchConfiguration.getInfo(LaunchConfiguration.java:490)
	at org.eclipse.debug.internal.core.LaunchConfiguration.getType(LaunchConfiguration.java:645)
	at org.eclipse.debug.internal.core.LaunchManager.isValid(LaunchManager.java:2091)
	at org.eclipse.debug.internal.core.LaunchManager.verifyConfigurations(LaunchManager.java:2462)
	at org.eclipse.debug.internal.core.LaunchManager.getAllLaunchConfigurations(LaunchManager.java:1140)
	at org.eclipse.debug.internal.core.LaunchManager.getLaunchConfigurations(LaunchManager.java:1444)
	at org.eclipse.debug.internal.core.LaunchManager.getLaunchConfigurations(LaunchManager.java:1439)
	at org.eclipse.launchbar.core.internal.LaunchBarManager.init(LaunchBarManager.java:130)
	at org.eclipse.launchbar.core.internal.LaunchBarManager$1.run(LaunchBarManager.java:96)
	at org.eclipse.core.internal.jobs.Worker.run(Worker.java:63)

!ENTRY org.eclipse.debug.core 4 125 2026-07-28 11:20:40.801
!MESSAGE 调试核心所记录的错误：
!STACK 1
org.eclipse.debug.core.DebugException: 读取启动配置文件 F:\code\vibe_project\rollerball\M33\libraries\components\mtb-device-support-pse8xxgp\make\make\scripts\interface_version_3\eclipse\CM33\ram\_normal\KitProg3\any\&&_PRJ_NAME&& Attach (KitProg3_MiniProg4).launch 时发生了 org.xml.sax.SAXParseException; lineNumber: 3; columnNumber: 66; 在实体引用中, 实体名称必须紧跟在 '&' 后面。。
	at org.eclipse.debug.internal.core.LaunchManager.createDebugException(LaunchManager.java:886)
	at org.eclipse.debug.internal.core.LaunchManager.throwException(LaunchManager.java:2448)
	at org.eclipse.debug.internal.core.LaunchManager.getInfo(LaunchManager.java:1366)
	at org.eclipse.debug.internal.core.LaunchConfiguration.getInfo(LaunchConfiguration.java:490)
	at org.eclipse.debug.internal.core.LaunchConfiguration.getType(LaunchConfiguration.java:645)
	at org.eclipse.debug.internal.core.LaunchManager.isValid(LaunchManager.java:2091)
	at org.eclipse.debug.internal.core.LaunchManager.verifyConfigurations(LaunchManager.java:2462)
	at org.eclipse.debug.internal.core.LaunchManager.getAllLaunchConfigurations(LaunchManager.java:1140)
	at org.eclipse.debug.internal.core.LaunchManager.getLaunchConfigurations(LaunchManager.java:1444)
	at org.eclipse.debug.internal.core.LaunchManager.getLaunchConfigurations(LaunchManager.java:1439)
	at org.eclipse.launchbar.core.internal.LaunchBarManager.init(LaunchBarManager.java:130)
	at org.eclipse.launchbar.core.internal.LaunchBarManager$1.run(LaunchBarManager.java:96)
	at org.eclipse.core.internal.jobs.Worker.run(Worker.java:63)
Caused by: org.xml.sax.SAXParseException; lineNumber: 3; columnNumber: 66; 在实体引用中, 实体名称必须紧跟在 '&' 后面。
	at com.sun.org.apache.xerces.internal.util.ErrorHandlerWrapper.createSAXParseException(ErrorHandlerWrapper.java:203)
	at com.sun.org.apache.xerces.internal.util.ErrorHandlerWrapper.fatalError(ErrorHandlerWrapper.java:177)
	at com.sun.org.apache.xerces.internal.impl.XMLErrorReporter.reportError(XMLErrorReporter.java:400)
	at com.sun.org.apache.xerces.internal.impl.XMLErrorReporter.reportError(XMLErrorReporter.java:327)
	at com.sun.org.apache.xerces.internal.impl.XMLScanner.reportFatalError(XMLScanner.java:1472)
	at com.sun.org.apache.xerces.internal.impl.XMLScanner.scanAttributeValue(XMLScanner.java:908)
	at com.sun.org.apache.xerces.internal.impl.XMLDocumentFragmentScannerImpl.scanAttribute(XMLDocumentFragmentScannerImpl.java:1548)
	at com.sun.org.apache.xerces.internal.impl.XMLDocumentFragmentScannerImpl.scanStartElement(XMLDocumentFragmentScannerImpl.java:1315)
	at com.sun.org.apache.xerces.internal.impl.XMLDocumentFragmentScannerImpl$FragmentContentDriver.next(XMLDocumentFragmentScannerImpl.java:2784)
	at com.sun.org.apache.xerces.internal.impl.XMLDocumentScannerImpl.next(XMLDocumentScannerImpl.java:602)
	at com.sun.org.apache.xerces.internal.impl.XMLDocumentFragmentScannerImpl.scanDocument(XMLDocumentFragmentScannerImpl.java:505)
	at com.sun.org.apache.xerces.internal.parsers.XML11Configuration.parse(XML11Configuration.java:841)
	at com.sun.org.apache.xerces.internal.parsers.XML11Configuration.parse(XML11Configuration.java:770)
	at com.sun.org.apache.xerces.internal.parsers.XMLParser.parse(XMLParser.java:141)
	at com.sun.org.apache.xerces.internal.parsers.DOMParser.parse(DOMParser.java:243)
	at com.sun.org.apache.xerces.internal.jaxp.DocumentBuilderImpl.parse(DocumentBuilderImpl.java:339)
	at org.eclipse.debug.internal.core.LaunchManager.createInfoFromXML(LaunchManager.java:935)
	at org.eclipse.debug.internal.core.LaunchManager.getInfo(LaunchManager.java:1359)
	... 10 more
!SUBENTRY 1 org.eclipse.debug.core 4 5012 2026-07-28 11:20:40.801
!MESSAGE 读取启动配置文件 F:\code\vibe_project\rollerball\M33\libraries\components\mtb-device-support-pse8xxgp\make\make\scripts\interface_version_3\eclipse\CM33\ram\_normal\KitProg3\any\&&_PRJ_NAME&& Attach (KitProg3_MiniProg4).launch 时发生了 org.xml.sax.SAXParseException; lineNumber: 3; columnNumber: 66; 在实体引用中, 实体名称必须紧跟在 '&' 后面。。
!STACK 0
org.xml.sax.SAXParseException; lineNumber: 3; columnNumber: 66; 在实体引用中, 实体名称必须紧跟在 '&' 后面。
	at com.sun.org.apache.xerces.internal.util.ErrorHandlerWrapper.createSAXParseException(ErrorHandlerWrapper.java:203)
	at com.sun.org.apache.xerces.internal.util.ErrorHandlerWrapper.fatalError(ErrorHandlerWrapper.java:177)
	at com.sun.org.apache.xerces.internal.impl.XMLErrorReporter.reportError(XMLErrorReporter.java:400)
	at com.sun.org.apache.xerces.internal.impl.XMLErrorReporter.reportError(XMLErrorReporter.java:327)
	at com.sun.org.apache.xerces.internal.impl.XMLScanner.reportFatalError(XMLScanner.java:1472)
	at com.sun.org.apache.xerces.internal.impl.XMLScanner.scanAttributeValue(XMLScanner.java:908)
	at com.sun.org.apache.xerces.internal.impl.XMLDocumentFragmentScannerImpl.scanAttribute(XMLDocumentFragmentScannerImpl.java:1548)
	at com.sun.org.apache.xerces.internal.impl.XMLDocumentFragmentScannerImpl.scanStartElement(XMLDocumentFragmentScannerImpl.java:1315)
	at com.sun.org.apache.xerces.internal.impl.XMLDocumentFragmentScannerImpl$FragmentContentDriver.next(XMLDocumentFragmentScannerImpl.java:2784)
	at com.sun.org.apache.xerces.internal.impl.XMLDocumentScannerImpl.next(XMLDocumentScannerImpl.java:602)
	at com.sun.org.apache.xerces.internal.impl.XMLDocumentFragmentScannerImpl.scanDocument(XMLDocumentFragmentScannerImpl.java:505)
	at com.sun.org.apache.xerces.internal.parsers.XML11Configuration.parse(XML11Configuration.java:841)
	at com.sun.org.apache.xerces.internal.parsers.XML11Configuration.parse(XML11Configuration.java:770)
	at com.sun.org.apache.xerces.internal.parsers.XMLParser.parse(XMLParser.java:141)
	at com.sun.org.apache.xerces.internal.parsers.DOMParser.parse(DOMParser.java:243)
	at com.sun.org.apache.xerces.internal.jaxp.DocumentBuilderImpl.parse(DocumentBuilderImpl.java:339)
	at org.eclipse.debug.internal.core.LaunchManager.createInfoFromXML(LaunchManager.java:935)
	at org.eclipse.debug.internal.core.LaunchManager.getInfo(LaunchManager.java:1359)
	at org.eclipse.debug.internal.core.LaunchConfiguration.getInfo(LaunchConfiguration.java:490)
	at org.eclipse.debug.internal.core.LaunchConfiguration.getType(LaunchConfiguration.java:645)
	at org.eclipse.debug.internal.core.LaunchManager.isValid(LaunchManager.java:2091)
	at org.eclipse.debug.internal.core.LaunchManager.verifyConfigurations(LaunchManager.java:2462)
	at org.eclipse.debug.internal.core.LaunchManager.getAllLaunchConfigurations(LaunchManager.java:1140)
	at org.eclipse.debug.internal.core.LaunchManager.getLaunchConfigurations(LaunchManager.java:1444)
	at org.eclipse.debug.internal.core.LaunchManager.getLaunchConfigurations(LaunchManager.java:1439)
	at org.eclipse.launchbar.core.internal.LaunchBarManager.init(LaunchBarManager.java:130)
	at org.eclipse.launchbar.core.internal.LaunchBarManager$1.run(LaunchBarManager.java:96)
	at org.eclipse.core.internal.jobs.Worker.run(Worker.java:63)

!ENTRY org.eclipse.debug.core 4 125 2026-07-28 11:20:40.804
!MESSAGE 调试核心所记录的错误：
!STACK 1
org.eclipse.debug.core.DebugException: 读取启动配置文件 F:\code\vibe_project\rollerball\M33\libraries\components\mtb-device-support-pse8xxgp\make\make\scripts\interface_version_3\eclipse\CM33\ram\_normal\KitProg3\any\&&_PRJ_NAME&& Debug (KitProg3_MiniProg4).launch 时发生了 org.xml.sax.SAXParseException; lineNumber: 3; columnNumber: 66; 在实体引用中, 实体名称必须紧跟在 '&' 后面。。
	at org.eclipse.debug.internal.core.LaunchManager.createDebugException(LaunchManager.java:886)
	at org.eclipse.debug.internal.core.LaunchManager.throwException(LaunchManager.java:2448)
	at org.eclipse.debug.internal.core.LaunchManager.getInfo(LaunchManager.java:1366)
	at org.eclipse.debug.internal.core.LaunchConfiguration.getInfo(LaunchConfiguration.java:490)
	at org.eclipse.debug.internal.core.LaunchConfiguration.getType(LaunchConfiguration.java:645)
	at org.eclipse.debug.internal.core.LaunchManager.isValid(LaunchManager.java:2091)
	at org.eclipse.debug.internal.core.LaunchManager.verifyConfigurations(LaunchManager.java:2462)
	at org.eclipse.debug.internal.core.LaunchManager.getAllLaunchConfigurations(LaunchManager.java:1140)
	at org.eclipse.debug.internal.core.LaunchManager.getLaunchConfigurations(LaunchManager.java:1444)
	at org.eclipse.debug.internal.core.LaunchManager.getLaunchConfigurations(LaunchManager.java:1439)
	at org.eclipse.launchbar.core.internal.LaunchBarManager.init(LaunchBarManager.java:130)
	at org.eclipse.launchbar.core.internal.LaunchBarManager$1.run(LaunchBarManager.java:96)
	at org.eclipse.core.internal.jobs.Worker.run(Worker.java:63)
Caused by: org.xml.sax.SAXParseException; lineNumber: 3; columnNumber: 66; 在实体引用中, 实体名称必须紧跟在 '&' 后面。
	at com.sun.org.apache.xerces.internal.util.ErrorHandlerWrapper.createSAXParseException(ErrorHandlerWrapper.java:203)
	at com.sun.org.apache.xerces.internal.util.ErrorHandlerWrapper.fatalError(ErrorHandlerWrapper.java:177)
	at com.sun.org.apache.xerces.internal.impl.XMLErrorReporter.reportError(XMLErrorReporter.java:400)
	at com.sun.org.apache.xerces.internal.impl.XMLErrorReporter.reportError(XMLErrorReporter.java:327)
	at com.sun.org.apache.xerces.internal.impl.XMLScanner.reportFatalError(XMLScanner.java:1472)
	at com.sun.org.apache.xerces.internal.impl.XMLScanner.scanAttributeValue(XMLScanner.java:908)
	at com.sun.org.apache.xerces.internal.impl.XMLDocumentFragmentScannerImpl.scanAttribute(XMLDocumentFragmentScannerImpl.java:1548)
	at com.sun.org.apache.xerces.internal.impl.XMLDocumentFragmentScannerImpl.scanStartElement(XMLDocumentFragmentScannerImpl.java:1315)
	at com.sun.org.apache.xerces.internal.impl.XMLDocumentFragmentScannerImpl$FragmentContentDriver.next(XMLDocumentFragmentScannerImpl.java:2784)
	at com.sun.org.apache.xerces.internal.impl.XMLDocumentScannerImpl.next(XMLDocumentScannerImpl.java:602)
	at com.sun.org.apache.xerces.internal.impl.XMLDocumentFragmentScannerImpl.scanDocument(XMLDocumentFragmentScannerImpl.java:505)
	at com.sun.org.apache.xerces.internal.parsers.XML11Configuration.parse(XML11Configuration.java:841)
	at com.sun.org.apache.xerces.internal.parsers.XML11Configuration.parse(XML11Configuration.java:770)
	at com.sun.org.apache.xerces.internal.parsers.XMLParser.parse(XMLParser.java:141)
	at com.sun.org.apache.xerces.internal.parsers.DOMParser.parse(DOMParser.java:243)
	at com.sun.org.apache.xerces.internal.jaxp.DocumentBuilderImpl.parse(DocumentBuilderImpl.java:339)
	at org.eclipse.debug.internal.core.LaunchManager.createInfoFromXML(LaunchManager.java:935)
	at org.eclipse.debug.internal.core.LaunchManager.getInfo(LaunchManager.java:1359)
	... 10 more
!SUBENTRY 1 org.eclipse.debug.core 4 5012 2026-07-28 11:20:40.804
!MESSAGE 读取启动配置文件 F:\code\vibe_project\rollerball\M33\libraries\components\mtb-device-support-pse8xxgp\make\make\scripts\interface_version_3\eclipse\CM33\ram\_normal\KitProg3\any\&&_PRJ_NAME&& Debug (KitProg3_MiniProg4).launch 时发生了 org.xml.sax.SAXParseException; lineNumber: 3; columnNumber: 66; 在实体引用中, 实体名称必须紧跟在 '&' 后面。。
!STACK 0
org.xml.sax.SAXParseException; lineNumber: 3; columnNumber: 66; 在实体引用中, 实体名称必须紧跟在 '&' 后面。
	at com.sun.org.apache.xerces.internal.util.ErrorHandlerWrapper.createSAXParseException(ErrorHandlerWrapper.java:203)
	at com.sun.org.apache.xerces.internal.util.ErrorHandlerWrapper.fatalError(ErrorHandlerWrapper.java:177)
	at com.sun.org.apache.xerces.internal.impl.XMLErrorReporter.reportError(XMLErrorReporter.java:400)
	at com.sun.org.apache.xerces.internal.impl.XMLErrorReporter.reportError(XMLErrorReporter.java:327)
	at com.sun.org.apache.xerces.internal.impl.XMLScanner.reportFatalError(XMLScanner.java:1472)
	at com.sun.org.apache.xerces.internal.impl.XMLScanner.scanAttributeValue(XMLScanner.java:908)
	at com.sun.org.apache.xerces.internal.impl.XMLDocumentFragmentScannerImpl.scanAttribute(XMLDocumentFragmentScannerImpl.java:1548)
	at com.sun.org.apache.xerces.internal.impl.XMLDocumentFragmentScannerImpl.scanStartElement(XMLDocumentFragmentScannerImpl.java:1315)
	at com.sun.org.apache.xerces.internal.impl.XMLDocumentFragmentScannerImpl$FragmentContentDriver.next(XMLDocumentFragmentScannerImpl.java:2784)
	at com.sun.org.apache.xerces.internal.impl.XMLDocumentScannerImpl.next(XMLDocumentScannerImpl.java:602)
	at com.sun.org.apache.xerces.internal.impl.XMLDocumentFragmentScannerImpl.scanDocument(XMLDocumentFragmentScannerImpl.java:505)
	at com.sun.org.apache.xerces.internal.parsers.XML11Configuration.parse(XML11Configuration.java:841)
	at com.sun.org.apache.xerces.internal.parsers.XML11Configuration.parse(XML11Configuration.java:770)
	at com.sun.org.apache.xerces.internal.parsers.XMLParser.parse(XMLParser.java:141)
	at com.sun.org.apache.xerces.internal.parsers.DOMParser.parse(DOMParser.java:243)
	at com.sun.org.apache.xerces.internal.jaxp.DocumentBuilderImpl.parse(DocumentBuilderImpl.java:339)
	at org.eclipse.debug.internal.core.LaunchManager.createInfoFromXML(LaunchManager.java:935)
	at org.eclipse.debug.internal.core.LaunchManager.getInfo(LaunchManager.java:1359)
	at org.eclipse.debug.internal.core.LaunchConfiguration.getInfo(LaunchConfiguration.java:490)
	at org.eclipse.debug.internal.core.LaunchConfiguration.getType(LaunchConfiguration.java:645)
	at org.eclipse.debug.internal.core.LaunchManager.isValid(LaunchManager.java:2091)
	at org.eclipse.debug.internal.core.LaunchManager.verifyConfigurations(LaunchManager.java:2462)
	at org.eclipse.debug.internal.core.LaunchManager.getAllLaunchConfigurations(LaunchManager.java:1140)
	at org.eclipse.debug.internal.core.LaunchManager.getLaunchConfigurations(LaunchManager.java:1444)
	at org.eclipse.debug.internal.core.LaunchManager.getLaunchConfigurations(LaunchManager.java:1439)
	at org.eclipse.launchbar.core.internal.LaunchBarManager.init(LaunchBarManager.java:130)
	at org.eclipse.launchbar.core.internal.LaunchBarManager$1.run(LaunchBarManager.java:96)
	at org.eclipse.core.internal.jobs.Worker.run(Worker.java:63)

!ENTRY org.eclipse.debug.core 4 125 2026-07-28 11:20:40.804
!MESSAGE 调试核心所记录的错误：
!STACK 1
org.eclipse.debug.core.DebugException: 读取启动配置文件 F:\code\vibe_project\rollerball\M33\libraries\components\mtb-device-support-pse8xxgp\make\make\scripts\interface_version_3\eclipse\CM33\ram\_normal\KitProg3\any\&&_PRJ_NAME&& Program (KitProg3_MiniProg4).launch 时发生了 org.xml.sax.SAXParseException; lineNumber: 3; columnNumber: 66; 在实体引用中, 实体名称必须紧跟在 '&' 后面。。
	at org.eclipse.debug.internal.core.LaunchManager.createDebugException(LaunchManager.java:886)
	at org.eclipse.debug.internal.core.LaunchManager.throwException(LaunchManager.java:2448)
	at org.eclipse.debug.internal.core.LaunchManager.getInfo(LaunchManager.java:1366)
	at org.eclipse.debug.internal.core.LaunchConfiguration.getInfo(LaunchConfiguration.java:490)
	at org.eclipse.debug.internal.core.LaunchConfiguration.getType(LaunchConfiguration.java:645)
	at org.eclipse.debug.internal.core.LaunchManager.isValid(LaunchManager.java:2091)
	at org.eclipse.debug.internal.core.LaunchManager.verifyConfigurations(LaunchManager.java:2462)
	at org.eclipse.debug.internal.core.LaunchManager.getAllLaunchConfigurations(LaunchManager.java:1140)
	at org.eclipse.debug.internal.core.LaunchManager.getLaunchConfigurations(LaunchManager.java:1444)
	at org.eclipse.debug.internal.core.LaunchManager.getLaunchConfigurations(LaunchManager.java:1439)
	at org.eclipse.launchbar.core.internal.LaunchBarManager.init(LaunchBarManager.java:130)
	at org.eclipse.launchbar.core.internal.LaunchBarManager$1.run(LaunchBarManager.java:96)
	at org.eclipse.core.internal.jobs.Worker.run(Worker.java:63)
Caused by: org.xml.sax.SAXParseException; lineNumber: 3; columnNumber: 66; 在实体引用中, 实体名称必须紧跟在 '&' 后面。
	at com.sun.org.apache.xerces.internal.util.ErrorHandlerWrapper.createSAXParseException(ErrorHandlerWrapper.java:203)
	at com.sun.org.apache.xerces.internal.util.ErrorHandlerWrapper.fatalError(ErrorHandlerWrapper.java:177)
	at com.sun.org.apache.xerces.internal.impl.XMLErrorReporter.reportError(XMLErrorReporter.java:400)
	at com.sun.org.apache.xerces.internal.impl.XMLErrorReporter.reportError(XMLErrorReporter.java:327)
	at com.sun.org.apache.xerces.internal.impl.XMLScanner.reportFatalError(XMLScanner.java:1472)
	at com.sun.org.apache.xerces.internal.impl.XMLScanner.scanAttributeValue(XMLScanner.java:908)
	at com.sun.org.apache.xerces.internal.impl.XMLDocumentFragmentScannerImpl.scanAttribute(XMLDocumentFragmentScannerImpl.java:1548)
	at com.sun.org.apache.xerces.internal.impl.XMLDocumentFragmentScannerImpl.scanStartElement(XMLDocumentFragmentScannerImpl.java:1315)
	at com.sun.org.apache.xerces.internal.impl.XMLDocumentFragmentScannerImpl$FragmentContentDriver.next(XMLDocumentFragmentScannerImpl.java:2784)
	at com.sun.org.apache.xerces.internal.impl.XMLDocumentScannerImpl.next(XMLDocumentScannerImpl.java:602)
	at com.sun.org.apache.xerces.internal.impl.XMLDocumentFragmentScannerImpl.scanDocument(XMLDocumentFragmentScannerImpl.java:505)
	at com.sun.org.apache.xerces.internal.parsers.XML11Configuration.parse(XML11Configuration.java:841)
	at com.sun.org.apache.xerces.internal.parsers.XML11Configuration.parse(XML11Configuration.java:770)
	at com.sun.org.apache.xerces.internal.parsers.XMLParser.parse(XMLParser.java:141)
	at com.sun.org.apache.xerces.internal.parsers.DOMParser.parse(DOMParser.java:243)
	at com.sun.org.apache.xerces.internal.jaxp.DocumentBuilderImpl.parse(DocumentBuilderImpl.java:339)
	at org.eclipse.debug.internal.core.LaunchManager.createInfoFromXML(LaunchManager.java:935)
	at org.eclipse.debug.internal.core.LaunchManager.getInfo(LaunchManager.java:1359)
	... 10 more
!SUBENTRY 1 org.eclipse.debug.core 4 5012 2026-07-28 11:20:40.804
!MESSAGE 读取启动配置文件 F:\code\vibe_project\rollerball\M33\libraries\components\mtb-device-support-pse8xxgp\make\make\scripts\interface_version_3\eclipse\CM33\ram\_normal\KitProg3\any\&&_PRJ_NAME&& Program (KitProg3_MiniProg4).launch 时发生了 org.xml.sax.SAXParseException; lineNumber: 3; columnNumber: 66; 在实体引用中, 实体名称必须紧跟在 '&' 后面。。
!STACK 0
org.xml.sax.SAXParseException; lineNumber: 3; columnNumber: 66; 在实体引用中, 实体名称必须紧跟在 '&' 后面。
	at com.sun.org.apache.xerces.internal.util.ErrorHandlerWrapper.createSAXParseException(ErrorHandlerWrapper.java:203)
	at com.sun.org.apache.xerces.internal.util.ErrorHandlerWrapper.fatalError(ErrorHandlerWrapper.java:177)
	at com.sun.org.apache.xerces.internal.impl.XMLErrorReporter.reportError(XMLErrorReporter.java:400)
	at com.sun.org.apache.xerces.internal.impl.XMLErrorReporter.reportError(XMLErrorReporter.java:327)
	at com.sun.org.apache.xerces.internal.impl.XMLScanner.reportFatalError(XMLScanner.java:1472)
	at com.sun.org.apache.xerces.internal.impl.XMLScanner.scanAttributeValue(XMLScanner.java:908)
	at com.sun.org.apache.xerces.internal.impl.XMLDocumentFragmentScannerImpl.scanAttribute(XMLDocumentFragmentScannerImpl.java:1548)
	at com.sun.org.apache.xerces.internal.impl.XMLDocumentFragmentScannerImpl.scanStartElement(XMLDocumentFragmentScannerImpl.java:1315)
	at com.sun.org.apache.xerces.internal.impl.XMLDocumentFragmentScannerImpl$FragmentContentDriver.next(XMLDocumentFragmentScannerImpl.java:2784)
	at com.sun.org.apache.xerces.internal.impl.XMLDocumentScannerImpl.next(XMLDocumentScannerImpl.java:602)
	at com.sun.org.apache.xerces.internal.impl.XMLDocumentFragmentScannerImpl.scanDocument(XMLDocumentFragmentScannerImpl.java:505)
	at com.sun.org.apache.xerces.internal.parsers.XML11Configuration.parse(XML11Configuration.java:841)
	at com.sun.org.apache.xerces.internal.parsers.XML11Configuration.parse(XML11Configuration.java:770)
	at com.sun.org.apache.xerces.internal.parsers.XMLParser.parse(XMLParser.java:141)
	at com.sun.org.apache.xerces.internal.parsers.DOMParser.parse(DOMParser.java:243)
	at com.sun.org.apache.xerces.internal.jaxp.DocumentBuilderImpl.parse(DocumentBuilderImpl.java:339)
	at org.eclipse.debug.internal.core.LaunchManager.createInfoFromXML(LaunchManager.java:935)
	at org.eclipse.debug.internal.core.LaunchManager.getInfo(LaunchManager.java:1359)
	at org.eclipse.debug.internal.core.LaunchConfiguration.getInfo(LaunchConfiguration.java:490)
	at org.eclipse.debug.internal.core.LaunchConfiguration.getType(LaunchConfiguration.java:645)
	at org.eclipse.debug.internal.core.LaunchManager.isValid(LaunchManager.java:2091)
	at org.eclipse.debug.internal.core.LaunchManager.verifyConfigurations(LaunchManager.java:2462)
	at org.eclipse.debug.internal.core.LaunchManager.getAllLaunchConfigurations(LaunchManager.java:1140)
	at org.eclipse.debug.internal.core.LaunchManager.getLaunchConfigurations(LaunchManager.java:1444)
	at org.eclipse.debug.internal.core.LaunchManager.getLaunchConfigurations(LaunchManager.java:1439)
	at org.eclipse.launchbar.core.internal.LaunchBarManager.init(LaunchBarManager.java:130)
	at org.eclipse.launchbar.core.internal.LaunchBarManager$1.run(LaunchBarManager.java:96)
	at org.eclipse.core.internal.jobs.Worker.run(Worker.java:63)

!ENTRY org.eclipse.debug.core 4 125 2026-07-28 11:20:40.808
!MESSAGE 调试核心所记录的错误：
!STACK 1
org.eclipse.debug.core.DebugException: 读取启动配置文件 F:\code\vibe_project\rollerball\M33\libraries\components\mtb-device-support-pse8xxgp\make\make\scripts\interface_version_3\eclipse\CM33\ram\_normal\KitProg3\combine_sign\Debug.launch 时发生了 org.xml.sax.SAXParseException; lineNumber: 3; columnNumber: 66; 在实体引用中, 实体名称必须紧跟在 '&' 后面。。
	at org.eclipse.debug.internal.core.LaunchManager.createDebugException(LaunchManager.java:886)
	at org.eclipse.debug.internal.core.LaunchManager.throwException(LaunchManager.java:2448)
	at org.eclipse.debug.internal.core.LaunchManager.getInfo(LaunchManager.java:1366)
	at org.eclipse.debug.internal.core.LaunchConfiguration.getInfo(LaunchConfiguration.java:490)
	at org.eclipse.debug.internal.core.LaunchConfiguration.getType(LaunchConfiguration.java:645)
	at org.eclipse.debug.internal.core.LaunchManager.isValid(LaunchManager.java:2091)
	at org.eclipse.debug.internal.core.LaunchManager.verifyConfigurations(LaunchManager.java:2462)
	at org.eclipse.debug.internal.core.LaunchManager.getAllLaunchConfigurations(LaunchManager.java:1140)
	at org.eclipse.debug.internal.core.LaunchManager.getLaunchConfigurations(LaunchManager.java:1444)
	at org.eclipse.debug.internal.core.LaunchManager.getLaunchConfigurations(LaunchManager.java:1439)
	at org.eclipse.launchbar.core.internal.LaunchBarManager.init(LaunchBarManager.java:130)
	at org.eclipse.launchbar.core.internal.LaunchBarManager$1.run(LaunchBarManager.java:96)
	at org.eclipse.core.internal.jobs.Worker.run(Worker.java:63)
Caused by: org.xml.sax.SAXParseException; lineNumber: 3; columnNumber: 66; 在实体引用中, 实体名称必须紧跟在 '&' 后面。
	at com.sun.org.apache.xerces.internal.util.ErrorHandlerWrapper.createSAXParseException(ErrorHandlerWrapper.java:203)
	at com.sun.org.apache.xerces.internal.util.ErrorHandlerWrapper.fatalError(ErrorHandlerWrapper.java:177)
	at com.sun.org.apache.xerces.internal.impl.XMLErrorReporter.reportError(XMLErrorReporter.java:400)
	at com.sun.org.apache.xerces.internal.impl.XMLErrorReporter.reportError(XMLErrorReporter.java:327)
	at com.sun.org.apache.xerces.internal.impl.XMLScanner.reportFatalError(XMLScanner.java:1472)
	at com.sun.org.apache.xerces.internal.impl.XMLScanner.scanAttributeValue(XMLScanner.java:908)
	at com.sun.org.apache.xerces.internal.impl.XMLDocumentFragmentScannerImpl.scanAttribute(XMLDocumentFragmentScannerImpl.java:1548)
	at com.sun.org.apache.xerces.internal.impl.XMLDocumentFragmentScannerImpl.scanStartElement(XMLDocumentFragmentScannerImpl.java:1315)
	at com.sun.org.apache.xerces.internal.impl.XMLDocumentFragmentScannerImpl$FragmentContentDriver.next(XMLDocumentFragmentScannerImpl.java:2784)
	at com.sun.org.apache.xerces.internal.impl.XMLDocumentScannerImpl.next(XMLDocumentScannerImpl.java:602)
	at com.sun.org.apache.xerces.internal.impl.XMLDocumentFragmentScannerImpl.scanDocument(XMLDocumentFragmentScannerImpl.java:505)
	at com.sun.org.apache.xerces.internal.parsers.XML11Configuration.parse(XML11Configuration.java:841)
	at com.sun.org.apache.xerces.internal.parsers.XML11Configuration.parse(XML11Configuration.java:770)
	at com.sun.org.apache.xerces.internal.parsers.XMLParser.parse(XMLParser.java:141)
	at com.sun.org.apache.xerces.internal.parsers.DOMParser.parse(DOMParser.java:243)
	at com.sun.org.apache.xerces.internal.jaxp.DocumentBuilderImpl.parse(DocumentBuilderImpl.java:339)
	at org.eclipse.debug.internal.core.LaunchManager.createInfoFromXML(LaunchManager.java:935)
	at org.eclipse.debug.internal.core.LaunchManager.getInfo(LaunchManager.java:1359)
	... 10 more
!SUBENTRY 1 org.eclipse.debug.core 4 5012 2026-07-28 11:20:40.808
!MESSAGE 读取启动配置文件 F:\code\vibe_project\rollerball\M33\libraries\components\mtb-device-support-pse8xxgp\make\make\scripts\interface_version_3\eclipse\CM33\ram\_normal\KitProg3\combine_sign\Debug.launch 时发生了 org.xml.sax.SAXParseException; lineNumber: 3; columnNumber: 66; 在实体引用中, 实体名称必须紧跟在 '&' 后面。。
!STACK 0
org.xml.sax.SAXParseException; lineNumber: 3; columnNumber: 66; 在实体引用中, 实体名称必须紧跟在 '&' 后面。
	at com.sun.org.apache.xerces.internal.util.ErrorHandlerWrapper.createSAXParseException(ErrorHandlerWrapper.java:203)
	at com.sun.org.apache.xerces.internal.util.ErrorHandlerWrapper.fatalError(ErrorHandlerWrapper.java:177)
	at com.sun.org.apache.xerces.internal.impl.XMLErrorReporter.reportError(XMLErrorReporter.java:400)
	at com.sun.org.apache.xerces.internal.impl.XMLErrorReporter.reportError(XMLErrorReporter.java:327)
	at com.sun.org.apache.xerces.internal.impl.XMLScanner.reportFatalError(XMLScanner.java:1472)
	at com.sun.org.apache.xerces.internal.impl.XMLScanner.scanAttributeValue(XMLScanner.java:908)
	at com.sun.org.apache.xerces.internal.impl.XMLDocumentFragmentScannerImpl.scanAttribute(XMLDocumentFragmentScannerImpl.java:1548)
	at com.sun.org.apache.xerces.internal.impl.XMLDocumentFragmentScannerImpl.scanStartElement(XMLDocumentFragmentScannerImpl.java:1315)
	at com.sun.org.apache.xerces.internal.impl.XMLDocumentFragmentScannerImpl$FragmentContentDriver.next(XMLDocumentFragmentScannerImpl.java:2784)
	at com.sun.org.apache.xerces.internal.impl.XMLDocumentScannerImpl.next(XMLDocumentScannerImpl.java:602)
	at com.sun.org.apache.xerces.internal.impl.XMLDocumentFragmentScannerImpl.scanDocument(XMLDocumentFragmentScannerImpl.java:505)
	at com.sun.org.apache.xerces.internal.parsers.XML11Configuration.parse(XML11Configuration.java:841)
	at com.sun.org.apache.xerces.internal.parsers.XML11Configuration.parse(XML11Configuration.java:770)
	at com.sun.org.apache.xerces.internal.parsers.XMLParser.parse(XMLParser.java:141)
	at com.sun.org.apache.xerces.internal.parsers.DOMParser.parse(DOMParser.java:243)
	at com.sun.org.apache.xerces.internal.jaxp.DocumentBuilderImpl.parse(DocumentBuilderImpl.java:339)
	at org.eclipse.debug.internal.core.LaunchManager.createInfoFromXML(LaunchManager.java:935)
	at org.eclipse.debug.internal.core.LaunchManager.getInfo(LaunchManager.java:1359)
	at org.eclipse.debug.internal.core.LaunchConfiguration.getInfo(LaunchConfiguration.java:490)
	at org.eclipse.debug.internal.core.LaunchConfiguration.getType(LaunchConfiguration.java:645)
	at org.eclipse.debug.internal.core.LaunchManager.isValid(LaunchManager.java:2091)
	at org.eclipse.debug.internal.core.LaunchManager.verifyConfigurations(LaunchManager.java:2462)
	at org.eclipse.debug.internal.core.LaunchManager.getAllLaunchConfigurations(LaunchManager.java:1140)
	at org.eclipse.debug.internal.core.LaunchManager.getLaunchConfigurations(LaunchManager.java:1444)
	at org.eclipse.debug.internal.core.LaunchManager.getLaunchConfigurations(LaunchManager.java:1439)
	at org.eclipse.launchbar.core.internal.LaunchBarManager.init(LaunchBarManager.java:130)
	at org.eclipse.launchbar.core.internal.LaunchBarManager$1.run(LaunchBarManager.java:96)
	at org.eclipse.core.internal.jobs.Worker.run(Worker.java:63)

!ENTRY org.eclipse.debug.core 4 125 2026-07-28 11:20:40.808
!MESSAGE 调试核心所记录的错误：
!STACK 1
org.eclipse.debug.core.DebugException: 读取启动配置文件 F:\code\vibe_project\rollerball\M33\libraries\components\mtb-device-support-pse8xxgp\make\make\scripts\interface_version_3\eclipse\CM33\ram\_normal\KitProg3\multi\&&_PRJ_NAME&& Debug (KitProg3_MiniProg4).launch 时发生了 org.xml.sax.SAXParseException; lineNumber: 3; columnNumber: 66; 在实体引用中, 实体名称必须紧跟在 '&' 后面。。
	at org.eclipse.debug.internal.core.LaunchManager.createDebugException(LaunchManager.java:886)
	at org.eclipse.debug.internal.core.LaunchManager.throwException(LaunchManager.java:2448)
	at org.eclipse.debug.internal.core.LaunchManager.getInfo(LaunchManager.java:1366)
	at org.eclipse.debug.internal.core.LaunchConfiguration.getInfo(LaunchConfiguration.java:490)
	at org.eclipse.debug.internal.core.LaunchConfiguration.getType(LaunchConfiguration.java:645)
	at org.eclipse.debug.internal.core.LaunchManager.isValid(LaunchManager.java:2091)
	at org.eclipse.debug.internal.core.LaunchManager.verifyConfigurations(LaunchManager.java:2462)
	at org.eclipse.debug.internal.core.LaunchManager.getAllLaunchConfigurations(LaunchManager.java:1140)
	at org.eclipse.debug.internal.core.LaunchManager.getLaunchConfigurations(LaunchManager.java:1444)
	at org.eclipse.debug.internal.core.LaunchManager.getLaunchConfigurations(LaunchManager.java:1439)
	at org.eclipse.launchbar.core.internal.LaunchBarManager.init(LaunchBarManager.java:130)
	at org.eclipse.launchbar.core.internal.LaunchBarManager$1.run(LaunchBarManager.java:96)
	at org.eclipse.core.internal.jobs.Worker.run(Worker.java:63)
Caused by: org.xml.sax.SAXParseException; lineNumber: 3; columnNumber: 66; 在实体引用中, 实体名称必须紧跟在 '&' 后面。
	at com.sun.org.apache.xerces.internal.util.ErrorHandlerWrapper.createSAXParseException(ErrorHandlerWrapper.java:203)
	at com.sun.org.apache.xerces.internal.util.ErrorHandlerWrapper.fatalError(ErrorHandlerWrapper.java:177)
	at com.sun.org.apache.xerces.internal.impl.XMLErrorReporter.reportError(XMLErrorReporter.java:400)
	at com.sun.org.apache.xerces.internal.impl.XMLErrorReporter.reportError(XMLErrorReporter.java:327)
	at com.sun.org.apache.xerces.internal.impl.XMLScanner.reportFatalError(XMLScanner.java:1472)
	at com.sun.org.apache.xerces.internal.impl.XMLScanner.scanAttributeValue(XMLScanner.java:908)
	at com.sun.org.apache.xerces.internal.impl.XMLDocumentFragmentScannerImpl.scanAttribute(XMLDocumentFragmentScannerImpl.java:1548)
	at com.sun.org.apache.xerces.internal.impl.XMLDocumentFragmentScannerImpl.scanStartElement(XMLDocumentFragmentScannerImpl.java:1315)
	at com.sun.org.apache.xerces.internal.impl.XMLDocumentFragmentScannerImpl$FragmentContentDriver.next(XMLDocumentFragmentScannerImpl.java:2784)
	at com.sun.org.apache.xerces.internal.impl.XMLDocumentScannerImpl.next(XMLDocumentScannerImpl.java:602)
	at com.sun.org.apache.xerces.internal.impl.XMLDocumentFragmentScannerImpl.scanDocument(XMLDocumentFragmentScannerImpl.java:505)
	at com.sun.org.apache.xerces.internal.parsers.XML11Configuration.parse(XML11Configuration.java:841)
	at com.sun.org.apache.xerces.internal.parsers.XML11Configuration.parse(XML11Configuration.java:770)
	at com.sun.org.apache.xerces.internal.parsers.XMLParser.parse(XMLParser.java:141)
	at com.sun.org.apache.xerces.internal.parsers.DOMParser.parse(DOMParser.java:243)
	at com.sun.org.apache.xerces.internal.jaxp.DocumentBuilderImpl.parse(DocumentBuilderImpl.java:339)
	at org.eclipse.debug.internal.core.LaunchManager.createInfoFromXML(LaunchManager.java:935)
	at org.eclipse.debug.internal.core.LaunchManager.getInfo(LaunchManager.java:1359)
	... 10 more
!SUBENTRY 1 org.eclipse.debug.core 4 5012 2026-07-28 11:20:40.808
!MESSAGE 读取启动配置文件 F:\code\vibe_project\rollerball\M33\libraries\components\mtb-device-support-pse8xxgp\make\make\scripts\interface_version_3\eclipse\CM33\ram\_normal\KitProg3\multi\&&_PRJ_NAME&& Debug (KitProg3_MiniProg4).launch 时发生了 org.xml.sax.SAXParseException; lineNumber: 3; columnNumber: 66; 在实体引用中, 实体名称必须紧跟在 '&' 后面。。
!STACK 0
org.xml.sax.SAXParseException; lineNumber: 3; columnNumber: 66; 在实体引用中, 实体名称必须紧跟在 '&' 后面。
	at com.sun.org.apache.xerces.internal.util.ErrorHandlerWrapper.createSAXParseException(ErrorHandlerWrapper.java:203)
	at com.sun.org.apache.xerces.internal.util.ErrorHandlerWrapper.fatalError(ErrorHandlerWrapper.java:177)
	at com.sun.org.apache.xerces.internal.impl.XMLErrorReporter.reportError(XMLErrorReporter.java:400)
	at com.sun.org.apache.xerces.internal.impl.XMLErrorReporter.reportError(XMLErrorReporter.java:327)
	at com.sun.org.apache.xerces.internal.impl.XMLScanner.reportFatalError(XMLScanner.java:1472)
	at com.sun.org.apache.xerces.internal.impl.XMLScanner.scanAttributeValue(XMLScanner.java:908)
	at com.sun.org.apache.xerces.internal.impl.XMLDocumentFragmentScannerImpl.scanAttribute(XMLDocumentFragmentScannerImpl.java:1548)
	at com.sun.org.apache.xerces.internal.impl.XMLDocumentFragmentScannerImpl.scanStartElement(XMLDocumentFragmentScannerImpl.java:1315)
	at com.sun.org.apache.xerces.internal.impl.XMLDocumentFragmentScannerImpl$FragmentContentDriver.next(XMLDocumentFragmentScannerImpl.java:2784)
	at com.sun.org.apache.xerces.internal.impl.XMLDocumentScannerImpl.next(XMLDocumentScannerImpl.java:602)
	at com.sun.org.apache.xerces.internal.impl.XMLDocumentFragmentScannerImpl.scanDocument(XMLDocumentFragmentScannerImpl.java:505)
	at com.sun.org.apache.xerces.internal.parsers.XML11Configuration.parse(XML11Configuration.java:841)
	at com.sun.org.apache.xerces.internal.parsers.XML11Configuration.parse(XML11Configuration.java:770)
	at com.sun.org.apache.xerces.internal.parsers.XMLParser.parse(XMLParser.java:141)
	at com.sun.org.apache.xerces.internal.parsers.DOMParser.parse(DOMParser.java:243)
	at com.sun.org.apache.xerces.internal.jaxp.DocumentBuilderImpl.parse(DocumentBuilderImpl.java:339)
	at org.eclipse.debug.internal.core.LaunchManager.createInfoFromXML(LaunchManager.java:935)
	at org.eclipse.debug.internal.core.LaunchManager.getInfo(LaunchManager.java:1359)
	at org.eclipse.debug.internal.core.LaunchConfiguration.getInfo(LaunchConfiguration.java:490)
	at org.eclipse.debug.internal.core.LaunchConfiguration.getType(LaunchConfiguration.java:645)
	at org.eclipse.debug.internal.core.LaunchManager.isValid(LaunchManager.java:2091)
	at org.eclipse.debug.internal.core.LaunchManager.verifyConfigurations(LaunchManager.java:2462)
	at org.eclipse.debug.internal.core.LaunchManager.getAllLaunchConfigurations(LaunchManager.java:1140)
	at org.eclipse.debug.internal.core.LaunchManager.getLaunchConfigurations(LaunchManager.java:1444)
	at org.eclipse.debug.internal.core.LaunchManager.getLaunchConfigurations(LaunchManager.java:1439)
	at org.eclipse.launchbar.core.internal.LaunchBarManager.init(LaunchBarManager.java:130)
	at org.eclipse.launchbar.core.internal.LaunchBarManager$1.run(LaunchBarManager.java:96)
	at org.eclipse.core.internal.jobs.Worker.run(Worker.java:63)

!ENTRY org.eclipse.debug.core 4 125 2026-07-28 11:20:40.813
!MESSAGE 调试核心所记录的错误：
!STACK 1
org.eclipse.debug.core.DebugException: 读取启动配置文件 F:\code\vibe_project\rollerball\M33\libraries\components\mtb-device-support-pse8xxgp\make\make\scripts\interface_version_3\eclipse\CM33\ram\virgin\JLink\any\&&_PRJ_NAME&& Attach RAM (JLink).launch 时发生了 org.xml.sax.SAXParseException; lineNumber: 3; columnNumber: 66; 在实体引用中, 实体名称必须紧跟在 '&' 后面。。
	at org.eclipse.debug.internal.core.LaunchManager.createDebugException(LaunchManager.java:886)
	at org.eclipse.debug.internal.core.LaunchManager.throwException(LaunchManager.java:2448)
	at org.eclipse.debug.internal.core.LaunchManager.getInfo(LaunchManager.java:1366)
	at org.eclipse.debug.internal.core.LaunchConfiguration.getInfo(LaunchConfiguration.java:490)
	at org.eclipse.debug.internal.core.LaunchConfiguration.getType(LaunchConfiguration.java:645)
	at org.eclipse.debug.internal.core.LaunchManager.isValid(LaunchManager.java:2091)
	at org.eclipse.debug.internal.core.LaunchManager.verifyConfigurations(LaunchManager.java:2462)
	at org.eclipse.debug.internal.core.LaunchManager.getAllLaunchConfigurations(LaunchManager.java:1140)
	at org.eclipse.debug.internal.core.LaunchManager.getLaunchConfigurations(LaunchManager.java:1444)
	at org.eclipse.debug.internal.core.LaunchManager.getLaunchConfigurations(LaunchManager.java:1439)
	at org.eclipse.launchbar.core.internal.LaunchBarManager.init(LaunchBarManager.java:130)
	at org.eclipse.launchbar.core.internal.LaunchBarManager$1.run(LaunchBarManager.java:96)
	at org.eclipse.core.internal.jobs.Worker.run(Worker.java:63)
Caused by: org.xml.sax.SAXParseException; lineNumber: 3; columnNumber: 66; 在实体引用中, 实体名称必须紧跟在 '&' 后面。
	at com.sun.org.apache.xerces.internal.util.ErrorHandlerWrapper.createSAXParseException(ErrorHandlerWrapper.java:203)
	at com.sun.org.apache.xerces.internal.util.ErrorHandlerWrapper.fatalError(ErrorHandlerWrapper.java:177)
	at com.sun.org.apache.xerces.internal.impl.XMLErrorReporter.reportError(XMLErrorReporter.java:400)
	at com.sun.org.apache.xerces.internal.impl.XMLErrorReporter.reportError(XMLErrorReporter.java:327)
	at com.sun.org.apache.xerces.internal.impl.XMLScanner.reportFatalError(XMLScanner.java:1472)
	at com.sun.org.apache.xerces.internal.impl.XMLScanner.scanAttributeValue(XMLScanner.java:908)
	at com.sun.org.apache.xerces.internal.impl.XMLDocumentFragmentScannerImpl.scanAttribute(XMLDocumentFragmentScannerImpl.java:1548)
	at com.sun.org.apache.xerces.internal.impl.XMLDocumentFragmentScannerImpl.scanStartElement(XMLDocumentFragmentScannerImpl.java:1315)
	at com.sun.org.apache.xerces.internal.impl.XMLDocumentFragmentScannerImpl$FragmentContentDriver.next(XMLDocumentFragmentScannerImpl.java:2784)
	at com.sun.org.apache.xerces.internal.impl.XMLDocumentScannerImpl.next(XMLDocumentScannerImpl.java:602)
	at com.sun.org.apache.xerces.internal.impl.XMLDocumentFragmentScannerImpl.scanDocument(XMLDocumentFragmentScannerImpl.java:505)
	at com.sun.org.apache.xerces.internal.parsers.XML11Configuration.parse(XML11Configuration.java:841)
	at com.sun.org.apache.xerces.internal.parsers.XML11Configuration.parse(XML11Configuration.java:770)
	at com.sun.org.apache.xerces.internal.parsers.XMLParser.parse(XMLParser.java:141)
	at com.sun.org.apache.xerces.internal.parsers.DOMParser.parse(DOMParser.java:243)
	at com.sun.org.apache.xerces.internal.jaxp.DocumentBuilderImpl.parse(DocumentBuilderImpl.java:339)
	at org.eclipse.debug.internal.core.LaunchManager.createInfoFromXML(LaunchManager.java:935)
	at org.eclipse.debug.internal.core.LaunchManager.getInfo(LaunchManager.java:1359)
	... 10 more
!SUBENTRY 1 org.eclipse.debug.core 4 5012 2026-07-28 11:20:40.813
!MESSAGE 读取启动配置文件 F:\code\vibe_project\rollerball\M33\libraries\components\mtb-device-support-pse8xxgp\make\make\scripts\interface_version_3\eclipse\CM33\ram\virgin\JLink\any\&&_PRJ_NAME&& Attach RAM (JLink).launch 时发生了 org.xml.sax.SAXParseException; lineNumber: 3; columnNumber: 66; 在实体引用中, 实体名称必须紧跟在 '&' 后面。。
!STACK 0
org.xml.sax.SAXParseException; lineNumber: 3; columnNumber: 66; 在实体引用中, 实体名称必须紧跟在 '&' 后面。
	at com.sun.org.apache.xerces.internal.util.ErrorHandlerWrapper.createSAXParseException(ErrorHandlerWrapper.java:203)
	at com.sun.org.apache.xerces.internal.util.ErrorHandlerWrapper.fatalError(ErrorHandlerWrapper.java:177)
	at com.sun.org.apache.xerces.internal.impl.XMLErrorReporter.reportError(XMLErrorReporter.java:400)
	at com.sun.org.apache.xerces.internal.impl.XMLErrorReporter.reportError(XMLErrorReporter.java:327)
	at com.sun.org.apache.xerces.internal.impl.XMLScanner.reportFatalError(XMLScanner.java:1472)
	at com.sun.org.apache.xerces.internal.impl.XMLScanner.scanAttributeValue(XMLScanner.java:908)
	at com.sun.org.apache.xerces.internal.impl.XMLDocumentFragmentScannerImpl.scanAttribute(XMLDocumentFragmentScannerImpl.java:1548)
	at com.sun.org.apache.xerces.internal.impl.XMLDocumentFragmentScannerImpl.scanStartElement(XMLDocumentFragmentScannerImpl.java:1315)
	at com.sun.org.apache.xerces.internal.impl.XMLDocumentFragmentScannerImpl$FragmentContentDriver.next(XMLDocumentFragmentScannerImpl.java:2784)
	at com.sun.org.apache.xerces.internal.impl.XMLDocumentScannerImpl.next(XMLDocumentScannerImpl.java:602)
	at com.sun.org.apache.xerces.internal.impl.XMLDocumentFragmentScannerImpl.scanDocument(XMLDocumentFragmentScannerImpl.java:505)
	at com.sun.org.apache.xerces.internal.parsers.XML11Configuration.parse(XML11Configuration.java:841)
	at com.sun.org.apache.xerces.internal.parsers.XML11Configuration.parse(XML11Configuration.java:770)
	at com.sun.org.apache.xerces.internal.parsers.XMLParser.parse(XMLParser.java:141)
	at com.sun.org.apache.xerces.internal.parsers.DOMParser.parse(DOMParser.java:243)
	at com.sun.org.apache.xerces.internal.jaxp.DocumentBuilderImpl.parse(DocumentBuilderImpl.java:339)
	at org.eclipse.debug.internal.core.LaunchManager.createInfoFromXML(LaunchManager.java:935)
	at org.eclipse.debug.internal.core.LaunchManager.getInfo(LaunchManager.java:1359)
	at org.eclipse.debug.internal.core.LaunchConfiguration.getInfo(LaunchConfiguration.java:490)
	at org.eclipse.debug.internal.core.LaunchConfiguration.getType(LaunchConfiguration.java:645)
	at org.eclipse.debug.internal.core.LaunchManager.isValid(LaunchManager.java:2091)
	at org.eclipse.debug.internal.core.LaunchManager.verifyConfigurations(LaunchManager.java:2462)
	at org.eclipse.debug.internal.core.LaunchManager.getAllLaunchConfigurations(LaunchManager.java:1140)
	at org.eclipse.debug.internal.core.LaunchManager.getLaunchConfigurations(LaunchManager.java:1444)
	at org.eclipse.debug.internal.core.LaunchManager.getLaunchConfigurations(LaunchManager.java:1439)
	at org.eclipse.launchbar.core.internal.LaunchBarManager.init(LaunchBarManager.java:130)
	at org.eclipse.launchbar.core.internal.LaunchBarManager$1.run(LaunchBarManager.java:96)
	at org.eclipse.core.internal.jobs.Worker.run(Worker.java:63)

!ENTRY org.eclipse.debug.core 4 125 2026-07-28 11:20:40.816
!MESSAGE 调试核心所记录的错误：
!STACK 1
org.eclipse.debug.core.DebugException: 读取启动配置文件 F:\code\vibe_project\rollerball\M33\libraries\components\mtb-device-support-pse8xxgp\make\make\scripts\interface_version_3\eclipse\CM33\ram\virgin\JLink\any\&&_PRJ_NAME&& Program RAM (JLink).launch 时发生了 org.xml.sax.SAXParseException; lineNumber: 3; columnNumber: 66; 在实体引用中, 实体名称必须紧跟在 '&' 后面。。
	at org.eclipse.debug.internal.core.LaunchManager.createDebugException(LaunchManager.java:886)
	at org.eclipse.debug.internal.core.LaunchManager.throwException(LaunchManager.java:2448)
	at org.eclipse.debug.internal.core.LaunchManager.getInfo(LaunchManager.java:1366)
	at org.eclipse.debug.internal.core.LaunchConfiguration.getInfo(LaunchConfiguration.java:490)
	at org.eclipse.debug.internal.core.LaunchConfiguration.getType(LaunchConfiguration.java:645)
	at org.eclipse.debug.internal.core.LaunchManager.isValid(LaunchManager.java:2091)
	at org.eclipse.debug.internal.core.LaunchManager.verifyConfigurations(LaunchManager.java:2462)
	at org.eclipse.debug.internal.core.LaunchManager.getAllLaunchConfigurations(LaunchManager.java:1140)
	at org.eclipse.debug.internal.core.LaunchManager.getLaunchConfigurations(LaunchManager.java:1444)
	at org.eclipse.debug.internal.core.LaunchManager.getLaunchConfigurations(LaunchManager.java:1439)
	at org.eclipse.launchbar.core.internal.LaunchBarManager.init(LaunchBarManager.java:130)
	at org.eclipse.launchbar.core.internal.LaunchBarManager$1.run(LaunchBarManager.java:96)
	at org.eclipse.core.internal.jobs.Worker.run(Worker.java:63)
Caused by: org.xml.sax.SAXParseException; lineNumber: 3; columnNumber: 66; 在实体引用中, 实体名称必须紧跟在 '&' 后面。
	at com.sun.org.apache.xerces.internal.util.ErrorHandlerWrapper.createSAXParseException(ErrorHandlerWrapper.java:203)
	at com.sun.org.apache.xerces.internal.util.ErrorHandlerWrapper.fatalError(ErrorHandlerWrapper.java:177)
	at com.sun.org.apache.xerces.internal.impl.XMLErrorReporter.reportError(XMLErrorReporter.java:400)
	at com.sun.org.apache.xerces.internal.impl.XMLErrorReporter.reportError(XMLErrorReporter.java:327)
	at com.sun.org.apache.xerces.internal.impl.XMLScanner.reportFatalError(XMLScanner.java:1472)
	at com.sun.org.apache.xerces.internal.impl.XMLScanner.scanAttributeValue(XMLScanner.java:908)
	at com.sun.org.apache.xerces.internal.impl.XMLDocumentFragmentScannerImpl.scanAttribute(XMLDocumentFragmentScannerImpl.java:1548)
	at com.sun.org.apache.xerces.internal.impl.XMLDocumentFragmentScannerImpl.scanStartElement(XMLDocumentFragmentScannerImpl.java:1315)
	at com.sun.org.apache.xerces.internal.impl.XMLDocumentFragmentScannerImpl$FragmentContentDriver.next(XMLDocumentFragmentScannerImpl.java:2784)
	at com.sun.org.apache.xerces.internal.impl.XMLDocumentScannerImpl.next(XMLDocumentScannerImpl.java:602)
	at com.sun.org.apache.xerces.internal.impl.XMLDocumentFragmentScannerImpl.scanDocument(XMLDocumentFragmentScannerImpl.java:505)
	at com.sun.org.apache.xerces.internal.parsers.XML11Configuration.parse(XML11Configuration.java:841)
	at com.sun.org.apache.xerces.internal.parsers.XML11Configuration.parse(XML11Configuration.java:770)
	at com.sun.org.apache.xerces.internal.parsers.XMLParser.parse(XMLParser.java:141)
	at com.sun.org.apache.xerces.internal.parsers.DOMParser.parse(DOMParser.java:243)
	at com.sun.org.apache.xerces.internal.jaxp.DocumentBuilderImpl.parse(DocumentBuilderImpl.java:339)
	at org.eclipse.debug.internal.core.LaunchManager.createInfoFromXML(LaunchManager.java:935)
	at org.eclipse.debug.internal.core.LaunchManager.getInfo(LaunchManager.java:1359)
	... 10 more
!SUBENTRY 1 org.eclipse.debug.core 4 5012 2026-07-28 11:20:40.816
!MESSAGE 读取启动配置文件 F:\code\vibe_project\rollerball\M33\libraries\components\mtb-device-support-pse8xxgp\make\make\scripts\interface_version_3\eclipse\CM33\ram\virgin\JLink\any\&&_PRJ_NAME&& Program RAM (JLink).launch 时发生了 org.xml.sax.SAXParseException; lineNumber: 3; columnNumber: 66; 在实体引用中, 实体名称必须紧跟在 '&' 后面。。
!STACK 0
org.xml.sax.SAXParseException; lineNumber: 3; columnNumber: 66; 在实体引用中, 实体名称必须紧跟在 '&' 后面。
	at com.sun.org.apache.xerces.internal.util.ErrorHandlerWrapper.createSAXParseException(ErrorHandlerWrapper.java:203)
	at com.sun.org.apache.xerces.internal.util.ErrorHandlerWrapper.fatalError(ErrorHandlerWrapper.java:177)
	at com.sun.org.apache.xerces.internal.impl.XMLErrorReporter.reportError(XMLErrorReporter.java:400)
	at com.sun.org.apache.xerces.internal.impl.XMLErrorReporter.reportError(XMLErrorReporter.java:327)
	at com.sun.org.apache.xerces.internal.impl.XMLScanner.reportFatalError(XMLScanner.java:1472)
	at com.sun.org.apache.xerces.internal.impl.XMLScanner.scanAttributeValue(XMLScanner.java:908)
	at com.sun.org.apache.xerces.internal.impl.XMLDocumentFragmentScannerImpl.scanAttribute(XMLDocumentFragmentScannerImpl.java:1548)
	at com.sun.org.apache.xerces.internal.impl.XMLDocumentFragmentScannerImpl.scanStartElement(XMLDocumentFragmentScannerImpl.java:1315)
	at com.sun.org.apache.xerces.internal.impl.XMLDocumentFragmentScannerImpl$FragmentContentDriver.next(XMLDocumentFragmentScannerImpl.java:2784)
	at com.sun.org.apache.xerces.internal.impl.XMLDocumentScannerImpl.next(XMLDocumentScannerImpl.java:602)
	at com.sun.org.apache.xerces.internal.impl.XMLDocumentFragmentScannerImpl.scanDocument(XMLDocumentFragmentScannerImpl.java:505)
	at com.sun.org.apache.xerces.internal.parsers.XML11Configuration.parse(XML11Configuration.java:841)
	at com.sun.org.apache.xerces.internal.parsers.XML11Configuration.parse(XML11Configuration.java:770)
	at com.sun.org.apache.xerces.internal.parsers.XMLParser.parse(XMLParser.java:141)
	at com.sun.org.apache.xerces.internal.parsers.DOMParser.parse(DOMParser.java:243)
	at com.sun.org.apache.xerces.internal.jaxp.DocumentBuilderImpl.parse(DocumentBuilderImpl.java:339)
	at org.eclipse.debug.internal.core.LaunchManager.createInfoFromXML(LaunchManager.java:935)
	at org.eclipse.debug.internal.core.LaunchManager.getInfo(LaunchManager.java:1359)
	at org.eclipse.debug.internal.core.LaunchConfiguration.getInfo(LaunchConfiguration.java:490)
	at org.eclipse.debug.internal.core.LaunchConfiguration.getType(LaunchConfiguration.java:645)
	at org.eclipse.debug.internal.core.LaunchManager.isValid(LaunchManager.java:2091)
	at org.eclipse.debug.internal.core.LaunchManager.verifyConfigurations(LaunchManager.java:2462)
	at org.eclipse.debug.internal.core.LaunchManager.getAllLaunchConfigurations(LaunchManager.java:1140)
	at org.eclipse.debug.internal.core.LaunchManager.getLaunchConfigurations(LaunchManager.java:1444)
	at org.eclipse.debug.internal.core.LaunchManager.getLaunchConfigurations(LaunchManager.java:1439)
	at org.eclipse.launchbar.core.internal.LaunchBarManager.init(LaunchBarManager.java:130)
	at org.eclipse.launchbar.core.internal.LaunchBarManager$1.run(LaunchBarManager.java:96)
	at org.eclipse.core.internal.jobs.Worker.run(Worker.java:63)

!ENTRY org.eclipse.debug.core 4 125 2026-07-28 11:20:40.816
!MESSAGE 调试核心所记录的错误：
!STACK 1
org.eclipse.debug.core.DebugException: 读取启动配置文件 F:\code\vibe_project\rollerball\M33\libraries\components\mtb-device-support-pse8xxgp\make\make\scripts\interface_version_3\eclipse\CM33\ram\virgin\KitProg3\any\&&_PRJ_NAME&& Attach RAM (KitProg3_MiniProg4).launch 时发生了 org.xml.sax.SAXParseException; lineNumber: 3; columnNumber: 66; 在实体引用中, 实体名称必须紧跟在 '&' 后面。。
	at org.eclipse.debug.internal.core.LaunchManager.createDebugException(LaunchManager.java:886)
	at org.eclipse.debug.internal.core.LaunchManager.throwException(LaunchManager.java:2448)
	at org.eclipse.debug.internal.core.LaunchManager.getInfo(LaunchManager.java:1366)
	at org.eclipse.debug.internal.core.LaunchConfiguration.getInfo(LaunchConfiguration.java:490)
	at org.eclipse.debug.internal.core.LaunchConfiguration.getType(LaunchConfiguration.java:645)
	at org.eclipse.debug.internal.core.LaunchManager.isValid(LaunchManager.java:2091)
	at org.eclipse.debug.internal.core.LaunchManager.verifyConfigurations(LaunchManager.java:2462)
	at org.eclipse.debug.internal.core.LaunchManager.getAllLaunchConfigurations(LaunchManager.java:1140)
	at org.eclipse.debug.internal.core.LaunchManager.getLaunchConfigurations(LaunchManager.java:1444)
	at org.eclipse.debug.internal.core.LaunchManager.getLaunchConfigurations(LaunchManager.java:1439)
	at org.eclipse.launchbar.core.internal.LaunchBarManager.init(LaunchBarManager.java:130)
	at org.eclipse.launchbar.core.internal.LaunchBarManager$1.run(LaunchBarManager.java:96)
	at org.eclipse.core.internal.jobs.Worker.run(Worker.java:63)
Caused by: org.xml.sax.SAXParseException; lineNumber: 3; columnNumber: 66; 在实体引用中, 实体名称必须紧跟在 '&' 后面。
	at com.sun.org.apache.xerces.internal.util.ErrorHandlerWrapper.createSAXParseException(ErrorHandlerWrapper.java:203)
	at com.sun.org.apache.xerces.internal.util.ErrorHandlerWrapper.fatalError(ErrorHandlerWrapper.java:177)
	at com.sun.org.apache.xerces.internal.impl.XMLErrorReporter.reportError(XMLErrorReporter.java:400)
	at com.sun.org.apache.xerces.internal.impl.XMLErrorReporter.reportError(XMLErrorReporter.java:327)
	at com.sun.org.apache.xerces.internal.impl.XMLScanner.reportFatalError(XMLScanner.java:1472)
	at com.sun.org.apache.xerces.internal.impl.XMLScanner.scanAttributeValue(XMLScanner.java:908)
	at com.sun.org.apache.xerces.internal.impl.XMLDocumentFragmentScannerImpl.scanAttribute(XMLDocumentFragmentScannerImpl.java:1548)
	at com.sun.org.apache.xerces.internal.impl.XMLDocumentFragmentScannerImpl.scanStartElement(XMLDocumentFragmentScannerImpl.java:1315)
	at com.sun.org.apache.xerces.internal.impl.XMLDocumentFragmentScannerImpl$FragmentContentDriver.next(XMLDocumentFragmentScannerImpl.java:2784)
	at com.sun.org.apache.xerces.internal.impl.XMLDocumentScannerImpl.next(XMLDocumentScannerImpl.java:602)
	at com.sun.org.apache.xerces.internal.impl.XMLDocumentFragmentScannerImpl.scanDocument(XMLDocumentFragmentScannerImpl.java:505)
	at com.sun.org.apache.xerces.internal.parsers.XML11Configuration.parse(XML11Configuration.java:841)
	at com.sun.org.apache.xerces.internal.parsers.XML11Configuration.parse(XML11Configuration.java:770)
	at com.sun.org.apache.xerces.internal.parsers.XMLParser.parse(XMLParser.java:141)
	at com.sun.org.apache.xerces.internal.parsers.DOMParser.parse(DOMParser.java:243)
	at com.sun.org.apache.xerces.internal.jaxp.DocumentBuilderImpl.parse(DocumentBuilderImpl.java:339)
	at org.eclipse.debug.internal.core.LaunchManager.createInfoFromXML(LaunchManager.java:935)
	at org.eclipse.debug.internal.core.LaunchManager.getInfo(LaunchManager.java:1359)
	... 10 more
!SUBENTRY 1 org.eclipse.debug.core 4 5012 2026-07-28 11:20:40.819
!MESSAGE 读取启动配置文件 F:\code\vibe_project\rollerball\M33\libraries\components\mtb-device-support-pse8xxgp\make\make\scripts\interface_version_3\eclipse\CM33\ram\virgin\KitProg3\any\&&_PRJ_NAME&& Attach RAM (KitProg3_MiniProg4).launch 时发生了 org.xml.sax.SAXParseException; lineNumber: 3; columnNumber: 66; 在实体引用中, 实体名称必须紧跟在 '&' 后面。。
!STACK 0
org.xml.sax.SAXParseException; lineNumber: 3; columnNumber: 66; 在实体引用中, 实体名称必须紧跟在 '&' 后面。
	at com.sun.org.apache.xerces.internal.util.ErrorHandlerWrapper.createSAXParseException(ErrorHandlerWrapper.java:203)
	at com.sun.org.apache.xerces.internal.util.ErrorHandlerWrapper.fatalError(ErrorHandlerWrapper.java:177)
	at com.sun.org.apache.xerces.internal.impl.XMLErrorReporter.reportError(XMLErrorReporter.java:400)
	at com.sun.org.apache.xerces.internal.impl.XMLErrorReporter.reportError(XMLErrorReporter.java:327)
	at com.sun.org.apache.xerces.internal.impl.XMLScanner.reportFatalError(XMLScanner.java:1472)
	at com.sun.org.apache.xerces.internal.impl.XMLScanner.scanAttributeValue(XMLScanner.java:908)
	at com.sun.org.apache.xerces.internal.impl.XMLDocumentFragmentScannerImpl.scanAttribute(XMLDocumentFragmentScannerImpl.java:1548)
	at com.sun.org.apache.xerces.internal.impl.XMLDocumentFragmentScannerImpl.scanStartElement(XMLDocumentFragmentScannerImpl.java:1315)
	at com.sun.org.apache.xerces.internal.impl.XMLDocumentFragmentScannerImpl$FragmentContentDriver.next(XMLDocumentFragmentScannerImpl.java:2784)
	at com.sun.org.apache.xerces.internal.impl.XMLDocumentScannerImpl.next(XMLDocumentScannerImpl.java:602)
	at com.sun.org.apache.xerces.internal.impl.XMLDocumentFragmentScannerImpl.scanDocument(XMLDocumentFragmentScannerImpl.java:505)
	at com.sun.org.apache.xerces.internal.parsers.XML11Configuration.parse(XML11Configuration.java:841)
	at com.sun.org.apache.xerces.internal.parsers.XML11Configuration.parse(XML11Configuration.java:770)
	at com.sun.org.apache.xerces.internal.parsers.XMLParser.parse(XMLParser.java:141)
	at com.sun.org.apache.xerces.internal.parsers.DOMParser.parse(DOMParser.java:243)
	at com.sun.org.apache.xerces.internal.jaxp.DocumentBuilderImpl.parse(DocumentBuilderImpl.java:339)
	at org.eclipse.debug.internal.core.LaunchManager.createInfoFromXML(LaunchManager.java:935)
	at org.eclipse.debug.internal.core.LaunchManager.getInfo(LaunchManager.java:1359)
	at org.eclipse.debug.internal.core.LaunchConfiguration.getInfo(LaunchConfiguration.java:490)
	at org.eclipse.debug.internal.core.LaunchConfiguration.getType(LaunchConfiguration.java:645)
	at org.eclipse.debug.internal.core.LaunchManager.isValid(LaunchManager.java:2091)
	at org.eclipse.debug.internal.core.LaunchManager.verifyConfigurations(LaunchManager.java:2462)
	at org.eclipse.debug.internal.core.LaunchManager.getAllLaunchConfigurations(LaunchManager.java:1140)
	at org.eclipse.debug.internal.core.LaunchManager.getLaunchConfigurations(LaunchManager.java:1444)
	at org.eclipse.debug.internal.core.LaunchManager.getLaunchConfigurations(LaunchManager.java:1439)
	at org.eclipse.launchbar.core.internal.LaunchBarManager.init(LaunchBarManager.java:130)
	at org.eclipse.launchbar.core.internal.LaunchBarManager$1.run(LaunchBarManager.java:96)
	at org.eclipse.core.internal.jobs.Worker.run(Worker.java:63)

!ENTRY org.eclipse.debug.core 4 125 2026-07-28 11:20:40.820
!MESSAGE 调试核心所记录的错误：
!STACK 1
org.eclipse.debug.core.DebugException: 读取启动配置文件 F:\code\vibe_project\rollerball\M33\libraries\components\mtb-device-support-pse8xxgp\make\make\scripts\interface_version_3\eclipse\CM33\ram\virgin\KitProg3\any\&&_PRJ_NAME&& Program RAM (KitProg3_MiniProg4).launch 时发生了 org.xml.sax.SAXParseException; lineNumber: 3; columnNumber: 66; 在实体引用中, 实体名称必须紧跟在 '&' 后面。。
	at org.eclipse.debug.internal.core.LaunchManager.createDebugException(LaunchManager.java:886)
	at org.eclipse.debug.internal.core.LaunchManager.throwException(LaunchManager.java:2448)
	at org.eclipse.debug.internal.core.LaunchManager.getInfo(LaunchManager.java:1366)
	at org.eclipse.debug.internal.core.LaunchConfiguration.getInfo(LaunchConfiguration.java:490)
	at org.eclipse.debug.internal.core.LaunchConfiguration.getType(LaunchConfiguration.java:645)
	at org.eclipse.debug.internal.core.LaunchManager.isValid(LaunchManager.java:2091)
	at org.eclipse.debug.internal.core.LaunchManager.verifyConfigurations(LaunchManager.java:2462)
	at org.eclipse.debug.internal.core.LaunchManager.getAllLaunchConfigurations(LaunchManager.java:1140)
	at org.eclipse.debug.internal.core.LaunchManager.getLaunchConfigurations(LaunchManager.java:1444)
	at org.eclipse.debug.internal.core.LaunchManager.getLaunchConfigurations(LaunchManager.java:1439)
	at org.eclipse.launchbar.core.internal.LaunchBarManager.init(LaunchBarManager.java:130)
	at org.eclipse.launchbar.core.internal.LaunchBarManager$1.run(LaunchBarManager.java:96)
	at org.eclipse.core.internal.jobs.Worker.run(Worker.java:63)
Caused by: org.xml.sax.SAXParseException; lineNumber: 3; columnNumber: 66; 在实体引用中, 实体名称必须紧跟在 '&' 后面。
	at com.sun.org.apache.xerces.internal.util.ErrorHandlerWrapper.createSAXParseException(ErrorHandlerWrapper.java:203)
	at com.sun.org.apache.xerces.internal.util.ErrorHandlerWrapper.fatalError(ErrorHandlerWrapper.java:177)
	at com.sun.org.apache.xerces.internal.impl.XMLErrorReporter.reportError(XMLErrorReporter.java:400)
	at com.sun.org.apache.xerces.internal.impl.XMLErrorReporter.reportError(XMLErrorReporter.java:327)
	at com.sun.org.apache.xerces.internal.impl.XMLScanner.reportFatalError(XMLScanner.java:1472)
	at com.sun.org.apache.xerces.internal.impl.XMLScanner.scanAttributeValue(XMLScanner.java:908)
	at com.sun.org.apache.xerces.internal.impl.XMLDocumentFragmentScannerImpl.scanAttribute(XMLDocumentFragmentScannerImpl.java:1548)
	at com.sun.org.apache.xerces.internal.impl.XMLDocumentFragmentScannerImpl.scanStartElement(XMLDocumentFragmentScannerImpl.java:1315)
	at com.sun.org.apache.xerces.internal.impl.XMLDocumentFragmentScannerImpl$FragmentContentDriver.next(XMLDocumentFragmentScannerImpl.java:2784)
	at com.sun.org.apache.xerces.internal.impl.XMLDocumentScannerImpl.next(XMLDocumentScannerImpl.java:602)
	at com.sun.org.apache.xerces.internal.impl.XMLDocumentFragmentScannerImpl.scanDocument(XMLDocumentFragmentScannerImpl.java:505)
	at com.sun.org.apache.xerces.internal.parsers.XML11Configuration.parse(XML11Configuration.java:841)
	at com.sun.org.apache.xerces.internal.parsers.XML11Configuration.parse(XML11Configuration.java:770)
	at com.sun.org.apache.xerces.internal.parsers.XMLParser.parse(XMLParser.java:141)
	at com.sun.org.apache.xerces.internal.parsers.DOMParser.parse(DOMParser.java:243)
	at com.sun.org.apache.xerces.internal.jaxp.DocumentBuilderImpl.parse(DocumentBuilderImpl.java:339)
	at org.eclipse.debug.internal.core.LaunchManager.createInfoFromXML(LaunchManager.java:935)
	at org.eclipse.debug.internal.core.LaunchManager.getInfo(LaunchManager.java:1359)
	... 10 more
!SUBENTRY 1 org.eclipse.debug.core 4 5012 2026-07-28 11:20:40.820
!MESSAGE 读取启动配置文件 F:\code\vibe_project\rollerball\M33\libraries\components\mtb-device-support-pse8xxgp\make\make\scripts\interface_version_3\eclipse\CM33\ram\virgin\KitProg3\any\&&_PRJ_NAME&& Program RAM (KitProg3_MiniProg4).launch 时发生了 org.xml.sax.SAXParseException; lineNumber: 3; columnNumber: 66; 在实体引用中, 实体名称必须紧跟在 '&' 后面。。
!STACK 0
org.xml.sax.SAXParseException; lineNumber: 3; columnNumber: 66; 在实体引用中, 实体名称必须紧跟在 '&' 后面。
	at com.sun.org.apache.xerces.internal.util.ErrorHandlerWrapper.createSAXParseException(ErrorHandlerWrapper.java:203)
	at com.sun.org.apache.xerces.internal.util.ErrorHandlerWrapper.fatalError(ErrorHandlerWrapper.java:177)
	at com.sun.org.apache.xerces.internal.impl.XMLErrorReporter.reportError(XMLErrorReporter.java:400)
	at com.sun.org.apache.xerces.internal.impl.XMLErrorReporter.reportError(XMLErrorReporter.java:327)
	at com.sun.org.apache.xerces.internal.impl.XMLScanner.reportFatalError(XMLScanner.java:1472)
	at com.sun.org.apache.xerces.internal.impl.XMLScanner.scanAttributeValue(XMLScanner.java:908)
	at com.sun.org.apache.xerces.internal.impl.XMLDocumentFragmentScannerImpl.scanAttribute(XMLDocumentFragmentScannerImpl.java:1548)
	at com.sun.org.apache.xerces.internal.impl.XMLDocumentFragmentScannerImpl.scanStartElement(XMLDocumentFragmentScannerImpl.java:1315)
	at com.sun.org.apache.xerces.internal.impl.XMLDocumentFragmentScannerImpl$FragmentContentDriver.next(XMLDocumentFragmentScannerImpl.java:2784)
	at com.sun.org.apache.xerces.internal.impl.XMLDocumentScannerImpl.next(XMLDocumentScannerImpl.java:602)
	at com.sun.org.apache.xerces.internal.impl.XMLDocumentFragmentScannerImpl.scanDocument(XMLDocumentFragmentScannerImpl.java:505)
	at com.sun.org.apache.xerces.internal.parsers.XML11Configuration.parse(XML11Configuration.java:841)
	at com.sun.org.apache.xerces.internal.parsers.XML11Configuration.parse(XML11Configuration.java:770)
	at com.sun.org.apache.xerces.internal.parsers.XMLParser.parse(XMLParser.java:141)
	at com.sun.org.apache.xerces.internal.parsers.DOMParser.parse(DOMParser.java:243)
	at com.sun.org.apache.xerces.internal.jaxp.DocumentBuilderImpl.parse(DocumentBuilderImpl.java:339)
	at org.eclipse.debug.internal.core.LaunchManager.createInfoFromXML(LaunchManager.java:935)
	at org.eclipse.debug.internal.core.LaunchManager.getInfo(LaunchManager.java:1359)
	at org.eclipse.debug.internal.core.LaunchConfiguration.getInfo(LaunchConfiguration.java:490)
	at org.eclipse.debug.internal.core.LaunchConfiguration.getType(LaunchConfiguration.java:645)
	at org.eclipse.debug.internal.core.LaunchManager.isValid(LaunchManager.java:2091)
	at org.eclipse.debug.internal.core.LaunchManager.verifyConfigurations(LaunchManager.java:2462)
	at org.eclipse.debug.internal.core.LaunchManager.getAllLaunchConfigurations(LaunchManager.java:1140)
	at org.eclipse.debug.internal.core.LaunchManager.getLaunchConfigurations(LaunchManager.java:1444)
	at org.eclipse.debug.internal.core.LaunchManager.getLaunchConfigurations(LaunchManager.java:1439)
	at org.eclipse.launchbar.core.internal.LaunchBarManager.init(LaunchBarManager.java:130)
	at org.eclipse.launchbar.core.internal.LaunchBarManager$1.run(LaunchBarManager.java:96)
	at org.eclipse.core.internal.jobs.Worker.run(Worker.java:63)

!ENTRY org.eclipse.debug.core 4 125 2026-07-28 11:20:40.820
!MESSAGE 调试核心所记录的错误：
!STACK 1
org.eclipse.debug.core.DebugException: 读取启动配置文件 F:\code\vibe_project\rollerball\M33\libraries\components\mtb-device-support-pse8xxgp\make\make\scripts\interface_version_3\eclipse\CM55\flash\_normal\JLink\any\&&_PRJ_NAME&& Attach RAM (JLink).launch 时发生了 org.xml.sax.SAXParseException; lineNumber: 3; columnNumber: 66; 在实体引用中, 实体名称必须紧跟在 '&' 后面。。
	at org.eclipse.debug.internal.core.LaunchManager.createDebugException(LaunchManager.java:886)
	at org.eclipse.debug.internal.core.LaunchManager.throwException(LaunchManager.java:2448)
	at org.eclipse.debug.internal.core.LaunchManager.getInfo(LaunchManager.java:1366)
	at org.eclipse.debug.internal.core.LaunchConfiguration.getInfo(LaunchConfiguration.java:490)
	at org.eclipse.debug.internal.core.LaunchConfiguration.getType(LaunchConfiguration.java:645)
	at org.eclipse.debug.internal.core.LaunchManager.isValid(LaunchManager.java:2091)
	at org.eclipse.debug.internal.core.LaunchManager.verifyConfigurations(LaunchManager.java:2462)
	at org.eclipse.debug.internal.core.LaunchManager.getAllLaunchConfigurations(LaunchManager.java:1140)
	at org.eclipse.debug.internal.core.LaunchManager.getLaunchConfigurations(LaunchManager.java:1444)
	at org.eclipse.debug.internal.core.LaunchManager.getLaunchConfigurations(LaunchManager.java:1439)
	at org.eclipse.launchbar.core.internal.LaunchBarManager.init(LaunchBarManager.java:130)
	at org.eclipse.launchbar.core.internal.LaunchBarManager$1.run(LaunchBarManager.java:96)
	at org.eclipse.core.internal.jobs.Worker.run(Worker.java:63)
Caused by: org.xml.sax.SAXParseException; lineNumber: 3; columnNumber: 66; 在实体引用中, 实体名称必须紧跟在 '&' 后面。
	at com.sun.org.apache.xerces.internal.util.ErrorHandlerWrapper.createSAXParseException(ErrorHandlerWrapper.java:203)
	at com.sun.org.apache.xerces.internal.util.ErrorHandlerWrapper.fatalError(ErrorHandlerWrapper.java:177)
	at com.sun.org.apache.xerces.internal.impl.XMLErrorReporter.reportError(XMLErrorReporter.java:400)
	at com.sun.org.apache.xerces.internal.impl.XMLErrorReporter.reportError(XMLErrorReporter.java:327)
	at com.sun.org.apache.xerces.internal.impl.XMLScanner.reportFatalError(XMLScanner.java:1472)
	at com.sun.org.apache.xerces.internal.impl.XMLScanner.scanAttributeValue(XMLScanner.java:908)
	at com.sun.org.apache.xerces.internal.impl.XMLDocumentFragmentScannerImpl.scanAttribute(XMLDocumentFragmentScannerImpl.java:1548)
	at com.sun.org.apache.xerces.internal.impl.XMLDocumentFragmentScannerImpl.scanStartElement(XMLDocumentFragmentScannerImpl.java:1315)
	at com.sun.org.apache.xerces.internal.impl.XMLDocumentFragmentScannerImpl$FragmentContentDriver.next(XMLDocumentFragmentScannerImpl.java:2784)
	at com.sun.org.apache.xerces.internal.impl.XMLDocumentScannerImpl.next(XMLDocumentScannerImpl.java:602)
	at com.sun.org.apache.xerces.internal.impl.XMLDocumentFragmentScannerImpl.scanDocument(XMLDocumentFragmentScannerImpl.java:505)
	at com.sun.org.apache.xerces.internal.parsers.XML11Configuration.parse(XML11Configuration.java:841)
	at com.sun.org.apache.xerces.internal.parsers.XML11Configuration.parse(XML11Configuration.java:770)
	at com.sun.org.apache.xerces.internal.parsers.XMLParser.parse(XMLParser.java:141)
	at com.sun.org.apache.xerces.internal.parsers.DOMParser.parse(DOMParser.java:243)
	at com.sun.org.apache.xerces.internal.jaxp.DocumentBuilderImpl.parse(DocumentBuilderImpl.java:339)
	at org.eclipse.debug.internal.core.LaunchManager.createInfoFromXML(LaunchManager.java:935)
	at org.eclipse.debug.internal.core.LaunchManager.getInfo(LaunchManager.java:1359)
	... 10 more
!SUBENTRY 1 org.eclipse.debug.core 4 5012 2026-07-28 11:20:40.820
!MESSAGE 读取启动配置文件 F:\code\vibe_project\rollerball\M33\libraries\components\mtb-device-support-pse8xxgp\make\make\scripts\interface_version_3\eclipse\CM55\flash\_normal\JLink\any\&&_PRJ_NAME&& Attach RAM (JLink).launch 时发生了 org.xml.sax.SAXParseException; lineNumber: 3; columnNumber: 66; 在实体引用中, 实体名称必须紧跟在 '&' 后面。。
!STACK 0
org.xml.sax.SAXParseException; lineNumber: 3; columnNumber: 66; 在实体引用中, 实体名称必须紧跟在 '&' 后面。
	at com.sun.org.apache.xerces.internal.util.ErrorHandlerWrapper.createSAXParseException(ErrorHandlerWrapper.java:203)
	at com.sun.org.apache.xerces.internal.util.ErrorHandlerWrapper.fatalError(ErrorHandlerWrapper.java:177)
	at com.sun.org.apache.xerces.internal.impl.XMLErrorReporter.reportError(XMLErrorReporter.java:400)
	at com.sun.org.apache.xerces.internal.impl.XMLErrorReporter.reportError(XMLErrorReporter.java:327)
	at com.sun.org.apache.xerces.internal.impl.XMLScanner.reportFatalError(XMLScanner.java:1472)
	at com.sun.org.apache.xerces.internal.impl.XMLScanner.scanAttributeValue(XMLScanner.java:908)
	at com.sun.org.apache.xerces.internal.impl.XMLDocumentFragmentScannerImpl.scanAttribute(XMLDocumentFragmentScannerImpl.java:1548)
	at com.sun.org.apache.xerces.internal.impl.XMLDocumentFragmentScannerImpl.scanStartElement(XMLDocumentFragmentScannerImpl.java:1315)
	at com.sun.org.apache.xerces.internal.impl.XMLDocumentFragmentScannerImpl$FragmentContentDriver.next(XMLDocumentFragmentScannerImpl.java:2784)
	at com.sun.org.apache.xerces.internal.impl.XMLDocumentScannerImpl.next(XMLDocumentScannerImpl.java:602)
	at com.sun.org.apache.xerces.internal.impl.XMLDocumentFragmentScannerImpl.scanDocument(XMLDocumentFragmentScannerImpl.java:505)
	at com.sun.org.apache.xerces.internal.parsers.XML11Configuration.parse(XML11Configuration.java:841)
	at com.sun.org.apache.xerces.internal.parsers.XML11Configuration.parse(XML11Configuration.java:770)
	at com.sun.org.apache.xerces.internal.parsers.XMLParser.parse(XMLParser.java:141)
	at com.sun.org.apache.xerces.internal.parsers.DOMParser.parse(DOMParser.java:243)
	at com.sun.org.apache.xerces.internal.jaxp.DocumentBuilderImpl.parse(DocumentBuilderImpl.java:339)
	at org.eclipse.debug.internal.core.LaunchManager.createInfoFromXML(LaunchManager.java:935)
	at org.eclipse.debug.internal.core.LaunchManager.getInfo(LaunchManager.java:1359)
	at org.eclipse.debug.internal.core.LaunchConfiguration.getInfo(LaunchConfiguration.java:490)
	at org.eclipse.debug.internal.core.LaunchConfiguration.getType(LaunchConfiguration.java:645)
	at org.eclipse.debug.internal.core.LaunchManager.isValid(LaunchManager.java:2091)
	at org.eclipse.debug.internal.core.LaunchManager.verifyConfigurations(LaunchManager.java:2462)
	at org.eclipse.debug.internal.core.LaunchManager.getAllLaunchConfigurations(LaunchManager.java:1140)
	at org.eclipse.debug.internal.core.LaunchManager.getLaunchConfigurations(LaunchManager.java:1444)
	at org.eclipse.debug.internal.core.LaunchManager.getLaunchConfigurations(LaunchManager.java:1439)
	at org.eclipse.launchbar.core.internal.LaunchBarManager.init(LaunchBarManager.java:130)
	at org.eclipse.launchbar.core.internal.LaunchBarManager$1.run(LaunchBarManager.java:96)
	at org.eclipse.core.internal.jobs.Worker.run(Worker.java:63)

!ENTRY org.eclipse.debug.core 4 125 2026-07-28 11:20:40.825
!MESSAGE 调试核心所记录的错误：
!STACK 1
org.eclipse.debug.core.DebugException: 读取启动配置文件 F:\code\vibe_project\rollerball\M33\libraries\components\mtb-device-support-pse8xxgp\make\make\scripts\interface_version_3\eclipse\CM55\flash\_normal\JLink\any\&&_PRJ_NAME&& Program RAM (JLink).launch 时发生了 org.xml.sax.SAXParseException; lineNumber: 3; columnNumber: 66; 在实体引用中, 实体名称必须紧跟在 '&' 后面。。
	at org.eclipse.debug.internal.core.LaunchManager.createDebugException(LaunchManager.java:886)
	at org.eclipse.debug.internal.core.LaunchManager.throwException(LaunchManager.java:2448)
	at org.eclipse.debug.internal.core.LaunchManager.getInfo(LaunchManager.java:1366)
	at org.eclipse.debug.internal.core.LaunchConfiguration.getInfo(LaunchConfiguration.java:490)
	at org.eclipse.debug.internal.core.LaunchConfiguration.getType(LaunchConfiguration.java:645)
	at org.eclipse.debug.internal.core.LaunchManager.isValid(LaunchManager.java:2091)
	at org.eclipse.debug.internal.core.LaunchManager.verifyConfigurations(LaunchManager.java:2462)
	at org.eclipse.debug.internal.core.LaunchManager.getAllLaunchConfigurations(LaunchManager.java:1140)
	at org.eclipse.debug.internal.core.LaunchManager.getLaunchConfigurations(LaunchManager.java:1444)
	at org.eclipse.debug.internal.core.LaunchManager.getLaunchConfigurations(LaunchManager.java:1439)
	at org.eclipse.launchbar.core.internal.LaunchBarManager.init(LaunchBarManager.java:130)
	at org.eclipse.launchbar.core.internal.LaunchBarManager$1.run(LaunchBarManager.java:96)
	at org.eclipse.core.internal.jobs.Worker.run(Worker.java:63)
Caused by: org.xml.sax.SAXParseException; lineNumber: 3; columnNumber: 66; 在实体引用中, 实体名称必须紧跟在 '&' 后面。
	at com.sun.org.apache.xerces.internal.util.ErrorHandlerWrapper.createSAXParseException(ErrorHandlerWrapper.java:203)
	at com.sun.org.apache.xerces.internal.util.ErrorHandlerWrapper.fatalError(ErrorHandlerWrapper.java:177)
	at com.sun.org.apache.xerces.internal.impl.XMLErrorReporter.reportError(XMLErrorReporter.java:400)
	at com.sun.org.apache.xerces.internal.impl.XMLErrorReporter.reportError(XMLErrorReporter.java:327)
	at com.sun.org.apache.xerces.internal.impl.XMLScanner.reportFatalError(XMLScanner.java:1472)
	at com.sun.org.apache.xerces.internal.impl.XMLScanner.scanAttributeValue(XMLScanner.java:908)
	at com.sun.org.apache.xerces.internal.impl.XMLDocumentFragmentScannerImpl.scanAttribute(XMLDocumentFragmentScannerImpl.java:1548)
	at com.sun.org.apache.xerces.internal.impl.XMLDocumentFragmentScannerImpl.scanStartElement(XMLDocumentFragmentScannerImpl.java:1315)
	at com.sun.org.apache.xerces.internal.impl.XMLDocumentFragmentScannerImpl$FragmentContentDriver.next(XMLDocumentFragmentScannerImpl.java:2784)
	at com.sun.org.apache.xerces.internal.impl.XMLDocumentScannerImpl.next(XMLDocumentScannerImpl.java:602)
	at com.sun.org.apache.xerces.internal.impl.XMLDocumentFragmentScannerImpl.scanDocument(XMLDocumentFragmentScannerImpl.java:505)
	at com.sun.org.apache.xerces.internal.parsers.XML11Configuration.parse(XML11Configuration.java:841)
	at com.sun.org.apache.xerces.internal.parsers.XML11Configuration.parse(XML11Configuration.java:770)
	at com.sun.org.apache.xerces.internal.parsers.XMLParser.parse(XMLParser.java:141)
	at com.sun.org.apache.xerces.internal.parsers.DOMParser.parse(DOMParser.java:243)
	at com.sun.org.apache.xerces.internal.jaxp.DocumentBuilderImpl.parse(DocumentBuilderImpl.java:339)
	at org.eclipse.debug.internal.core.LaunchManager.createInfoFromXML(LaunchManager.java:935)
	at org.eclipse.debug.internal.core.LaunchManager.getInfo(LaunchManager.java:1359)
	... 10 more
!SUBENTRY 1 org.eclipse.debug.core 4 5012 2026-07-28 11:20:40.825
!MESSAGE 读取启动配置文件 F:\code\vibe_project\rollerball\M33\libraries\components\mtb-device-support-pse8xxgp\make\make\scripts\interface_version_3\eclipse\CM55\flash\_normal\JLink\any\&&_PRJ_NAME&& Program RAM (JLink).launch 时发生了 org.xml.sax.SAXParseException; lineNumber: 3; columnNumber: 66; 在实体引用中, 实体名称必须紧跟在 '&' 后面。。
!STACK 0
org.xml.sax.SAXParseException; lineNumber: 3; columnNumber: 66; 在实体引用中, 实体名称必须紧跟在 '&' 后面。
	at com.sun.org.apache.xerces.internal.util.ErrorHandlerWrapper.createSAXParseException(ErrorHandlerWrapper.java:203)
	at com.sun.org.apache.xerces.internal.util.ErrorHandlerWrapper.fatalError(ErrorHandlerWrapper.java:177)
	at com.sun.org.apache.xerces.internal.impl.XMLErrorReporter.reportError(XMLErrorReporter.java:400)
	at com.sun.org.apache.xerces.internal.impl.XMLErrorReporter.reportError(XMLErrorReporter.java:327)
	at com.sun.org.apache.xerces.internal.impl.XMLScanner.reportFatalError(XMLScanner.java:1472)
	at com.sun.org.apache.xerces.internal.impl.XMLScanner.scanAttributeValue(XMLScanner.java:908)
	at com.sun.org.apache.xerces.internal.impl.XMLDocumentFragmentScannerImpl.scanAttribute(XMLDocumentFragmentScannerImpl.java:1548)
	at com.sun.org.apache.xerces.internal.impl.XMLDocumentFragmentScannerImpl.scanStartElement(XMLDocumentFragmentScannerImpl.java:1315)
	at com.sun.org.apache.xerces.internal.impl.XMLDocumentFragmentScannerImpl$FragmentContentDriver.next(XMLDocumentFragmentScannerImpl.java:2784)
	at com.sun.org.apache.xerces.internal.impl.XMLDocumentScannerImpl.next(XMLDocumentScannerImpl.java:602)
	at com.sun.org.apache.xerces.internal.impl.XMLDocumentFragmentScannerImpl.scanDocument(XMLDocumentFragmentScannerImpl.java:505)
	at com.sun.org.apache.xerces.internal.parsers.XML11Configuration.parse(XML11Configuration.java:841)
	at com.sun.org.apache.xerces.internal.parsers.XML11Configuration.parse(XML11Configuration.java:770)
	at com.sun.org.apache.xerces.internal.parsers.XMLParser.parse(XMLParser.java:141)
	at com.sun.org.apache.xerces.internal.parsers.DOMParser.parse(DOMParser.java:243)
	at com.sun.org.apache.xerces.internal.jaxp.DocumentBuilderImpl.parse(DocumentBuilderImpl.java:339)
	at org.eclipse.debug.internal.core.LaunchManager.createInfoFromXML(LaunchManager.java:935)
	at org.eclipse.debug.internal.core.LaunchManager.getInfo(LaunchManager.java:1359)
	at org.eclipse.debug.internal.core.LaunchConfiguration.getInfo(LaunchConfiguration.java:490)
	at org.eclipse.debug.internal.core.LaunchConfiguration.getType(LaunchConfiguration.java:645)
	at org.eclipse.debug.internal.core.LaunchManager.isValid(LaunchManager.java:2091)
	at org.eclipse.debug.internal.core.LaunchManager.verifyConfigurations(LaunchManager.java:2462)
	at org.eclipse.debug.internal.core.LaunchManager.getAllLaunchConfigurations(LaunchManager.java:1140)
	at org.eclipse.debug.internal.core.LaunchManager.getLaunchConfigurations(LaunchManager.java:1444)
	at org.eclipse.debug.internal.core.LaunchManager.getLaunchConfigurations(LaunchManager.java:1439)
	at org.eclipse.launchbar.core.internal.LaunchBarManager.init(LaunchBarManager.java:130)
	at org.eclipse.launchbar.core.internal.LaunchBarManager$1.run(LaunchBarManager.java:96)
	at org.eclipse.core.internal.jobs.Worker.run(Worker.java:63)

!ENTRY org.eclipse.debug.core 4 125 2026-07-28 11:20:40.827
!MESSAGE 调试核心所记录的错误：
!STACK 1
org.eclipse.debug.core.DebugException: 读取启动配置文件 F:\code\vibe_project\rollerball\M33\libraries\components\mtb-device-support-pse8xxgp\make\make\scripts\interface_version_3\eclipse\CM55\flash\_normal\KitProg3\any\&&_PRJ_NAME&& Attach (KitProg3_MiniProg4).launch 时发生了 org.xml.sax.SAXParseException; lineNumber: 3; columnNumber: 66; 在实体引用中, 实体名称必须紧跟在 '&' 后面。。
	at org.eclipse.debug.internal.core.LaunchManager.createDebugException(LaunchManager.java:886)
	at org.eclipse.debug.internal.core.LaunchManager.throwException(LaunchManager.java:2448)
	at org.eclipse.debug.internal.core.LaunchManager.getInfo(LaunchManager.java:1366)
	at org.eclipse.debug.internal.core.LaunchConfiguration.getInfo(LaunchConfiguration.java:490)
	at org.eclipse.debug.internal.core.LaunchConfiguration.getType(LaunchConfiguration.java:645)
	at org.eclipse.debug.internal.core.LaunchManager.isValid(LaunchManager.java:2091)
	at org.eclipse.debug.internal.core.LaunchManager.verifyConfigurations(LaunchManager.java:2462)
	at org.eclipse.debug.internal.core.LaunchManager.getAllLaunchConfigurations(LaunchManager.java:1140)
	at org.eclipse.debug.internal.core.LaunchManager.getLaunchConfigurations(LaunchManager.java:1444)
	at org.eclipse.debug.internal.core.LaunchManager.getLaunchConfigurations(LaunchManager.java:1439)
	at org.eclipse.launchbar.core.internal.LaunchBarManager.init(LaunchBarManager.java:130)
	at org.eclipse.launchbar.core.internal.LaunchBarManager$1.run(LaunchBarManager.java:96)
	at org.eclipse.core.internal.jobs.Worker.run(Worker.java:63)
Caused by: org.xml.sax.SAXParseException; lineNumber: 3; columnNumber: 66; 在实体引用中, 实体名称必须紧跟在 '&' 后面。
	at com.sun.org.apache.xerces.internal.util.ErrorHandlerWrapper.createSAXParseException(ErrorHandlerWrapper.java:203)
	at com.sun.org.apache.xerces.internal.util.ErrorHandlerWrapper.fatalError(ErrorHandlerWrapper.java:177)
	at com.sun.org.apache.xerces.internal.impl.XMLErrorReporter.reportError(XMLErrorReporter.java:400)
	at com.sun.org.apache.xerces.internal.impl.XMLErrorReporter.reportError(XMLErrorReporter.java:327)
	at com.sun.org.apache.xerces.internal.impl.XMLScanner.reportFatalError(XMLScanner.java:1472)
	at com.sun.org.apache.xerces.internal.impl.XMLScanner.scanAttributeValue(XMLScanner.java:908)
	at com.sun.org.apache.xerces.internal.impl.XMLDocumentFragmentScannerImpl.scanAttribute(XMLDocumentFragmentScannerImpl.java:1548)
	at com.sun.org.apache.xerces.internal.impl.XMLDocumentFragmentScannerImpl.scanStartElement(XMLDocumentFragmentScannerImpl.java:1315)
	at com.sun.org.apache.xerces.internal.impl.XMLDocumentFragmentScannerImpl$FragmentContentDriver.next(XMLDocumentFragmentScannerImpl.java:2784)
	at com.sun.org.apache.xerces.internal.impl.XMLDocumentScannerImpl.next(XMLDocumentScannerImpl.java:602)
	at com.sun.org.apache.xerces.internal.impl.XMLDocumentFragmentScannerImpl.scanDocument(XMLDocumentFragmentScannerImpl.java:505)
	at com.sun.org.apache.xerces.internal.parsers.XML11Configuration.parse(XML11Configuration.java:841)
	at com.sun.org.apache.xerces.internal.parsers.XML11Configuration.parse(XML11Configuration.java:770)
	at com.sun.org.apache.xerces.internal.parsers.XMLParser.parse(XMLParser.java:141)
	at com.sun.org.apache.xerces.internal.parsers.DOMParser.parse(DOMParser.java:243)
	at com.sun.org.apache.xerces.internal.jaxp.DocumentBuilderImpl.parse(DocumentBuilderImpl.java:339)
	at org.eclipse.debug.internal.core.LaunchManager.createInfoFromXML(LaunchManager.java:935)
	at org.eclipse.debug.internal.core.LaunchManager.getInfo(LaunchManager.java:1359)
	... 10 more
!SUBENTRY 1 org.eclipse.debug.core 4 5012 2026-07-28 11:20:40.827
!MESSAGE 读取启动配置文件 F:\code\vibe_project\rollerball\M33\libraries\components\mtb-device-support-pse8xxgp\make\make\scripts\interface_version_3\eclipse\CM55\flash\_normal\KitProg3\any\&&_PRJ_NAME&& Attach (KitProg3_MiniProg4).launch 时发生了 org.xml.sax.SAXParseException; lineNumber: 3; columnNumber: 66; 在实体引用中, 实体名称必须紧跟在 '&' 后面。。
!STACK 0
org.xml.sax.SAXParseException; lineNumber: 3; columnNumber: 66; 在实体引用中, 实体名称必须紧跟在 '&' 后面。
	at com.sun.org.apache.xerces.internal.util.ErrorHandlerWrapper.createSAXParseException(ErrorHandlerWrapper.java:203)
	at com.sun.org.apache.xerces.internal.util.ErrorHandlerWrapper.fatalError(ErrorHandlerWrapper.java:177)
	at com.sun.org.apache.xerces.internal.impl.XMLErrorReporter.reportError(XMLErrorReporter.java:400)
	at com.sun.org.apache.xerces.internal.impl.XMLErrorReporter.reportError(XMLErrorReporter.java:327)
	at com.sun.org.apache.xerces.internal.impl.XMLScanner.reportFatalError(XMLScanner.java:1472)
	at com.sun.org.apache.xerces.internal.impl.XMLScanner.scanAttributeValue(XMLScanner.java:908)
	at com.sun.org.apache.xerces.internal.impl.XMLDocumentFragmentScannerImpl.scanAttribute(XMLDocumentFragmentScannerImpl.java:1548)
	at com.sun.org.apache.xerces.internal.impl.XMLDocumentFragmentScannerImpl.scanStartElement(XMLDocumentFragmentScannerImpl.java:1315)
	at com.sun.org.apache.xerces.internal.impl.XMLDocumentFragmentScannerImpl$FragmentContentDriver.next(XMLDocumentFragmentScannerImpl.java:2784)
	at com.sun.org.apache.xerces.internal.impl.XMLDocumentScannerImpl.next(XMLDocumentScannerImpl.java:602)
	at com.sun.org.apache.xerces.internal.impl.XMLDocumentFragmentScannerImpl.scanDocument(XMLDocumentFragmentScannerImpl.java:505)
	at com.sun.org.apache.xerces.internal.parsers.XML11Configuration.parse(XML11Configuration.java:841)
	at com.sun.org.apache.xerces.internal.parsers.XML11Configuration.parse(XML11Configuration.java:770)
	at com.sun.org.apache.xerces.internal.parsers.XMLParser.parse(XMLParser.java:141)
	at com.sun.org.apache.xerces.internal.parsers.DOMParser.parse(DOMParser.java:243)
	at com.sun.org.apache.xerces.internal.jaxp.DocumentBuilderImpl.parse(DocumentBuilderImpl.java:339)
	at org.eclipse.debug.internal.core.LaunchManager.createInfoFromXML(LaunchManager.java:935)
	at org.eclipse.debug.internal.core.LaunchManager.getInfo(LaunchManager.java:1359)
	at org.eclipse.debug.internal.core.LaunchConfiguration.getInfo(LaunchConfiguration.java:490)
	at org.eclipse.debug.internal.core.LaunchConfiguration.getType(LaunchConfiguration.java:645)
	at org.eclipse.debug.internal.core.LaunchManager.isValid(LaunchManager.java:2091)
	at org.eclipse.debug.internal.core.LaunchManager.verifyConfigurations(LaunchManager.java:2462)
	at org.eclipse.debug.internal.core.LaunchManager.getAllLaunchConfigurations(LaunchManager.java:1140)
	at org.eclipse.debug.internal.core.LaunchManager.getLaunchConfigurations(LaunchManager.java:1444)
	at org.eclipse.debug.internal.core.LaunchManager.getLaunchConfigurations(LaunchManager.java:1439)
	at org.eclipse.launchbar.core.internal.LaunchBarManager.init(LaunchBarManager.java:130)
	at org.eclipse.launchbar.core.internal.LaunchBarManager$1.run(LaunchBarManager.java:96)
	at org.eclipse.core.internal.jobs.Worker.run(Worker.java:63)

!ENTRY org.eclipse.debug.core 4 125 2026-07-28 11:20:40.829
!MESSAGE 调试核心所记录的错误：
!STACK 1
org.eclipse.debug.core.DebugException: 读取启动配置文件 F:\code\vibe_project\rollerball\M33\libraries\components\mtb-device-support-pse8xxgp\make\make\scripts\interface_version_3\eclipse\CM55\flash\_normal\KitProg3\any\&&_PRJ_NAME&& Program (KitProg3_MiniProg4).launch 时发生了 org.xml.sax.SAXParseException; lineNumber: 3; columnNumber: 66; 在实体引用中, 实体名称必须紧跟在 '&' 后面。。
	at org.eclipse.debug.internal.core.LaunchManager.createDebugException(LaunchManager.java:886)
	at org.eclipse.debug.internal.core.LaunchManager.throwException(LaunchManager.java:2448)
	at org.eclipse.debug.internal.core.LaunchManager.getInfo(LaunchManager.java:1366)
	at org.eclipse.debug.internal.core.LaunchConfiguration.getInfo(LaunchConfiguration.java:490)
	at org.eclipse.debug.internal.core.LaunchConfiguration.getType(LaunchConfiguration.java:645)
	at org.eclipse.debug.internal.core.LaunchManager.isValid(LaunchManager.java:2091)
	at org.eclipse.debug.internal.core.LaunchManager.verifyConfigurations(LaunchManager.java:2462)
	at org.eclipse.debug.internal.core.LaunchManager.getAllLaunchConfigurations(LaunchManager.java:1140)
	at org.eclipse.debug.internal.core.LaunchManager.getLaunchConfigurations(LaunchManager.java:1444)
	at org.eclipse.debug.internal.core.LaunchManager.getLaunchConfigurations(LaunchManager.java:1439)
	at org.eclipse.launchbar.core.internal.LaunchBarManager.init(LaunchBarManager.java:130)
	at org.eclipse.launchbar.core.internal.LaunchBarManager$1.run(LaunchBarManager.java:96)
	at org.eclipse.core.internal.jobs.Worker.run(Worker.java:63)
Caused by: org.xml.sax.SAXParseException; lineNumber: 3; columnNumber: 66; 在实体引用中, 实体名称必须紧跟在 '&' 后面。
	at com.sun.org.apache.xerces.internal.util.ErrorHandlerWrapper.createSAXParseException(ErrorHandlerWrapper.java:203)
	at com.sun.org.apache.xerces.internal.util.ErrorHandlerWrapper.fatalError(ErrorHandlerWrapper.java:177)
	at com.sun.org.apache.xerces.internal.impl.XMLErrorReporter.reportError(XMLErrorReporter.java:400)
	at com.sun.org.apache.xerces.internal.impl.XMLErrorReporter.reportError(XMLErrorReporter.java:327)
	at com.sun.org.apache.xerces.internal.impl.XMLScanner.reportFatalError(XMLScanner.java:1472)
	at com.sun.org.apache.xerces.internal.impl.XMLScanner.scanAttributeValue(XMLScanner.java:908)
	at com.sun.org.apache.xerces.internal.impl.XMLDocumentFragmentScannerImpl.scanAttribute(XMLDocumentFragmentScannerImpl.java:1548)
	at com.sun.org.apache.xerces.internal.impl.XMLDocumentFragmentScannerImpl.scanStartElement(XMLDocumentFragmentScannerImpl.java:1315)
	at com.sun.org.apache.xerces.internal.impl.XMLDocumentFragmentScannerImpl$FragmentContentDriver.next(XMLDocumentFragmentScannerImpl.java:2784)
	at com.sun.org.apache.xerces.internal.impl.XMLDocumentScannerImpl.next(XMLDocumentScannerImpl.java:602)
	at com.sun.org.apache.xerces.internal.impl.XMLDocumentFragmentScannerImpl.scanDocument(XMLDocumentFragmentScannerImpl.java:505)
	at com.sun.org.apache.xerces.internal.parsers.XML11Configuration.parse(XML11Configuration.java:841)
	at com.sun.org.apache.xerces.internal.parsers.XML11Configuration.parse(XML11Configuration.java:770)
	at com.sun.org.apache.xerces.internal.parsers.XMLParser.parse(XMLParser.java:141)
	at com.sun.org.apache.xerces.internal.parsers.DOMParser.parse(DOMParser.java:243)
	at com.sun.org.apache.xerces.internal.jaxp.DocumentBuilderImpl.parse(DocumentBuilderImpl.java:339)
	at org.eclipse.debug.internal.core.LaunchManager.createInfoFromXML(LaunchManager.java:935)
	at org.eclipse.debug.internal.core.LaunchManager.getInfo(LaunchManager.java:1359)
	... 10 more
!SUBENTRY 1 org.eclipse.debug.core 4 5012 2026-07-28 11:20:40.829
!MESSAGE 读取启动配置文件 F:\code\vibe_project\rollerball\M33\libraries\components\mtb-device-support-pse8xxgp\make\make\scripts\interface_version_3\eclipse\CM55\flash\_normal\KitProg3\any\&&_PRJ_NAME&& Program (KitProg3_MiniProg4).launch 时发生了 org.xml.sax.SAXParseException; lineNumber: 3; columnNumber: 66; 在实体引用中, 实体名称必须紧跟在 '&' 后面。。
!STACK 0
org.xml.sax.SAXParseException; lineNumber: 3; columnNumber: 66; 在实体引用中, 实体名称必须紧跟在 '&' 后面。
	at com.sun.org.apache.xerces.internal.util.ErrorHandlerWrapper.createSAXParseException(ErrorHandlerWrapper.java:203)
	at com.sun.org.apache.xerces.internal.util.ErrorHandlerWrapper.fatalError(ErrorHandlerWrapper.java:177)
	at com.sun.org.apache.xerces.internal.impl.XMLErrorReporter.reportError(XMLErrorReporter.java:400)
	at com.sun.org.apache.xerces.internal.impl.XMLErrorReporter.reportError(XMLErrorReporter.java:327)
	at com.sun.org.apache.xerces.internal.impl.XMLScanner.reportFatalError(XMLScanner.java:1472)
	at com.sun.org.apache.xerces.internal.impl.XMLScanner.scanAttributeValue(XMLScanner.java:908)
	at com.sun.org.apache.xerces.internal.impl.XMLDocumentFragmentScannerImpl.scanAttribute(XMLDocumentFragmentScannerImpl.java:1548)
	at com.sun.org.apache.xerces.internal.impl.XMLDocumentFragmentScannerImpl.scanStartElement(XMLDocumentFragmentScannerImpl.java:1315)
	at com.sun.org.apache.xerces.internal.impl.XMLDocumentFragmentScannerImpl$FragmentContentDriver.next(XMLDocumentFragmentScannerImpl.java:2784)
	at com.sun.org.apache.xerces.internal.impl.XMLDocumentScannerImpl.next(XMLDocumentScannerImpl.java:602)
	at com.sun.org.apache.xerces.internal.impl.XMLDocumentFragmentScannerImpl.scanDocument(XMLDocumentFragmentScannerImpl.java:505)
	at com.sun.org.apache.xerces.internal.parsers.XML11Configuration.parse(XML11Configuration.java:841)
	at com.sun.org.apache.xerces.internal.parsers.XML11Configuration.parse(XML11Configuration.java:770)
	at com.sun.org.apache.xerces.internal.parsers.XMLParser.parse(XMLParser.java:141)
	at com.sun.org.apache.xerces.internal.parsers.DOMParser.parse(DOMParser.java:243)
	at com.sun.org.apache.xerces.internal.jaxp.DocumentBuilderImpl.parse(DocumentBuilderImpl.java:339)
	at org.eclipse.debug.internal.core.LaunchManager.createInfoFromXML(LaunchManager.java:935)
	at org.eclipse.debug.internal.core.LaunchManager.getInfo(LaunchManager.java:1359)
	at org.eclipse.debug.internal.core.LaunchConfiguration.getInfo(LaunchConfiguration.java:490)
	at org.eclipse.debug.internal.core.LaunchConfiguration.getType(LaunchConfiguration.java:645)
	at org.eclipse.debug.internal.core.LaunchManager.isValid(LaunchManager.java:2091)
	at org.eclipse.debug.internal.core.LaunchManager.verifyConfigurations(LaunchManager.java:2462)
	at org.eclipse.debug.internal.core.LaunchManager.getAllLaunchConfigurations(LaunchManager.java:1140)
	at org.eclipse.debug.internal.core.LaunchManager.getLaunchConfigurations(LaunchManager.java:1444)
	at org.eclipse.debug.internal.core.LaunchManager.getLaunchConfigurations(LaunchManager.java:1439)
	at org.eclipse.launchbar.core.internal.LaunchBarManager.init(LaunchBarManager.java:130)
	at org.eclipse.launchbar.core.internal.LaunchBarManager$1.run(LaunchBarManager.java:96)
	at org.eclipse.core.internal.jobs.Worker.run(Worker.java:63)

!ENTRY org.eclipse.debug.core 4 125 2026-07-28 11:20:40.832
!MESSAGE 调试核心所记录的错误：
!STACK 1
org.eclipse.debug.core.DebugException: 读取启动配置文件 F:\code\vibe_project\rollerball\M33\libraries\components\mtb-device-support-pse8xxgp\make\make\scripts\interface_version_3\eclipse\CM55\flash\_normal\KitProg3\multi\&&_PRJ_NAME&& Add CM55 to CM33 (KitProg3_MiniProg4).launch 时发生了 org.xml.sax.SAXParseException; lineNumber: 3; columnNumber: 66; 在实体引用中, 实体名称必须紧跟在 '&' 后面。。
	at org.eclipse.debug.internal.core.LaunchManager.createDebugException(LaunchManager.java:886)
	at org.eclipse.debug.internal.core.LaunchManager.throwException(LaunchManager.java:2448)
	at org.eclipse.debug.internal.core.LaunchManager.getInfo(LaunchManager.java:1366)
	at org.eclipse.debug.internal.core.LaunchConfiguration.getInfo(LaunchConfiguration.java:490)
	at org.eclipse.debug.internal.core.LaunchConfiguration.getType(LaunchConfiguration.java:645)
	at org.eclipse.debug.internal.core.LaunchManager.isValid(LaunchManager.java:2091)
	at org.eclipse.debug.internal.core.LaunchManager.verifyConfigurations(LaunchManager.java:2462)
	at org.eclipse.debug.internal.core.LaunchManager.getAllLaunchConfigurations(LaunchManager.java:1140)
	at org.eclipse.debug.internal.core.LaunchManager.getLaunchConfigurations(LaunchManager.java:1444)
	at org.eclipse.debug.internal.core.LaunchManager.getLaunchConfigurations(LaunchManager.java:1439)
	at org.eclipse.launchbar.core.internal.LaunchBarManager.init(LaunchBarManager.java:130)
	at org.eclipse.launchbar.core.internal.LaunchBarManager$1.run(LaunchBarManager.java:96)
	at org.eclipse.core.internal.jobs.Worker.run(Worker.java:63)
Caused by: org.xml.sax.SAXParseException; lineNumber: 3; columnNumber: 66; 在实体引用中, 实体名称必须紧跟在 '&' 后面。
	at com.sun.org.apache.xerces.internal.util.ErrorHandlerWrapper.createSAXParseException(ErrorHandlerWrapper.java:203)
	at com.sun.org.apache.xerces.internal.util.ErrorHandlerWrapper.fatalError(ErrorHandlerWrapper.java:177)
	at com.sun.org.apache.xerces.internal.impl.XMLErrorReporter.reportError(XMLErrorReporter.java:400)
	at com.sun.org.apache.xerces.internal.impl.XMLErrorReporter.reportError(XMLErrorReporter.java:327)
	at com.sun.org.apache.xerces.internal.impl.XMLScanner.reportFatalError(XMLScanner.java:1472)
	at com.sun.org.apache.xerces.internal.impl.XMLScanner.scanAttributeValue(XMLScanner.java:908)
	at com.sun.org.apache.xerces.internal.impl.XMLDocumentFragmentScannerImpl.scanAttribute(XMLDocumentFragmentScannerImpl.java:1548)
	at com.sun.org.apache.xerces.internal.impl.XMLDocumentFragmentScannerImpl.scanStartElement(XMLDocumentFragmentScannerImpl.java:1315)
	at com.sun.org.apache.xerces.internal.impl.XMLDocumentFragmentScannerImpl$FragmentContentDriver.next(XMLDocumentFragmentScannerImpl.java:2784)
	at com.sun.org.apache.xerces.internal.impl.XMLDocumentScannerImpl.next(XMLDocumentScannerImpl.java:602)
	at com.sun.org.apache.xerces.internal.impl.XMLDocumentFragmentScannerImpl.scanDocument(XMLDocumentFragmentScannerImpl.java:505)
	at com.sun.org.apache.xerces.internal.parsers.XML11Configuration.parse(XML11Configuration.java:841)
	at com.sun.org.apache.xerces.internal.parsers.XML11Configuration.parse(XML11Configuration.java:770)
	at com.sun.org.apache.xerces.internal.parsers.XMLParser.parse(XMLParser.java:141)
	at com.sun.org.apache.xerces.internal.parsers.DOMParser.parse(DOMParser.java:243)
	at com.sun.org.apache.xerces.internal.jaxp.DocumentBuilderImpl.parse(DocumentBuilderImpl.java:339)
	at org.eclipse.debug.internal.core.LaunchManager.createInfoFromXML(LaunchManager.java:935)
	at org.eclipse.debug.internal.core.LaunchManager.getInfo(LaunchManager.java:1359)
	... 10 more
!SUBENTRY 1 org.eclipse.debug.core 4 5012 2026-07-28 11:20:40.832
!MESSAGE 读取启动配置文件 F:\code\vibe_project\rollerball\M33\libraries\components\mtb-device-support-pse8xxgp\make\make\scripts\interface_version_3\eclipse\CM55\flash\_normal\KitProg3\multi\&&_PRJ_NAME&& Add CM55 to CM33 (KitProg3_MiniProg4).launch 时发生了 org.xml.sax.SAXParseException; lineNumber: 3; columnNumber: 66; 在实体引用中, 实体名称必须紧跟在 '&' 后面。。
!STACK 0
org.xml.sax.SAXParseException; lineNumber: 3; columnNumber: 66; 在实体引用中, 实体名称必须紧跟在 '&' 后面。
	at com.sun.org.apache.xerces.internal.util.ErrorHandlerWrapper.createSAXParseException(ErrorHandlerWrapper.java:203)
	at com.sun.org.apache.xerces.internal.util.ErrorHandlerWrapper.fatalError(ErrorHandlerWrapper.java:177)
	at com.sun.org.apache.xerces.internal.impl.XMLErrorReporter.reportError(XMLErrorReporter.java:400)
	at com.sun.org.apache.xerces.internal.impl.XMLErrorReporter.reportError(XMLErrorReporter.java:327)
	at com.sun.org.apache.xerces.internal.impl.XMLScanner.reportFatalError(XMLScanner.java:1472)
	at com.sun.org.apache.xerces.internal.impl.XMLScanner.scanAttributeValue(XMLScanner.java:908)
	at com.sun.org.apache.xerces.internal.impl.XMLDocumentFragmentScannerImpl.scanAttribute(XMLDocumentFragmentScannerImpl.java:1548)
	at com.sun.org.apache.xerces.internal.impl.XMLDocumentFragmentScannerImpl.scanStartElement(XMLDocumentFragmentScannerImpl.java:1315)
	at com.sun.org.apache.xerces.internal.impl.XMLDocumentFragmentScannerImpl$FragmentContentDriver.next(XMLDocumentFragmentScannerImpl.java:2784)
	at com.sun.org.apache.xerces.internal.impl.XMLDocumentScannerImpl.next(XMLDocumentScannerImpl.java:602)
	at com.sun.org.apache.xerces.internal.impl.XMLDocumentFragmentScannerImpl.scanDocument(XMLDocumentFragmentScannerImpl.java:505)
	at com.sun.org.apache.xerces.internal.parsers.XML11Configuration.parse(XML11Configuration.java:841)
	at com.sun.org.apache.xerces.internal.parsers.XML11Configuration.parse(XML11Configuration.java:770)
	at com.sun.org.apache.xerces.internal.parsers.XMLParser.parse(XMLParser.java:141)
	at com.sun.org.apache.xerces.internal.parsers.DOMParser.parse(DOMParser.java:243)
	at com.sun.org.apache.xerces.internal.jaxp.DocumentBuilderImpl.parse(DocumentBuilderImpl.java:339)
	at org.eclipse.debug.internal.core.LaunchManager.createInfoFromXML(LaunchManager.java:935)
	at org.eclipse.debug.internal.core.LaunchManager.getInfo(LaunchManager.java:1359)
	at org.eclipse.debug.internal.core.LaunchConfiguration.getInfo(LaunchConfiguration.java:490)
	at org.eclipse.debug.internal.core.LaunchConfiguration.getType(LaunchConfiguration.java:645)
	at org.eclipse.debug.internal.core.LaunchManager.isValid(LaunchManager.java:2091)
	at org.eclipse.debug.internal.core.LaunchManager.verifyConfigurations(LaunchManager.java:2462)
	at org.eclipse.debug.internal.core.LaunchManager.getAllLaunchConfigurations(LaunchManager.java:1140)
	at org.eclipse.debug.internal.core.LaunchManager.getLaunchConfigurations(LaunchManager.java:1444)
	at org.eclipse.debug.internal.core.LaunchManager.getLaunchConfigurations(LaunchManager.java:1439)
	at org.eclipse.launchbar.core.internal.LaunchBarManager.init(LaunchBarManager.java:130)
	at org.eclipse.launchbar.core.internal.LaunchBarManager$1.run(LaunchBarManager.java:96)
	at org.eclipse.core.internal.jobs.Worker.run(Worker.java:63)

!ENTRY org.eclipse.debug.core 4 125 2026-07-28 11:20:40.833
!MESSAGE 调试核心所记录的错误：
!STACK 1
org.eclipse.debug.core.DebugException: 读取启动配置文件 F:\code\vibe_project\rollerball\M33\libraries\components\mtb-device-support-pse8xxgp\make\make\scripts\interface_version_3\eclipse\CM55\flash\normal\JLink\any\&&_PRJ_NAME&& Attach (JLink).launch 时发生了 org.xml.sax.SAXParseException; lineNumber: 3; columnNumber: 66; 在实体引用中, 实体名称必须紧跟在 '&' 后面。。
	at org.eclipse.debug.internal.core.LaunchManager.createDebugException(LaunchManager.java:886)
	at org.eclipse.debug.internal.core.LaunchManager.throwException(LaunchManager.java:2448)
	at org.eclipse.debug.internal.core.LaunchManager.getInfo(LaunchManager.java:1366)
	at org.eclipse.debug.internal.core.LaunchConfiguration.getInfo(LaunchConfiguration.java:490)
	at org.eclipse.debug.internal.core.LaunchConfiguration.getType(LaunchConfiguration.java:645)
	at org.eclipse.debug.internal.core.LaunchManager.isValid(LaunchManager.java:2091)
	at org.eclipse.debug.internal.core.LaunchManager.verifyConfigurations(LaunchManager.java:2462)
	at org.eclipse.debug.internal.core.LaunchManager.getAllLaunchConfigurations(LaunchManager.java:1140)
	at org.eclipse.debug.internal.core.LaunchManager.getLaunchConfigurations(LaunchManager.java:1444)
	at org.eclipse.debug.internal.core.LaunchManager.getLaunchConfigurations(LaunchManager.java:1439)
	at org.eclipse.launchbar.core.internal.LaunchBarManager.init(LaunchBarManager.java:130)
	at org.eclipse.launchbar.core.internal.LaunchBarManager$1.run(LaunchBarManager.java:96)
	at org.eclipse.core.internal.jobs.Worker.run(Worker.java:63)
Caused by: org.xml.sax.SAXParseException; lineNumber: 3; columnNumber: 66; 在实体引用中, 实体名称必须紧跟在 '&' 后面。
	at com.sun.org.apache.xerces.internal.util.ErrorHandlerWrapper.createSAXParseException(ErrorHandlerWrapper.java:203)
	at com.sun.org.apache.xerces.internal.util.ErrorHandlerWrapper.fatalError(ErrorHandlerWrapper.java:177)
	at com.sun.org.apache.xerces.internal.impl.XMLErrorReporter.reportError(XMLErrorReporter.java:400)
	at com.sun.org.apache.xerces.internal.impl.XMLErrorReporter.reportError(XMLErrorReporter.java:327)
	at com.sun.org.apache.xerces.internal.impl.XMLScanner.reportFatalError(XMLScanner.java:1472)
	at com.sun.org.apache.xerces.internal.impl.XMLScanner.scanAttributeValue(XMLScanner.java:908)
	at com.sun.org.apache.xerces.internal.impl.XMLDocumentFragmentScannerImpl.scanAttribute(XMLDocumentFragmentScannerImpl.java:1548)
	at com.sun.org.apache.xerces.internal.impl.XMLDocumentFragmentScannerImpl.scanStartElement(XMLDocumentFragmentScannerImpl.java:1315)
	at com.sun.org.apache.xerces.internal.impl.XMLDocumentFragmentScannerImpl$FragmentContentDriver.next(XMLDocumentFragmentScannerImpl.java:2784)
	at com.sun.org.apache.xerces.internal.impl.XMLDocumentScannerImpl.next(XMLDocumentScannerImpl.java:602)
	at com.sun.org.apache.xerces.internal.impl.XMLDocumentFragmentScannerImpl.scanDocument(XMLDocumentFragmentScannerImpl.java:505)
	at com.sun.org.apache.xerces.internal.parsers.XML11Configuration.parse(XML11Configuration.java:841)
	at com.sun.org.apache.xerces.internal.parsers.XML11Configuration.parse(XML11Configuration.java:770)
	at com.sun.org.apache.xerces.internal.parsers.XMLParser.parse(XMLParser.java:141)
	at com.sun.org.apache.xerces.internal.parsers.DOMParser.parse(DOMParser.java:243)
	at com.sun.org.apache.xerces.internal.jaxp.DocumentBuilderImpl.parse(DocumentBuilderImpl.java:339)
	at org.eclipse.debug.internal.core.LaunchManager.createInfoFromXML(LaunchManager.java:935)
	at org.eclipse.debug.internal.core.LaunchManager.getInfo(LaunchManager.java:1359)
	... 10 more
!SUBENTRY 1 org.eclipse.debug.core 4 5012 2026-07-28 11:20:40.833
!MESSAGE 读取启动配置文件 F:\code\vibe_project\rollerball\M33\libraries\components\mtb-device-support-pse8xxgp\make\make\scripts\interface_version_3\eclipse\CM55\flash\normal\JLink\any\&&_PRJ_NAME&& Attach (JLink).launch 时发生了 org.xml.sax.SAXParseException; lineNumber: 3; columnNumber: 66; 在实体引用中, 实体名称必须紧跟在 '&' 后面。。
!STACK 0
org.xml.sax.SAXParseException; lineNumber: 3; columnNumber: 66; 在实体引用中, 实体名称必须紧跟在 '&' 后面。
	at com.sun.org.apache.xerces.internal.util.ErrorHandlerWrapper.createSAXParseException(ErrorHandlerWrapper.java:203)
	at com.sun.org.apache.xerces.internal.util.ErrorHandlerWrapper.fatalError(ErrorHandlerWrapper.java:177)
	at com.sun.org.apache.xerces.internal.impl.XMLErrorReporter.reportError(XMLErrorReporter.java:400)
	at com.sun.org.apache.xerces.internal.impl.XMLErrorReporter.reportError(XMLErrorReporter.java:327)
	at com.sun.org.apache.xerces.internal.impl.XMLScanner.reportFatalError(XMLScanner.java:1472)
	at com.sun.org.apache.xerces.internal.impl.XMLScanner.scanAttributeValue(XMLScanner.java:908)
	at com.sun.org.apache.xerces.internal.impl.XMLDocumentFragmentScannerImpl.scanAttribute(XMLDocumentFragmentScannerImpl.java:1548)
	at com.sun.org.apache.xerces.internal.impl.XMLDocumentFragmentScannerImpl.scanStartElement(XMLDocumentFragmentScannerImpl.java:1315)
	at com.sun.org.apache.xerces.internal.impl.XMLDocumentFragmentScannerImpl$FragmentContentDriver.next(XMLDocumentFragmentScannerImpl.java:2784)
	at com.sun.org.apache.xerces.internal.impl.XMLDocumentScannerImpl.next(XMLDocumentScannerImpl.java:602)
	at com.sun.org.apache.xerces.internal.impl.XMLDocumentFragmentScannerImpl.scanDocument(XMLDocumentFragmentScannerImpl.java:505)
	at com.sun.org.apache.xerces.internal.parsers.XML11Configuration.parse(XML11Configuration.java:841)
	at com.sun.org.apache.xerces.internal.parsers.XML11Configuration.parse(XML11Configuration.java:770)
	at com.sun.org.apache.xerces.internal.parsers.XMLParser.parse(XMLParser.java:141)
	at com.sun.org.apache.xerces.internal.parsers.DOMParser.parse(DOMParser.java:243)
	at com.sun.org.apache.xerces.internal.jaxp.DocumentBuilderImpl.parse(DocumentBuilderImpl.java:339)
	at org.eclipse.debug.internal.core.LaunchManager.createInfoFromXML(LaunchManager.java:935)
	at org.eclipse.debug.internal.core.LaunchManager.getInfo(LaunchManager.java:1359)
	at org.eclipse.debug.internal.core.LaunchConfiguration.getInfo(LaunchConfiguration.java:490)
	at org.eclipse.debug.internal.core.LaunchConfiguration.getType(LaunchConfiguration.java:645)
	at org.eclipse.debug.internal.core.LaunchManager.isValid(LaunchManager.java:2091)
	at org.eclipse.debug.internal.core.LaunchManager.verifyConfigurations(LaunchManager.java:2462)
	at org.eclipse.debug.internal.core.LaunchManager.getAllLaunchConfigurations(LaunchManager.java:1140)
	at org.eclipse.debug.internal.core.LaunchManager.getLaunchConfigurations(LaunchManager.java:1444)
	at org.eclipse.debug.internal.core.LaunchManager.getLaunchConfigurations(LaunchManager.java:1439)
	at org.eclipse.launchbar.core.internal.LaunchBarManager.init(LaunchBarManager.java:130)
	at org.eclipse.launchbar.core.internal.LaunchBarManager$1.run(LaunchBarManager.java:96)
	at org.eclipse.core.internal.jobs.Worker.run(Worker.java:63)

!ENTRY org.eclipse.debug.core 4 125 2026-07-28 11:20:40.833
!MESSAGE 调试核心所记录的错误：
!STACK 1
org.eclipse.debug.core.DebugException: 读取启动配置文件 F:\code\vibe_project\rollerball\M33\libraries\components\mtb-device-support-pse8xxgp\make\make\scripts\interface_version_3\eclipse\CM55\flash\normal\JLink\any\&&_PRJ_NAME&& Debug (JLink).launch 时发生了 org.xml.sax.SAXParseException; lineNumber: 3; columnNumber: 66; 在实体引用中, 实体名称必须紧跟在 '&' 后面。。
	at org.eclipse.debug.internal.core.LaunchManager.createDebugException(LaunchManager.java:886)
	at org.eclipse.debug.internal.core.LaunchManager.throwException(LaunchManager.java:2448)
	at org.eclipse.debug.internal.core.LaunchManager.getInfo(LaunchManager.java:1366)
	at org.eclipse.debug.internal.core.LaunchConfiguration.getInfo(LaunchConfiguration.java:490)
	at org.eclipse.debug.internal.core.LaunchConfiguration.getType(LaunchConfiguration.java:645)
	at org.eclipse.debug.internal.core.LaunchManager.isValid(LaunchManager.java:2091)
	at org.eclipse.debug.internal.core.LaunchManager.verifyConfigurations(LaunchManager.java:2462)
	at org.eclipse.debug.internal.core.LaunchManager.getAllLaunchConfigurations(LaunchManager.java:1140)
	at org.eclipse.debug.internal.core.LaunchManager.getLaunchConfigurations(LaunchManager.java:1444)
	at org.eclipse.debug.internal.core.LaunchManager.getLaunchConfigurations(LaunchManager.java:1439)
	at org.eclipse.launchbar.core.internal.LaunchBarManager.init(LaunchBarManager.java:130)
	at org.eclipse.launchbar.core.internal.LaunchBarManager$1.run(LaunchBarManager.java:96)
	at org.eclipse.core.internal.jobs.Worker.run(Worker.java:63)
Caused by: org.xml.sax.SAXParseException; lineNumber: 3; columnNumber: 66; 在实体引用中, 实体名称必须紧跟在 '&' 后面。
	at com.sun.org.apache.xerces.internal.util.ErrorHandlerWrapper.createSAXParseException(ErrorHandlerWrapper.java:203)
	at com.sun.org.apache.xerces.internal.util.ErrorHandlerWrapper.fatalError(ErrorHandlerWrapper.java:177)
	at com.sun.org.apache.xerces.internal.impl.XMLErrorReporter.reportError(XMLErrorReporter.java:400)
	at com.sun.org.apache.xerces.internal.impl.XMLErrorReporter.reportError(XMLErrorReporter.java:327)
	at com.sun.org.apache.xerces.internal.impl.XMLScanner.reportFatalError(XMLScanner.java:1472)
	at com.sun.org.apache.xerces.internal.impl.XMLScanner.scanAttributeValue(XMLScanner.java:908)
	at com.sun.org.apache.xerces.internal.impl.XMLDocumentFragmentScannerImpl.scanAttribute(XMLDocumentFragmentScannerImpl.java:1548)
	at com.sun.org.apache.xerces.internal.impl.XMLDocumentFragmentScannerImpl.scanStartElement(XMLDocumentFragmentScannerImpl.java:1315)
	at com.sun.org.apache.xerces.internal.impl.XMLDocumentFragmentScannerImpl$FragmentContentDriver.next(XMLDocumentFragmentScannerImpl.java:2784)
	at com.sun.org.apache.xerces.internal.impl.XMLDocumentScannerImpl.next(XMLDocumentScannerImpl.java:602)
	at com.sun.org.apache.xerces.internal.impl.XMLDocumentFragmentScannerImpl.scanDocument(XMLDocumentFragmentScannerImpl.java:505)
	at com.sun.org.apache.xerces.internal.parsers.XML11Configuration.parse(XML11Configuration.java:841)
	at com.sun.org.apache.xerces.internal.parsers.XML11Configuration.parse(XML11Configuration.java:770)
	at com.sun.org.apache.xerces.internal.parsers.XMLParser.parse(XMLParser.java:141)
	at com.sun.org.apache.xerces.internal.parsers.DOMParser.parse(DOMParser.java:243)
	at com.sun.org.apache.xerces.internal.jaxp.DocumentBuilderImpl.parse(DocumentBuilderImpl.java:339)
	at org.eclipse.debug.internal.core.LaunchManager.createInfoFromXML(LaunchManager.java:935)
	at org.eclipse.debug.internal.core.LaunchManager.getInfo(LaunchManager.java:1359)
	... 10 more
!SUBENTRY 1 org.eclipse.debug.core 4 5012 2026-07-28 11:20:40.833
!MESSAGE 读取启动配置文件 F:\code\vibe_project\rollerball\M33\libraries\components\mtb-device-support-pse8xxgp\make\make\scripts\interface_version_3\eclipse\CM55\flash\normal\JLink\any\&&_PRJ_NAME&& Debug (JLink).launch 时发生了 org.xml.sax.SAXParseException; lineNumber: 3; columnNumber: 66; 在实体引用中, 实体名称必须紧跟在 '&' 后面。。
!STACK 0
org.xml.sax.SAXParseException; lineNumber: 3; columnNumber: 66; 在实体引用中, 实体名称必须紧跟在 '&' 后面。
	at com.sun.org.apache.xerces.internal.util.ErrorHandlerWrapper.createSAXParseException(ErrorHandlerWrapper.java:203)
	at com.sun.org.apache.xerces.internal.util.ErrorHandlerWrapper.fatalError(ErrorHandlerWrapper.java:177)
	at com.sun.org.apache.xerces.internal.impl.XMLErrorReporter.reportError(XMLErrorReporter.java:400)
	at com.sun.org.apache.xerces.internal.impl.XMLErrorReporter.reportError(XMLErrorReporter.java:327)
	at com.sun.org.apache.xerces.internal.impl.XMLScanner.reportFatalError(XMLScanner.java:1472)
	at com.sun.org.apache.xerces.internal.impl.XMLScanner.scanAttributeValue(XMLScanner.java:908)
	at com.sun.org.apache.xerces.internal.impl.XMLDocumentFragmentScannerImpl.scanAttribute(XMLDocumentFragmentScannerImpl.java:1548)
	at com.sun.org.apache.xerces.internal.impl.XMLDocumentFragmentScannerImpl.scanStartElement(XMLDocumentFragmentScannerImpl.java:1315)
	at com.sun.org.apache.xerces.internal.impl.XMLDocumentFragmentScannerImpl$FragmentContentDriver.next(XMLDocumentFragmentScannerImpl.java:2784)
	at com.sun.org.apache.xerces.internal.impl.XMLDocumentScannerImpl.next(XMLDocumentScannerImpl.java:602)
	at com.sun.org.apache.xerces.internal.impl.XMLDocumentFragmentScannerImpl.scanDocument(XMLDocumentFragmentScannerImpl.java:505)
	at com.sun.org.apache.xerces.internal.parsers.XML11Configuration.parse(XML11Configuration.java:841)
	at com.sun.org.apache.xerces.internal.parsers.XML11Configuration.parse(XML11Configuration.java:770)
	at com.sun.org.apache.xerces.internal.parsers.XMLParser.parse(XMLParser.java:141)
	at com.sun.org.apache.xerces.internal.parsers.DOMParser.parse(DOMParser.java:243)
	at com.sun.org.apache.xerces.internal.jaxp.DocumentBuilderImpl.parse(DocumentBuilderImpl.java:339)
	at org.eclipse.debug.internal.core.LaunchManager.createInfoFromXML(LaunchManager.java:935)
	at org.eclipse.debug.internal.core.LaunchManager.getInfo(LaunchManager.java:1359)
	at org.eclipse.debug.internal.core.LaunchConfiguration.getInfo(LaunchConfiguration.java:490)
	at org.eclipse.debug.internal.core.LaunchConfiguration.getType(LaunchConfiguration.java:645)
	at org.eclipse.debug.internal.core.LaunchManager.isValid(LaunchManager.java:2091)
	at org.eclipse.debug.internal.core.LaunchManager.verifyConfigurations(LaunchManager.java:2462)
	at org.eclipse.debug.internal.core.LaunchManager.getAllLaunchConfigurations(LaunchManager.java:1140)
	at org.eclipse.debug.internal.core.LaunchManager.getLaunchConfigurations(LaunchManager.java:1444)
	at org.eclipse.debug.internal.core.LaunchManager.getLaunchConfigurations(LaunchManager.java:1439)
	at org.eclipse.launchbar.core.internal.LaunchBarManager.init(LaunchBarManager.java:130)
	at org.eclipse.launchbar.core.internal.LaunchBarManager$1.run(LaunchBarManager.java:96)
	at org.eclipse.core.internal.jobs.Worker.run(Worker.java:63)

!ENTRY org.eclipse.debug.core 4 125 2026-07-28 11:20:40.838
!MESSAGE 调试核心所记录的错误：
!STACK 1
org.eclipse.debug.core.DebugException: 读取启动配置文件 F:\code\vibe_project\rollerball\M33\libraries\components\mtb-device-support-pse8xxgp\make\make\scripts\interface_version_3\eclipse\CM55\flash\normal\JLink\combine_sign\Attach.launch 时发生了 org.xml.sax.SAXParseException; lineNumber: 3; columnNumber: 66; 在实体引用中, 实体名称必须紧跟在 '&' 后面。。
	at org.eclipse.debug.internal.core.LaunchManager.createDebugException(LaunchManager.java:886)
	at org.eclipse.debug.internal.core.LaunchManager.throwException(LaunchManager.java:2448)
	at org.eclipse.debug.internal.core.LaunchManager.getInfo(LaunchManager.java:1366)
	at org.eclipse.debug.internal.core.LaunchConfiguration.getInfo(LaunchConfiguration.java:490)
	at org.eclipse.debug.internal.core.LaunchConfiguration.getType(LaunchConfiguration.java:645)
	at org.eclipse.debug.internal.core.LaunchManager.isValid(LaunchManager.java:2091)
	at org.eclipse.debug.internal.core.LaunchManager.verifyConfigurations(LaunchManager.java:2462)
	at org.eclipse.debug.internal.core.LaunchManager.getAllLaunchConfigurations(LaunchManager.java:1140)
	at org.eclipse.debug.internal.core.LaunchManager.getLaunchConfigurations(LaunchManager.java:1444)
	at org.eclipse.debug.internal.core.LaunchManager.getLaunchConfigurations(LaunchManager.java:1439)
	at org.eclipse.launchbar.core.internal.LaunchBarManager.init(LaunchBarManager.java:130)
	at org.eclipse.launchbar.core.internal.LaunchBarManager$1.run(LaunchBarManager.java:96)
	at org.eclipse.core.internal.jobs.Worker.run(Worker.java:63)
Caused by: org.xml.sax.SAXParseException; lineNumber: 3; columnNumber: 66; 在实体引用中, 实体名称必须紧跟在 '&' 后面。
	at com.sun.org.apache.xerces.internal.util.ErrorHandlerWrapper.createSAXParseException(ErrorHandlerWrapper.java:203)
	at com.sun.org.apache.xerces.internal.util.ErrorHandlerWrapper.fatalError(ErrorHandlerWrapper.java:177)
	at com.sun.org.apache.xerces.internal.impl.XMLErrorReporter.reportError(XMLErrorReporter.java:400)
	at com.sun.org.apache.xerces.internal.impl.XMLErrorReporter.reportError(XMLErrorReporter.java:327)
	at com.sun.org.apache.xerces.internal.impl.XMLScanner.reportFatalError(XMLScanner.java:1472)
	at com.sun.org.apache.xerces.internal.impl.XMLScanner.scanAttributeValue(XMLScanner.java:908)
	at com.sun.org.apache.xerces.internal.impl.XMLDocumentFragmentScannerImpl.scanAttribute(XMLDocumentFragmentScannerImpl.java:1548)
	at com.sun.org.apache.xerces.internal.impl.XMLDocumentFragmentScannerImpl.scanStartElement(XMLDocumentFragmentScannerImpl.java:1315)
	at com.sun.org.apache.xerces.internal.impl.XMLDocumentFragmentScannerImpl$FragmentContentDriver.next(XMLDocumentFragmentScannerImpl.java:2784)
	at com.sun.org.apache.xerces.internal.impl.XMLDocumentScannerImpl.next(XMLDocumentScannerImpl.java:602)
	at com.sun.org.apache.xerces.internal.impl.XMLDocumentFragmentScannerImpl.scanDocument(XMLDocumentFragmentScannerImpl.java:505)
	at com.sun.org.apache.xerces.internal.parsers.XML11Configuration.parse(XML11Configuration.java:841)
	at com.sun.org.apache.xerces.internal.parsers.XML11Configuration.parse(XML11Configuration.java:770)
	at com.sun.org.apache.xerces.internal.parsers.XMLParser.parse(XMLParser.java:141)
	at com.sun.org.apache.xerces.internal.parsers.DOMParser.parse(DOMParser.java:243)
	at com.sun.org.apache.xerces.internal.jaxp.DocumentBuilderImpl.parse(DocumentBuilderImpl.java:339)
	at org.eclipse.debug.internal.core.LaunchManager.createInfoFromXML(LaunchManager.java:935)
	at org.eclipse.debug.internal.core.LaunchManager.getInfo(LaunchManager.java:1359)
	... 10 more
!SUBENTRY 1 org.eclipse.debug.core 4 5012 2026-07-28 11:20:40.838
!MESSAGE 读取启动配置文件 F:\code\vibe_project\rollerball\M33\libraries\components\mtb-device-support-pse8xxgp\make\make\scripts\interface_version_3\eclipse\CM55\flash\normal\JLink\combine_sign\Attach.launch 时发生了 org.xml.sax.SAXParseException; lineNumber: 3; columnNumber: 66; 在实体引用中, 实体名称必须紧跟在 '&' 后面。。
!STACK 0
org.xml.sax.SAXParseException; lineNumber: 3; columnNumber: 66; 在实体引用中, 实体名称必须紧跟在 '&' 后面。
	at com.sun.org.apache.xerces.internal.util.ErrorHandlerWrapper.createSAXParseException(ErrorHandlerWrapper.java:203)
	at com.sun.org.apache.xerces.internal.util.ErrorHandlerWrapper.fatalError(ErrorHandlerWrapper.java:177)
	at com.sun.org.apache.xerces.internal.impl.XMLErrorReporter.reportError(XMLErrorReporter.java:400)
	at com.sun.org.apache.xerces.internal.impl.XMLErrorReporter.reportError(XMLErrorReporter.java:327)
	at com.sun.org.apache.xerces.internal.impl.XMLScanner.reportFatalError(XMLScanner.java:1472)
	at com.sun.org.apache.xerces.internal.impl.XMLScanner.scanAttributeValue(XMLScanner.java:908)
	at com.sun.org.apache.xerces.internal.impl.XMLDocumentFragmentScannerImpl.scanAttribute(XMLDocumentFragmentScannerImpl.java:1548)
	at com.sun.org.apache.xerces.internal.impl.XMLDocumentFragmentScannerImpl.scanStartElement(XMLDocumentFragmentScannerImpl.java:1315)
	at com.sun.org.apache.xerces.internal.impl.XMLDocumentFragmentScannerImpl$FragmentContentDriver.next(XMLDocumentFragmentScannerImpl.java:2784)
	at com.sun.org.apache.xerces.internal.impl.XMLDocumentScannerImpl.next(XMLDocumentScannerImpl.java:602)
	at com.sun.org.apache.xerces.internal.impl.XMLDocumentFragmentScannerImpl.scanDocument(XMLDocumentFragmentScannerImpl.java:505)
	at com.sun.org.apache.xerces.internal.parsers.XML11Configuration.parse(XML11Configuration.java:841)
	at com.sun.org.apache.xerces.internal.parsers.XML11Configuration.parse(XML11Configuration.java:770)
	at com.sun.org.apache.xerces.internal.parsers.XMLParser.parse(XMLParser.java:141)
	at com.sun.org.apache.xerces.internal.parsers.DOMParser.parse(DOMParser.java:243)
	at com.sun.org.apache.xerces.internal.jaxp.DocumentBuilderImpl.parse(DocumentBuilderImpl.java:339)
	at org.eclipse.debug.internal.core.LaunchManager.createInfoFromXML(LaunchManager.java:935)
	at org.eclipse.debug.internal.core.LaunchManager.getInfo(LaunchManager.java:1359)
	at org.eclipse.debug.internal.core.LaunchConfiguration.getInfo(LaunchConfiguration.java:490)
	at org.eclipse.debug.internal.core.LaunchConfiguration.getType(LaunchConfiguration.java:645)
	at org.eclipse.debug.internal.core.LaunchManager.isValid(LaunchManager.java:2091)
	at org.eclipse.debug.internal.core.LaunchManager.verifyConfigurations(LaunchManager.java:2462)
	at org.eclipse.debug.internal.core.LaunchManager.getAllLaunchConfigurations(LaunchManager.java:1140)
	at org.eclipse.debug.internal.core.LaunchManager.getLaunchConfigurations(LaunchManager.java:1444)
	at org.eclipse.debug.internal.core.LaunchManager.getLaunchConfigurations(LaunchManager.java:1439)
	at org.eclipse.launchbar.core.internal.LaunchBarManager.init(LaunchBarManager.java:130)
	at org.eclipse.launchbar.core.internal.LaunchBarManager$1.run(LaunchBarManager.java:96)
	at org.eclipse.core.internal.jobs.Worker.run(Worker.java:63)

!ENTRY org.eclipse.debug.core 4 125 2026-07-28 11:20:40.838
!MESSAGE 调试核心所记录的错误：
!STACK 1
org.eclipse.debug.core.DebugException: 读取启动配置文件 F:\code\vibe_project\rollerball\M33\libraries\components\mtb-device-support-pse8xxgp\make\make\scripts\interface_version_3\eclipse\CM55\flash\normal\JLink\combine_sign\Debug.launch 时发生了 org.xml.sax.SAXParseException; lineNumber: 3; columnNumber: 66; 在实体引用中, 实体名称必须紧跟在 '&' 后面。。
	at org.eclipse.debug.internal.core.LaunchManager.createDebugException(LaunchManager.java:886)
	at org.eclipse.debug.internal.core.LaunchManager.throwException(LaunchManager.java:2448)
	at org.eclipse.debug.internal.core.LaunchManager.getInfo(LaunchManager.java:1366)
	at org.eclipse.debug.internal.core.LaunchConfiguration.getInfo(LaunchConfiguration.java:490)
	at org.eclipse.debug.internal.core.LaunchConfiguration.getType(LaunchConfiguration.java:645)
	at org.eclipse.debug.internal.core.LaunchManager.isValid(LaunchManager.java:2091)
	at org.eclipse.debug.internal.core.LaunchManager.verifyConfigurations(LaunchManager.java:2462)
	at org.eclipse.debug.internal.core.LaunchManager.getAllLaunchConfigurations(LaunchManager.java:1140)
	at org.eclipse.debug.internal.core.LaunchManager.getLaunchConfigurations(LaunchManager.java:1444)
	at org.eclipse.debug.internal.core.LaunchManager.getLaunchConfigurations(LaunchManager.java:1439)
	at org.eclipse.launchbar.core.internal.LaunchBarManager.init(LaunchBarManager.java:130)
	at org.eclipse.launchbar.core.internal.LaunchBarManager$1.run(LaunchBarManager.java:96)
	at org.eclipse.core.internal.jobs.Worker.run(Worker.java:63)
Caused by: org.xml.sax.SAXParseException; lineNumber: 3; columnNumber: 66; 在实体引用中, 实体名称必须紧跟在 '&' 后面。
	at com.sun.org.apache.xerces.internal.util.ErrorHandlerWrapper.createSAXParseException(ErrorHandlerWrapper.java:203)
	at com.sun.org.apache.xerces.internal.util.ErrorHandlerWrapper.fatalError(ErrorHandlerWrapper.java:177)
	at com.sun.org.apache.xerces.internal.impl.XMLErrorReporter.reportError(XMLErrorReporter.java:400)
	at com.sun.org.apache.xerces.internal.impl.XMLErrorReporter.reportError(XMLErrorReporter.java:327)
	at com.sun.org.apache.xerces.internal.impl.XMLScanner.reportFatalError(XMLScanner.java:1472)
	at com.sun.org.apache.xerces.internal.impl.XMLScanner.scanAttributeValue(XMLScanner.java:908)
	at com.sun.org.apache.xerces.internal.impl.XMLDocumentFragmentScannerImpl.scanAttribute(XMLDocumentFragmentScannerImpl.java:1548)
	at com.sun.org.apache.xerces.internal.impl.XMLDocumentFragmentScannerImpl.scanStartElement(XMLDocumentFragmentScannerImpl.java:1315)
	at com.sun.org.apache.xerces.internal.impl.XMLDocumentFragmentScannerImpl$FragmentContentDriver.next(XMLDocumentFragmentScannerImpl.java:2784)
	at com.sun.org.apache.xerces.internal.impl.XMLDocumentScannerImpl.next(XMLDocumentScannerImpl.java:602)
	at com.sun.org.apache.xerces.internal.impl.XMLDocumentFragmentScannerImpl.scanDocument(XMLDocumentFragmentScannerImpl.java:505)
	at com.sun.org.apache.xerces.internal.parsers.XML11Configuration.parse(XML11Configuration.java:841)
	at com.sun.org.apache.xerces.internal.parsers.XML11Configuration.parse(XML11Configuration.java:770)
	at com.sun.org.apache.xerces.internal.parsers.XMLParser.parse(XMLParser.java:141)
	at com.sun.org.apache.xerces.internal.parsers.DOMParser.parse(DOMParser.java:243)
	at com.sun.org.apache.xerces.internal.jaxp.DocumentBuilderImpl.parse(DocumentBuilderImpl.java:339)
	at org.eclipse.debug.internal.core.LaunchManager.createInfoFromXML(LaunchManager.java:935)
	at org.eclipse.debug.internal.core.LaunchManager.getInfo(LaunchManager.java:1359)
	... 10 more
!SUBENTRY 1 org.eclipse.debug.core 4 5012 2026-07-28 11:20:40.838
!MESSAGE 读取启动配置文件 F:\code\vibe_project\rollerball\M33\libraries\components\mtb-device-support-pse8xxgp\make\make\scripts\interface_version_3\eclipse\CM55\flash\normal\JLink\combine_sign\Debug.launch 时发生了 org.xml.sax.SAXParseException; lineNumber: 3; columnNumber: 66; 在实体引用中, 实体名称必须紧跟在 '&' 后面。。
!STACK 0
org.xml.sax.SAXParseException; lineNumber: 3; columnNumber: 66; 在实体引用中, 实体名称必须紧跟在 '&' 后面。
	at com.sun.org.apache.xerces.internal.util.ErrorHandlerWrapper.createSAXParseException(ErrorHandlerWrapper.java:203)
	at com.sun.org.apache.xerces.internal.util.ErrorHandlerWrapper.fatalError(ErrorHandlerWrapper.java:177)
	at com.sun.org.apache.xerces.internal.impl.XMLErrorReporter.reportError(XMLErrorReporter.java:400)
	at com.sun.org.apache.xerces.internal.impl.XMLErrorReporter.reportError(XMLErrorReporter.java:327)
	at com.sun.org.apache.xerces.internal.impl.XMLScanner.reportFatalError(XMLScanner.java:1472)
	at com.sun.org.apache.xerces.internal.impl.XMLScanner.scanAttributeValue(XMLScanner.java:908)
	at com.sun.org.apache.xerces.internal.impl.XMLDocumentFragmentScannerImpl.scanAttribute(XMLDocumentFragmentScannerImpl.java:1548)
	at com.sun.org.apache.xerces.internal.impl.XMLDocumentFragmentScannerImpl.scanStartElement(XMLDocumentFragmentScannerImpl.java:1315)
	at com.sun.org.apache.xerces.internal.impl.XMLDocumentFragmentScannerImpl$FragmentContentDriver.next(XMLDocumentFragmentScannerImpl.java:2784)
	at com.sun.org.apache.xerces.internal.impl.XMLDocumentScannerImpl.next(XMLDocumentScannerImpl.java:602)
	at com.sun.org.apache.xerces.internal.impl.XMLDocumentFragmentScannerImpl.scanDocument(XMLDocumentFragmentScannerImpl.java:505)
	at com.sun.org.apache.xerces.internal.parsers.XML11Configuration.parse(XML11Configuration.java:841)
	at com.sun.org.apache.xerces.internal.parsers.XML11Configuration.parse(XML11Configuration.java:770)
	at com.sun.org.apache.xerces.internal.parsers.XMLParser.parse(XMLParser.java:141)
	at com.sun.org.apache.xerces.internal.parsers.DOMParser.parse(DOMParser.java:243)
	at com.sun.org.apache.xerces.internal.jaxp.DocumentBuilderImpl.parse(DocumentBuilderImpl.java:339)
	at org.eclipse.debug.internal.core.LaunchManager.createInfoFromXML(LaunchManager.java:935)
	at org.eclipse.debug.internal.core.LaunchManager.getInfo(LaunchManager.java:1359)
	at org.eclipse.debug.internal.core.LaunchConfiguration.getInfo(LaunchConfiguration.java:490)
	at org.eclipse.debug.internal.core.LaunchConfiguration.getType(LaunchConfiguration.java:645)
	at org.eclipse.debug.internal.core.LaunchManager.isValid(LaunchManager.java:2091)
	at org.eclipse.debug.internal.core.LaunchManager.verifyConfigurations(LaunchManager.java:2462)
	at org.eclipse.debug.internal.core.LaunchManager.getAllLaunchConfigurations(LaunchManager.java:1140)
	at org.eclipse.debug.internal.core.LaunchManager.getLaunchConfigurations(LaunchManager.java:1444)
	at org.eclipse.debug.internal.core.LaunchManager.getLaunchConfigurations(LaunchManager.java:1439)
	at org.eclipse.launchbar.core.internal.LaunchBarManager.init(LaunchBarManager.java:130)
	at org.eclipse.launchbar.core.internal.LaunchBarManager$1.run(LaunchBarManager.java:96)
	at org.eclipse.core.internal.jobs.Worker.run(Worker.java:63)

!ENTRY org.eclipse.debug.core 4 125 2026-07-28 11:20:40.842
!MESSAGE 调试核心所记录的错误：
!STACK 1
org.eclipse.debug.core.DebugException: 读取启动配置文件 F:\code\vibe_project\rollerball\M33\libraries\components\mtb-device-support-pse8xxgp\make\make\scripts\interface_version_3\eclipse\CM55\flash\normal\KitProg3\any\&&_PRJ_NAME&& Attach (KitProg3_MiniProg4).launch 时发生了 org.xml.sax.SAXParseException; lineNumber: 3; columnNumber: 66; 在实体引用中, 实体名称必须紧跟在 '&' 后面。。
	at org.eclipse.debug.internal.core.LaunchManager.createDebugException(LaunchManager.java:886)
	at org.eclipse.debug.internal.core.LaunchManager.throwException(LaunchManager.java:2448)
	at org.eclipse.debug.internal.core.LaunchManager.getInfo(LaunchManager.java:1366)
	at org.eclipse.debug.internal.core.LaunchConfiguration.getInfo(LaunchConfiguration.java:490)
	at org.eclipse.debug.internal.core.LaunchConfiguration.getType(LaunchConfiguration.java:645)
	at org.eclipse.debug.internal.core.LaunchManager.isValid(LaunchManager.java:2091)
	at org.eclipse.debug.internal.core.LaunchManager.verifyConfigurations(LaunchManager.java:2462)
	at org.eclipse.debug.internal.core.LaunchManager.getAllLaunchConfigurations(LaunchManager.java:1140)
	at org.eclipse.debug.internal.core.LaunchManager.getLaunchConfigurations(LaunchManager.java:1444)
	at org.eclipse.debug.internal.core.LaunchManager.getLaunchConfigurations(LaunchManager.java:1439)
	at org.eclipse.launchbar.core.internal.LaunchBarManager.init(LaunchBarManager.java:130)
	at org.eclipse.launchbar.core.internal.LaunchBarManager$1.run(LaunchBarManager.java:96)
	at org.eclipse.core.internal.jobs.Worker.run(Worker.java:63)
Caused by: org.xml.sax.SAXParseException; lineNumber: 3; columnNumber: 66; 在实体引用中, 实体名称必须紧跟在 '&' 后面。
	at com.sun.org.apache.xerces.internal.util.ErrorHandlerWrapper.createSAXParseException(ErrorHandlerWrapper.java:203)
	at com.sun.org.apache.xerces.internal.util.ErrorHandlerWrapper.fatalError(ErrorHandlerWrapper.java:177)
	at com.sun.org.apache.xerces.internal.impl.XMLErrorReporter.reportError(XMLErrorReporter.java:400)
	at com.sun.org.apache.xerces.internal.impl.XMLErrorReporter.reportError(XMLErrorReporter.java:327)
	at com.sun.org.apache.xerces.internal.impl.XMLScanner.reportFatalError(XMLScanner.java:1472)
	at com.sun.org.apache.xerces.internal.impl.XMLScanner.scanAttributeValue(XMLScanner.java:908)
	at com.sun.org.apache.xerces.internal.impl.XMLDocumentFragmentScannerImpl.scanAttribute(XMLDocumentFragmentScannerImpl.java:1548)
	at com.sun.org.apache.xerces.internal.impl.XMLDocumentFragmentScannerImpl.scanStartElement(XMLDocumentFragmentScannerImpl.java:1315)
	at com.sun.org.apache.xerces.internal.impl.XMLDocumentFragmentScannerImpl$FragmentContentDriver.next(XMLDocumentFragmentScannerImpl.java:2784)
	at com.sun.org.apache.xerces.internal.impl.XMLDocumentScannerImpl.next(XMLDocumentScannerImpl.java:602)
	at com.sun.org.apache.xerces.internal.impl.XMLDocumentFragmentScannerImpl.scanDocument(XMLDocumentFragmentScannerImpl.java:505)
	at com.sun.org.apache.xerces.internal.parsers.XML11Configuration.parse(XML11Configuration.java:841)
	at com.sun.org.apache.xerces.internal.parsers.XML11Configuration.parse(XML11Configuration.java:770)
	at com.sun.org.apache.xerces.internal.parsers.XMLParser.parse(XMLParser.java:141)
	at com.sun.org.apache.xerces.internal.parsers.DOMParser.parse(DOMParser.java:243)
	at com.sun.org.apache.xerces.internal.jaxp.DocumentBuilderImpl.parse(DocumentBuilderImpl.java:339)
	at org.eclipse.debug.internal.core.LaunchManager.createInfoFromXML(LaunchManager.java:935)
	at org.eclipse.debug.internal.core.LaunchManager.getInfo(LaunchManager.java:1359)
	... 10 more
!SUBENTRY 1 org.eclipse.debug.core 4 5012 2026-07-28 11:20:40.842
!MESSAGE 读取启动配置文件 F:\code\vibe_project\rollerball\M33\libraries\components\mtb-device-support-pse8xxgp\make\make\scripts\interface_version_3\eclipse\CM55\flash\normal\KitProg3\any\&&_PRJ_NAME&& Attach (KitProg3_MiniProg4).launch 时发生了 org.xml.sax.SAXParseException; lineNumber: 3; columnNumber: 66; 在实体引用中, 实体名称必须紧跟在 '&' 后面。。
!STACK 0
org.xml.sax.SAXParseException; lineNumber: 3; columnNumber: 66; 在实体引用中, 实体名称必须紧跟在 '&' 后面。
	at com.sun.org.apache.xerces.internal.util.ErrorHandlerWrapper.createSAXParseException(ErrorHandlerWrapper.java:203)
	at com.sun.org.apache.xerces.internal.util.ErrorHandlerWrapper.fatalError(ErrorHandlerWrapper.java:177)
	at com.sun.org.apache.xerces.internal.impl.XMLErrorReporter.reportError(XMLErrorReporter.java:400)
	at com.sun.org.apache.xerces.internal.impl.XMLErrorReporter.reportError(XMLErrorReporter.java:327)
	at com.sun.org.apache.xerces.internal.impl.XMLScanner.reportFatalError(XMLScanner.java:1472)
	at com.sun.org.apache.xerces.internal.impl.XMLScanner.scanAttributeValue(XMLScanner.java:908)
	at com.sun.org.apache.xerces.internal.impl.XMLDocumentFragmentScannerImpl.scanAttribute(XMLDocumentFragmentScannerImpl.java:1548)
	at com.sun.org.apache.xerces.internal.impl.XMLDocumentFragmentScannerImpl.scanStartElement(XMLDocumentFragmentScannerImpl.java:1315)
	at com.sun.org.apache.xerces.internal.impl.XMLDocumentFragmentScannerImpl$FragmentContentDriver.next(XMLDocumentFragmentScannerImpl.java:2784)
	at com.sun.org.apache.xerces.internal.impl.XMLDocumentScannerImpl.next(XMLDocumentScannerImpl.java:602)
	at com.sun.org.apache.xerces.internal.impl.XMLDocumentFragmentScannerImpl.scanDocument(XMLDocumentFragmentScannerImpl.java:505)
	at com.sun.org.apache.xerces.internal.parsers.XML11Configuration.parse(XML11Configuration.java:841)
	at com.sun.org.apache.xerces.internal.parsers.XML11Configuration.parse(XML11Configuration.java:770)
	at com.sun.org.apache.xerces.internal.parsers.XMLParser.parse(XMLParser.java:141)
	at com.sun.org.apache.xerces.internal.parsers.DOMParser.parse(DOMParser.java:243)
	at com.sun.org.apache.xerces.internal.jaxp.DocumentBuilderImpl.parse(DocumentBuilderImpl.java:339)
	at org.eclipse.debug.internal.core.LaunchManager.createInfoFromXML(LaunchManager.java:935)
	at org.eclipse.debug.internal.core.LaunchManager.getInfo(LaunchManager.java:1359)
	at org.eclipse.debug.internal.core.LaunchConfiguration.getInfo(LaunchConfiguration.java:490)
	at org.eclipse.debug.internal.core.LaunchConfiguration.getType(LaunchConfiguration.java:645)
	at org.eclipse.debug.internal.core.LaunchManager.isValid(LaunchManager.java:2091)
	at org.eclipse.debug.internal.core.LaunchManager.verifyConfigurations(LaunchManager.java:2462)
	at org.eclipse.debug.internal.core.LaunchManager.getAllLaunchConfigurations(LaunchManager.java:1140)
	at org.eclipse.debug.internal.core.LaunchManager.getLaunchConfigurations(LaunchManager.java:1444)
	at org.eclipse.debug.internal.core.LaunchManager.getLaunchConfigurations(LaunchManager.java:1439)
	at org.eclipse.launchbar.core.internal.LaunchBarManager.init(LaunchBarManager.java:130)
	at org.eclipse.launchbar.core.internal.LaunchBarManager$1.run(LaunchBarManager.java:96)
	at org.eclipse.core.internal.jobs.Worker.run(Worker.java:63)

!ENTRY org.eclipse.debug.core 4 125 2026-07-28 11:20:40.842
!MESSAGE 调试核心所记录的错误：
!STACK 1
org.eclipse.debug.core.DebugException: 读取启动配置文件 F:\code\vibe_project\rollerball\M33\libraries\components\mtb-device-support-pse8xxgp\make\make\scripts\interface_version_3\eclipse\CM55\flash\normal\KitProg3\any\&&_PRJ_NAME&& Debug (KitProg3_MiniProg4).launch 时发生了 org.xml.sax.SAXParseException; lineNumber: 3; columnNumber: 66; 在实体引用中, 实体名称必须紧跟在 '&' 后面。。
	at org.eclipse.debug.internal.core.LaunchManager.createDebugException(LaunchManager.java:886)
	at org.eclipse.debug.internal.core.LaunchManager.throwException(LaunchManager.java:2448)
	at org.eclipse.debug.internal.core.LaunchManager.getInfo(LaunchManager.java:1366)
	at org.eclipse.debug.internal.core.LaunchConfiguration.getInfo(LaunchConfiguration.java:490)
	at org.eclipse.debug.internal.core.LaunchConfiguration.getType(LaunchConfiguration.java:645)
	at org.eclipse.debug.internal.core.LaunchManager.isValid(LaunchManager.java:2091)
	at org.eclipse.debug.internal.core.LaunchManager.verifyConfigurations(LaunchManager.java:2462)
	at org.eclipse.debug.internal.core.LaunchManager.getAllLaunchConfigurations(LaunchManager.java:1140)
	at org.eclipse.debug.internal.core.LaunchManager.getLaunchConfigurations(LaunchManager.java:1444)
	at org.eclipse.debug.internal.core.LaunchManager.getLaunchConfigurations(LaunchManager.java:1439)
	at org.eclipse.launchbar.core.internal.LaunchBarManager.init(LaunchBarManager.java:130)
	at org.eclipse.launchbar.core.internal.LaunchBarManager$1.run(LaunchBarManager.java:96)
	at org.eclipse.core.internal.jobs.Worker.run(Worker.java:63)
Caused by: org.xml.sax.SAXParseException; lineNumber: 3; columnNumber: 66; 在实体引用中, 实体名称必须紧跟在 '&' 后面。
	at com.sun.org.apache.xerces.internal.util.ErrorHandlerWrapper.createSAXParseException(ErrorHandlerWrapper.java:203)
	at com.sun.org.apache.xerces.internal.util.ErrorHandlerWrapper.fatalError(ErrorHandlerWrapper.java:177)
	at com.sun.org.apache.xerces.internal.impl.XMLErrorReporter.reportError(XMLErrorReporter.java:400)
	at com.sun.org.apache.xerces.internal.impl.XMLErrorReporter.reportError(XMLErrorReporter.java:327)
	at com.sun.org.apache.xerces.internal.impl.XMLScanner.reportFatalError(XMLScanner.java:1472)
	at com.sun.org.apache.xerces.internal.impl.XMLScanner.scanAttributeValue(XMLScanner.java:908)
	at com.sun.org.apache.xerces.internal.impl.XMLDocumentFragmentScannerImpl.scanAttribute(XMLDocumentFragmentScannerImpl.java:1548)
	at com.sun.org.apache.xerces.internal.impl.XMLDocumentFragmentScannerImpl.scanStartElement(XMLDocumentFragmentScannerImpl.java:1315)
	at com.sun.org.apache.xerces.internal.impl.XMLDocumentFragmentScannerImpl$FragmentContentDriver.next(XMLDocumentFragmentScannerImpl.java:2784)
	at com.sun.org.apache.xerces.internal.impl.XMLDocumentScannerImpl.next(XMLDocumentScannerImpl.java:602)
	at com.sun.org.apache.xerces.internal.impl.XMLDocumentFragmentScannerImpl.scanDocument(XMLDocumentFragmentScannerImpl.java:505)
	at com.sun.org.apache.xerces.internal.parsers.XML11Configuration.parse(XML11Configuration.java:841)
	at com.sun.org.apache.xerces.internal.parsers.XML11Configuration.parse(XML11Configuration.java:770)
	at com.sun.org.apache.xerces.internal.parsers.XMLParser.parse(XMLParser.java:141)
	at com.sun.org.apache.xerces.internal.parsers.DOMParser.parse(DOMParser.java:243)
	at com.sun.org.apache.xerces.internal.jaxp.DocumentBuilderImpl.parse(DocumentBuilderImpl.java:339)
	at org.eclipse.debug.internal.core.LaunchManager.createInfoFromXML(LaunchManager.java:935)
	at org.eclipse.debug.internal.core.LaunchManager.getInfo(LaunchManager.java:1359)
	... 10 more
!SUBENTRY 1 org.eclipse.debug.core 4 5012 2026-07-28 11:20:40.842
!MESSAGE 读取启动配置文件 F:\code\vibe_project\rollerball\M33\libraries\components\mtb-device-support-pse8xxgp\make\make\scripts\interface_version_3\eclipse\CM55\flash\normal\KitProg3\any\&&_PRJ_NAME&& Debug (KitProg3_MiniProg4).launch 时发生了 org.xml.sax.SAXParseException; lineNumber: 3; columnNumber: 66; 在实体引用中, 实体名称必须紧跟在 '&' 后面。。
!STACK 0
org.xml.sax.SAXParseException; lineNumber: 3; columnNumber: 66; 在实体引用中, 实体名称必须紧跟在 '&' 后面。
	at com.sun.org.apache.xerces.internal.util.ErrorHandlerWrapper.createSAXParseException(ErrorHandlerWrapper.java:203)
	at com.sun.org.apache.xerces.internal.util.ErrorHandlerWrapper.fatalError(ErrorHandlerWrapper.java:177)
	at com.sun.org.apache.xerces.internal.impl.XMLErrorReporter.reportError(XMLErrorReporter.java:400)
	at com.sun.org.apache.xerces.internal.impl.XMLErrorReporter.reportError(XMLErrorReporter.java:327)
	at com.sun.org.apache.xerces.internal.impl.XMLScanner.reportFatalError(XMLScanner.java:1472)
	at com.sun.org.apache.xerces.internal.impl.XMLScanner.scanAttributeValue(XMLScanner.java:908)
	at com.sun.org.apache.xerces.internal.impl.XMLDocumentFragmentScannerImpl.scanAttribute(XMLDocumentFragmentScannerImpl.java:1548)
	at com.sun.org.apache.xerces.internal.impl.XMLDocumentFragmentScannerImpl.scanStartElement(XMLDocumentFragmentScannerImpl.java:1315)
	at com.sun.org.apache.xerces.internal.impl.XMLDocumentFragmentScannerImpl$FragmentContentDriver.next(XMLDocumentFragmentScannerImpl.java:2784)
	at com.sun.org.apache.xerces.internal.impl.XMLDocumentScannerImpl.next(XMLDocumentScannerImpl.java:602)
	at com.sun.org.apache.xerces.internal.impl.XMLDocumentFragmentScannerImpl.scanDocument(XMLDocumentFragmentScannerImpl.java:505)
	at com.sun.org.apache.xerces.internal.parsers.XML11Configuration.parse(XML11Configuration.java:841)
	at com.sun.org.apache.xerces.internal.parsers.XML11Configuration.parse(XML11Configuration.java:770)
	at com.sun.org.apache.xerces.internal.parsers.XMLParser.parse(XMLParser.java:141)
	at com.sun.org.apache.xerces.internal.parsers.DOMParser.parse(DOMParser.java:243)
	at com.sun.org.apache.xerces.internal.jaxp.DocumentBuilderImpl.parse(DocumentBuilderImpl.java:339)
	at org.eclipse.debug.internal.core.LaunchManager.createInfoFromXML(LaunchManager.java:935)
	at org.eclipse.debug.internal.core.LaunchManager.getInfo(LaunchManager.java:1359)
	at org.eclipse.debug.internal.core.LaunchConfiguration.getInfo(LaunchConfiguration.java:490)
	at org.eclipse.debug.internal.core.LaunchConfiguration.getType(LaunchConfiguration.java:645)
	at org.eclipse.debug.internal.core.LaunchManager.isValid(LaunchManager.java:2091)
	at org.eclipse.debug.internal.core.LaunchManager.verifyConfigurations(LaunchManager.java:2462)
	at org.eclipse.debug.internal.core.LaunchManager.getAllLaunchConfigurations(LaunchManager.java:1140)
	at org.eclipse.debug.internal.core.LaunchManager.getLaunchConfigurations(LaunchManager.java:1444)
	at org.eclipse.debug.internal.core.LaunchManager.getLaunchConfigurations(LaunchManager.java:1439)
	at org.eclipse.launchbar.core.internal.LaunchBarManager.init(LaunchBarManager.java:130)
	at org.eclipse.launchbar.core.internal.LaunchBarManager$1.run(LaunchBarManager.java:96)
	at org.eclipse.core.internal.jobs.Worker.run(Worker.java:63)

!ENTRY org.eclipse.debug.core 4 125 2026-07-28 11:20:40.846
!MESSAGE 调试核心所记录的错误：
!STACK 1
org.eclipse.debug.core.DebugException: 读取启动配置文件 F:\code\vibe_project\rollerball\M33\libraries\components\mtb-device-support-pse8xxgp\make\make\scripts\interface_version_3\eclipse\CM55\flash\normal\KitProg3\combine_sign\Debug.launch 时发生了 org.xml.sax.SAXParseException; lineNumber: 3; columnNumber: 66; 在实体引用中, 实体名称必须紧跟在 '&' 后面。。
	at org.eclipse.debug.internal.core.LaunchManager.createDebugException(LaunchManager.java:886)
	at org.eclipse.debug.internal.core.LaunchManager.throwException(LaunchManager.java:2448)
	at org.eclipse.debug.internal.core.LaunchManager.getInfo(LaunchManager.java:1366)
	at org.eclipse.debug.internal.core.LaunchConfiguration.getInfo(LaunchConfiguration.java:490)
	at org.eclipse.debug.internal.core.LaunchConfiguration.getType(LaunchConfiguration.java:645)
	at org.eclipse.debug.internal.core.LaunchManager.isValid(LaunchManager.java:2091)
	at org.eclipse.debug.internal.core.LaunchManager.verifyConfigurations(LaunchManager.java:2462)
	at org.eclipse.debug.internal.core.LaunchManager.getAllLaunchConfigurations(LaunchManager.java:1140)
	at org.eclipse.debug.internal.core.LaunchManager.getLaunchConfigurations(LaunchManager.java:1444)
	at org.eclipse.debug.internal.core.LaunchManager.getLaunchConfigurations(LaunchManager.java:1439)
	at org.eclipse.launchbar.core.internal.LaunchBarManager.init(LaunchBarManager.java:130)
	at org.eclipse.launchbar.core.internal.LaunchBarManager$1.run(LaunchBarManager.java:96)
	at org.eclipse.core.internal.jobs.Worker.run(Worker.java:63)
Caused by: org.xml.sax.SAXParseException; lineNumber: 3; columnNumber: 66; 在实体引用中, 实体名称必须紧跟在 '&' 后面。
	at com.sun.org.apache.xerces.internal.util.ErrorHandlerWrapper.createSAXParseException(ErrorHandlerWrapper.java:203)
	at com.sun.org.apache.xerces.internal.util.ErrorHandlerWrapper.fatalError(ErrorHandlerWrapper.java:177)
	at com.sun.org.apache.xerces.internal.impl.XMLErrorReporter.reportError(XMLErrorReporter.java:400)
	at com.sun.org.apache.xerces.internal.impl.XMLErrorReporter.reportError(XMLErrorReporter.java:327)
	at com.sun.org.apache.xerces.internal.impl.XMLScanner.reportFatalError(XMLScanner.java:1472)
	at com.sun.org.apache.xerces.internal.impl.XMLScanner.scanAttributeValue(XMLScanner.java:908)
	at com.sun.org.apache.xerces.internal.impl.XMLDocumentFragmentScannerImpl.scanAttribute(XMLDocumentFragmentScannerImpl.java:1548)
	at com.sun.org.apache.xerces.internal.impl.XMLDocumentFragmentScannerImpl.scanStartElement(XMLDocumentFragmentScannerImpl.java:1315)
	at com.sun.org.apache.xerces.internal.impl.XMLDocumentFragmentScannerImpl$FragmentContentDriver.next(XMLDocumentFragmentScannerImpl.java:2784)
	at com.sun.org.apache.xerces.internal.impl.XMLDocumentScannerImpl.next(XMLDocumentScannerImpl.java:602)
	at com.sun.org.apache.xerces.internal.impl.XMLDocumentFragmentScannerImpl.scanDocument(XMLDocumentFragmentScannerImpl.java:505)
	at com.sun.org.apache.xerces.internal.parsers.XML11Configuration.parse(XML11Configuration.java:841)
	at com.sun.org.apache.xerces.internal.parsers.XML11Configuration.parse(XML11Configuration.java:770)
	at com.sun.org.apache.xerces.internal.parsers.XMLParser.parse(XMLParser.java:141)
	at com.sun.org.apache.xerces.internal.parsers.DOMParser.parse(DOMParser.java:243)
	at com.sun.org.apache.xerces.internal.jaxp.DocumentBuilderImpl.parse(DocumentBuilderImpl.java:339)
	at org.eclipse.debug.internal.core.LaunchManager.createInfoFromXML(LaunchManager.java:935)
	at org.eclipse.debug.internal.core.LaunchManager.getInfo(LaunchManager.java:1359)
	... 10 more
!SUBENTRY 1 org.eclipse.debug.core 4 5012 2026-07-28 11:20:40.846
!MESSAGE 读取启动配置文件 F:\code\vibe_project\rollerball\M33\libraries\components\mtb-device-support-pse8xxgp\make\make\scripts\interface_version_3\eclipse\CM55\flash\normal\KitProg3\combine_sign\Debug.launch 时发生了 org.xml.sax.SAXParseException; lineNumber: 3; columnNumber: 66; 在实体引用中, 实体名称必须紧跟在 '&' 后面。。
!STACK 0
org.xml.sax.SAXParseException; lineNumber: 3; columnNumber: 66; 在实体引用中, 实体名称必须紧跟在 '&' 后面。
	at com.sun.org.apache.xerces.internal.util.ErrorHandlerWrapper.createSAXParseException(ErrorHandlerWrapper.java:203)
	at com.sun.org.apache.xerces.internal.util.ErrorHandlerWrapper.fatalError(ErrorHandlerWrapper.java:177)
	at com.sun.org.apache.xerces.internal.impl.XMLErrorReporter.reportError(XMLErrorReporter.java:400)
	at com.sun.org.apache.xerces.internal.impl.XMLErrorReporter.reportError(XMLErrorReporter.java:327)
	at com.sun.org.apache.xerces.internal.impl.XMLScanner.reportFatalError(XMLScanner.java:1472)
	at com.sun.org.apache.xerces.internal.impl.XMLScanner.scanAttributeValue(XMLScanner.java:908)
	at com.sun.org.apache.xerces.internal.impl.XMLDocumentFragmentScannerImpl.scanAttribute(XMLDocumentFragmentScannerImpl.java:1548)
	at com.sun.org.apache.xerces.internal.impl.XMLDocumentFragmentScannerImpl.scanStartElement(XMLDocumentFragmentScannerImpl.java:1315)
	at com.sun.org.apache.xerces.internal.impl.XMLDocumentFragmentScannerImpl$FragmentContentDriver.next(XMLDocumentFragmentScannerImpl.java:2784)
	at com.sun.org.apache.xerces.internal.impl.XMLDocumentScannerImpl.next(XMLDocumentScannerImpl.java:602)
	at com.sun.org.apache.xerces.internal.impl.XMLDocumentFragmentScannerImpl.scanDocument(XMLDocumentFragmentScannerImpl.java:505)
	at com.sun.org.apache.xerces.internal.parsers.XML11Configuration.parse(XML11Configuration.java:841)
	at com.sun.org.apache.xerces.internal.parsers.XML11Configuration.parse(XML11Configuration.java:770)
	at com.sun.org.apache.xerces.internal.parsers.XMLParser.parse(XMLParser.java:141)
	at com.sun.org.apache.xerces.internal.parsers.DOMParser.parse(DOMParser.java:243)
	at com.sun.org.apache.xerces.internal.jaxp.DocumentBuilderImpl.parse(DocumentBuilderImpl.java:339)
	at org.eclipse.debug.internal.core.LaunchManager.createInfoFromXML(LaunchManager.java:935)
	at org.eclipse.debug.internal.core.LaunchManager.getInfo(LaunchManager.java:1359)
	at org.eclipse.debug.internal.core.LaunchConfiguration.getInfo(LaunchConfiguration.java:490)
	at org.eclipse.debug.internal.core.LaunchConfiguration.getType(LaunchConfiguration.java:645)
	at org.eclipse.debug.internal.core.LaunchManager.isValid(LaunchManager.java:2091)
	at org.eclipse.debug.internal.core.LaunchManager.verifyConfigurations(LaunchManager.java:2462)
	at org.eclipse.debug.internal.core.LaunchManager.getAllLaunchConfigurations(LaunchManager.java:1140)
	at org.eclipse.debug.internal.core.LaunchManager.getLaunchConfigurations(LaunchManager.java:1444)
	at org.eclipse.debug.internal.core.LaunchManager.getLaunchConfigurations(LaunchManager.java:1439)
	at org.eclipse.launchbar.core.internal.LaunchBarManager.init(LaunchBarManager.java:130)
	at org.eclipse.launchbar.core.internal.LaunchBarManager$1.run(LaunchBarManager.java:96)
	at org.eclipse.core.internal.jobs.Worker.run(Worker.java:63)

!ENTRY org.eclipse.debug.core 4 125 2026-07-28 11:20:40.846
!MESSAGE 调试核心所记录的错误：
!STACK 1
org.eclipse.debug.core.DebugException: 读取启动配置文件 F:\code\vibe_project\rollerball\M33\libraries\components\mtb-device-support-pse8xxgp\make\make\scripts\interface_version_3\eclipse\CM55\flash\normal\KitProg3\multi\&&_PRJ_NAME&& Add CM55 to CM33 (KitProg3_MiniProg4).launch 时发生了 org.xml.sax.SAXParseException; lineNumber: 3; columnNumber: 66; 在实体引用中, 实体名称必须紧跟在 '&' 后面。。
	at org.eclipse.debug.internal.core.LaunchManager.createDebugException(LaunchManager.java:886)
	at org.eclipse.debug.internal.core.LaunchManager.throwException(LaunchManager.java:2448)
	at org.eclipse.debug.internal.core.LaunchManager.getInfo(LaunchManager.java:1366)
	at org.eclipse.debug.internal.core.LaunchConfiguration.getInfo(LaunchConfiguration.java:490)
	at org.eclipse.debug.internal.core.LaunchConfiguration.getType(LaunchConfiguration.java:645)
	at org.eclipse.debug.internal.core.LaunchManager.isValid(LaunchManager.java:2091)
	at org.eclipse.debug.internal.core.LaunchManager.verifyConfigurations(LaunchManager.java:2462)
	at org.eclipse.debug.internal.core.LaunchManager.getAllLaunchConfigurations(LaunchManager.java:1140)
	at org.eclipse.debug.internal.core.LaunchManager.getLaunchConfigurations(LaunchManager.java:1444)
	at org.eclipse.debug.internal.core.LaunchManager.getLaunchConfigurations(LaunchManager.java:1439)
	at org.eclipse.launchbar.core.internal.LaunchBarManager.init(LaunchBarManager.java:130)
	at org.eclipse.launchbar.core.internal.LaunchBarManager$1.run(LaunchBarManager.java:96)
	at org.eclipse.core.internal.jobs.Worker.run(Worker.java:63)
Caused by: org.xml.sax.SAXParseException; lineNumber: 3; columnNumber: 66; 在实体引用中, 实体名称必须紧跟在 '&' 后面。
	at com.sun.org.apache.xerces.internal.util.ErrorHandlerWrapper.createSAXParseException(ErrorHandlerWrapper.java:203)
	at com.sun.org.apache.xerces.internal.util.ErrorHandlerWrapper.fatalError(ErrorHandlerWrapper.java:177)
	at com.sun.org.apache.xerces.internal.impl.XMLErrorReporter.reportError(XMLErrorReporter.java:400)
	at com.sun.org.apache.xerces.internal.impl.XMLErrorReporter.reportError(XMLErrorReporter.java:327)
	at com.sun.org.apache.xerces.internal.impl.XMLScanner.reportFatalError(XMLScanner.java:1472)
	at com.sun.org.apache.xerces.internal.impl.XMLScanner.scanAttributeValue(XMLScanner.java:908)
	at com.sun.org.apache.xerces.internal.impl.XMLDocumentFragmentScannerImpl.scanAttribute(XMLDocumentFragmentScannerImpl.java:1548)
	at com.sun.org.apache.xerces.internal.impl.XMLDocumentFragmentScannerImpl.scanStartElement(XMLDocumentFragmentScannerImpl.java:1315)
	at com.sun.org.apache.xerces.internal.impl.XMLDocumentFragmentScannerImpl$FragmentContentDriver.next(XMLDocumentFragmentScannerImpl.java:2784)
	at com.sun.org.apache.xerces.internal.impl.XMLDocumentScannerImpl.next(XMLDocumentScannerImpl.java:602)
	at com.sun.org.apache.xerces.internal.impl.XMLDocumentFragmentScannerImpl.scanDocument(XMLDocumentFragmentScannerImpl.java:505)
	at com.sun.org.apache.xerces.internal.parsers.XML11Configuration.parse(XML11Configuration.java:841)
	at com.sun.org.apache.xerces.internal.parsers.XML11Configuration.parse(XML11Configuration.java:770)
	at com.sun.org.apache.xerces.internal.parsers.XMLParser.parse(XMLParser.java:141)
	at com.sun.org.apache.xerces.internal.parsers.DOMParser.parse(DOMParser.java:243)
	at com.sun.org.apache.xerces.internal.jaxp.DocumentBuilderImpl.parse(DocumentBuilderImpl.java:339)
	at org.eclipse.debug.internal.core.LaunchManager.createInfoFromXML(LaunchManager.java:935)
	at org.eclipse.debug.internal.core.LaunchManager.getInfo(LaunchManager.java:1359)
	... 10 more
!SUBENTRY 1 org.eclipse.debug.core 4 5012 2026-07-28 11:20:40.846
!MESSAGE 读取启动配置文件 F:\code\vibe_project\rollerball\M33\libraries\components\mtb-device-support-pse8xxgp\make\make\scripts\interface_version_3\eclipse\CM55\flash\normal\KitProg3\multi\&&_PRJ_NAME&& Add CM55 to CM33 (KitProg3_MiniProg4).launch 时发生了 org.xml.sax.SAXParseException; lineNumber: 3; columnNumber: 66; 在实体引用中, 实体名称必须紧跟在 '&' 后面。。
!STACK 0
org.xml.sax.SAXParseException; lineNumber: 3; columnNumber: 66; 在实体引用中, 实体名称必须紧跟在 '&' 后面。
	at com.sun.org.apache.xerces.internal.util.ErrorHandlerWrapper.createSAXParseException(ErrorHandlerWrapper.java:203)
	at com.sun.org.apache.xerces.internal.util.ErrorHandlerWrapper.fatalError(ErrorHandlerWrapper.java:177)
	at com.sun.org.apache.xerces.internal.impl.XMLErrorReporter.reportError(XMLErrorReporter.java:400)
	at com.sun.org.apache.xerces.internal.impl.XMLErrorReporter.reportError(XMLErrorReporter.java:327)
	at com.sun.org.apache.xerces.internal.impl.XMLScanner.reportFatalError(XMLScanner.java:1472)
	at com.sun.org.apache.xerces.internal.impl.XMLScanner.scanAttributeValue(XMLScanner.java:908)
	at com.sun.org.apache.xerces.internal.impl.XMLDocumentFragmentScannerImpl.scanAttribute(XMLDocumentFragmentScannerImpl.java:1548)
	at com.sun.org.apache.xerces.internal.impl.XMLDocumentFragmentScannerImpl.scanStartElement(XMLDocumentFragmentScannerImpl.java:1315)
	at com.sun.org.apache.xerces.internal.impl.XMLDocumentFragmentScannerImpl$FragmentContentDriver.next(XMLDocumentFragmentScannerImpl.java:2784)
	at com.sun.org.apache.xerces.internal.impl.XMLDocumentScannerImpl.next(XMLDocumentScannerImpl.java:602)
	at com.sun.org.apache.xerces.internal.impl.XMLDocumentFragmentScannerImpl.scanDocument(XMLDocumentFragmentScannerImpl.java:505)
	at com.sun.org.apache.xerces.internal.parsers.XML11Configuration.parse(XML11Configuration.java:841)
	at com.sun.org.apache.xerces.internal.parsers.XML11Configuration.parse(XML11Configuration.java:770)
	at com.sun.org.apache.xerces.internal.parsers.XMLParser.parse(XMLParser.java:141)
	at com.sun.org.apache.xerces.internal.parsers.DOMParser.parse(DOMParser.java:243)
	at com.sun.org.apache.xerces.internal.jaxp.DocumentBuilderImpl.parse(DocumentBuilderImpl.java:339)
	at org.eclipse.debug.internal.core.LaunchManager.createInfoFromXML(LaunchManager.java:935)
	at org.eclipse.debug.internal.core.LaunchManager.getInfo(LaunchManager.java:1359)
	at org.eclipse.debug.internal.core.LaunchConfiguration.getInfo(LaunchConfiguration.java:490)
	at org.eclipse.debug.internal.core.LaunchConfiguration.getType(LaunchConfiguration.java:645)
	at org.eclipse.debug.internal.core.LaunchManager.isValid(LaunchManager.java:2091)
	at org.eclipse.debug.internal.core.LaunchManager.verifyConfigurations(LaunchManager.java:2462)
	at org.eclipse.debug.internal.core.LaunchManager.getAllLaunchConfigurations(LaunchManager.java:1140)
	at org.eclipse.debug.internal.core.LaunchManager.getLaunchConfigurations(LaunchManager.java:1444)
	at org.eclipse.debug.internal.core.LaunchManager.getLaunchConfigurations(LaunchManager.java:1439)
	at org.eclipse.launchbar.core.internal.LaunchBarManager.init(LaunchBarManager.java:130)
	at org.eclipse.launchbar.core.internal.LaunchBarManager$1.run(LaunchBarManager.java:96)
	at org.eclipse.core.internal.jobs.Worker.run(Worker.java:63)

!ENTRY org.eclipse.debug.core 4 125 2026-07-28 11:20:40.850
!MESSAGE 调试核心所记录的错误：
!STACK 1
org.eclipse.debug.core.DebugException: 读取启动配置文件 F:\code\vibe_project\rollerball\M33\libraries\components\mtb-device-support-pse8xxgp\make\make\scripts\interface_version_3\eclipse\CM55\flash\virgin\JLink\any\&&_PRJ_NAME&& Attach (JLink).launch 时发生了 org.xml.sax.SAXParseException; lineNumber: 3; columnNumber: 66; 在实体引用中, 实体名称必须紧跟在 '&' 后面。。
	at org.eclipse.debug.internal.core.LaunchManager.createDebugException(LaunchManager.java:886)
	at org.eclipse.debug.internal.core.LaunchManager.throwException(LaunchManager.java:2448)
	at org.eclipse.debug.internal.core.LaunchManager.getInfo(LaunchManager.java:1366)
	at org.eclipse.debug.internal.core.LaunchConfiguration.getInfo(LaunchConfiguration.java:490)
	at org.eclipse.debug.internal.core.LaunchConfiguration.getType(LaunchConfiguration.java:645)
	at org.eclipse.debug.internal.core.LaunchManager.isValid(LaunchManager.java:2091)
	at org.eclipse.debug.internal.core.LaunchManager.verifyConfigurations(LaunchManager.java:2462)
	at org.eclipse.debug.internal.core.LaunchManager.getAllLaunchConfigurations(LaunchManager.java:1140)
	at org.eclipse.debug.internal.core.LaunchManager.getLaunchConfigurations(LaunchManager.java:1444)
	at org.eclipse.debug.internal.core.LaunchManager.getLaunchConfigurations(LaunchManager.java:1439)
	at org.eclipse.launchbar.core.internal.LaunchBarManager.init(LaunchBarManager.java:130)
	at org.eclipse.launchbar.core.internal.LaunchBarManager$1.run(LaunchBarManager.java:96)
	at org.eclipse.core.internal.jobs.Worker.run(Worker.java:63)
Caused by: org.xml.sax.SAXParseException; lineNumber: 3; columnNumber: 66; 在实体引用中, 实体名称必须紧跟在 '&' 后面。
	at com.sun.org.apache.xerces.internal.util.ErrorHandlerWrapper.createSAXParseException(ErrorHandlerWrapper.java:203)
	at com.sun.org.apache.xerces.internal.util.ErrorHandlerWrapper.fatalError(ErrorHandlerWrapper.java:177)
	at com.sun.org.apache.xerces.internal.impl.XMLErrorReporter.reportError(XMLErrorReporter.java:400)
	at com.sun.org.apache.xerces.internal.impl.XMLErrorReporter.reportError(XMLErrorReporter.java:327)
	at com.sun.org.apache.xerces.internal.impl.XMLScanner.reportFatalError(XMLScanner.java:1472)
	at com.sun.org.apache.xerces.internal.impl.XMLScanner.scanAttributeValue(XMLScanner.java:908)
	at com.sun.org.apache.xerces.internal.impl.XMLDocumentFragmentScannerImpl.scanAttribute(XMLDocumentFragmentScannerImpl.java:1548)
	at com.sun.org.apache.xerces.internal.impl.XMLDocumentFragmentScannerImpl.scanStartElement(XMLDocumentFragmentScannerImpl.java:1315)
	at com.sun.org.apache.xerces.internal.impl.XMLDocumentFragmentScannerImpl$FragmentContentDriver.next(XMLDocumentFragmentScannerImpl.java:2784)
	at com.sun.org.apache.xerces.internal.impl.XMLDocumentScannerImpl.next(XMLDocumentScannerImpl.java:602)
	at com.sun.org.apache.xerces.internal.impl.XMLDocumentFragmentScannerImpl.scanDocument(XMLDocumentFragmentScannerImpl.java:505)
	at com.sun.org.apache.xerces.internal.parsers.XML11Configuration.parse(XML11Configuration.java:841)
	at com.sun.org.apache.xerces.internal.parsers.XML11Configuration.parse(XML11Configuration.java:770)
	at com.sun.org.apache.xerces.internal.parsers.XMLParser.parse(XMLParser.java:141)
	at com.sun.org.apache.xerces.internal.parsers.DOMParser.parse(DOMParser.java:243)
	at com.sun.org.apache.xerces.internal.jaxp.DocumentBuilderImpl.parse(DocumentBuilderImpl.java:339)
	at org.eclipse.debug.internal.core.LaunchManager.createInfoFromXML(LaunchManager.java:935)
	at org.eclipse.debug.internal.core.LaunchManager.getInfo(LaunchManager.java:1359)
	... 10 more
!SUBENTRY 1 org.eclipse.debug.core 4 5012 2026-07-28 11:20:40.850
!MESSAGE 读取启动配置文件 F:\code\vibe_project\rollerball\M33\libraries\components\mtb-device-support-pse8xxgp\make\make\scripts\interface_version_3\eclipse\CM55\flash\virgin\JLink\any\&&_PRJ_NAME&& Attach (JLink).launch 时发生了 org.xml.sax.SAXParseException; lineNumber: 3; columnNumber: 66; 在实体引用中, 实体名称必须紧跟在 '&' 后面。。
!STACK 0
org.xml.sax.SAXParseException; lineNumber: 3; columnNumber: 66; 在实体引用中, 实体名称必须紧跟在 '&' 后面。
	at com.sun.org.apache.xerces.internal.util.ErrorHandlerWrapper.createSAXParseException(ErrorHandlerWrapper.java:203)
	at com.sun.org.apache.xerces.internal.util.ErrorHandlerWrapper.fatalError(ErrorHandlerWrapper.java:177)
	at com.sun.org.apache.xerces.internal.impl.XMLErrorReporter.reportError(XMLErrorReporter.java:400)
	at com.sun.org.apache.xerces.internal.impl.XMLErrorReporter.reportError(XMLErrorReporter.java:327)
	at com.sun.org.apache.xerces.internal.impl.XMLScanner.reportFatalError(XMLScanner.java:1472)
	at com.sun.org.apache.xerces.internal.impl.XMLScanner.scanAttributeValue(XMLScanner.java:908)
	at com.sun.org.apache.xerces.internal.impl.XMLDocumentFragmentScannerImpl.scanAttribute(XMLDocumentFragmentScannerImpl.java:1548)
	at com.sun.org.apache.xerces.internal.impl.XMLDocumentFragmentScannerImpl.scanStartElement(XMLDocumentFragmentScannerImpl.java:1315)
	at com.sun.org.apache.xerces.internal.impl.XMLDocumentFragmentScannerImpl$FragmentContentDriver.next(XMLDocumentFragmentScannerImpl.java:2784)
	at com.sun.org.apache.xerces.internal.impl.XMLDocumentScannerImpl.next(XMLDocumentScannerImpl.java:602)
	at com.sun.org.apache.xerces.internal.impl.XMLDocumentFragmentScannerImpl.scanDocument(XMLDocumentFragmentScannerImpl.java:505)
	at com.sun.org.apache.xerces.internal.parsers.XML11Configuration.parse(XML11Configuration.java:841)
	at com.sun.org.apache.xerces.internal.parsers.XML11Configuration.parse(XML11Configuration.java:770)
	at com.sun.org.apache.xerces.internal.parsers.XMLParser.parse(XMLParser.java:141)
	at com.sun.org.apache.xerces.internal.parsers.DOMParser.parse(DOMParser.java:243)
	at com.sun.org.apache.xerces.internal.jaxp.DocumentBuilderImpl.parse(DocumentBuilderImpl.java:339)
	at org.eclipse.debug.internal.core.LaunchManager.createInfoFromXML(LaunchManager.java:935)
	at org.eclipse.debug.internal.core.LaunchManager.getInfo(LaunchManager.java:1359)
	at org.eclipse.debug.internal.core.LaunchConfiguration.getInfo(LaunchConfiguration.java:490)
	at org.eclipse.debug.internal.core.LaunchConfiguration.getType(LaunchConfiguration.java:645)
	at org.eclipse.debug.internal.core.LaunchManager.isValid(LaunchManager.java:2091)
	at org.eclipse.debug.internal.core.LaunchManager.verifyConfigurations(LaunchManager.java:2462)
	at org.eclipse.debug.internal.core.LaunchManager.getAllLaunchConfigurations(LaunchManager.java:1140)
	at org.eclipse.debug.internal.core.LaunchManager.getLaunchConfigurations(LaunchManager.java:1444)
	at org.eclipse.debug.internal.core.LaunchManager.getLaunchConfigurations(LaunchManager.java:1439)
	at org.eclipse.launchbar.core.internal.LaunchBarManager.init(LaunchBarManager.java:130)
	at org.eclipse.launchbar.core.internal.LaunchBarManager$1.run(LaunchBarManager.java:96)
	at org.eclipse.core.internal.jobs.Worker.run(Worker.java:63)

!ENTRY org.eclipse.debug.core 4 125 2026-07-28 11:20:40.852
!MESSAGE 调试核心所记录的错误：
!STACK 1
org.eclipse.debug.core.DebugException: 读取启动配置文件 F:\code\vibe_project\rollerball\M33\libraries\components\mtb-device-support-pse8xxgp\make\make\scripts\interface_version_3\eclipse\CM55\flash\virgin\JLink\any\&&_PRJ_NAME&& Debug (JLink).launch 时发生了 org.xml.sax.SAXParseException; lineNumber: 3; columnNumber: 66; 在实体引用中, 实体名称必须紧跟在 '&' 后面。。
	at org.eclipse.debug.internal.core.LaunchManager.createDebugException(LaunchManager.java:886)
	at org.eclipse.debug.internal.core.LaunchManager.throwException(LaunchManager.java:2448)
	at org.eclipse.debug.internal.core.LaunchManager.getInfo(LaunchManager.java:1366)
	at org.eclipse.debug.internal.core.LaunchConfiguration.getInfo(LaunchConfiguration.java:490)
	at org.eclipse.debug.internal.core.LaunchConfiguration.getType(LaunchConfiguration.java:645)
	at org.eclipse.debug.internal.core.LaunchManager.isValid(LaunchManager.java:2091)
	at org.eclipse.debug.internal.core.LaunchManager.verifyConfigurations(LaunchManager.java:2462)
	at org.eclipse.debug.internal.core.LaunchManager.getAllLaunchConfigurations(LaunchManager.java:1140)
	at org.eclipse.debug.internal.core.LaunchManager.getLaunchConfigurations(LaunchManager.java:1444)
	at org.eclipse.debug.internal.core.LaunchManager.getLaunchConfigurations(LaunchManager.java:1439)
	at org.eclipse.launchbar.core.internal.LaunchBarManager.init(LaunchBarManager.java:130)
	at org.eclipse.launchbar.core.internal.LaunchBarManager$1.run(LaunchBarManager.java:96)
	at org.eclipse.core.internal.jobs.Worker.run(Worker.java:63)
Caused by: org.xml.sax.SAXParseException; lineNumber: 3; columnNumber: 66; 在实体引用中, 实体名称必须紧跟在 '&' 后面。
	at com.sun.org.apache.xerces.internal.util.ErrorHandlerWrapper.createSAXParseException(ErrorHandlerWrapper.java:203)
	at com.sun.org.apache.xerces.internal.util.ErrorHandlerWrapper.fatalError(ErrorHandlerWrapper.java:177)
	at com.sun.org.apache.xerces.internal.impl.XMLErrorReporter.reportError(XMLErrorReporter.java:400)
	at com.sun.org.apache.xerces.internal.impl.XMLErrorReporter.reportError(XMLErrorReporter.java:327)
	at com.sun.org.apache.xerces.internal.impl.XMLScanner.reportFatalError(XMLScanner.java:1472)
	at com.sun.org.apache.xerces.internal.impl.XMLScanner.scanAttributeValue(XMLScanner.java:908)
	at com.sun.org.apache.xerces.internal.impl.XMLDocumentFragmentScannerImpl.scanAttribute(XMLDocumentFragmentScannerImpl.java:1548)
	at com.sun.org.apache.xerces.internal.impl.XMLDocumentFragmentScannerImpl.scanStartElement(XMLDocumentFragmentScannerImpl.java:1315)
	at com.sun.org.apache.xerces.internal.impl.XMLDocumentFragmentScannerImpl$FragmentContentDriver.next(XMLDocumentFragmentScannerImpl.java:2784)
	at com.sun.org.apache.xerces.internal.impl.XMLDocumentScannerImpl.next(XMLDocumentScannerImpl.java:602)
	at com.sun.org.apache.xerces.internal.impl.XMLDocumentFragmentScannerImpl.scanDocument(XMLDocumentFragmentScannerImpl.java:505)
	at com.sun.org.apache.xerces.internal.parsers.XML11Configuration.parse(XML11Configuration.java:841)
	at com.sun.org.apache.xerces.internal.parsers.XML11Configuration.parse(XML11Configuration.java:770)
	at com.sun.org.apache.xerces.internal.parsers.XMLParser.parse(XMLParser.java:141)
	at com.sun.org.apache.xerces.internal.parsers.DOMParser.parse(DOMParser.java:243)
	at com.sun.org.apache.xerces.internal.jaxp.DocumentBuilderImpl.parse(DocumentBuilderImpl.java:339)
	at org.eclipse.debug.internal.core.LaunchManager.createInfoFromXML(LaunchManager.java:935)
	at org.eclipse.debug.internal.core.LaunchManager.getInfo(LaunchManager.java:1359)
	... 10 more
!SUBENTRY 1 org.eclipse.debug.core 4 5012 2026-07-28 11:20:40.852
!MESSAGE 读取启动配置文件 F:\code\vibe_project\rollerball\M33\libraries\components\mtb-device-support-pse8xxgp\make\make\scripts\interface_version_3\eclipse\CM55\flash\virgin\JLink\any\&&_PRJ_NAME&& Debug (JLink).launch 时发生了 org.xml.sax.SAXParseException; lineNumber: 3; columnNumber: 66; 在实体引用中, 实体名称必须紧跟在 '&' 后面。。
!STACK 0
org.xml.sax.SAXParseException; lineNumber: 3; columnNumber: 66; 在实体引用中, 实体名称必须紧跟在 '&' 后面。
	at com.sun.org.apache.xerces.internal.util.ErrorHandlerWrapper.createSAXParseException(ErrorHandlerWrapper.java:203)
	at com.sun.org.apache.xerces.internal.util.ErrorHandlerWrapper.fatalError(ErrorHandlerWrapper.java:177)
	at com.sun.org.apache.xerces.internal.impl.XMLErrorReporter.reportError(XMLErrorReporter.java:400)
	at com.sun.org.apache.xerces.internal.impl.XMLErrorReporter.reportError(XMLErrorReporter.java:327)
	at com.sun.org.apache.xerces.internal.impl.XMLScanner.reportFatalError(XMLScanner.java:1472)
	at com.sun.org.apache.xerces.internal.impl.XMLScanner.scanAttributeValue(XMLScanner.java:908)
	at com.sun.org.apache.xerces.internal.impl.XMLDocumentFragmentScannerImpl.scanAttribute(XMLDocumentFragmentScannerImpl.java:1548)
	at com.sun.org.apache.xerces.internal.impl.XMLDocumentFragmentScannerImpl.scanStartElement(XMLDocumentFragmentScannerImpl.java:1315)
	at com.sun.org.apache.xerces.internal.impl.XMLDocumentFragmentScannerImpl$FragmentContentDriver.next(XMLDocumentFragmentScannerImpl.java:2784)
	at com.sun.org.apache.xerces.internal.impl.XMLDocumentScannerImpl.next(XMLDocumentScannerImpl.java:602)
	at com.sun.org.apache.xerces.internal.impl.XMLDocumentFragmentScannerImpl.scanDocument(XMLDocumentFragmentScannerImpl.java:505)
	at com.sun.org.apache.xerces.internal.parsers.XML11Configuration.parse(XML11Configuration.java:841)
	at com.sun.org.apache.xerces.internal.parsers.XML11Configuration.parse(XML11Configuration.java:770)
	at com.sun.org.apache.xerces.internal.parsers.XMLParser.parse(XMLParser.java:141)
	at com.sun.org.apache.xerces.internal.parsers.DOMParser.parse(DOMParser.java:243)
	at com.sun.org.apache.xerces.internal.jaxp.DocumentBuilderImpl.parse(DocumentBuilderImpl.java:339)
	at org.eclipse.debug.internal.core.LaunchManager.createInfoFromXML(LaunchManager.java:935)
	at org.eclipse.debug.internal.core.LaunchManager.getInfo(LaunchManager.java:1359)
	at org.eclipse.debug.internal.core.LaunchConfiguration.getInfo(LaunchConfiguration.java:490)
	at org.eclipse.debug.internal.core.LaunchConfiguration.getType(LaunchConfiguration.java:645)
	at org.eclipse.debug.internal.core.LaunchManager.isValid(LaunchManager.java:2091)
	at org.eclipse.debug.internal.core.LaunchManager.verifyConfigurations(LaunchManager.java:2462)
	at org.eclipse.debug.internal.core.LaunchManager.getAllLaunchConfigurations(LaunchManager.java:1140)
	at org.eclipse.debug.internal.core.LaunchManager.getLaunchConfigurations(LaunchManager.java:1444)
	at org.eclipse.debug.internal.core.LaunchManager.getLaunchConfigurations(LaunchManager.java:1439)
	at org.eclipse.launchbar.core.internal.LaunchBarManager.init(LaunchBarManager.java:130)
	at org.eclipse.launchbar.core.internal.LaunchBarManager$1.run(LaunchBarManager.java:96)
	at org.eclipse.core.internal.jobs.Worker.run(Worker.java:63)

!ENTRY org.eclipse.debug.core 4 125 2026-07-28 11:20:40.854
!MESSAGE 调试核心所记录的错误：
!STACK 1
org.eclipse.debug.core.DebugException: 读取启动配置文件 F:\code\vibe_project\rollerball\M33\libraries\components\mtb-device-support-pse8xxgp\make\make\scripts\interface_version_3\eclipse\CM55\flash\virgin\JLink\any\&&_PRJ_NAME&& Program (JLink).launch 时发生了 org.xml.sax.SAXParseException; lineNumber: 3; columnNumber: 66; 在实体引用中, 实体名称必须紧跟在 '&' 后面。。
	at org.eclipse.debug.internal.core.LaunchManager.createDebugException(LaunchManager.java:886)
	at org.eclipse.debug.internal.core.LaunchManager.throwException(LaunchManager.java:2448)
	at org.eclipse.debug.internal.core.LaunchManager.getInfo(LaunchManager.java:1366)
	at org.eclipse.debug.internal.core.LaunchConfiguration.getInfo(LaunchConfiguration.java:490)
	at org.eclipse.debug.internal.core.LaunchConfiguration.getType(LaunchConfiguration.java:645)
	at org.eclipse.debug.internal.core.LaunchManager.isValid(LaunchManager.java:2091)
	at org.eclipse.debug.internal.core.LaunchManager.verifyConfigurations(LaunchManager.java:2462)
	at org.eclipse.debug.internal.core.LaunchManager.getAllLaunchConfigurations(LaunchManager.java:1140)
	at org.eclipse.debug.internal.core.LaunchManager.getLaunchConfigurations(LaunchManager.java:1444)
	at org.eclipse.debug.internal.core.LaunchManager.getLaunchConfigurations(LaunchManager.java:1439)
	at org.eclipse.launchbar.core.internal.LaunchBarManager.init(LaunchBarManager.java:130)
	at org.eclipse.launchbar.core.internal.LaunchBarManager$1.run(LaunchBarManager.java:96)
	at org.eclipse.core.internal.jobs.Worker.run(Worker.java:63)
Caused by: org.xml.sax.SAXParseException; lineNumber: 3; columnNumber: 66; 在实体引用中, 实体名称必须紧跟在 '&' 后面。
	at com.sun.org.apache.xerces.internal.util.ErrorHandlerWrapper.createSAXParseException(ErrorHandlerWrapper.java:203)
	at com.sun.org.apache.xerces.internal.util.ErrorHandlerWrapper.fatalError(ErrorHandlerWrapper.java:177)
	at com.sun.org.apache.xerces.internal.impl.XMLErrorReporter.reportError(XMLErrorReporter.java:400)
	at com.sun.org.apache.xerces.internal.impl.XMLErrorReporter.reportError(XMLErrorReporter.java:327)
	at com.sun.org.apache.xerces.internal.impl.XMLScanner.reportFatalError(XMLScanner.java:1472)
	at com.sun.org.apache.xerces.internal.impl.XMLScanner.scanAttributeValue(XMLScanner.java:908)
	at com.sun.org.apache.xerces.internal.impl.XMLDocumentFragmentScannerImpl.scanAttribute(XMLDocumentFragmentScannerImpl.java:1548)
	at com.sun.org.apache.xerces.internal.impl.XMLDocumentFragmentScannerImpl.scanStartElement(XMLDocumentFragmentScannerImpl.java:1315)
	at com.sun.org.apache.xerces.internal.impl.XMLDocumentFragmentScannerImpl$FragmentContentDriver.next(XMLDocumentFragmentScannerImpl.java:2784)
	at com.sun.org.apache.xerces.internal.impl.XMLDocumentScannerImpl.next(XMLDocumentScannerImpl.java:602)
	at com.sun.org.apache.xerces.internal.impl.XMLDocumentFragmentScannerImpl.scanDocument(XMLDocumentFragmentScannerImpl.java:505)
	at com.sun.org.apache.xerces.internal.parsers.XML11Configuration.parse(XML11Configuration.java:841)
	at com.sun.org.apache.xerces.internal.parsers.XML11Configuration.parse(XML11Configuration.java:770)
	at com.sun.org.apache.xerces.internal.parsers.XMLParser.parse(XMLParser.java:141)
	at com.sun.org.apache.xerces.internal.parsers.DOMParser.parse(DOMParser.java:243)
	at com.sun.org.apache.xerces.internal.jaxp.DocumentBuilderImpl.parse(DocumentBuilderImpl.java:339)
	at org.eclipse.debug.internal.core.LaunchManager.createInfoFromXML(LaunchManager.java:935)
	at org.eclipse.debug.internal.core.LaunchManager.getInfo(LaunchManager.java:1359)
	... 10 more
!SUBENTRY 1 org.eclipse.debug.core 4 5012 2026-07-28 11:20:40.854
!MESSAGE 读取启动配置文件 F:\code\vibe_project\rollerball\M33\libraries\components\mtb-device-support-pse8xxgp\make\make\scripts\interface_version_3\eclipse\CM55\flash\virgin\JLink\any\&&_PRJ_NAME&& Program (JLink).launch 时发生了 org.xml.sax.SAXParseException; lineNumber: 3; columnNumber: 66; 在实体引用中, 实体名称必须紧跟在 '&' 后面。。
!STACK 0
org.xml.sax.SAXParseException; lineNumber: 3; columnNumber: 66; 在实体引用中, 实体名称必须紧跟在 '&' 后面。
	at com.sun.org.apache.xerces.internal.util.ErrorHandlerWrapper.createSAXParseException(ErrorHandlerWrapper.java:203)
	at com.sun.org.apache.xerces.internal.util.ErrorHandlerWrapper.fatalError(ErrorHandlerWrapper.java:177)
	at com.sun.org.apache.xerces.internal.impl.XMLErrorReporter.reportError(XMLErrorReporter.java:400)
	at com.sun.org.apache.xerces.internal.impl.XMLErrorReporter.reportError(XMLErrorReporter.java:327)
	at com.sun.org.apache.xerces.internal.impl.XMLScanner.reportFatalError(XMLScanner.java:1472)
	at com.sun.org.apache.xerces.internal.impl.XMLScanner.scanAttributeValue(XMLScanner.java:908)
	at com.sun.org.apache.xerces.internal.impl.XMLDocumentFragmentScannerImpl.scanAttribute(XMLDocumentFragmentScannerImpl.java:1548)
	at com.sun.org.apache.xerces.internal.impl.XMLDocumentFragmentScannerImpl.scanStartElement(XMLDocumentFragmentScannerImpl.java:1315)
	at com.sun.org.apache.xerces.internal.impl.XMLDocumentFragmentScannerImpl$FragmentContentDriver.next(XMLDocumentFragmentScannerImpl.java:2784)
	at com.sun.org.apache.xerces.internal.impl.XMLDocumentScannerImpl.next(XMLDocumentScannerImpl.java:602)
	at com.sun.org.apache.xerces.internal.impl.XMLDocumentFragmentScannerImpl.scanDocument(XMLDocumentFragmentScannerImpl.java:505)
	at com.sun.org.apache.xerces.internal.parsers.XML11Configuration.parse(XML11Configuration.java:841)
	at com.sun.org.apache.xerces.internal.parsers.XML11Configuration.parse(XML11Configuration.java:770)
	at com.sun.org.apache.xerces.internal.parsers.XMLParser.parse(XMLParser.java:141)
	at com.sun.org.apache.xerces.internal.parsers.DOMParser.parse(DOMParser.java:243)
	at com.sun.org.apache.xerces.internal.jaxp.DocumentBuilderImpl.parse(DocumentBuilderImpl.java:339)
	at org.eclipse.debug.internal.core.LaunchManager.createInfoFromXML(LaunchManager.java:935)
	at org.eclipse.debug.internal.core.LaunchManager.getInfo(LaunchManager.java:1359)
	at org.eclipse.debug.internal.core.LaunchConfiguration.getInfo(LaunchConfiguration.java:490)
	at org.eclipse.debug.internal.core.LaunchConfiguration.getType(LaunchConfiguration.java:645)
	at org.eclipse.debug.internal.core.LaunchManager.isValid(LaunchManager.java:2091)
	at org.eclipse.debug.internal.core.LaunchManager.verifyConfigurations(LaunchManager.java:2462)
	at org.eclipse.debug.internal.core.LaunchManager.getAllLaunchConfigurations(LaunchManager.java:1140)
	at org.eclipse.debug.internal.core.LaunchManager.getLaunchConfigurations(LaunchManager.java:1444)
	at org.eclipse.debug.internal.core.LaunchManager.getLaunchConfigurations(LaunchManager.java:1439)
	at org.eclipse.launchbar.core.internal.LaunchBarManager.init(LaunchBarManager.java:130)
	at org.eclipse.launchbar.core.internal.LaunchBarManager$1.run(LaunchBarManager.java:96)
	at org.eclipse.core.internal.jobs.Worker.run(Worker.java:63)

!ENTRY org.eclipse.debug.core 4 125 2026-07-28 11:20:40.854
!MESSAGE 调试核心所记录的错误：
!STACK 1
org.eclipse.debug.core.DebugException: 读取启动配置文件 F:\code\vibe_project\rollerball\M33\libraries\components\mtb-device-support-pse8xxgp\make\make\scripts\interface_version_3\eclipse\CM55\flash\virgin\JLink\combine_sign\Debug.launch 时发生了 org.xml.sax.SAXParseException; lineNumber: 3; columnNumber: 66; 在实体引用中, 实体名称必须紧跟在 '&' 后面。。
	at org.eclipse.debug.internal.core.LaunchManager.createDebugException(LaunchManager.java:886)
	at org.eclipse.debug.internal.core.LaunchManager.throwException(LaunchManager.java:2448)
	at org.eclipse.debug.internal.core.LaunchManager.getInfo(LaunchManager.java:1366)
	at org.eclipse.debug.internal.core.LaunchConfiguration.getInfo(LaunchConfiguration.java:490)
	at org.eclipse.debug.internal.core.LaunchConfiguration.getType(LaunchConfiguration.java:645)
	at org.eclipse.debug.internal.core.LaunchManager.isValid(LaunchManager.java:2091)
	at org.eclipse.debug.internal.core.LaunchManager.verifyConfigurations(LaunchManager.java:2462)
	at org.eclipse.debug.internal.core.LaunchManager.getAllLaunchConfigurations(LaunchManager.java:1140)
	at org.eclipse.debug.internal.core.LaunchManager.getLaunchConfigurations(LaunchManager.java:1444)
	at org.eclipse.debug.internal.core.LaunchManager.getLaunchConfigurations(LaunchManager.java:1439)
	at org.eclipse.launchbar.core.internal.LaunchBarManager.init(LaunchBarManager.java:130)
	at org.eclipse.launchbar.core.internal.LaunchBarManager$1.run(LaunchBarManager.java:96)
	at org.eclipse.core.internal.jobs.Worker.run(Worker.java:63)
Caused by: org.xml.sax.SAXParseException; lineNumber: 3; columnNumber: 66; 在实体引用中, 实体名称必须紧跟在 '&' 后面。
	at com.sun.org.apache.xerces.internal.util.ErrorHandlerWrapper.createSAXParseException(ErrorHandlerWrapper.java:203)
	at com.sun.org.apache.xerces.internal.util.ErrorHandlerWrapper.fatalError(ErrorHandlerWrapper.java:177)
	at com.sun.org.apache.xerces.internal.impl.XMLErrorReporter.reportError(XMLErrorReporter.java:400)
	at com.sun.org.apache.xerces.internal.impl.XMLErrorReporter.reportError(XMLErrorReporter.java:327)
	at com.sun.org.apache.xerces.internal.impl.XMLScanner.reportFatalError(XMLScanner.java:1472)
	at com.sun.org.apache.xerces.internal.impl.XMLScanner.scanAttributeValue(XMLScanner.java:908)
	at com.sun.org.apache.xerces.internal.impl.XMLDocumentFragmentScannerImpl.scanAttribute(XMLDocumentFragmentScannerImpl.java:1548)
	at com.sun.org.apache.xerces.internal.impl.XMLDocumentFragmentScannerImpl.scanStartElement(XMLDocumentFragmentScannerImpl.java:1315)
	at com.sun.org.apache.xerces.internal.impl.XMLDocumentFragmentScannerImpl$FragmentContentDriver.next(XMLDocumentFragmentScannerImpl.java:2784)
	at com.sun.org.apache.xerces.internal.impl.XMLDocumentScannerImpl.next(XMLDocumentScannerImpl.java:602)
	at com.sun.org.apache.xerces.internal.impl.XMLDocumentFragmentScannerImpl.scanDocument(XMLDocumentFragmentScannerImpl.java:505)
	at com.sun.org.apache.xerces.internal.parsers.XML11Configuration.parse(XML11Configuration.java:841)
	at com.sun.org.apache.xerces.internal.parsers.XML11Configuration.parse(XML11Configuration.java:770)
	at com.sun.org.apache.xerces.internal.parsers.XMLParser.parse(XMLParser.java:141)
	at com.sun.org.apache.xerces.internal.parsers.DOMParser.parse(DOMParser.java:243)
	at com.sun.org.apache.xerces.internal.jaxp.DocumentBuilderImpl.parse(DocumentBuilderImpl.java:339)
	at org.eclipse.debug.internal.core.LaunchManager.createInfoFromXML(LaunchManager.java:935)
	at org.eclipse.debug.internal.core.LaunchManager.getInfo(LaunchManager.java:1359)
	... 10 more
!SUBENTRY 1 org.eclipse.debug.core 4 5012 2026-07-28 11:20:40.854
!MESSAGE 读取启动配置文件 F:\code\vibe_project\rollerball\M33\libraries\components\mtb-device-support-pse8xxgp\make\make\scripts\interface_version_3\eclipse\CM55\flash\virgin\JLink\combine_sign\Debug.launch 时发生了 org.xml.sax.SAXParseException; lineNumber: 3; columnNumber: 66; 在实体引用中, 实体名称必须紧跟在 '&' 后面。。
!STACK 0
org.xml.sax.SAXParseException; lineNumber: 3; columnNumber: 66; 在实体引用中, 实体名称必须紧跟在 '&' 后面。
	at com.sun.org.apache.xerces.internal.util.ErrorHandlerWrapper.createSAXParseException(ErrorHandlerWrapper.java:203)
	at com.sun.org.apache.xerces.internal.util.ErrorHandlerWrapper.fatalError(ErrorHandlerWrapper.java:177)
	at com.sun.org.apache.xerces.internal.impl.XMLErrorReporter.reportError(XMLErrorReporter.java:400)
	at com.sun.org.apache.xerces.internal.impl.XMLErrorReporter.reportError(XMLErrorReporter.java:327)
	at com.sun.org.apache.xerces.internal.impl.XMLScanner.reportFatalError(XMLScanner.java:1472)
	at com.sun.org.apache.xerces.internal.impl.XMLScanner.scanAttributeValue(XMLScanner.java:908)
	at com.sun.org.apache.xerces.internal.impl.XMLDocumentFragmentScannerImpl.scanAttribute(XMLDocumentFragmentScannerImpl.java:1548)
	at com.sun.org.apache.xerces.internal.impl.XMLDocumentFragmentScannerImpl.scanStartElement(XMLDocumentFragmentScannerImpl.java:1315)
	at com.sun.org.apache.xerces.internal.impl.XMLDocumentFragmentScannerImpl$FragmentContentDriver.next(XMLDocumentFragmentScannerImpl.java:2784)
	at com.sun.org.apache.xerces.internal.impl.XMLDocumentScannerImpl.next(XMLDocumentScannerImpl.java:602)
	at com.sun.org.apache.xerces.internal.impl.XMLDocumentFragmentScannerImpl.scanDocument(XMLDocumentFragmentScannerImpl.java:505)
	at com.sun.org.apache.xerces.internal.parsers.XML11Configuration.parse(XML11Configuration.java:841)
	at com.sun.org.apache.xerces.internal.parsers.XML11Configuration.parse(XML11Configuration.java:770)
	at com.sun.org.apache.xerces.internal.parsers.XMLParser.parse(XMLParser.java:141)
	at com.sun.org.apache.xerces.internal.parsers.DOMParser.parse(DOMParser.java:243)
	at com.sun.org.apache.xerces.internal.jaxp.DocumentBuilderImpl.parse(DocumentBuilderImpl.java:339)
	at org.eclipse.debug.internal.core.LaunchManager.createInfoFromXML(LaunchManager.java:935)
	at org.eclipse.debug.internal.core.LaunchManager.getInfo(LaunchManager.java:1359)
	at org.eclipse.debug.internal.core.LaunchConfiguration.getInfo(LaunchConfiguration.java:490)
	at org.eclipse.debug.internal.core.LaunchConfiguration.getType(LaunchConfiguration.java:645)
	at org.eclipse.debug.internal.core.LaunchManager.isValid(LaunchManager.java:2091)
	at org.eclipse.debug.internal.core.LaunchManager.verifyConfigurations(LaunchManager.java:2462)
	at org.eclipse.debug.internal.core.LaunchManager.getAllLaunchConfigurations(LaunchManager.java:1140)
	at org.eclipse.debug.internal.core.LaunchManager.getLaunchConfigurations(LaunchManager.java:1444)
	at org.eclipse.debug.internal.core.LaunchManager.getLaunchConfigurations(LaunchManager.java:1439)
	at org.eclipse.launchbar.core.internal.LaunchBarManager.init(LaunchBarManager.java:130)
	at org.eclipse.launchbar.core.internal.LaunchBarManager$1.run(LaunchBarManager.java:96)
	at org.eclipse.core.internal.jobs.Worker.run(Worker.java:63)

!ENTRY org.eclipse.debug.core 4 125 2026-07-28 11:20:40.858
!MESSAGE 调试核心所记录的错误：
!STACK 1
org.eclipse.debug.core.DebugException: 读取启动配置文件 F:\code\vibe_project\rollerball\M33\libraries\components\mtb-device-support-pse8xxgp\make\make\scripts\interface_version_3\eclipse\CM55\flash\virgin\JLink\single\&&_PRJ_NAME&& Erase All (JLink).launch 时发生了 org.xml.sax.SAXParseException; lineNumber: 3; columnNumber: 66; 在实体引用中, 实体名称必须紧跟在 '&' 后面。。
	at org.eclipse.debug.internal.core.LaunchManager.createDebugException(LaunchManager.java:886)
	at org.eclipse.debug.internal.core.LaunchManager.throwException(LaunchManager.java:2448)
	at org.eclipse.debug.internal.core.LaunchManager.getInfo(LaunchManager.java:1366)
	at org.eclipse.debug.internal.core.LaunchConfiguration.getInfo(LaunchConfiguration.java:490)
	at org.eclipse.debug.internal.core.LaunchConfiguration.getType(LaunchConfiguration.java:645)
	at org.eclipse.debug.internal.core.LaunchManager.isValid(LaunchManager.java:2091)
	at org.eclipse.debug.internal.core.LaunchManager.verifyConfigurations(LaunchManager.java:2462)
	at org.eclipse.debug.internal.core.LaunchManager.getAllLaunchConfigurations(LaunchManager.java:1140)
	at org.eclipse.debug.internal.core.LaunchManager.getLaunchConfigurations(LaunchManager.java:1444)
	at org.eclipse.debug.internal.core.LaunchManager.getLaunchConfigurations(LaunchManager.java:1439)
	at org.eclipse.launchbar.core.internal.LaunchBarManager.init(LaunchBarManager.java:130)
	at org.eclipse.launchbar.core.internal.LaunchBarManager$1.run(LaunchBarManager.java:96)
	at org.eclipse.core.internal.jobs.Worker.run(Worker.java:63)
Caused by: org.xml.sax.SAXParseException; lineNumber: 3; columnNumber: 66; 在实体引用中, 实体名称必须紧跟在 '&' 后面。
	at com.sun.org.apache.xerces.internal.util.ErrorHandlerWrapper.createSAXParseException(ErrorHandlerWrapper.java:203)
	at com.sun.org.apache.xerces.internal.util.ErrorHandlerWrapper.fatalError(ErrorHandlerWrapper.java:177)
	at com.sun.org.apache.xerces.internal.impl.XMLErrorReporter.reportError(XMLErrorReporter.java:400)
	at com.sun.org.apache.xerces.internal.impl.XMLErrorReporter.reportError(XMLErrorReporter.java:327)
	at com.sun.org.apache.xerces.internal.impl.XMLScanner.reportFatalError(XMLScanner.java:1472)
	at com.sun.org.apache.xerces.internal.impl.XMLScanner.scanAttributeValue(XMLScanner.java:908)
	at com.sun.org.apache.xerces.internal.impl.XMLDocumentFragmentScannerImpl.scanAttribute(XMLDocumentFragmentScannerImpl.java:1548)
	at com.sun.org.apache.xerces.internal.impl.XMLDocumentFragmentScannerImpl.scanStartElement(XMLDocumentFragmentScannerImpl.java:1315)
	at com.sun.org.apache.xerces.internal.impl.XMLDocumentFragmentScannerImpl$FragmentContentDriver.next(XMLDocumentFragmentScannerImpl.java:2784)
	at com.sun.org.apache.xerces.internal.impl.XMLDocumentScannerImpl.next(XMLDocumentScannerImpl.java:602)
	at com.sun.org.apache.xerces.internal.impl.XMLDocumentFragmentScannerImpl.scanDocument(XMLDocumentFragmentScannerImpl.java:505)
	at com.sun.org.apache.xerces.internal.parsers.XML11Configuration.parse(XML11Configuration.java:841)
	at com.sun.org.apache.xerces.internal.parsers.XML11Configuration.parse(XML11Configuration.java:770)
	at com.sun.org.apache.xerces.internal.parsers.XMLParser.parse(XMLParser.java:141)
	at com.sun.org.apache.xerces.internal.parsers.DOMParser.parse(DOMParser.java:243)
	at com.sun.org.apache.xerces.internal.jaxp.DocumentBuilderImpl.parse(DocumentBuilderImpl.java:339)
	at org.eclipse.debug.internal.core.LaunchManager.createInfoFromXML(LaunchManager.java:935)
	at org.eclipse.debug.internal.core.LaunchManager.getInfo(LaunchManager.java:1359)
	... 10 more
!SUBENTRY 1 org.eclipse.debug.core 4 5012 2026-07-28 11:20:40.858
!MESSAGE 读取启动配置文件 F:\code\vibe_project\rollerball\M33\libraries\components\mtb-device-support-pse8xxgp\make\make\scripts\interface_version_3\eclipse\CM55\flash\virgin\JLink\single\&&_PRJ_NAME&& Erase All (JLink).launch 时发生了 org.xml.sax.SAXParseException; lineNumber: 3; columnNumber: 66; 在实体引用中, 实体名称必须紧跟在 '&' 后面。。
!STACK 0
org.xml.sax.SAXParseException; lineNumber: 3; columnNumber: 66; 在实体引用中, 实体名称必须紧跟在 '&' 后面。
	at com.sun.org.apache.xerces.internal.util.ErrorHandlerWrapper.createSAXParseException(ErrorHandlerWrapper.java:203)
	at com.sun.org.apache.xerces.internal.util.ErrorHandlerWrapper.fatalError(ErrorHandlerWrapper.java:177)
	at com.sun.org.apache.xerces.internal.impl.XMLErrorReporter.reportError(XMLErrorReporter.java:400)
	at com.sun.org.apache.xerces.internal.impl.XMLErrorReporter.reportError(XMLErrorReporter.java:327)
	at com.sun.org.apache.xerces.internal.impl.XMLScanner.reportFatalError(XMLScanner.java:1472)
	at com.sun.org.apache.xerces.internal.impl.XMLScanner.scanAttributeValue(XMLScanner.java:908)
	at com.sun.org.apache.xerces.internal.impl.XMLDocumentFragmentScannerImpl.scanAttribute(XMLDocumentFragmentScannerImpl.java:1548)
	at com.sun.org.apache.xerces.internal.impl.XMLDocumentFragmentScannerImpl.scanStartElement(XMLDocumentFragmentScannerImpl.java:1315)
	at com.sun.org.apache.xerces.internal.impl.XMLDocumentFragmentScannerImpl$FragmentContentDriver.next(XMLDocumentFragmentScannerImpl.java:2784)
	at com.sun.org.apache.xerces.internal.impl.XMLDocumentScannerImpl.next(XMLDocumentScannerImpl.java:602)
	at com.sun.org.apache.xerces.internal.impl.XMLDocumentFragmentScannerImpl.scanDocument(XMLDocumentFragmentScannerImpl.java:505)
	at com.sun.org.apache.xerces.internal.parsers.XML11Configuration.parse(XML11Configuration.java:841)
	at com.sun.org.apache.xerces.internal.parsers.XML11Configuration.parse(XML11Configuration.java:770)
	at com.sun.org.apache.xerces.internal.parsers.XMLParser.parse(XMLParser.java:141)
	at com.sun.org.apache.xerces.internal.parsers.DOMParser.parse(DOMParser.java:243)
	at com.sun.org.apache.xerces.internal.jaxp.DocumentBuilderImpl.parse(DocumentBuilderImpl.java:339)
	at org.eclipse.debug.internal.core.LaunchManager.createInfoFromXML(LaunchManager.java:935)
	at org.eclipse.debug.internal.core.LaunchManager.getInfo(LaunchManager.java:1359)
	at org.eclipse.debug.internal.core.LaunchConfiguration.getInfo(LaunchConfiguration.java:490)
	at org.eclipse.debug.internal.core.LaunchConfiguration.getType(LaunchConfiguration.java:645)
	at org.eclipse.debug.internal.core.LaunchManager.isValid(LaunchManager.java:2091)
	at org.eclipse.debug.internal.core.LaunchManager.verifyConfigurations(LaunchManager.java:2462)
	at org.eclipse.debug.internal.core.LaunchManager.getAllLaunchConfigurations(LaunchManager.java:1140)
	at org.eclipse.debug.internal.core.LaunchManager.getLaunchConfigurations(LaunchManager.java:1444)
	at org.eclipse.debug.internal.core.LaunchManager.getLaunchConfigurations(LaunchManager.java:1439)
	at org.eclipse.launchbar.core.internal.LaunchBarManager.init(LaunchBarManager.java:130)
	at org.eclipse.launchbar.core.internal.LaunchBarManager$1.run(LaunchBarManager.java:96)
	at org.eclipse.core.internal.jobs.Worker.run(Worker.java:63)

!ENTRY org.eclipse.debug.core 4 125 2026-07-28 11:20:40.858
!MESSAGE 调试核心所记录的错误：
!STACK 1
org.eclipse.debug.core.DebugException: 读取启动配置文件 F:\code\vibe_project\rollerball\M33\libraries\components\mtb-device-support-pse8xxgp\make\make\scripts\interface_version_3\eclipse\CM55\flash\virgin\JLink\single\&&_PRJ_NAME&& Erase Device (JLink).launch 时发生了 org.xml.sax.SAXParseException; lineNumber: 3; columnNumber: 66; 在实体引用中, 实体名称必须紧跟在 '&' 后面。。
	at org.eclipse.debug.internal.core.LaunchManager.createDebugException(LaunchManager.java:886)
	at org.eclipse.debug.internal.core.LaunchManager.throwException(LaunchManager.java:2448)
	at org.eclipse.debug.internal.core.LaunchManager.getInfo(LaunchManager.java:1366)
	at org.eclipse.debug.internal.core.LaunchConfiguration.getInfo(LaunchConfiguration.java:490)
	at org.eclipse.debug.internal.core.LaunchConfiguration.getType(LaunchConfiguration.java:645)
	at org.eclipse.debug.internal.core.LaunchManager.isValid(LaunchManager.java:2091)
	at org.eclipse.debug.internal.core.LaunchManager.verifyConfigurations(LaunchManager.java:2462)
	at org.eclipse.debug.internal.core.LaunchManager.getAllLaunchConfigurations(LaunchManager.java:1140)
	at org.eclipse.debug.internal.core.LaunchManager.getLaunchConfigurations(LaunchManager.java:1444)
	at org.eclipse.debug.internal.core.LaunchManager.getLaunchConfigurations(LaunchManager.java:1439)
	at org.eclipse.launchbar.core.internal.LaunchBarManager.init(LaunchBarManager.java:130)
	at org.eclipse.launchbar.core.internal.LaunchBarManager$1.run(LaunchBarManager.java:96)
	at org.eclipse.core.internal.jobs.Worker.run(Worker.java:63)
Caused by: org.xml.sax.SAXParseException; lineNumber: 3; columnNumber: 66; 在实体引用中, 实体名称必须紧跟在 '&' 后面。
	at com.sun.org.apache.xerces.internal.util.ErrorHandlerWrapper.createSAXParseException(ErrorHandlerWrapper.java:203)
	at com.sun.org.apache.xerces.internal.util.ErrorHandlerWrapper.fatalError(ErrorHandlerWrapper.java:177)
	at com.sun.org.apache.xerces.internal.impl.XMLErrorReporter.reportError(XMLErrorReporter.java:400)
	at com.sun.org.apache.xerces.internal.impl.XMLErrorReporter.reportError(XMLErrorReporter.java:327)
	at com.sun.org.apache.xerces.internal.impl.XMLScanner.reportFatalError(XMLScanner.java:1472)
	at com.sun.org.apache.xerces.internal.impl.XMLScanner.scanAttributeValue(XMLScanner.java:908)
	at com.sun.org.apache.xerces.internal.impl.XMLDocumentFragmentScannerImpl.scanAttribute(XMLDocumentFragmentScannerImpl.java:1548)
	at com.sun.org.apache.xerces.internal.impl.XMLDocumentFragmentScannerImpl.scanStartElement(XMLDocumentFragmentScannerImpl.java:1315)
	at com.sun.org.apache.xerces.internal.impl.XMLDocumentFragmentScannerImpl$FragmentContentDriver.next(XMLDocumentFragmentScannerImpl.java:2784)
	at com.sun.org.apache.xerces.internal.impl.XMLDocumentScannerImpl.next(XMLDocumentScannerImpl.java:602)
	at com.sun.org.apache.xerces.internal.impl.XMLDocumentFragmentScannerImpl.scanDocument(XMLDocumentFragmentScannerImpl.java:505)
	at com.sun.org.apache.xerces.internal.parsers.XML11Configuration.parse(XML11Configuration.java:841)
	at com.sun.org.apache.xerces.internal.parsers.XML11Configuration.parse(XML11Configuration.java:770)
	at com.sun.org.apache.xerces.internal.parsers.XMLParser.parse(XMLParser.java:141)
	at com.sun.org.apache.xerces.internal.parsers.DOMParser.parse(DOMParser.java:243)
	at com.sun.org.apache.xerces.internal.jaxp.DocumentBuilderImpl.parse(DocumentBuilderImpl.java:339)
	at org.eclipse.debug.internal.core.LaunchManager.createInfoFromXML(LaunchManager.java:935)
	at org.eclipse.debug.internal.core.LaunchManager.getInfo(LaunchManager.java:1359)
	... 10 more
!SUBENTRY 1 org.eclipse.debug.core 4 5012 2026-07-28 11:20:40.858
!MESSAGE 读取启动配置文件 F:\code\vibe_project\rollerball\M33\libraries\components\mtb-device-support-pse8xxgp\make\make\scripts\interface_version_3\eclipse\CM55\flash\virgin\JLink\single\&&_PRJ_NAME&& Erase Device (JLink).launch 时发生了 org.xml.sax.SAXParseException; lineNumber: 3; columnNumber: 66; 在实体引用中, 实体名称必须紧跟在 '&' 后面。。
!STACK 0
org.xml.sax.SAXParseException; lineNumber: 3; columnNumber: 66; 在实体引用中, 实体名称必须紧跟在 '&' 后面。
	at com.sun.org.apache.xerces.internal.util.ErrorHandlerWrapper.createSAXParseException(ErrorHandlerWrapper.java:203)
	at com.sun.org.apache.xerces.internal.util.ErrorHandlerWrapper.fatalError(ErrorHandlerWrapper.java:177)
	at com.sun.org.apache.xerces.internal.impl.XMLErrorReporter.reportError(XMLErrorReporter.java:400)
	at com.sun.org.apache.xerces.internal.impl.XMLErrorReporter.reportError(XMLErrorReporter.java:327)
	at com.sun.org.apache.xerces.internal.impl.XMLScanner.reportFatalError(XMLScanner.java:1472)
	at com.sun.org.apache.xerces.internal.impl.XMLScanner.scanAttributeValue(XMLScanner.java:908)
	at com.sun.org.apache.xerces.internal.impl.XMLDocumentFragmentScannerImpl.scanAttribute(XMLDocumentFragmentScannerImpl.java:1548)
	at com.sun.org.apache.xerces.internal.impl.XMLDocumentFragmentScannerImpl.scanStartElement(XMLDocumentFragmentScannerImpl.java:1315)
	at com.sun.org.apache.xerces.internal.impl.XMLDocumentFragmentScannerImpl$FragmentContentDriver.next(XMLDocumentFragmentScannerImpl.java:2784)
	at com.sun.org.apache.xerces.internal.impl.XMLDocumentScannerImpl.next(XMLDocumentScannerImpl.java:602)
	at com.sun.org.apache.xerces.internal.impl.XMLDocumentFragmentScannerImpl.scanDocument(XMLDocumentFragmentScannerImpl.java:505)
	at com.sun.org.apache.xerces.internal.parsers.XML11Configuration.parse(XML11Configuration.java:841)
	at com.sun.org.apache.xerces.internal.parsers.XML11Configuration.parse(XML11Configuration.java:770)
	at com.sun.org.apache.xerces.internal.parsers.XMLParser.parse(XMLParser.java:141)
	at com.sun.org.apache.xerces.internal.parsers.DOMParser.parse(DOMParser.java:243)
	at com.sun.org.apache.xerces.internal.jaxp.DocumentBuilderImpl.parse(DocumentBuilderImpl.java:339)
	at org.eclipse.debug.internal.core.LaunchManager.createInfoFromXML(LaunchManager.java:935)
	at org.eclipse.debug.internal.core.LaunchManager.getInfo(LaunchManager.java:1359)
	at org.eclipse.debug.internal.core.LaunchConfiguration.getInfo(LaunchConfiguration.java:490)
	at org.eclipse.debug.internal.core.LaunchConfiguration.getType(LaunchConfiguration.java:645)
	at org.eclipse.debug.internal.core.LaunchManager.isValid(LaunchManager.java:2091)
	at org.eclipse.debug.internal.core.LaunchManager.verifyConfigurations(LaunchManager.java:2462)
	at org.eclipse.debug.internal.core.LaunchManager.getAllLaunchConfigurations(LaunchManager.java:1140)
	at org.eclipse.debug.internal.core.LaunchManager.getLaunchConfigurations(LaunchManager.java:1444)
	at org.eclipse.debug.internal.core.LaunchManager.getLaunchConfigurations(LaunchManager.java:1439)
	at org.eclipse.launchbar.core.internal.LaunchBarManager.init(LaunchBarManager.java:130)
	at org.eclipse.launchbar.core.internal.LaunchBarManager$1.run(LaunchBarManager.java:96)
	at org.eclipse.core.internal.jobs.Worker.run(Worker.java:63)

!ENTRY org.eclipse.debug.core 4 125 2026-07-28 11:20:40.864
!MESSAGE 调试核心所记录的错误：
!STACK 1
org.eclipse.debug.core.DebugException: 读取启动配置文件 F:\code\vibe_project\rollerball\M33\libraries\components\mtb-device-support-pse8xxgp\make\make\scripts\interface_version_3\eclipse\CM55\flash\virgin\KitProg3\any\&&_PRJ_NAME&& Attach (KitProg3_MiniProg4).launch 时发生了 org.xml.sax.SAXParseException; lineNumber: 3; columnNumber: 66; 在实体引用中, 实体名称必须紧跟在 '&' 后面。。
	at org.eclipse.debug.internal.core.LaunchManager.createDebugException(LaunchManager.java:886)
	at org.eclipse.debug.internal.core.LaunchManager.throwException(LaunchManager.java:2448)
	at org.eclipse.debug.internal.core.LaunchManager.getInfo(LaunchManager.java:1366)
	at org.eclipse.debug.internal.core.LaunchConfiguration.getInfo(LaunchConfiguration.java:490)
	at org.eclipse.debug.internal.core.LaunchConfiguration.getType(LaunchConfiguration.java:645)
	at org.eclipse.debug.internal.core.LaunchManager.isValid(LaunchManager.java:2091)
	at org.eclipse.debug.internal.core.LaunchManager.verifyConfigurations(LaunchManager.java:2462)
	at org.eclipse.debug.internal.core.LaunchManager.getAllLaunchConfigurations(LaunchManager.java:1140)
	at org.eclipse.debug.internal.core.LaunchManager.getLaunchConfigurations(LaunchManager.java:1444)
	at org.eclipse.debug.internal.core.LaunchManager.getLaunchConfigurations(LaunchManager.java:1439)
	at org.eclipse.launchbar.core.internal.LaunchBarManager.init(LaunchBarManager.java:130)
	at org.eclipse.launchbar.core.internal.LaunchBarManager$1.run(LaunchBarManager.java:96)
	at org.eclipse.core.internal.jobs.Worker.run(Worker.java:63)
Caused by: org.xml.sax.SAXParseException; lineNumber: 3; columnNumber: 66; 在实体引用中, 实体名称必须紧跟在 '&' 后面。
	at com.sun.org.apache.xerces.internal.util.ErrorHandlerWrapper.createSAXParseException(ErrorHandlerWrapper.java:203)
	at com.sun.org.apache.xerces.internal.util.ErrorHandlerWrapper.fatalError(ErrorHandlerWrapper.java:177)
	at com.sun.org.apache.xerces.internal.impl.XMLErrorReporter.reportError(XMLErrorReporter.java:400)
	at com.sun.org.apache.xerces.internal.impl.XMLErrorReporter.reportError(XMLErrorReporter.java:327)
	at com.sun.org.apache.xerces.internal.impl.XMLScanner.reportFatalError(XMLScanner.java:1472)
	at com.sun.org.apache.xerces.internal.impl.XMLScanner.scanAttributeValue(XMLScanner.java:908)
	at com.sun.org.apache.xerces.internal.impl.XMLDocumentFragmentScannerImpl.scanAttribute(XMLDocumentFragmentScannerImpl.java:1548)
	at com.sun.org.apache.xerces.internal.impl.XMLDocumentFragmentScannerImpl.scanStartElement(XMLDocumentFragmentScannerImpl.java:1315)
	at com.sun.org.apache.xerces.internal.impl.XMLDocumentFragmentScannerImpl$FragmentContentDriver.next(XMLDocumentFragmentScannerImpl.java:2784)
	at com.sun.org.apache.xerces.internal.impl.XMLDocumentScannerImpl.next(XMLDocumentScannerImpl.java:602)
	at com.sun.org.apache.xerces.internal.impl.XMLDocumentFragmentScannerImpl.scanDocument(XMLDocumentFragmentScannerImpl.java:505)
	at com.sun.org.apache.xerces.internal.parsers.XML11Configuration.parse(XML11Configuration.java:841)
	at com.sun.org.apache.xerces.internal.parsers.XML11Configuration.parse(XML11Configuration.java:770)
	at com.sun.org.apache.xerces.internal.parsers.XMLParser.parse(XMLParser.java:141)
	at com.sun.org.apache.xerces.internal.parsers.DOMParser.parse(DOMParser.java:243)
	at com.sun.org.apache.xerces.internal.jaxp.DocumentBuilderImpl.parse(DocumentBuilderImpl.java:339)
	at org.eclipse.debug.internal.core.LaunchManager.createInfoFromXML(LaunchManager.java:935)
	at org.eclipse.debug.internal.core.LaunchManager.getInfo(LaunchManager.java:1359)
	... 10 more
!SUBENTRY 1 org.eclipse.debug.core 4 5012 2026-07-28 11:20:40.864
!MESSAGE 读取启动配置文件 F:\code\vibe_project\rollerball\M33\libraries\components\mtb-device-support-pse8xxgp\make\make\scripts\interface_version_3\eclipse\CM55\flash\virgin\KitProg3\any\&&_PRJ_NAME&& Attach (KitProg3_MiniProg4).launch 时发生了 org.xml.sax.SAXParseException; lineNumber: 3; columnNumber: 66; 在实体引用中, 实体名称必须紧跟在 '&' 后面。。
!STACK 0
org.xml.sax.SAXParseException; lineNumber: 3; columnNumber: 66; 在实体引用中, 实体名称必须紧跟在 '&' 后面。
	at com.sun.org.apache.xerces.internal.util.ErrorHandlerWrapper.createSAXParseException(ErrorHandlerWrapper.java:203)
	at com.sun.org.apache.xerces.internal.util.ErrorHandlerWrapper.fatalError(ErrorHandlerWrapper.java:177)
	at com.sun.org.apache.xerces.internal.impl.XMLErrorReporter.reportError(XMLErrorReporter.java:400)
	at com.sun.org.apache.xerces.internal.impl.XMLErrorReporter.reportError(XMLErrorReporter.java:327)
	at com.sun.org.apache.xerces.internal.impl.XMLScanner.reportFatalError(XMLScanner.java:1472)
	at com.sun.org.apache.xerces.internal.impl.XMLScanner.scanAttributeValue(XMLScanner.java:908)
	at com.sun.org.apache.xerces.internal.impl.XMLDocumentFragmentScannerImpl.scanAttribute(XMLDocumentFragmentScannerImpl.java:1548)
	at com.sun.org.apache.xerces.internal.impl.XMLDocumentFragmentScannerImpl.scanStartElement(XMLDocumentFragmentScannerImpl.java:1315)
	at com.sun.org.apache.xerces.internal.impl.XMLDocumentFragmentScannerImpl$FragmentContentDriver.next(XMLDocumentFragmentScannerImpl.java:2784)
	at com.sun.org.apache.xerces.internal.impl.XMLDocumentScannerImpl.next(XMLDocumentScannerImpl.java:602)
	at com.sun.org.apache.xerces.internal.impl.XMLDocumentFragmentScannerImpl.scanDocument(XMLDocumentFragmentScannerImpl.java:505)
	at com.sun.org.apache.xerces.internal.parsers.XML11Configuration.parse(XML11Configuration.java:841)
	at com.sun.org.apache.xerces.internal.parsers.XML11Configuration.parse(XML11Configuration.java:770)
	at com.sun.org.apache.xerces.internal.parsers.XMLParser.parse(XMLParser.java:141)
	at com.sun.org.apache.xerces.internal.parsers.DOMParser.parse(DOMParser.java:243)
	at com.sun.org.apache.xerces.internal.jaxp.DocumentBuilderImpl.parse(DocumentBuilderImpl.java:339)
	at org.eclipse.debug.internal.core.LaunchManager.createInfoFromXML(LaunchManager.java:935)
	at org.eclipse.debug.internal.core.LaunchManager.getInfo(LaunchManager.java:1359)
	at org.eclipse.debug.internal.core.LaunchConfiguration.getInfo(LaunchConfiguration.java:490)
	at org.eclipse.debug.internal.core.LaunchConfiguration.getType(LaunchConfiguration.java:645)
	at org.eclipse.debug.internal.core.LaunchManager.isValid(LaunchManager.java:2091)
	at org.eclipse.debug.internal.core.LaunchManager.verifyConfigurations(LaunchManager.java:2462)
	at org.eclipse.debug.internal.core.LaunchManager.getAllLaunchConfigurations(LaunchManager.java:1140)
	at org.eclipse.debug.internal.core.LaunchManager.getLaunchConfigurations(LaunchManager.java:1444)
	at org.eclipse.debug.internal.core.LaunchManager.getLaunchConfigurations(LaunchManager.java:1439)
	at org.eclipse.launchbar.core.internal.LaunchBarManager.init(LaunchBarManager.java:130)
	at org.eclipse.launchbar.core.internal.LaunchBarManager$1.run(LaunchBarManager.java:96)
	at org.eclipse.core.internal.jobs.Worker.run(Worker.java:63)

!ENTRY org.eclipse.debug.core 4 125 2026-07-28 11:20:40.866
!MESSAGE 调试核心所记录的错误：
!STACK 1
org.eclipse.debug.core.DebugException: 读取启动配置文件 F:\code\vibe_project\rollerball\M33\libraries\components\mtb-device-support-pse8xxgp\make\make\scripts\interface_version_3\eclipse\CM55\flash\virgin\KitProg3\any\&&_PRJ_NAME&& Program (KitProg3_MiniProg4).launch 时发生了 org.xml.sax.SAXParseException; lineNumber: 3; columnNumber: 66; 在实体引用中, 实体名称必须紧跟在 '&' 后面。。
	at org.eclipse.debug.internal.core.LaunchManager.createDebugException(LaunchManager.java:886)
	at org.eclipse.debug.internal.core.LaunchManager.throwException(LaunchManager.java:2448)
	at org.eclipse.debug.internal.core.LaunchManager.getInfo(LaunchManager.java:1366)
	at org.eclipse.debug.internal.core.LaunchConfiguration.getInfo(LaunchConfiguration.java:490)
	at org.eclipse.debug.internal.core.LaunchConfiguration.getType(LaunchConfiguration.java:645)
	at org.eclipse.debug.internal.core.LaunchManager.isValid(LaunchManager.java:2091)
	at org.eclipse.debug.internal.core.LaunchManager.verifyConfigurations(LaunchManager.java:2462)
	at org.eclipse.debug.internal.core.LaunchManager.getAllLaunchConfigurations(LaunchManager.java:1140)
	at org.eclipse.debug.internal.core.LaunchManager.getLaunchConfigurations(LaunchManager.java:1444)
	at org.eclipse.debug.internal.core.LaunchManager.getLaunchConfigurations(LaunchManager.java:1439)
	at org.eclipse.launchbar.core.internal.LaunchBarManager.init(LaunchBarManager.java:130)
	at org.eclipse.launchbar.core.internal.LaunchBarManager$1.run(LaunchBarManager.java:96)
	at org.eclipse.core.internal.jobs.Worker.run(Worker.java:63)
Caused by: org.xml.sax.SAXParseException; lineNumber: 3; columnNumber: 66; 在实体引用中, 实体名称必须紧跟在 '&' 后面。
	at com.sun.org.apache.xerces.internal.util.ErrorHandlerWrapper.createSAXParseException(ErrorHandlerWrapper.java:203)
	at com.sun.org.apache.xerces.internal.util.ErrorHandlerWrapper.fatalError(ErrorHandlerWrapper.java:177)
	at com.sun.org.apache.xerces.internal.impl.XMLErrorReporter.reportError(XMLErrorReporter.java:400)
	at com.sun.org.apache.xerces.internal.impl.XMLErrorReporter.reportError(XMLErrorReporter.java:327)
	at com.sun.org.apache.xerces.internal.impl.XMLScanner.reportFatalError(XMLScanner.java:1472)
	at com.sun.org.apache.xerces.internal.impl.XMLScanner.scanAttributeValue(XMLScanner.java:908)
	at com.sun.org.apache.xerces.internal.impl.XMLDocumentFragmentScannerImpl.scanAttribute(XMLDocumentFragmentScannerImpl.java:1548)
	at com.sun.org.apache.xerces.internal.impl.XMLDocumentFragmentScannerImpl.scanStartElement(XMLDocumentFragmentScannerImpl.java:1315)
	at com.sun.org.apache.xerces.internal.impl.XMLDocumentFragmentScannerImpl$FragmentContentDriver.next(XMLDocumentFragmentScannerImpl.java:2784)
	at com.sun.org.apache.xerces.internal.impl.XMLDocumentScannerImpl.next(XMLDocumentScannerImpl.java:602)
	at com.sun.org.apache.xerces.internal.impl.XMLDocumentFragmentScannerImpl.scanDocument(XMLDocumentFragmentScannerImpl.java:505)
	at com.sun.org.apache.xerces.internal.parsers.XML11Configuration.parse(XML11Configuration.java:841)
	at com.sun.org.apache.xerces.internal.parsers.XML11Configuration.parse(XML11Configuration.java:770)
	at com.sun.org.apache.xerces.internal.parsers.XMLParser.parse(XMLParser.java:141)
	at com.sun.org.apache.xerces.internal.parsers.DOMParser.parse(DOMParser.java:243)
	at com.sun.org.apache.xerces.internal.jaxp.DocumentBuilderImpl.parse(DocumentBuilderImpl.java:339)
	at org.eclipse.debug.internal.core.LaunchManager.createInfoFromXML(LaunchManager.java:935)
	at org.eclipse.debug.internal.core.LaunchManager.getInfo(LaunchManager.java:1359)
	... 10 more
!SUBENTRY 1 org.eclipse.debug.core 4 5012 2026-07-28 11:20:40.866
!MESSAGE 读取启动配置文件 F:\code\vibe_project\rollerball\M33\libraries\components\mtb-device-support-pse8xxgp\make\make\scripts\interface_version_3\eclipse\CM55\flash\virgin\KitProg3\any\&&_PRJ_NAME&& Program (KitProg3_MiniProg4).launch 时发生了 org.xml.sax.SAXParseException; lineNumber: 3; columnNumber: 66; 在实体引用中, 实体名称必须紧跟在 '&' 后面。。
!STACK 0
org.xml.sax.SAXParseException; lineNumber: 3; columnNumber: 66; 在实体引用中, 实体名称必须紧跟在 '&' 后面。
	at com.sun.org.apache.xerces.internal.util.ErrorHandlerWrapper.createSAXParseException(ErrorHandlerWrapper.java:203)
	at com.sun.org.apache.xerces.internal.util.ErrorHandlerWrapper.fatalError(ErrorHandlerWrapper.java:177)
	at com.sun.org.apache.xerces.internal.impl.XMLErrorReporter.reportError(XMLErrorReporter.java:400)
	at com.sun.org.apache.xerces.internal.impl.XMLErrorReporter.reportError(XMLErrorReporter.java:327)
	at com.sun.org.apache.xerces.internal.impl.XMLScanner.reportFatalError(XMLScanner.java:1472)
	at com.sun.org.apache.xerces.internal.impl.XMLScanner.scanAttributeValue(XMLScanner.java:908)
	at com.sun.org.apache.xerces.internal.impl.XMLDocumentFragmentScannerImpl.scanAttribute(XMLDocumentFragmentScannerImpl.java:1548)
	at com.sun.org.apache.xerces.internal.impl.XMLDocumentFragmentScannerImpl.scanStartElement(XMLDocumentFragmentScannerImpl.java:1315)
	at com.sun.org.apache.xerces.internal.impl.XMLDocumentFragmentScannerImpl$FragmentContentDriver.next(XMLDocumentFragmentScannerImpl.java:2784)
	at com.sun.org.apache.xerces.internal.impl.XMLDocumentScannerImpl.next(XMLDocumentScannerImpl.java:602)
	at com.sun.org.apache.xerces.internal.impl.XMLDocumentFragmentScannerImpl.scanDocument(XMLDocumentFragmentScannerImpl.java:505)
	at com.sun.org.apache.xerces.internal.parsers.XML11Configuration.parse(XML11Configuration.java:841)
	at com.sun.org.apache.xerces.internal.parsers.XML11Configuration.parse(XML11Configuration.java:770)
	at com.sun.org.apache.xerces.internal.parsers.XMLParser.parse(XMLParser.java:141)
	at com.sun.org.apache.xerces.internal.parsers.DOMParser.parse(DOMParser.java:243)
	at com.sun.org.apache.xerces.internal.jaxp.DocumentBuilderImpl.parse(DocumentBuilderImpl.java:339)
	at org.eclipse.debug.internal.core.LaunchManager.createInfoFromXML(LaunchManager.java:935)
	at org.eclipse.debug.internal.core.LaunchManager.getInfo(LaunchManager.java:1359)
	at org.eclipse.debug.internal.core.LaunchConfiguration.getInfo(LaunchConfiguration.java:490)
	at org.eclipse.debug.internal.core.LaunchConfiguration.getType(LaunchConfiguration.java:645)
	at org.eclipse.debug.internal.core.LaunchManager.isValid(LaunchManager.java:2091)
	at org.eclipse.debug.internal.core.LaunchManager.verifyConfigurations(LaunchManager.java:2462)
	at org.eclipse.debug.internal.core.LaunchManager.getAllLaunchConfigurations(LaunchManager.java:1140)
	at org.eclipse.debug.internal.core.LaunchManager.getLaunchConfigurations(LaunchManager.java:1444)
	at org.eclipse.debug.internal.core.LaunchManager.getLaunchConfigurations(LaunchManager.java:1439)
	at org.eclipse.launchbar.core.internal.LaunchBarManager.init(LaunchBarManager.java:130)
	at org.eclipse.launchbar.core.internal.LaunchBarManager$1.run(LaunchBarManager.java:96)
	at org.eclipse.core.internal.jobs.Worker.run(Worker.java:63)

!ENTRY org.eclipse.debug.core 4 125 2026-07-28 11:20:40.867
!MESSAGE 调试核心所记录的错误：
!STACK 1
org.eclipse.debug.core.DebugException: 读取启动配置文件 F:\code\vibe_project\rollerball\M33\libraries\components\mtb-device-support-pse8xxgp\make\make\scripts\interface_version_3\eclipse\CM55\flash\virgin\KitProg3\multi\&&_PRJ_NAME&& Add CM55 to CM33 (KitProg3_MiniProg4).launch 时发生了 org.xml.sax.SAXParseException; lineNumber: 3; columnNumber: 66; 在实体引用中, 实体名称必须紧跟在 '&' 后面。。
	at org.eclipse.debug.internal.core.LaunchManager.createDebugException(LaunchManager.java:886)
	at org.eclipse.debug.internal.core.LaunchManager.throwException(LaunchManager.java:2448)
	at org.eclipse.debug.internal.core.LaunchManager.getInfo(LaunchManager.java:1366)
	at org.eclipse.debug.internal.core.LaunchConfiguration.getInfo(LaunchConfiguration.java:490)
	at org.eclipse.debug.internal.core.LaunchConfiguration.getType(LaunchConfiguration.java:645)
	at org.eclipse.debug.internal.core.LaunchManager.isValid(LaunchManager.java:2091)
	at org.eclipse.debug.internal.core.LaunchManager.verifyConfigurations(LaunchManager.java:2462)
	at org.eclipse.debug.internal.core.LaunchManager.getAllLaunchConfigurations(LaunchManager.java:1140)
	at org.eclipse.debug.internal.core.LaunchManager.getLaunchConfigurations(LaunchManager.java:1444)
	at org.eclipse.debug.internal.core.LaunchManager.getLaunchConfigurations(LaunchManager.java:1439)
	at org.eclipse.launchbar.core.internal.LaunchBarManager.init(LaunchBarManager.java:130)
	at org.eclipse.launchbar.core.internal.LaunchBarManager$1.run(LaunchBarManager.java:96)
	at org.eclipse.core.internal.jobs.Worker.run(Worker.java:63)
Caused by: org.xml.sax.SAXParseException; lineNumber: 3; columnNumber: 66; 在实体引用中, 实体名称必须紧跟在 '&' 后面。
	at com.sun.org.apache.xerces.internal.util.ErrorHandlerWrapper.createSAXParseException(ErrorHandlerWrapper.java:203)
	at com.sun.org.apache.xerces.internal.util.ErrorHandlerWrapper.fatalError(ErrorHandlerWrapper.java:177)
	at com.sun.org.apache.xerces.internal.impl.XMLErrorReporter.reportError(XMLErrorReporter.java:400)
	at com.sun.org.apache.xerces.internal.impl.XMLErrorReporter.reportError(XMLErrorReporter.java:327)
	at com.sun.org.apache.xerces.internal.impl.XMLScanner.reportFatalError(XMLScanner.java:1472)
	at com.sun.org.apache.xerces.internal.impl.XMLScanner.scanAttributeValue(XMLScanner.java:908)
	at com.sun.org.apache.xerces.internal.impl.XMLDocumentFragmentScannerImpl.scanAttribute(XMLDocumentFragmentScannerImpl.java:1548)
	at com.sun.org.apache.xerces.internal.impl.XMLDocumentFragmentScannerImpl.scanStartElement(XMLDocumentFragmentScannerImpl.java:1315)
	at com.sun.org.apache.xerces.internal.impl.XMLDocumentFragmentScannerImpl$FragmentContentDriver.next(XMLDocumentFragmentScannerImpl.java:2784)
	at com.sun.org.apache.xerces.internal.impl.XMLDocumentScannerImpl.next(XMLDocumentScannerImpl.java:602)
	at com.sun.org.apache.xerces.internal.impl.XMLDocumentFragmentScannerImpl.scanDocument(XMLDocumentFragmentScannerImpl.java:505)
	at com.sun.org.apache.xerces.internal.parsers.XML11Configuration.parse(XML11Configuration.java:841)
	at com.sun.org.apache.xerces.internal.parsers.XML11Configuration.parse(XML11Configuration.java:770)
	at com.sun.org.apache.xerces.internal.parsers.XMLParser.parse(XMLParser.java:141)
	at com.sun.org.apache.xerces.internal.parsers.DOMParser.parse(DOMParser.java:243)
	at com.sun.org.apache.xerces.internal.jaxp.DocumentBuilderImpl.parse(DocumentBuilderImpl.java:339)
	at org.eclipse.debug.internal.core.LaunchManager.createInfoFromXML(LaunchManager.java:935)
	at org.eclipse.debug.internal.core.LaunchManager.getInfo(LaunchManager.java:1359)
	... 10 more
!SUBENTRY 1 org.eclipse.debug.core 4 5012 2026-07-28 11:20:40.867
!MESSAGE 读取启动配置文件 F:\code\vibe_project\rollerball\M33\libraries\components\mtb-device-support-pse8xxgp\make\make\scripts\interface_version_3\eclipse\CM55\flash\virgin\KitProg3\multi\&&_PRJ_NAME&& Add CM55 to CM33 (KitProg3_MiniProg4).launch 时发生了 org.xml.sax.SAXParseException; lineNumber: 3; columnNumber: 66; 在实体引用中, 实体名称必须紧跟在 '&' 后面。。
!STACK 0
org.xml.sax.SAXParseException; lineNumber: 3; columnNumber: 66; 在实体引用中, 实体名称必须紧跟在 '&' 后面。
	at com.sun.org.apache.xerces.internal.util.ErrorHandlerWrapper.createSAXParseException(ErrorHandlerWrapper.java:203)
	at com.sun.org.apache.xerces.internal.util.ErrorHandlerWrapper.fatalError(ErrorHandlerWrapper.java:177)
	at com.sun.org.apache.xerces.internal.impl.XMLErrorReporter.reportError(XMLErrorReporter.java:400)
	at com.sun.org.apache.xerces.internal.impl.XMLErrorReporter.reportError(XMLErrorReporter.java:327)
	at com.sun.org.apache.xerces.internal.impl.XMLScanner.reportFatalError(XMLScanner.java:1472)
	at com.sun.org.apache.xerces.internal.impl.XMLScanner.scanAttributeValue(XMLScanner.java:908)
	at com.sun.org.apache.xerces.internal.impl.XMLDocumentFragmentScannerImpl.scanAttribute(XMLDocumentFragmentScannerImpl.java:1548)
	at com.sun.org.apache.xerces.internal.impl.XMLDocumentFragmentScannerImpl.scanStartElement(XMLDocumentFragmentScannerImpl.java:1315)
	at com.sun.org.apache.xerces.internal.impl.XMLDocumentFragmentScannerImpl$FragmentContentDriver.next(XMLDocumentFragmentScannerImpl.java:2784)
	at com.sun.org.apache.xerces.internal.impl.XMLDocumentScannerImpl.next(XMLDocumentScannerImpl.java:602)
	at com.sun.org.apache.xerces.internal.impl.XMLDocumentFragmentScannerImpl.scanDocument(XMLDocumentFragmentScannerImpl.java:505)
	at com.sun.org.apache.xerces.internal.parsers.XML11Configuration.parse(XML11Configuration.java:841)
	at com.sun.org.apache.xerces.internal.parsers.XML11Configuration.parse(XML11Configuration.java:770)
	at com.sun.org.apache.xerces.internal.parsers.XMLParser.parse(XMLParser.java:141)
	at com.sun.org.apache.xerces.internal.parsers.DOMParser.parse(DOMParser.java:243)
	at com.sun.org.apache.xerces.internal.jaxp.DocumentBuilderImpl.parse(DocumentBuilderImpl.java:339)
	at org.eclipse.debug.internal.core.LaunchManager.createInfoFromXML(LaunchManager.java:935)
	at org.eclipse.debug.internal.core.LaunchManager.getInfo(LaunchManager.java:1359)
	at org.eclipse.debug.internal.core.LaunchConfiguration.getInfo(LaunchConfiguration.java:490)
	at org.eclipse.debug.internal.core.LaunchConfiguration.getType(LaunchConfiguration.java:645)
	at org.eclipse.debug.internal.core.LaunchManager.isValid(LaunchManager.java:2091)
	at org.eclipse.debug.internal.core.LaunchManager.verifyConfigurations(LaunchManager.java:2462)
	at org.eclipse.debug.internal.core.LaunchManager.getAllLaunchConfigurations(LaunchManager.java:1140)
	at org.eclipse.debug.internal.core.LaunchManager.getLaunchConfigurations(LaunchManager.java:1444)
	at org.eclipse.debug.internal.core.LaunchManager.getLaunchConfigurations(LaunchManager.java:1439)
	at org.eclipse.launchbar.core.internal.LaunchBarManager.init(LaunchBarManager.java:130)
	at org.eclipse.launchbar.core.internal.LaunchBarManager$1.run(LaunchBarManager.java:96)
	at org.eclipse.core.internal.jobs.Worker.run(Worker.java:63)

!ENTRY org.eclipse.debug.core 4 125 2026-07-28 11:20:40.870
!MESSAGE 调试核心所记录的错误：
!STACK 1
org.eclipse.debug.core.DebugException: 读取启动配置文件 F:\code\vibe_project\rollerball\M33\libraries\components\mtb-device-support-pse8xxgp\make\make\scripts\interface_version_3\eclipse\CM55\flash\virgin\KitProg3\single\&&_PRJ_NAME&& Erase All (KitProg3_MiniProg4).launch 时发生了 org.xml.sax.SAXParseException; lineNumber: 3; columnNumber: 66; 在实体引用中, 实体名称必须紧跟在 '&' 后面。。
	at org.eclipse.debug.internal.core.LaunchManager.createDebugException(LaunchManager.java:886)
	at org.eclipse.debug.internal.core.LaunchManager.throwException(LaunchManager.java:2448)
	at org.eclipse.debug.internal.core.LaunchManager.getInfo(LaunchManager.java:1366)
	at org.eclipse.debug.internal.core.LaunchConfiguration.getInfo(LaunchConfiguration.java:490)
	at org.eclipse.debug.internal.core.LaunchConfiguration.getType(LaunchConfiguration.java:645)
	at org.eclipse.debug.internal.core.LaunchManager.isValid(LaunchManager.java:2091)
	at org.eclipse.debug.internal.core.LaunchManager.verifyConfigurations(LaunchManager.java:2462)
	at org.eclipse.debug.internal.core.LaunchManager.getAllLaunchConfigurations(LaunchManager.java:1140)
	at org.eclipse.debug.internal.core.LaunchManager.getLaunchConfigurations(LaunchManager.java:1444)
	at org.eclipse.debug.internal.core.LaunchManager.getLaunchConfigurations(LaunchManager.java:1439)
	at org.eclipse.launchbar.core.internal.LaunchBarManager.init(LaunchBarManager.java:130)
	at org.eclipse.launchbar.core.internal.LaunchBarManager$1.run(LaunchBarManager.java:96)
	at org.eclipse.core.internal.jobs.Worker.run(Worker.java:63)
Caused by: org.xml.sax.SAXParseException; lineNumber: 3; columnNumber: 66; 在实体引用中, 实体名称必须紧跟在 '&' 后面。
	at com.sun.org.apache.xerces.internal.util.ErrorHandlerWrapper.createSAXParseException(ErrorHandlerWrapper.java:203)
	at com.sun.org.apache.xerces.internal.util.ErrorHandlerWrapper.fatalError(ErrorHandlerWrapper.java:177)
	at com.sun.org.apache.xerces.internal.impl.XMLErrorReporter.reportError(XMLErrorReporter.java:400)
	at com.sun.org.apache.xerces.internal.impl.XMLErrorReporter.reportError(XMLErrorReporter.java:327)
	at com.sun.org.apache.xerces.internal.impl.XMLScanner.reportFatalError(XMLScanner.java:1472)
	at com.sun.org.apache.xerces.internal.impl.XMLScanner.scanAttributeValue(XMLScanner.java:908)
	at com.sun.org.apache.xerces.internal.impl.XMLDocumentFragmentScannerImpl.scanAttribute(XMLDocumentFragmentScannerImpl.java:1548)
	at com.sun.org.apache.xerces.internal.impl.XMLDocumentFragmentScannerImpl.scanStartElement(XMLDocumentFragmentScannerImpl.java:1315)
	at com.sun.org.apache.xerces.internal.impl.XMLDocumentFragmentScannerImpl$FragmentContentDriver.next(XMLDocumentFragmentScannerImpl.java:2784)
	at com.sun.org.apache.xerces.internal.impl.XMLDocumentScannerImpl.next(XMLDocumentScannerImpl.java:602)
	at com.sun.org.apache.xerces.internal.impl.XMLDocumentFragmentScannerImpl.scanDocument(XMLDocumentFragmentScannerImpl.java:505)
	at com.sun.org.apache.xerces.internal.parsers.XML11Configuration.parse(XML11Configuration.java:841)
	at com.sun.org.apache.xerces.internal.parsers.XML11Configuration.parse(XML11Configuration.java:770)
	at com.sun.org.apache.xerces.internal.parsers.XMLParser.parse(XMLParser.java:141)
	at com.sun.org.apache.xerces.internal.parsers.DOMParser.parse(DOMParser.java:243)
	at com.sun.org.apache.xerces.internal.jaxp.DocumentBuilderImpl.parse(DocumentBuilderImpl.java:339)
	at org.eclipse.debug.internal.core.LaunchManager.createInfoFromXML(LaunchManager.java:935)
	at org.eclipse.debug.internal.core.LaunchManager.getInfo(LaunchManager.java:1359)
	... 10 more
!SUBENTRY 1 org.eclipse.debug.core 4 5012 2026-07-28 11:20:40.871
!MESSAGE 读取启动配置文件 F:\code\vibe_project\rollerball\M33\libraries\components\mtb-device-support-pse8xxgp\make\make\scripts\interface_version_3\eclipse\CM55\flash\virgin\KitProg3\single\&&_PRJ_NAME&& Erase All (KitProg3_MiniProg4).launch 时发生了 org.xml.sax.SAXParseException; lineNumber: 3; columnNumber: 66; 在实体引用中, 实体名称必须紧跟在 '&' 后面。。
!STACK 0
org.xml.sax.SAXParseException; lineNumber: 3; columnNumber: 66; 在实体引用中, 实体名称必须紧跟在 '&' 后面。
	at com.sun.org.apache.xerces.internal.util.ErrorHandlerWrapper.createSAXParseException(ErrorHandlerWrapper.java:203)
	at com.sun.org.apache.xerces.internal.util.ErrorHandlerWrapper.fatalError(ErrorHandlerWrapper.java:177)
	at com.sun.org.apache.xerces.internal.impl.XMLErrorReporter.reportError(XMLErrorReporter.java:400)
	at com.sun.org.apache.xerces.internal.impl.XMLErrorReporter.reportError(XMLErrorReporter.java:327)
	at com.sun.org.apache.xerces.internal.impl.XMLScanner.reportFatalError(XMLScanner.java:1472)
	at com.sun.org.apache.xerces.internal.impl.XMLScanner.scanAttributeValue(XMLScanner.java:908)
	at com.sun.org.apache.xerces.internal.impl.XMLDocumentFragmentScannerImpl.scanAttribute(XMLDocumentFragmentScannerImpl.java:1548)
	at com.sun.org.apache.xerces.internal.impl.XMLDocumentFragmentScannerImpl.scanStartElement(XMLDocumentFragmentScannerImpl.java:1315)
	at com.sun.org.apache.xerces.internal.impl.XMLDocumentFragmentScannerImpl$FragmentContentDriver.next(XMLDocumentFragmentScannerImpl.java:2784)
	at com.sun.org.apache.xerces.internal.impl.XMLDocumentScannerImpl.next(XMLDocumentScannerImpl.java:602)
	at com.sun.org.apache.xerces.internal.impl.XMLDocumentFragmentScannerImpl.scanDocument(XMLDocumentFragmentScannerImpl.java:505)
	at com.sun.org.apache.xerces.internal.parsers.XML11Configuration.parse(XML11Configuration.java:841)
	at com.sun.org.apache.xerces.internal.parsers.XML11Configuration.parse(XML11Configuration.java:770)
	at com.sun.org.apache.xerces.internal.parsers.XMLParser.parse(XMLParser.java:141)
	at com.sun.org.apache.xerces.internal.parsers.DOMParser.parse(DOMParser.java:243)
	at com.sun.org.apache.xerces.internal.jaxp.DocumentBuilderImpl.parse(DocumentBuilderImpl.java:339)
	at org.eclipse.debug.internal.core.LaunchManager.createInfoFromXML(LaunchManager.java:935)
	at org.eclipse.debug.internal.core.LaunchManager.getInfo(LaunchManager.java:1359)
	at org.eclipse.debug.internal.core.LaunchConfiguration.getInfo(LaunchConfiguration.java:490)
	at org.eclipse.debug.internal.core.LaunchConfiguration.getType(LaunchConfiguration.java:645)
	at org.eclipse.debug.internal.core.LaunchManager.isValid(LaunchManager.java:2091)
	at org.eclipse.debug.internal.core.LaunchManager.verifyConfigurations(LaunchManager.java:2462)
	at org.eclipse.debug.internal.core.LaunchManager.getAllLaunchConfigurations(LaunchManager.java:1140)
	at org.eclipse.debug.internal.core.LaunchManager.getLaunchConfigurations(LaunchManager.java:1444)
	at org.eclipse.debug.internal.core.LaunchManager.getLaunchConfigurations(LaunchManager.java:1439)
	at org.eclipse.launchbar.core.internal.LaunchBarManager.init(LaunchBarManager.java:130)
	at org.eclipse.launchbar.core.internal.LaunchBarManager$1.run(LaunchBarManager.java:96)
	at org.eclipse.core.internal.jobs.Worker.run(Worker.java:63)

!ENTRY org.eclipse.debug.core 4 125 2026-07-28 11:20:40.873
!MESSAGE 调试核心所记录的错误：
!STACK 1
org.eclipse.debug.core.DebugException: 读取启动配置文件 F:\code\vibe_project\rollerball\M33\libraries\components\mtb-device-support-pse8xxgp\make\make\scripts\interface_version_3\eclipse\CM55\flash\virgin\KitProg3\single\&&_PRJ_NAME&& Erase Device (KitProg3_MiniProg4).launch 时发生了 org.xml.sax.SAXParseException; lineNumber: 3; columnNumber: 66; 在实体引用中, 实体名称必须紧跟在 '&' 后面。。
	at org.eclipse.debug.internal.core.LaunchManager.createDebugException(LaunchManager.java:886)
	at org.eclipse.debug.internal.core.LaunchManager.throwException(LaunchManager.java:2448)
	at org.eclipse.debug.internal.core.LaunchManager.getInfo(LaunchManager.java:1366)
	at org.eclipse.debug.internal.core.LaunchConfiguration.getInfo(LaunchConfiguration.java:490)
	at org.eclipse.debug.internal.core.LaunchConfiguration.getType(LaunchConfiguration.java:645)
	at org.eclipse.debug.internal.core.LaunchManager.isValid(LaunchManager.java:2091)
	at org.eclipse.debug.internal.core.LaunchManager.verifyConfigurations(LaunchManager.java:2462)
	at org.eclipse.debug.internal.core.LaunchManager.getAllLaunchConfigurations(LaunchManager.java:1140)
	at org.eclipse.debug.internal.core.LaunchManager.getLaunchConfigurations(LaunchManager.java:1444)
	at org.eclipse.debug.internal.core.LaunchManager.getLaunchConfigurations(LaunchManager.java:1439)
	at org.eclipse.launchbar.core.internal.LaunchBarManager.init(LaunchBarManager.java:130)
	at org.eclipse.launchbar.core.internal.LaunchBarManager$1.run(LaunchBarManager.java:96)
	at org.eclipse.core.internal.jobs.Worker.run(Worker.java:63)
Caused by: org.xml.sax.SAXParseException; lineNumber: 3; columnNumber: 66; 在实体引用中, 实体名称必须紧跟在 '&' 后面。
	at com.sun.org.apache.xerces.internal.util.ErrorHandlerWrapper.createSAXParseException(ErrorHandlerWrapper.java:203)
	at com.sun.org.apache.xerces.internal.util.ErrorHandlerWrapper.fatalError(ErrorHandlerWrapper.java:177)
	at com.sun.org.apache.xerces.internal.impl.XMLErrorReporter.reportError(XMLErrorReporter.java:400)
	at com.sun.org.apache.xerces.internal.impl.XMLErrorReporter.reportError(XMLErrorReporter.java:327)
	at com.sun.org.apache.xerces.internal.impl.XMLScanner.reportFatalError(XMLScanner.java:1472)
	at com.sun.org.apache.xerces.internal.impl.XMLScanner.scanAttributeValue(XMLScanner.java:908)
	at com.sun.org.apache.xerces.internal.impl.XMLDocumentFragmentScannerImpl.scanAttribute(XMLDocumentFragmentScannerImpl.java:1548)
	at com.sun.org.apache.xerces.internal.impl.XMLDocumentFragmentScannerImpl.scanStartElement(XMLDocumentFragmentScannerImpl.java:1315)
	at com.sun.org.apache.xerces.internal.impl.XMLDocumentFragmentScannerImpl$FragmentContentDriver.next(XMLDocumentFragmentScannerImpl.java:2784)
	at com.sun.org.apache.xerces.internal.impl.XMLDocumentScannerImpl.next(XMLDocumentScannerImpl.java:602)
	at com.sun.org.apache.xerces.internal.impl.XMLDocumentFragmentScannerImpl.scanDocument(XMLDocumentFragmentScannerImpl.java:505)
	at com.sun.org.apache.xerces.internal.parsers.XML11Configuration.parse(XML11Configuration.java:841)
	at com.sun.org.apache.xerces.internal.parsers.XML11Configuration.parse(XML11Configuration.java:770)
	at com.sun.org.apache.xerces.internal.parsers.XMLParser.parse(XMLParser.java:141)
	at com.sun.org.apache.xerces.internal.parsers.DOMParser.parse(DOMParser.java:243)
	at com.sun.org.apache.xerces.internal.jaxp.DocumentBuilderImpl.parse(DocumentBuilderImpl.java:339)
	at org.eclipse.debug.internal.core.LaunchManager.createInfoFromXML(LaunchManager.java:935)
	at org.eclipse.debug.internal.core.LaunchManager.getInfo(LaunchManager.java:1359)
	... 10 more
!SUBENTRY 1 org.eclipse.debug.core 4 5012 2026-07-28 11:20:40.873
!MESSAGE 读取启动配置文件 F:\code\vibe_project\rollerball\M33\libraries\components\mtb-device-support-pse8xxgp\make\make\scripts\interface_version_3\eclipse\CM55\flash\virgin\KitProg3\single\&&_PRJ_NAME&& Erase Device (KitProg3_MiniProg4).launch 时发生了 org.xml.sax.SAXParseException; lineNumber: 3; columnNumber: 66; 在实体引用中, 实体名称必须紧跟在 '&' 后面。。
!STACK 0
org.xml.sax.SAXParseException; lineNumber: 3; columnNumber: 66; 在实体引用中, 实体名称必须紧跟在 '&' 后面。
	at com.sun.org.apache.xerces.internal.util.ErrorHandlerWrapper.createSAXParseException(ErrorHandlerWrapper.java:203)
	at com.sun.org.apache.xerces.internal.util.ErrorHandlerWrapper.fatalError(ErrorHandlerWrapper.java:177)
	at com.sun.org.apache.xerces.internal.impl.XMLErrorReporter.reportError(XMLErrorReporter.java:400)
	at com.sun.org.apache.xerces.internal.impl.XMLErrorReporter.reportError(XMLErrorReporter.java:327)
	at com.sun.org.apache.xerces.internal.impl.XMLScanner.reportFatalError(XMLScanner.java:1472)
	at com.sun.org.apache.xerces.internal.impl.XMLScanner.scanAttributeValue(XMLScanner.java:908)
	at com.sun.org.apache.xerces.internal.impl.XMLDocumentFragmentScannerImpl.scanAttribute(XMLDocumentFragmentScannerImpl.java:1548)
	at com.sun.org.apache.xerces.internal.impl.XMLDocumentFragmentScannerImpl.scanStartElement(XMLDocumentFragmentScannerImpl.java:1315)
	at com.sun.org.apache.xerces.internal.impl.XMLDocumentFragmentScannerImpl$FragmentContentDriver.next(XMLDocumentFragmentScannerImpl.java:2784)
	at com.sun.org.apache.xerces.internal.impl.XMLDocumentScannerImpl.next(XMLDocumentScannerImpl.java:602)
	at com.sun.org.apache.xerces.internal.impl.XMLDocumentFragmentScannerImpl.scanDocument(XMLDocumentFragmentScannerImpl.java:505)
	at com.sun.org.apache.xerces.internal.parsers.XML11Configuration.parse(XML11Configuration.java:841)
	at com.sun.org.apache.xerces.internal.parsers.XML11Configuration.parse(XML11Configuration.java:770)
	at com.sun.org.apache.xerces.internal.parsers.XMLParser.parse(XMLParser.java:141)
	at com.sun.org.apache.xerces.internal.parsers.DOMParser.parse(DOMParser.java:243)
	at com.sun.org.apache.xerces.internal.jaxp.DocumentBuilderImpl.parse(DocumentBuilderImpl.java:339)
	at org.eclipse.debug.internal.core.LaunchManager.createInfoFromXML(LaunchManager.java:935)
	at org.eclipse.debug.internal.core.LaunchManager.getInfo(LaunchManager.java:1359)
	at org.eclipse.debug.internal.core.LaunchConfiguration.getInfo(LaunchConfiguration.java:490)
	at org.eclipse.debug.internal.core.LaunchConfiguration.getType(LaunchConfiguration.java:645)
	at org.eclipse.debug.internal.core.LaunchManager.isValid(LaunchManager.java:2091)
	at org.eclipse.debug.internal.core.LaunchManager.verifyConfigurations(LaunchManager.java:2462)
	at org.eclipse.debug.internal.core.LaunchManager.getAllLaunchConfigurations(LaunchManager.java:1140)
	at org.eclipse.debug.internal.core.LaunchManager.getLaunchConfigurations(LaunchManager.java:1444)
	at org.eclipse.debug.internal.core.LaunchManager.getLaunchConfigurations(LaunchManager.java:1439)
	at org.eclipse.launchbar.core.internal.LaunchBarManager.init(LaunchBarManager.java:130)
	at org.eclipse.launchbar.core.internal.LaunchBarManager$1.run(LaunchBarManager.java:96)
	at org.eclipse.core.internal.jobs.Worker.run(Worker.java:63)

!ENTRY org.eclipse.debug.core 4 125 2026-07-28 11:20:40.876
!MESSAGE 调试核心所记录的错误：
!STACK 1
org.eclipse.debug.core.DebugException: 读取启动配置文件 F:\code\vibe_project\rollerball\M33\libraries\components\mtb-device-support-pse8xxgp\make\make\scripts\interface_version_3\eclipse\CM55\flash\virgin\KitProg3\single\&&_PRJ_NAME&& Start App (KitProg3_MiniProg4).launch 时发生了 org.xml.sax.SAXParseException; lineNumber: 3; columnNumber: 66; 在实体引用中, 实体名称必须紧跟在 '&' 后面。。
	at org.eclipse.debug.internal.core.LaunchManager.createDebugException(LaunchManager.java:886)
	at org.eclipse.debug.internal.core.LaunchManager.throwException(LaunchManager.java:2448)
	at org.eclipse.debug.internal.core.LaunchManager.getInfo(LaunchManager.java:1366)
	at org.eclipse.debug.internal.core.LaunchConfiguration.getInfo(LaunchConfiguration.java:490)
	at org.eclipse.debug.internal.core.LaunchConfiguration.getType(LaunchConfiguration.java:645)
	at org.eclipse.debug.internal.core.LaunchManager.isValid(LaunchManager.java:2091)
	at org.eclipse.debug.internal.core.LaunchManager.verifyConfigurations(LaunchManager.java:2462)
	at org.eclipse.debug.internal.core.LaunchManager.getAllLaunchConfigurations(LaunchManager.java:1140)
	at org.eclipse.debug.internal.core.LaunchManager.getLaunchConfigurations(LaunchManager.java:1444)
	at org.eclipse.debug.internal.core.LaunchManager.getLaunchConfigurations(LaunchManager.java:1439)
	at org.eclipse.launchbar.core.internal.LaunchBarManager.init(LaunchBarManager.java:130)
	at org.eclipse.launchbar.core.internal.LaunchBarManager$1.run(LaunchBarManager.java:96)
	at org.eclipse.core.internal.jobs.Worker.run(Worker.java:63)
Caused by: org.xml.sax.SAXParseException; lineNumber: 3; columnNumber: 66; 在实体引用中, 实体名称必须紧跟在 '&' 后面。
	at com.sun.org.apache.xerces.internal.util.ErrorHandlerWrapper.createSAXParseException(ErrorHandlerWrapper.java:203)
	at com.sun.org.apache.xerces.internal.util.ErrorHandlerWrapper.fatalError(ErrorHandlerWrapper.java:177)
	at com.sun.org.apache.xerces.internal.impl.XMLErrorReporter.reportError(XMLErrorReporter.java:400)
	at com.sun.org.apache.xerces.internal.impl.XMLErrorReporter.reportError(XMLErrorReporter.java:327)
	at com.sun.org.apache.xerces.internal.impl.XMLScanner.reportFatalError(XMLScanner.java:1472)
	at com.sun.org.apache.xerces.internal.impl.XMLScanner.scanAttributeValue(XMLScanner.java:908)
	at com.sun.org.apache.xerces.internal.impl.XMLDocumentFragmentScannerImpl.scanAttribute(XMLDocumentFragmentScannerImpl.java:1548)
	at com.sun.org.apache.xerces.internal.impl.XMLDocumentFragmentScannerImpl.scanStartElement(XMLDocumentFragmentScannerImpl.java:1315)
	at com.sun.org.apache.xerces.internal.impl.XMLDocumentFragmentScannerImpl$FragmentContentDriver.next(XMLDocumentFragmentScannerImpl.java:2784)
	at com.sun.org.apache.xerces.internal.impl.XMLDocumentScannerImpl.next(XMLDocumentScannerImpl.java:602)
	at com.sun.org.apache.xerces.internal.impl.XMLDocumentFragmentScannerImpl.scanDocument(XMLDocumentFragmentScannerImpl.java:505)
	at com.sun.org.apache.xerces.internal.parsers.XML11Configuration.parse(XML11Configuration.java:841)
	at com.sun.org.apache.xerces.internal.parsers.XML11Configuration.parse(XML11Configuration.java:770)
	at com.sun.org.apache.xerces.internal.parsers.XMLParser.parse(XMLParser.java:141)
	at com.sun.org.apache.xerces.internal.parsers.DOMParser.parse(DOMParser.java:243)
	at com.sun.org.apache.xerces.internal.jaxp.DocumentBuilderImpl.parse(DocumentBuilderImpl.java:339)
	at org.eclipse.debug.internal.core.LaunchManager.createInfoFromXML(LaunchManager.java:935)
	at org.eclipse.debug.internal.core.LaunchManager.getInfo(LaunchManager.java:1359)
	... 10 more
!SUBENTRY 1 org.eclipse.debug.core 4 5012 2026-07-28 11:20:40.876
!MESSAGE 读取启动配置文件 F:\code\vibe_project\rollerball\M33\libraries\components\mtb-device-support-pse8xxgp\make\make\scripts\interface_version_3\eclipse\CM55\flash\virgin\KitProg3\single\&&_PRJ_NAME&& Start App (KitProg3_MiniProg4).launch 时发生了 org.xml.sax.SAXParseException; lineNumber: 3; columnNumber: 66; 在实体引用中, 实体名称必须紧跟在 '&' 后面。。
!STACK 0
org.xml.sax.SAXParseException; lineNumber: 3; columnNumber: 66; 在实体引用中, 实体名称必须紧跟在 '&' 后面。
	at com.sun.org.apache.xerces.internal.util.ErrorHandlerWrapper.createSAXParseException(ErrorHandlerWrapper.java:203)
	at com.sun.org.apache.xerces.internal.util.ErrorHandlerWrapper.fatalError(ErrorHandlerWrapper.java:177)
	at com.sun.org.apache.xerces.internal.impl.XMLErrorReporter.reportError(XMLErrorReporter.java:400)
	at com.sun.org.apache.xerces.internal.impl.XMLErrorReporter.reportError(XMLErrorReporter.java:327)
	at com.sun.org.apache.xerces.internal.impl.XMLScanner.reportFatalError(XMLScanner.java:1472)
	at com.sun.org.apache.xerces.internal.impl.XMLScanner.scanAttributeValue(XMLScanner.java:908)
	at com.sun.org.apache.xerces.internal.impl.XMLDocumentFragmentScannerImpl.scanAttribute(XMLDocumentFragmentScannerImpl.java:1548)
	at com.sun.org.apache.xerces.internal.impl.XMLDocumentFragmentScannerImpl.scanStartElement(XMLDocumentFragmentScannerImpl.java:1315)
	at com.sun.org.apache.xerces.internal.impl.XMLDocumentFragmentScannerImpl$FragmentContentDriver.next(XMLDocumentFragmentScannerImpl.java:2784)
	at com.sun.org.apache.xerces.internal.impl.XMLDocumentScannerImpl.next(XMLDocumentScannerImpl.java:602)
	at com.sun.org.apache.xerces.internal.impl.XMLDocumentFragmentScannerImpl.scanDocument(XMLDocumentFragmentScannerImpl.java:505)
	at com.sun.org.apache.xerces.internal.parsers.XML11Configuration.parse(XML11Configuration.java:841)
	at com.sun.org.apache.xerces.internal.parsers.XML11Configuration.parse(XML11Configuration.java:770)
	at com.sun.org.apache.xerces.internal.parsers.XMLParser.parse(XMLParser.java:141)
	at com.sun.org.apache.xerces.internal.parsers.DOMParser.parse(DOMParser.java:243)
	at com.sun.org.apache.xerces.internal.jaxp.DocumentBuilderImpl.parse(DocumentBuilderImpl.java:339)
	at org.eclipse.debug.internal.core.LaunchManager.createInfoFromXML(LaunchManager.java:935)
	at org.eclipse.debug.internal.core.LaunchManager.getInfo(LaunchManager.java:1359)
	at org.eclipse.debug.internal.core.LaunchConfiguration.getInfo(LaunchConfiguration.java:490)
	at org.eclipse.debug.internal.core.LaunchConfiguration.getType(LaunchConfiguration.java:645)
	at org.eclipse.debug.internal.core.LaunchManager.isValid(LaunchManager.java:2091)
	at org.eclipse.debug.internal.core.LaunchManager.verifyConfigurations(LaunchManager.java:2462)
	at org.eclipse.debug.internal.core.LaunchManager.getAllLaunchConfigurations(LaunchManager.java:1140)
	at org.eclipse.debug.internal.core.LaunchManager.getLaunchConfigurations(LaunchManager.java:1444)
	at org.eclipse.debug.internal.core.LaunchManager.getLaunchConfigurations(LaunchManager.java:1439)
	at org.eclipse.launchbar.core.internal.LaunchBarManager.init(LaunchBarManager.java:130)
	at org.eclipse.launchbar.core.internal.LaunchBarManager$1.run(LaunchBarManager.java:96)
	at org.eclipse.core.internal.jobs.Worker.run(Worker.java:63)

!ENTRY org.eclipse.debug.core 4 125 2026-07-28 11:20:40.878
!MESSAGE 调试核心所记录的错误：
!STACK 1
org.eclipse.debug.core.DebugException: 读取启动配置文件 F:\code\vibe_project\rollerball\M33\libraries\components\mtb-device-support-pse8xxgp\make\make\scripts\interface_version_3\eclipse\CM55\ram\_normal\JLink\any\&&_PRJ_NAME&& Attach RAM (JLink).launch 时发生了 org.xml.sax.SAXParseException; lineNumber: 3; columnNumber: 66; 在实体引用中, 实体名称必须紧跟在 '&' 后面。。
	at org.eclipse.debug.internal.core.LaunchManager.createDebugException(LaunchManager.java:886)
	at org.eclipse.debug.internal.core.LaunchManager.throwException(LaunchManager.java:2448)
	at org.eclipse.debug.internal.core.LaunchManager.getInfo(LaunchManager.java:1366)
	at org.eclipse.debug.internal.core.LaunchConfiguration.getInfo(LaunchConfiguration.java:490)
	at org.eclipse.debug.internal.core.LaunchConfiguration.getType(LaunchConfiguration.java:645)
	at org.eclipse.debug.internal.core.LaunchManager.isValid(LaunchManager.java:2091)
	at org.eclipse.debug.internal.core.LaunchManager.verifyConfigurations(LaunchManager.java:2462)
	at org.eclipse.debug.internal.core.LaunchManager.getAllLaunchConfigurations(LaunchManager.java:1140)
	at org.eclipse.debug.internal.core.LaunchManager.getLaunchConfigurations(LaunchManager.java:1444)
	at org.eclipse.debug.internal.core.LaunchManager.getLaunchConfigurations(LaunchManager.java:1439)
	at org.eclipse.launchbar.core.internal.LaunchBarManager.init(LaunchBarManager.java:130)
	at org.eclipse.launchbar.core.internal.LaunchBarManager$1.run(LaunchBarManager.java:96)
	at org.eclipse.core.internal.jobs.Worker.run(Worker.java:63)
Caused by: org.xml.sax.SAXParseException; lineNumber: 3; columnNumber: 66; 在实体引用中, 实体名称必须紧跟在 '&' 后面。
	at com.sun.org.apache.xerces.internal.util.ErrorHandlerWrapper.createSAXParseException(ErrorHandlerWrapper.java:203)
	at com.sun.org.apache.xerces.internal.util.ErrorHandlerWrapper.fatalError(ErrorHandlerWrapper.java:177)
	at com.sun.org.apache.xerces.internal.impl.XMLErrorReporter.reportError(XMLErrorReporter.java:400)
	at com.sun.org.apache.xerces.internal.impl.XMLErrorReporter.reportError(XMLErrorReporter.java:327)
	at com.sun.org.apache.xerces.internal.impl.XMLScanner.reportFatalError(XMLScanner.java:1472)
	at com.sun.org.apache.xerces.internal.impl.XMLScanner.scanAttributeValue(XMLScanner.java:908)
	at com.sun.org.apache.xerces.internal.impl.XMLDocumentFragmentScannerImpl.scanAttribute(XMLDocumentFragmentScannerImpl.java:1548)
	at com.sun.org.apache.xerces.internal.impl.XMLDocumentFragmentScannerImpl.scanStartElement(XMLDocumentFragmentScannerImpl.java:1315)
	at com.sun.org.apache.xerces.internal.impl.XMLDocumentFragmentScannerImpl$FragmentContentDriver.next(XMLDocumentFragmentScannerImpl.java:2784)
	at com.sun.org.apache.xerces.internal.impl.XMLDocumentScannerImpl.next(XMLDocumentScannerImpl.java:602)
	at com.sun.org.apache.xerces.internal.impl.XMLDocumentFragmentScannerImpl.scanDocument(XMLDocumentFragmentScannerImpl.java:505)
	at com.sun.org.apache.xerces.internal.parsers.XML11Configuration.parse(XML11Configuration.java:841)
	at com.sun.org.apache.xerces.internal.parsers.XML11Configuration.parse(XML11Configuration.java:770)
	at com.sun.org.apache.xerces.internal.parsers.XMLParser.parse(XMLParser.java:141)
	at com.sun.org.apache.xerces.internal.parsers.DOMParser.parse(DOMParser.java:243)
	at com.sun.org.apache.xerces.internal.jaxp.DocumentBuilderImpl.parse(DocumentBuilderImpl.java:339)
	at org.eclipse.debug.internal.core.LaunchManager.createInfoFromXML(LaunchManager.java:935)
	at org.eclipse.debug.internal.core.LaunchManager.getInfo(LaunchManager.java:1359)
	... 10 more
!SUBENTRY 1 org.eclipse.debug.core 4 5012 2026-07-28 11:20:40.879
!MESSAGE 读取启动配置文件 F:\code\vibe_project\rollerball\M33\libraries\components\mtb-device-support-pse8xxgp\make\make\scripts\interface_version_3\eclipse\CM55\ram\_normal\JLink\any\&&_PRJ_NAME&& Attach RAM (JLink).launch 时发生了 org.xml.sax.SAXParseException; lineNumber: 3; columnNumber: 66; 在实体引用中, 实体名称必须紧跟在 '&' 后面。。
!STACK 0
org.xml.sax.SAXParseException; lineNumber: 3; columnNumber: 66; 在实体引用中, 实体名称必须紧跟在 '&' 后面。
	at com.sun.org.apache.xerces.internal.util.ErrorHandlerWrapper.createSAXParseException(ErrorHandlerWrapper.java:203)
	at com.sun.org.apache.xerces.internal.util.ErrorHandlerWrapper.fatalError(ErrorHandlerWrapper.java:177)
	at com.sun.org.apache.xerces.internal.impl.XMLErrorReporter.reportError(XMLErrorReporter.java:400)
	at com.sun.org.apache.xerces.internal.impl.XMLErrorReporter.reportError(XMLErrorReporter.java:327)
	at com.sun.org.apache.xerces.internal.impl.XMLScanner.reportFatalError(XMLScanner.java:1472)
	at com.sun.org.apache.xerces.internal.impl.XMLScanner.scanAttributeValue(XMLScanner.java:908)
	at com.sun.org.apache.xerces.internal.impl.XMLDocumentFragmentScannerImpl.scanAttribute(XMLDocumentFragmentScannerImpl.java:1548)
	at com.sun.org.apache.xerces.internal.impl.XMLDocumentFragmentScannerImpl.scanStartElement(XMLDocumentFragmentScannerImpl.java:1315)
	at com.sun.org.apache.xerces.internal.impl.XMLDocumentFragmentScannerImpl$FragmentContentDriver.next(XMLDocumentFragmentScannerImpl.java:2784)
	at com.sun.org.apache.xerces.internal.impl.XMLDocumentScannerImpl.next(XMLDocumentScannerImpl.java:602)
	at com.sun.org.apache.xerces.internal.impl.XMLDocumentFragmentScannerImpl.scanDocument(XMLDocumentFragmentScannerImpl.java:505)
	at com.sun.org.apache.xerces.internal.parsers.XML11Configuration.parse(XML11Configuration.java:841)
	at com.sun.org.apache.xerces.internal.parsers.XML11Configuration.parse(XML11Configuration.java:770)
	at com.sun.org.apache.xerces.internal.parsers.XMLParser.parse(XMLParser.java:141)
	at com.sun.org.apache.xerces.internal.parsers.DOMParser.parse(DOMParser.java:243)
	at com.sun.org.apache.xerces.internal.jaxp.DocumentBuilderImpl.parse(DocumentBuilderImpl.java:339)
	at org.eclipse.debug.internal.core.LaunchManager.createInfoFromXML(LaunchManager.java:935)
	at org.eclipse.debug.internal.core.LaunchManager.getInfo(LaunchManager.java:1359)
	at org.eclipse.debug.internal.core.LaunchConfiguration.getInfo(LaunchConfiguration.java:490)
	at org.eclipse.debug.internal.core.LaunchConfiguration.getType(LaunchConfiguration.java:645)
	at org.eclipse.debug.internal.core.LaunchManager.isValid(LaunchManager.java:2091)
	at org.eclipse.debug.internal.core.LaunchManager.verifyConfigurations(LaunchManager.java:2462)
	at org.eclipse.debug.internal.core.LaunchManager.getAllLaunchConfigurations(LaunchManager.java:1140)
	at org.eclipse.debug.internal.core.LaunchManager.getLaunchConfigurations(LaunchManager.java:1444)
	at org.eclipse.debug.internal.core.LaunchManager.getLaunchConfigurations(LaunchManager.java:1439)
	at org.eclipse.launchbar.core.internal.LaunchBarManager.init(LaunchBarManager.java:130)
	at org.eclipse.launchbar.core.internal.LaunchBarManager$1.run(LaunchBarManager.java:96)
	at org.eclipse.core.internal.jobs.Worker.run(Worker.java:63)

!ENTRY org.eclipse.debug.core 4 125 2026-07-28 11:20:40.881
!MESSAGE 调试核心所记录的错误：
!STACK 1
org.eclipse.debug.core.DebugException: 读取启动配置文件 F:\code\vibe_project\rollerball\M33\libraries\components\mtb-device-support-pse8xxgp\make\make\scripts\interface_version_3\eclipse\CM55\ram\_normal\JLink\any\&&_PRJ_NAME&& Program RAM (JLink).launch 时发生了 org.xml.sax.SAXParseException; lineNumber: 3; columnNumber: 66; 在实体引用中, 实体名称必须紧跟在 '&' 后面。。
	at org.eclipse.debug.internal.core.LaunchManager.createDebugException(LaunchManager.java:886)
	at org.eclipse.debug.internal.core.LaunchManager.throwException(LaunchManager.java:2448)
	at org.eclipse.debug.internal.core.LaunchManager.getInfo(LaunchManager.java:1366)
	at org.eclipse.debug.internal.core.LaunchConfiguration.getInfo(LaunchConfiguration.java:490)
	at org.eclipse.debug.internal.core.LaunchConfiguration.getType(LaunchConfiguration.java:645)
	at org.eclipse.debug.internal.core.LaunchManager.isValid(LaunchManager.java:2091)
	at org.eclipse.debug.internal.core.LaunchManager.verifyConfigurations(LaunchManager.java:2462)
	at org.eclipse.debug.internal.core.LaunchManager.getAllLaunchConfigurations(LaunchManager.java:1140)
	at org.eclipse.debug.internal.core.LaunchManager.getLaunchConfigurations(LaunchManager.java:1444)
	at org.eclipse.debug.internal.core.LaunchManager.getLaunchConfigurations(LaunchManager.java:1439)
	at org.eclipse.launchbar.core.internal.LaunchBarManager.init(LaunchBarManager.java:130)
	at org.eclipse.launchbar.core.internal.LaunchBarManager$1.run(LaunchBarManager.java:96)
	at org.eclipse.core.internal.jobs.Worker.run(Worker.java:63)
Caused by: org.xml.sax.SAXParseException; lineNumber: 3; columnNumber: 66; 在实体引用中, 实体名称必须紧跟在 '&' 后面。
	at com.sun.org.apache.xerces.internal.util.ErrorHandlerWrapper.createSAXParseException(ErrorHandlerWrapper.java:203)
	at com.sun.org.apache.xerces.internal.util.ErrorHandlerWrapper.fatalError(ErrorHandlerWrapper.java:177)
	at com.sun.org.apache.xerces.internal.impl.XMLErrorReporter.reportError(XMLErrorReporter.java:400)
	at com.sun.org.apache.xerces.internal.impl.XMLErrorReporter.reportError(XMLErrorReporter.java:327)
	at com.sun.org.apache.xerces.internal.impl.XMLScanner.reportFatalError(XMLScanner.java:1472)
	at com.sun.org.apache.xerces.internal.impl.XMLScanner.scanAttributeValue(XMLScanner.java:908)
	at com.sun.org.apache.xerces.internal.impl.XMLDocumentFragmentScannerImpl.scanAttribute(XMLDocumentFragmentScannerImpl.java:1548)
	at com.sun.org.apache.xerces.internal.impl.XMLDocumentFragmentScannerImpl.scanStartElement(XMLDocumentFragmentScannerImpl.java:1315)
	at com.sun.org.apache.xerces.internal.impl.XMLDocumentFragmentScannerImpl$FragmentContentDriver.next(XMLDocumentFragmentScannerImpl.java:2784)
	at com.sun.org.apache.xerces.internal.impl.XMLDocumentScannerImpl.next(XMLDocumentScannerImpl.java:602)
	at com.sun.org.apache.xerces.internal.impl.XMLDocumentFragmentScannerImpl.scanDocument(XMLDocumentFragmentScannerImpl.java:505)
	at com.sun.org.apache.xerces.internal.parsers.XML11Configuration.parse(XML11Configuration.java:841)
	at com.sun.org.apache.xerces.internal.parsers.XML11Configuration.parse(XML11Configuration.java:770)
	at com.sun.org.apache.xerces.internal.parsers.XMLParser.parse(XMLParser.java:141)
	at com.sun.org.apache.xerces.internal.parsers.DOMParser.parse(DOMParser.java:243)
	at com.sun.org.apache.xerces.internal.jaxp.DocumentBuilderImpl.parse(DocumentBuilderImpl.java:339)
	at org.eclipse.debug.internal.core.LaunchManager.createInfoFromXML(LaunchManager.java:935)
	at org.eclipse.debug.internal.core.LaunchManager.getInfo(LaunchManager.java:1359)
	... 10 more
!SUBENTRY 1 org.eclipse.debug.core 4 5012 2026-07-28 11:20:40.881
!MESSAGE 读取启动配置文件 F:\code\vibe_project\rollerball\M33\libraries\components\mtb-device-support-pse8xxgp\make\make\scripts\interface_version_3\eclipse\CM55\ram\_normal\JLink\any\&&_PRJ_NAME&& Program RAM (JLink).launch 时发生了 org.xml.sax.SAXParseException; lineNumber: 3; columnNumber: 66; 在实体引用中, 实体名称必须紧跟在 '&' 后面。。
!STACK 0
org.xml.sax.SAXParseException; lineNumber: 3; columnNumber: 66; 在实体引用中, 实体名称必须紧跟在 '&' 后面。
	at com.sun.org.apache.xerces.internal.util.ErrorHandlerWrapper.createSAXParseException(ErrorHandlerWrapper.java:203)
	at com.sun.org.apache.xerces.internal.util.ErrorHandlerWrapper.fatalError(ErrorHandlerWrapper.java:177)
	at com.sun.org.apache.xerces.internal.impl.XMLErrorReporter.reportError(XMLErrorReporter.java:400)
	at com.sun.org.apache.xerces.internal.impl.XMLErrorReporter.reportError(XMLErrorReporter.java:327)
	at com.sun.org.apache.xerces.internal.impl.XMLScanner.reportFatalError(XMLScanner.java:1472)
	at com.sun.org.apache.xerces.internal.impl.XMLScanner.scanAttributeValue(XMLScanner.java:908)
	at com.sun.org.apache.xerces.internal.impl.XMLDocumentFragmentScannerImpl.scanAttribute(XMLDocumentFragmentScannerImpl.java:1548)
	at com.sun.org.apache.xerces.internal.impl.XMLDocumentFragmentScannerImpl.scanStartElement(XMLDocumentFragmentScannerImpl.java:1315)
	at com.sun.org.apache.xerces.internal.impl.XMLDocumentFragmentScannerImpl$FragmentContentDriver.next(XMLDocumentFragmentScannerImpl.java:2784)
	at com.sun.org.apache.xerces.internal.impl.XMLDocumentScannerImpl.next(XMLDocumentScannerImpl.java:602)
	at com.sun.org.apache.xerces.internal.impl.XMLDocumentFragmentScannerImpl.scanDocument(XMLDocumentFragmentScannerImpl.java:505)
	at com.sun.org.apache.xerces.internal.parsers.XML11Configuration.parse(XML11Configuration.java:841)
	at com.sun.org.apache.xerces.internal.parsers.XML11Configuration.parse(XML11Configuration.java:770)
	at com.sun.org.apache.xerces.internal.parsers.XMLParser.parse(XMLParser.java:141)
	at com.sun.org.apache.xerces.internal.parsers.DOMParser.parse(DOMParser.java:243)
	at com.sun.org.apache.xerces.internal.jaxp.DocumentBuilderImpl.parse(DocumentBuilderImpl.java:339)
	at org.eclipse.debug.internal.core.LaunchManager.createInfoFromXML(LaunchManager.java:935)
	at org.eclipse.debug.internal.core.LaunchManager.getInfo(LaunchManager.java:1359)
	at org.eclipse.debug.internal.core.LaunchConfiguration.getInfo(LaunchConfiguration.java:490)
	at org.eclipse.debug.internal.core.LaunchConfiguration.getType(LaunchConfiguration.java:645)
	at org.eclipse.debug.internal.core.LaunchManager.isValid(LaunchManager.java:2091)
	at org.eclipse.debug.internal.core.LaunchManager.verifyConfigurations(LaunchManager.java:2462)
	at org.eclipse.debug.internal.core.LaunchManager.getAllLaunchConfigurations(LaunchManager.java:1140)
	at org.eclipse.debug.internal.core.LaunchManager.getLaunchConfigurations(LaunchManager.java:1444)
	at org.eclipse.debug.internal.core.LaunchManager.getLaunchConfigurations(LaunchManager.java:1439)
	at org.eclipse.launchbar.core.internal.LaunchBarManager.init(LaunchBarManager.java:130)
	at org.eclipse.launchbar.core.internal.LaunchBarManager$1.run(LaunchBarManager.java:96)
	at org.eclipse.core.internal.jobs.Worker.run(Worker.java:63)

!ENTRY org.eclipse.debug.core 4 125 2026-07-28 11:20:40.883
!MESSAGE 调试核心所记录的错误：
!STACK 1
org.eclipse.debug.core.DebugException: 读取启动配置文件 F:\code\vibe_project\rollerball\M33\libraries\components\mtb-device-support-pse8xxgp\make\make\scripts\interface_version_3\eclipse\CM55\ram\_normal\KitProg3\any\&&_PRJ_NAME&& Attach (KitProg3_MiniProg4).launch 时发生了 org.xml.sax.SAXParseException; lineNumber: 3; columnNumber: 66; 在实体引用中, 实体名称必须紧跟在 '&' 后面。。
	at org.eclipse.debug.internal.core.LaunchManager.createDebugException(LaunchManager.java:886)
	at org.eclipse.debug.internal.core.LaunchManager.throwException(LaunchManager.java:2448)
	at org.eclipse.debug.internal.core.LaunchManager.getInfo(LaunchManager.java:1366)
	at org.eclipse.debug.internal.core.LaunchConfiguration.getInfo(LaunchConfiguration.java:490)
	at org.eclipse.debug.internal.core.LaunchConfiguration.getType(LaunchConfiguration.java:645)
	at org.eclipse.debug.internal.core.LaunchManager.isValid(LaunchManager.java:2091)
	at org.eclipse.debug.internal.core.LaunchManager.verifyConfigurations(LaunchManager.java:2462)
	at org.eclipse.debug.internal.core.LaunchManager.getAllLaunchConfigurations(LaunchManager.java:1140)
	at org.eclipse.debug.internal.core.LaunchManager.getLaunchConfigurations(LaunchManager.java:1444)
	at org.eclipse.debug.internal.core.LaunchManager.getLaunchConfigurations(LaunchManager.java:1439)
	at org.eclipse.launchbar.core.internal.LaunchBarManager.init(LaunchBarManager.java:130)
	at org.eclipse.launchbar.core.internal.LaunchBarManager$1.run(LaunchBarManager.java:96)
	at org.eclipse.core.internal.jobs.Worker.run(Worker.java:63)
Caused by: org.xml.sax.SAXParseException; lineNumber: 3; columnNumber: 66; 在实体引用中, 实体名称必须紧跟在 '&' 后面。
	at com.sun.org.apache.xerces.internal.util.ErrorHandlerWrapper.createSAXParseException(ErrorHandlerWrapper.java:203)
	at com.sun.org.apache.xerces.internal.util.ErrorHandlerWrapper.fatalError(ErrorHandlerWrapper.java:177)
	at com.sun.org.apache.xerces.internal.impl.XMLErrorReporter.reportError(XMLErrorReporter.java:400)
	at com.sun.org.apache.xerces.internal.impl.XMLErrorReporter.reportError(XMLErrorReporter.java:327)
	at com.sun.org.apache.xerces.internal.impl.XMLScanner.reportFatalError(XMLScanner.java:1472)
	at com.sun.org.apache.xerces.internal.impl.XMLScanner.scanAttributeValue(XMLScanner.java:908)
	at com.sun.org.apache.xerces.internal.impl.XMLDocumentFragmentScannerImpl.scanAttribute(XMLDocumentFragmentScannerImpl.java:1548)
	at com.sun.org.apache.xerces.internal.impl.XMLDocumentFragmentScannerImpl.scanStartElement(XMLDocumentFragmentScannerImpl.java:1315)
	at com.sun.org.apache.xerces.internal.impl.XMLDocumentFragmentScannerImpl$FragmentContentDriver.next(XMLDocumentFragmentScannerImpl.java:2784)
	at com.sun.org.apache.xerces.internal.impl.XMLDocumentScannerImpl.next(XMLDocumentScannerImpl.java:602)
	at com.sun.org.apache.xerces.internal.impl.XMLDocumentFragmentScannerImpl.scanDocument(XMLDocumentFragmentScannerImpl.java:505)
	at com.sun.org.apache.xerces.internal.parsers.XML11Configuration.parse(XML11Configuration.java:841)
	at com.sun.org.apache.xerces.internal.parsers.XML11Configuration.parse(XML11Configuration.java:770)
	at com.sun.org.apache.xerces.internal.parsers.XMLParser.parse(XMLParser.java:141)
	at com.sun.org.apache.xerces.internal.parsers.DOMParser.parse(DOMParser.java:243)
	at com.sun.org.apache.xerces.internal.jaxp.DocumentBuilderImpl.parse(DocumentBuilderImpl.java:339)
	at org.eclipse.debug.internal.core.LaunchManager.createInfoFromXML(LaunchManager.java:935)
	at org.eclipse.debug.internal.core.LaunchManager.getInfo(LaunchManager.java:1359)
	... 10 more
!SUBENTRY 1 org.eclipse.debug.core 4 5012 2026-07-28 11:20:40.883
!MESSAGE 读取启动配置文件 F:\code\vibe_project\rollerball\M33\libraries\components\mtb-device-support-pse8xxgp\make\make\scripts\interface_version_3\eclipse\CM55\ram\_normal\KitProg3\any\&&_PRJ_NAME&& Attach (KitProg3_MiniProg4).launch 时发生了 org.xml.sax.SAXParseException; lineNumber: 3; columnNumber: 66; 在实体引用中, 实体名称必须紧跟在 '&' 后面。。
!STACK 0
org.xml.sax.SAXParseException; lineNumber: 3; columnNumber: 66; 在实体引用中, 实体名称必须紧跟在 '&' 后面。
	at com.sun.org.apache.xerces.internal.util.ErrorHandlerWrapper.createSAXParseException(ErrorHandlerWrapper.java:203)
	at com.sun.org.apache.xerces.internal.util.ErrorHandlerWrapper.fatalError(ErrorHandlerWrapper.java:177)
	at com.sun.org.apache.xerces.internal.impl.XMLErrorReporter.reportError(XMLErrorReporter.java:400)
	at com.sun.org.apache.xerces.internal.impl.XMLErrorReporter.reportError(XMLErrorReporter.java:327)
	at com.sun.org.apache.xerces.internal.impl.XMLScanner.reportFatalError(XMLScanner.java:1472)
	at com.sun.org.apache.xerces.internal.impl.XMLScanner.scanAttributeValue(XMLScanner.java:908)
	at com.sun.org.apache.xerces.internal.impl.XMLDocumentFragmentScannerImpl.scanAttribute(XMLDocumentFragmentScannerImpl.java:1548)
	at com.sun.org.apache.xerces.internal.impl.XMLDocumentFragmentScannerImpl.scanStartElement(XMLDocumentFragmentScannerImpl.java:1315)
	at com.sun.org.apache.xerces.internal.impl.XMLDocumentFragmentScannerImpl$FragmentContentDriver.next(XMLDocumentFragmentScannerImpl.java:2784)
	at com.sun.org.apache.xerces.internal.impl.XMLDocumentScannerImpl.next(XMLDocumentScannerImpl.java:602)
	at com.sun.org.apache.xerces.internal.impl.XMLDocumentFragmentScannerImpl.scanDocument(XMLDocumentFragmentScannerImpl.java:505)
	at com.sun.org.apache.xerces.internal.parsers.XML11Configuration.parse(XML11Configuration.java:841)
	at com.sun.org.apache.xerces.internal.parsers.XML11Configuration.parse(XML11Configuration.java:770)
	at com.sun.org.apache.xerces.internal.parsers.XMLParser.parse(XMLParser.java:141)
	at com.sun.org.apache.xerces.internal.parsers.DOMParser.parse(DOMParser.java:243)
	at com.sun.org.apache.xerces.internal.jaxp.DocumentBuilderImpl.parse(DocumentBuilderImpl.java:339)
	at org.eclipse.debug.internal.core.LaunchManager.createInfoFromXML(LaunchManager.java:935)
	at org.eclipse.debug.internal.core.LaunchManager.getInfo(LaunchManager.java:1359)
	at org.eclipse.debug.internal.core.LaunchConfiguration.getInfo(LaunchConfiguration.java:490)
	at org.eclipse.debug.internal.core.LaunchConfiguration.getType(LaunchConfiguration.java:645)
	at org.eclipse.debug.internal.core.LaunchManager.isValid(LaunchManager.java:2091)
	at org.eclipse.debug.internal.core.LaunchManager.verifyConfigurations(LaunchManager.java:2462)
	at org.eclipse.debug.internal.core.LaunchManager.getAllLaunchConfigurations(LaunchManager.java:1140)
	at org.eclipse.debug.internal.core.LaunchManager.getLaunchConfigurations(LaunchManager.java:1444)
	at org.eclipse.debug.internal.core.LaunchManager.getLaunchConfigurations(LaunchManager.java:1439)
	at org.eclipse.launchbar.core.internal.LaunchBarManager.init(LaunchBarManager.java:130)
	at org.eclipse.launchbar.core.internal.LaunchBarManager$1.run(LaunchBarManager.java:96)
	at org.eclipse.core.internal.jobs.Worker.run(Worker.java:63)

!ENTRY org.eclipse.debug.core 4 125 2026-07-28 11:20:40.885
!MESSAGE 调试核心所记录的错误：
!STACK 1
org.eclipse.debug.core.DebugException: 读取启动配置文件 F:\code\vibe_project\rollerball\M33\libraries\components\mtb-device-support-pse8xxgp\make\make\scripts\interface_version_3\eclipse\CM55\ram\_normal\KitProg3\any\&&_PRJ_NAME&& Program (KitProg3_MiniProg4).launch 时发生了 org.xml.sax.SAXParseException; lineNumber: 3; columnNumber: 66; 在实体引用中, 实体名称必须紧跟在 '&' 后面。。
	at org.eclipse.debug.internal.core.LaunchManager.createDebugException(LaunchManager.java:886)
	at org.eclipse.debug.internal.core.LaunchManager.throwException(LaunchManager.java:2448)
	at org.eclipse.debug.internal.core.LaunchManager.getInfo(LaunchManager.java:1366)
	at org.eclipse.debug.internal.core.LaunchConfiguration.getInfo(LaunchConfiguration.java:490)
	at org.eclipse.debug.internal.core.LaunchConfiguration.getType(LaunchConfiguration.java:645)
	at org.eclipse.debug.internal.core.LaunchManager.isValid(LaunchManager.java:2091)
	at org.eclipse.debug.internal.core.LaunchManager.verifyConfigurations(LaunchManager.java:2462)
	at org.eclipse.debug.internal.core.LaunchManager.getAllLaunchConfigurations(LaunchManager.java:1140)
	at org.eclipse.debug.internal.core.LaunchManager.getLaunchConfigurations(LaunchManager.java:1444)
	at org.eclipse.debug.internal.core.LaunchManager.getLaunchConfigurations(LaunchManager.java:1439)
	at org.eclipse.launchbar.core.internal.LaunchBarManager.init(LaunchBarManager.java:130)
	at org.eclipse.launchbar.core.internal.LaunchBarManager$1.run(LaunchBarManager.java:96)
	at org.eclipse.core.internal.jobs.Worker.run(Worker.java:63)
Caused by: org.xml.sax.SAXParseException; lineNumber: 3; columnNumber: 66; 在实体引用中, 实体名称必须紧跟在 '&' 后面。
	at com.sun.org.apache.xerces.internal.util.ErrorHandlerWrapper.createSAXParseException(ErrorHandlerWrapper.java:203)
	at com.sun.org.apache.xerces.internal.util.ErrorHandlerWrapper.fatalError(ErrorHandlerWrapper.java:177)
	at com.sun.org.apache.xerces.internal.impl.XMLErrorReporter.reportError(XMLErrorReporter.java:400)
	at com.sun.org.apache.xerces.internal.impl.XMLErrorReporter.reportError(XMLErrorReporter.java:327)
	at com.sun.org.apache.xerces.internal.impl.XMLScanner.reportFatalError(XMLScanner.java:1472)
	at com.sun.org.apache.xerces.internal.impl.XMLScanner.scanAttributeValue(XMLScanner.java:908)
	at com.sun.org.apache.xerces.internal.impl.XMLDocumentFragmentScannerImpl.scanAttribute(XMLDocumentFragmentScannerImpl.java:1548)
	at com.sun.org.apache.xerces.internal.impl.XMLDocumentFragmentScannerImpl.scanStartElement(XMLDocumentFragmentScannerImpl.java:1315)
	at com.sun.org.apache.xerces.internal.impl.XMLDocumentFragmentScannerImpl$FragmentContentDriver.next(XMLDocumentFragmentScannerImpl.java:2784)
	at com.sun.org.apache.xerces.internal.impl.XMLDocumentScannerImpl.next(XMLDocumentScannerImpl.java:602)
	at com.sun.org.apache.xerces.internal.impl.XMLDocumentFragmentScannerImpl.scanDocument(XMLDocumentFragmentScannerImpl.java:505)
	at com.sun.org.apache.xerces.internal.parsers.XML11Configuration.parse(XML11Configuration.java:841)
	at com.sun.org.apache.xerces.internal.parsers.XML11Configuration.parse(XML11Configuration.java:770)
	at com.sun.org.apache.xerces.internal.parsers.XMLParser.parse(XMLParser.java:141)
	at com.sun.org.apache.xerces.internal.parsers.DOMParser.parse(DOMParser.java:243)
	at com.sun.org.apache.xerces.internal.jaxp.DocumentBuilderImpl.parse(DocumentBuilderImpl.java:339)
	at org.eclipse.debug.internal.core.LaunchManager.createInfoFromXML(LaunchManager.java:935)
	at org.eclipse.debug.internal.core.LaunchManager.getInfo(LaunchManager.java:1359)
	... 10 more
!SUBENTRY 1 org.eclipse.debug.core 4 5012 2026-07-28 11:20:40.885
!MESSAGE 读取启动配置文件 F:\code\vibe_project\rollerball\M33\libraries\components\mtb-device-support-pse8xxgp\make\make\scripts\interface_version_3\eclipse\CM55\ram\_normal\KitProg3\any\&&_PRJ_NAME&& Program (KitProg3_MiniProg4).launch 时发生了 org.xml.sax.SAXParseException; lineNumber: 3; columnNumber: 66; 在实体引用中, 实体名称必须紧跟在 '&' 后面。。
!STACK 0
org.xml.sax.SAXParseException; lineNumber: 3; columnNumber: 66; 在实体引用中, 实体名称必须紧跟在 '&' 后面。
	at com.sun.org.apache.xerces.internal.util.ErrorHandlerWrapper.createSAXParseException(ErrorHandlerWrapper.java:203)
	at com.sun.org.apache.xerces.internal.util.ErrorHandlerWrapper.fatalError(ErrorHandlerWrapper.java:177)
	at com.sun.org.apache.xerces.internal.impl.XMLErrorReporter.reportError(XMLErrorReporter.java:400)
	at com.sun.org.apache.xerces.internal.impl.XMLErrorReporter.reportError(XMLErrorReporter.java:327)
	at com.sun.org.apache.xerces.internal.impl.XMLScanner.reportFatalError(XMLScanner.java:1472)
	at com.sun.org.apache.xerces.internal.impl.XMLScanner.scanAttributeValue(XMLScanner.java:908)
	at com.sun.org.apache.xerces.internal.impl.XMLDocumentFragmentScannerImpl.scanAttribute(XMLDocumentFragmentScannerImpl.java:1548)
	at com.sun.org.apache.xerces.internal.impl.XMLDocumentFragmentScannerImpl.scanStartElement(XMLDocumentFragmentScannerImpl.java:1315)
	at com.sun.org.apache.xerces.internal.impl.XMLDocumentFragmentScannerImpl$FragmentContentDriver.next(XMLDocumentFragmentScannerImpl.java:2784)
	at com.sun.org.apache.xerces.internal.impl.XMLDocumentScannerImpl.next(XMLDocumentScannerImpl.java:602)
	at com.sun.org.apache.xerces.internal.impl.XMLDocumentFragmentScannerImpl.scanDocument(XMLDocumentFragmentScannerImpl.java:505)
	at com.sun.org.apache.xerces.internal.parsers.XML11Configuration.parse(XML11Configuration.java:841)
	at com.sun.org.apache.xerces.internal.parsers.XML11Configuration.parse(XML11Configuration.java:770)
	at com.sun.org.apache.xerces.internal.parsers.XMLParser.parse(XMLParser.java:141)
	at com.sun.org.apache.xerces.internal.parsers.DOMParser.parse(DOMParser.java:243)
	at com.sun.org.apache.xerces.internal.jaxp.DocumentBuilderImpl.parse(DocumentBuilderImpl.java:339)
	at org.eclipse.debug.internal.core.LaunchManager.createInfoFromXML(LaunchManager.java:935)
	at org.eclipse.debug.internal.core.LaunchManager.getInfo(LaunchManager.java:1359)
	at org.eclipse.debug.internal.core.LaunchConfiguration.getInfo(LaunchConfiguration.java:490)
	at org.eclipse.debug.internal.core.LaunchConfiguration.getType(LaunchConfiguration.java:645)
	at org.eclipse.debug.internal.core.LaunchManager.isValid(LaunchManager.java:2091)
	at org.eclipse.debug.internal.core.LaunchManager.verifyConfigurations(LaunchManager.java:2462)
	at org.eclipse.debug.internal.core.LaunchManager.getAllLaunchConfigurations(LaunchManager.java:1140)
	at org.eclipse.debug.internal.core.LaunchManager.getLaunchConfigurations(LaunchManager.java:1444)
	at org.eclipse.debug.internal.core.LaunchManager.getLaunchConfigurations(LaunchManager.java:1439)
	at org.eclipse.launchbar.core.internal.LaunchBarManager.init(LaunchBarManager.java:130)
	at org.eclipse.launchbar.core.internal.LaunchBarManager$1.run(LaunchBarManager.java:96)
	at org.eclipse.core.internal.jobs.Worker.run(Worker.java:63)

!ENTRY org.eclipse.debug.core 4 125 2026-07-28 11:20:40.888
!MESSAGE 调试核心所记录的错误：
!STACK 1
org.eclipse.debug.core.DebugException: 读取启动配置文件 F:\code\vibe_project\rollerball\M33\libraries\components\mtb-device-support-pse8xxgp\make\make\scripts\interface_version_3\eclipse\CM55\ram\_normal\KitProg3\multi\&&_PRJ_NAME&& Add CM55 to CM33 (KitProg3_MiniProg4).launch 时发生了 org.xml.sax.SAXParseException; lineNumber: 3; columnNumber: 66; 在实体引用中, 实体名称必须紧跟在 '&' 后面。。
	at org.eclipse.debug.internal.core.LaunchManager.createDebugException(LaunchManager.java:886)
	at org.eclipse.debug.internal.core.LaunchManager.throwException(LaunchManager.java:2448)
	at org.eclipse.debug.internal.core.LaunchManager.getInfo(LaunchManager.java:1366)
	at org.eclipse.debug.internal.core.LaunchConfiguration.getInfo(LaunchConfiguration.java:490)
	at org.eclipse.debug.internal.core.LaunchConfiguration.getType(LaunchConfiguration.java:645)
	at org.eclipse.debug.internal.core.LaunchManager.isValid(LaunchManager.java:2091)
	at org.eclipse.debug.internal.core.LaunchManager.verifyConfigurations(LaunchManager.java:2462)
	at org.eclipse.debug.internal.core.LaunchManager.getAllLaunchConfigurations(LaunchManager.java:1140)
	at org.eclipse.debug.internal.core.LaunchManager.getLaunchConfigurations(LaunchManager.java:1444)
	at org.eclipse.debug.internal.core.LaunchManager.getLaunchConfigurations(LaunchManager.java:1439)
	at org.eclipse.launchbar.core.internal.LaunchBarManager.init(LaunchBarManager.java:130)
	at org.eclipse.launchbar.core.internal.LaunchBarManager$1.run(LaunchBarManager.java:96)
	at org.eclipse.core.internal.jobs.Worker.run(Worker.java:63)
Caused by: org.xml.sax.SAXParseException; lineNumber: 3; columnNumber: 66; 在实体引用中, 实体名称必须紧跟在 '&' 后面。
	at com.sun.org.apache.xerces.internal.util.ErrorHandlerWrapper.createSAXParseException(ErrorHandlerWrapper.java:203)
	at com.sun.org.apache.xerces.internal.util.ErrorHandlerWrapper.fatalError(ErrorHandlerWrapper.java:177)
	at com.sun.org.apache.xerces.internal.impl.XMLErrorReporter.reportError(XMLErrorReporter.java:400)
	at com.sun.org.apache.xerces.internal.impl.XMLErrorReporter.reportError(XMLErrorReporter.java:327)
	at com.sun.org.apache.xerces.internal.impl.XMLScanner.reportFatalError(XMLScanner.java:1472)
	at com.sun.org.apache.xerces.internal.impl.XMLScanner.scanAttributeValue(XMLScanner.java:908)
	at com.sun.org.apache.xerces.internal.impl.XMLDocumentFragmentScannerImpl.scanAttribute(XMLDocumentFragmentScannerImpl.java:1548)
	at com.sun.org.apache.xerces.internal.impl.XMLDocumentFragmentScannerImpl.scanStartElement(XMLDocumentFragmentScannerImpl.java:1315)
	at com.sun.org.apache.xerces.internal.impl.XMLDocumentFragmentScannerImpl$FragmentContentDriver.next(XMLDocumentFragmentScannerImpl.java:2784)
	at com.sun.org.apache.xerces.internal.impl.XMLDocumentScannerImpl.next(XMLDocumentScannerImpl.java:602)
	at com.sun.org.apache.xerces.internal.impl.XMLDocumentFragmentScannerImpl.scanDocument(XMLDocumentFragmentScannerImpl.java:505)
	at com.sun.org.apache.xerces.internal.parsers.XML11Configuration.parse(XML11Configuration.java:841)
	at com.sun.org.apache.xerces.internal.parsers.XML11Configuration.parse(XML11Configuration.java:770)
	at com.sun.org.apache.xerces.internal.parsers.XMLParser.parse(XMLParser.java:141)
	at com.sun.org.apache.xerces.internal.parsers.DOMParser.parse(DOMParser.java:243)
	at com.sun.org.apache.xerces.internal.jaxp.DocumentBuilderImpl.parse(DocumentBuilderImpl.java:339)
	at org.eclipse.debug.internal.core.LaunchManager.createInfoFromXML(LaunchManager.java:935)
	at org.eclipse.debug.internal.core.LaunchManager.getInfo(LaunchManager.java:1359)
	... 10 more
!SUBENTRY 1 org.eclipse.debug.core 4 5012 2026-07-28 11:20:40.888
!MESSAGE 读取启动配置文件 F:\code\vibe_project\rollerball\M33\libraries\components\mtb-device-support-pse8xxgp\make\make\scripts\interface_version_3\eclipse\CM55\ram\_normal\KitProg3\multi\&&_PRJ_NAME&& Add CM55 to CM33 (KitProg3_MiniProg4).launch 时发生了 org.xml.sax.SAXParseException; lineNumber: 3; columnNumber: 66; 在实体引用中, 实体名称必须紧跟在 '&' 后面。。
!STACK 0
org.xml.sax.SAXParseException; lineNumber: 3; columnNumber: 66; 在实体引用中, 实体名称必须紧跟在 '&' 后面。
	at com.sun.org.apache.xerces.internal.util.ErrorHandlerWrapper.createSAXParseException(ErrorHandlerWrapper.java:203)
	at com.sun.org.apache.xerces.internal.util.ErrorHandlerWrapper.fatalError(ErrorHandlerWrapper.java:177)
	at com.sun.org.apache.xerces.internal.impl.XMLErrorReporter.reportError(XMLErrorReporter.java:400)
	at com.sun.org.apache.xerces.internal.impl.XMLErrorReporter.reportError(XMLErrorReporter.java:327)
	at com.sun.org.apache.xerces.internal.impl.XMLScanner.reportFatalError(XMLScanner.java:1472)
	at com.sun.org.apache.xerces.internal.impl.XMLScanner.scanAttributeValue(XMLScanner.java:908)
	at com.sun.org.apache.xerces.internal.impl.XMLDocumentFragmentScannerImpl.scanAttribute(XMLDocumentFragmentScannerImpl.java:1548)
	at com.sun.org.apache.xerces.internal.impl.XMLDocumentFragmentScannerImpl.scanStartElement(XMLDocumentFragmentScannerImpl.java:1315)
	at com.sun.org.apache.xerces.internal.impl.XMLDocumentFragmentScannerImpl$FragmentContentDriver.next(XMLDocumentFragmentScannerImpl.java:2784)
	at com.sun.org.apache.xerces.internal.impl.XMLDocumentScannerImpl.next(XMLDocumentScannerImpl.java:602)
	at com.sun.org.apache.xerces.internal.impl.XMLDocumentFragmentScannerImpl.scanDocument(XMLDocumentFragmentScannerImpl.java:505)
	at com.sun.org.apache.xerces.internal.parsers.XML11Configuration.parse(XML11Configuration.java:841)
	at com.sun.org.apache.xerces.internal.parsers.XML11Configuration.parse(XML11Configuration.java:770)
	at com.sun.org.apache.xerces.internal.parsers.XMLParser.parse(XMLParser.java:141)
	at com.sun.org.apache.xerces.internal.parsers.DOMParser.parse(DOMParser.java:243)
	at com.sun.org.apache.xerces.internal.jaxp.DocumentBuilderImpl.parse(DocumentBuilderImpl.java:339)
	at org.eclipse.debug.internal.core.LaunchManager.createInfoFromXML(LaunchManager.java:935)
	at org.eclipse.debug.internal.core.LaunchManager.getInfo(LaunchManager.java:1359)
	at org.eclipse.debug.internal.core.LaunchConfiguration.getInfo(LaunchConfiguration.java:490)
	at org.eclipse.debug.internal.core.LaunchConfiguration.getType(LaunchConfiguration.java:645)
	at org.eclipse.debug.internal.core.LaunchManager.isValid(LaunchManager.java:2091)
	at org.eclipse.debug.internal.core.LaunchManager.verifyConfigurations(LaunchManager.java:2462)
	at org.eclipse.debug.internal.core.LaunchManager.getAllLaunchConfigurations(LaunchManager.java:1140)
	at org.eclipse.debug.internal.core.LaunchManager.getLaunchConfigurations(LaunchManager.java:1444)
	at org.eclipse.debug.internal.core.LaunchManager.getLaunchConfigurations(LaunchManager.java:1439)
	at org.eclipse.launchbar.core.internal.LaunchBarManager.init(LaunchBarManager.java:130)
	at org.eclipse.launchbar.core.internal.LaunchBarManager$1.run(LaunchBarManager.java:96)
	at org.eclipse.core.internal.jobs.Worker.run(Worker.java:63)

!ENTRY org.eclipse.debug.core 4 125 2026-07-28 11:20:40.891
!MESSAGE 调试核心所记录的错误：
!STACK 1
org.eclipse.debug.core.DebugException: 读取启动配置文件 F:\code\vibe_project\rollerball\M33\libraries\components\mtb-device-support-pse8xxgp\make\make\scripts\interface_version_3\eclipse\CM55\ram\virgin\JLink\any\&&_PRJ_NAME&& Attach RAM (JLink).launch 时发生了 org.xml.sax.SAXParseException; lineNumber: 3; columnNumber: 66; 在实体引用中, 实体名称必须紧跟在 '&' 后面。。
	at org.eclipse.debug.internal.core.LaunchManager.createDebugException(LaunchManager.java:886)
	at org.eclipse.debug.internal.core.LaunchManager.throwException(LaunchManager.java:2448)
	at org.eclipse.debug.internal.core.LaunchManager.getInfo(LaunchManager.java:1366)
	at org.eclipse.debug.internal.core.LaunchConfiguration.getInfo(LaunchConfiguration.java:490)
	at org.eclipse.debug.internal.core.LaunchConfiguration.getType(LaunchConfiguration.java:645)
	at org.eclipse.debug.internal.core.LaunchManager.isValid(LaunchManager.java:2091)
	at org.eclipse.debug.internal.core.LaunchManager.verifyConfigurations(LaunchManager.java:2462)
	at org.eclipse.debug.internal.core.LaunchManager.getAllLaunchConfigurations(LaunchManager.java:1140)
	at org.eclipse.debug.internal.core.LaunchManager.getLaunchConfigurations(LaunchManager.java:1444)
	at org.eclipse.debug.internal.core.LaunchManager.getLaunchConfigurations(LaunchManager.java:1439)
	at org.eclipse.launchbar.core.internal.LaunchBarManager.init(LaunchBarManager.java:130)
	at org.eclipse.launchbar.core.internal.LaunchBarManager$1.run(LaunchBarManager.java:96)
	at org.eclipse.core.internal.jobs.Worker.run(Worker.java:63)
Caused by: org.xml.sax.SAXParseException; lineNumber: 3; columnNumber: 66; 在实体引用中, 实体名称必须紧跟在 '&' 后面。
	at com.sun.org.apache.xerces.internal.util.ErrorHandlerWrapper.createSAXParseException(ErrorHandlerWrapper.java:203)
	at com.sun.org.apache.xerces.internal.util.ErrorHandlerWrapper.fatalError(ErrorHandlerWrapper.java:177)
	at com.sun.org.apache.xerces.internal.impl.XMLErrorReporter.reportError(XMLErrorReporter.java:400)
	at com.sun.org.apache.xerces.internal.impl.XMLErrorReporter.reportError(XMLErrorReporter.java:327)
	at com.sun.org.apache.xerces.internal.impl.XMLScanner.reportFatalError(XMLScanner.java:1472)
	at com.sun.org.apache.xerces.internal.impl.XMLScanner.scanAttributeValue(XMLScanner.java:908)
	at com.sun.org.apache.xerces.internal.impl.XMLDocumentFragmentScannerImpl.scanAttribute(XMLDocumentFragmentScannerImpl.java:1548)
	at com.sun.org.apache.xerces.internal.impl.XMLDocumentFragmentScannerImpl.scanStartElement(XMLDocumentFragmentScannerImpl.java:1315)
	at com.sun.org.apache.xerces.internal.impl.XMLDocumentFragmentScannerImpl$FragmentContentDriver.next(XMLDocumentFragmentScannerImpl.java:2784)
	at com.sun.org.apache.xerces.internal.impl.XMLDocumentScannerImpl.next(XMLDocumentScannerImpl.java:602)
	at com.sun.org.apache.xerces.internal.impl.XMLDocumentFragmentScannerImpl.scanDocument(XMLDocumentFragmentScannerImpl.java:505)
	at com.sun.org.apache.xerces.internal.parsers.XML11Configuration.parse(XML11Configuration.java:841)
	at com.sun.org.apache.xerces.internal.parsers.XML11Configuration.parse(XML11Configuration.java:770)
	at com.sun.org.apache.xerces.internal.parsers.XMLParser.parse(XMLParser.java:141)
	at com.sun.org.apache.xerces.internal.parsers.DOMParser.parse(DOMParser.java:243)
	at com.sun.org.apache.xerces.internal.jaxp.DocumentBuilderImpl.parse(DocumentBuilderImpl.java:339)
	at org.eclipse.debug.internal.core.LaunchManager.createInfoFromXML(LaunchManager.java:935)
	at org.eclipse.debug.internal.core.LaunchManager.getInfo(LaunchManager.java:1359)
	... 10 more
!SUBENTRY 1 org.eclipse.debug.core 4 5012 2026-07-28 11:20:40.891
!MESSAGE 读取启动配置文件 F:\code\vibe_project\rollerball\M33\libraries\components\mtb-device-support-pse8xxgp\make\make\scripts\interface_version_3\eclipse\CM55\ram\virgin\JLink\any\&&_PRJ_NAME&& Attach RAM (JLink).launch 时发生了 org.xml.sax.SAXParseException; lineNumber: 3; columnNumber: 66; 在实体引用中, 实体名称必须紧跟在 '&' 后面。。
!STACK 0
org.xml.sax.SAXParseException; lineNumber: 3; columnNumber: 66; 在实体引用中, 实体名称必须紧跟在 '&' 后面。
	at com.sun.org.apache.xerces.internal.util.ErrorHandlerWrapper.createSAXParseException(ErrorHandlerWrapper.java:203)
	at com.sun.org.apache.xerces.internal.util.ErrorHandlerWrapper.fatalError(ErrorHandlerWrapper.java:177)
	at com.sun.org.apache.xerces.internal.impl.XMLErrorReporter.reportError(XMLErrorReporter.java:400)
	at com.sun.org.apache.xerces.internal.impl.XMLErrorReporter.reportError(XMLErrorReporter.java:327)
	at com.sun.org.apache.xerces.internal.impl.XMLScanner.reportFatalError(XMLScanner.java:1472)
	at com.sun.org.apache.xerces.internal.impl.XMLScanner.scanAttributeValue(XMLScanner.java:908)
	at com.sun.org.apache.xerces.internal.impl.XMLDocumentFragmentScannerImpl.scanAttribute(XMLDocumentFragmentScannerImpl.java:1548)
	at com.sun.org.apache.xerces.internal.impl.XMLDocumentFragmentScannerImpl.scanStartElement(XMLDocumentFragmentScannerImpl.java:1315)
	at com.sun.org.apache.xerces.internal.impl.XMLDocumentFragmentScannerImpl$FragmentContentDriver.next(XMLDocumentFragmentScannerImpl.java:2784)
	at com.sun.org.apache.xerces.internal.impl.XMLDocumentScannerImpl.next(XMLDocumentScannerImpl.java:602)
	at com.sun.org.apache.xerces.internal.impl.XMLDocumentFragmentScannerImpl.scanDocument(XMLDocumentFragmentScannerImpl.java:505)
	at com.sun.org.apache.xerces.internal.parsers.XML11Configuration.parse(XML11Configuration.java:841)
	at com.sun.org.apache.xerces.internal.parsers.XML11Configuration.parse(XML11Configuration.java:770)
	at com.sun.org.apache.xerces.internal.parsers.XMLParser.parse(XMLParser.java:141)
	at com.sun.org.apache.xerces.internal.parsers.DOMParser.parse(DOMParser.java:243)
	at com.sun.org.apache.xerces.internal.jaxp.DocumentBuilderImpl.parse(DocumentBuilderImpl.java:339)
	at org.eclipse.debug.internal.core.LaunchManager.createInfoFromXML(LaunchManager.java:935)
	at org.eclipse.debug.internal.core.LaunchManager.getInfo(LaunchManager.java:1359)
	at org.eclipse.debug.internal.core.LaunchConfiguration.getInfo(LaunchConfiguration.java:490)
	at org.eclipse.debug.internal.core.LaunchConfiguration.getType(LaunchConfiguration.java:645)
	at org.eclipse.debug.internal.core.LaunchManager.isValid(LaunchManager.java:2091)
	at org.eclipse.debug.internal.core.LaunchManager.verifyConfigurations(LaunchManager.java:2462)
	at org.eclipse.debug.internal.core.LaunchManager.getAllLaunchConfigurations(LaunchManager.java:1140)
	at org.eclipse.debug.internal.core.LaunchManager.getLaunchConfigurations(LaunchManager.java:1444)
	at org.eclipse.debug.internal.core.LaunchManager.getLaunchConfigurations(LaunchManager.java:1439)
	at org.eclipse.launchbar.core.internal.LaunchBarManager.init(LaunchBarManager.java:130)
	at org.eclipse.launchbar.core.internal.LaunchBarManager$1.run(LaunchBarManager.java:96)
	at org.eclipse.core.internal.jobs.Worker.run(Worker.java:63)

!ENTRY org.eclipse.debug.core 4 125 2026-07-28 11:20:40.893
!MESSAGE 调试核心所记录的错误：
!STACK 1
org.eclipse.debug.core.DebugException: 读取启动配置文件 F:\code\vibe_project\rollerball\M33\libraries\components\mtb-device-support-pse8xxgp\make\make\scripts\interface_version_3\eclipse\CM55\ram\virgin\JLink\any\&&_PRJ_NAME&& Program RAM (JLink).launch 时发生了 org.xml.sax.SAXParseException; lineNumber: 3; columnNumber: 66; 在实体引用中, 实体名称必须紧跟在 '&' 后面。。
	at org.eclipse.debug.internal.core.LaunchManager.createDebugException(LaunchManager.java:886)
	at org.eclipse.debug.internal.core.LaunchManager.throwException(LaunchManager.java:2448)
	at org.eclipse.debug.internal.core.LaunchManager.getInfo(LaunchManager.java:1366)
	at org.eclipse.debug.internal.core.LaunchConfiguration.getInfo(LaunchConfiguration.java:490)
	at org.eclipse.debug.internal.core.LaunchConfiguration.getType(LaunchConfiguration.java:645)
	at org.eclipse.debug.internal.core.LaunchManager.isValid(LaunchManager.java:2091)
	at org.eclipse.debug.internal.core.LaunchManager.verifyConfigurations(LaunchManager.java:2462)
	at org.eclipse.debug.internal.core.LaunchManager.getAllLaunchConfigurations(LaunchManager.java:1140)
	at org.eclipse.debug.internal.core.LaunchManager.getLaunchConfigurations(LaunchManager.java:1444)
	at org.eclipse.debug.internal.core.LaunchManager.getLaunchConfigurations(LaunchManager.java:1439)
	at org.eclipse.launchbar.core.internal.LaunchBarManager.init(LaunchBarManager.java:130)
	at org.eclipse.launchbar.core.internal.LaunchBarManager$1.run(LaunchBarManager.java:96)
	at org.eclipse.core.internal.jobs.Worker.run(Worker.java:63)
Caused by: org.xml.sax.SAXParseException; lineNumber: 3; columnNumber: 66; 在实体引用中, 实体名称必须紧跟在 '&' 后面。
	at com.sun.org.apache.xerces.internal.util.ErrorHandlerWrapper.createSAXParseException(ErrorHandlerWrapper.java:203)
	at com.sun.org.apache.xerces.internal.util.ErrorHandlerWrapper.fatalError(ErrorHandlerWrapper.java:177)
	at com.sun.org.apache.xerces.internal.impl.XMLErrorReporter.reportError(XMLErrorReporter.java:400)
	at com.sun.org.apache.xerces.internal.impl.XMLErrorReporter.reportError(XMLErrorReporter.java:327)
	at com.sun.org.apache.xerces.internal.impl.XMLScanner.reportFatalError(XMLScanner.java:1472)
	at com.sun.org.apache.xerces.internal.impl.XMLScanner.scanAttributeValue(XMLScanner.java:908)
	at com.sun.org.apache.xerces.internal.impl.XMLDocumentFragmentScannerImpl.scanAttribute(XMLDocumentFragmentScannerImpl.java:1548)
	at com.sun.org.apache.xerces.internal.impl.XMLDocumentFragmentScannerImpl.scanStartElement(XMLDocumentFragmentScannerImpl.java:1315)
	at com.sun.org.apache.xerces.internal.impl.XMLDocumentFragmentScannerImpl$FragmentContentDriver.next(XMLDocumentFragmentScannerImpl.java:2784)
	at com.sun.org.apache.xerces.internal.impl.XMLDocumentScannerImpl.next(XMLDocumentScannerImpl.java:602)
	at com.sun.org.apache.xerces.internal.impl.XMLDocumentFragmentScannerImpl.scanDocument(XMLDocumentFragmentScannerImpl.java:505)
	at com.sun.org.apache.xerces.internal.parsers.XML11Configuration.parse(XML11Configuration.java:841)
	at com.sun.org.apache.xerces.internal.parsers.XML11Configuration.parse(XML11Configuration.java:770)
	at com.sun.org.apache.xerces.internal.parsers.XMLParser.parse(XMLParser.java:141)
	at com.sun.org.apache.xerces.internal.parsers.DOMParser.parse(DOMParser.java:243)
	at com.sun.org.apache.xerces.internal.jaxp.DocumentBuilderImpl.parse(DocumentBuilderImpl.java:339)
	at org.eclipse.debug.internal.core.LaunchManager.createInfoFromXML(LaunchManager.java:935)
	at org.eclipse.debug.internal.core.LaunchManager.getInfo(LaunchManager.java:1359)
	... 10 more
!SUBENTRY 1 org.eclipse.debug.core 4 5012 2026-07-28 11:20:40.893
!MESSAGE 读取启动配置文件 F:\code\vibe_project\rollerball\M33\libraries\components\mtb-device-support-pse8xxgp\make\make\scripts\interface_version_3\eclipse\CM55\ram\virgin\JLink\any\&&_PRJ_NAME&& Program RAM (JLink).launch 时发生了 org.xml.sax.SAXParseException; lineNumber: 3; columnNumber: 66; 在实体引用中, 实体名称必须紧跟在 '&' 后面。。
!STACK 0
org.xml.sax.SAXParseException; lineNumber: 3; columnNumber: 66; 在实体引用中, 实体名称必须紧跟在 '&' 后面。
	at com.sun.org.apache.xerces.internal.util.ErrorHandlerWrapper.createSAXParseException(ErrorHandlerWrapper.java:203)
	at com.sun.org.apache.xerces.internal.util.ErrorHandlerWrapper.fatalError(ErrorHandlerWrapper.java:177)
	at com.sun.org.apache.xerces.internal.impl.XMLErrorReporter.reportError(XMLErrorReporter.java:400)
	at com.sun.org.apache.xerces.internal.impl.XMLErrorReporter.reportError(XMLErrorReporter.java:327)
	at com.sun.org.apache.xerces.internal.impl.XMLScanner.reportFatalError(XMLScanner.java:1472)
	at com.sun.org.apache.xerces.internal.impl.XMLScanner.scanAttributeValue(XMLScanner.java:908)
	at com.sun.org.apache.xerces.internal.impl.XMLDocumentFragmentScannerImpl.scanAttribute(XMLDocumentFragmentScannerImpl.java:1548)
	at com.sun.org.apache.xerces.internal.impl.XMLDocumentFragmentScannerImpl.scanStartElement(XMLDocumentFragmentScannerImpl.java:1315)
	at com.sun.org.apache.xerces.internal.impl.XMLDocumentFragmentScannerImpl$FragmentContentDriver.next(XMLDocumentFragmentScannerImpl.java:2784)
	at com.sun.org.apache.xerces.internal.impl.XMLDocumentScannerImpl.next(XMLDocumentScannerImpl.java:602)
	at com.sun.org.apache.xerces.internal.impl.XMLDocumentFragmentScannerImpl.scanDocument(XMLDocumentFragmentScannerImpl.java:505)
	at com.sun.org.apache.xerces.internal.parsers.XML11Configuration.parse(XML11Configuration.java:841)
	at com.sun.org.apache.xerces.internal.parsers.XML11Configuration.parse(XML11Configuration.java:770)
	at com.sun.org.apache.xerces.internal.parsers.XMLParser.parse(XMLParser.java:141)
	at com.sun.org.apache.xerces.internal.parsers.DOMParser.parse(DOMParser.java:243)
	at com.sun.org.apache.xerces.internal.jaxp.DocumentBuilderImpl.parse(DocumentBuilderImpl.java:339)
	at org.eclipse.debug.internal.core.LaunchManager.createInfoFromXML(LaunchManager.java:935)
	at org.eclipse.debug.internal.core.LaunchManager.getInfo(LaunchManager.java:1359)
	at org.eclipse.debug.internal.core.LaunchConfiguration.getInfo(LaunchConfiguration.java:490)
	at org.eclipse.debug.internal.core.LaunchConfiguration.getType(LaunchConfiguration.java:645)
	at org.eclipse.debug.internal.core.LaunchManager.isValid(LaunchManager.java:2091)
	at org.eclipse.debug.internal.core.LaunchManager.verifyConfigurations(LaunchManager.java:2462)
	at org.eclipse.debug.internal.core.LaunchManager.getAllLaunchConfigurations(LaunchManager.java:1140)
	at org.eclipse.debug.internal.core.LaunchManager.getLaunchConfigurations(LaunchManager.java:1444)
	at org.eclipse.debug.internal.core.LaunchManager.getLaunchConfigurations(LaunchManager.java:1439)
	at org.eclipse.launchbar.core.internal.LaunchBarManager.init(LaunchBarManager.java:130)
	at org.eclipse.launchbar.core.internal.LaunchBarManager$1.run(LaunchBarManager.java:96)
	at org.eclipse.core.internal.jobs.Worker.run(Worker.java:63)

!ENTRY org.eclipse.debug.core 4 125 2026-07-28 11:20:40.897
!MESSAGE 调试核心所记录的错误：
!STACK 1
org.eclipse.debug.core.DebugException: 读取启动配置文件 F:\code\vibe_project\rollerball\M33\libraries\components\mtb-device-support-pse8xxgp\make\make\scripts\interface_version_3\eclipse\CM55\ram\virgin\KitProg3\any\&&_PRJ_NAME&& Attach RAM (KitProg3_MiniProg4).launch 时发生了 org.xml.sax.SAXParseException; lineNumber: 3; columnNumber: 66; 在实体引用中, 实体名称必须紧跟在 '&' 后面。。
	at org.eclipse.debug.internal.core.LaunchManager.createDebugException(LaunchManager.java:886)
	at org.eclipse.debug.internal.core.LaunchManager.throwException(LaunchManager.java:2448)
	at org.eclipse.debug.internal.core.LaunchManager.getInfo(LaunchManager.java:1366)
	at org.eclipse.debug.internal.core.LaunchConfiguration.getInfo(LaunchConfiguration.java:490)
	at org.eclipse.debug.internal.core.LaunchConfiguration.getType(LaunchConfiguration.java:645)
	at org.eclipse.debug.internal.core.LaunchManager.isValid(LaunchManager.java:2091)
	at org.eclipse.debug.internal.core.LaunchManager.verifyConfigurations(LaunchManager.java:2462)
	at org.eclipse.debug.internal.core.LaunchManager.getAllLaunchConfigurations(LaunchManager.java:1140)
	at org.eclipse.debug.internal.core.LaunchManager.getLaunchConfigurations(LaunchManager.java:1444)
	at org.eclipse.debug.internal.core.LaunchManager.getLaunchConfigurations(LaunchManager.java:1439)
	at org.eclipse.launchbar.core.internal.LaunchBarManager.init(LaunchBarManager.java:130)
	at org.eclipse.launchbar.core.internal.LaunchBarManager$1.run(LaunchBarManager.java:96)
	at org.eclipse.core.internal.jobs.Worker.run(Worker.java:63)
Caused by: org.xml.sax.SAXParseException; lineNumber: 3; columnNumber: 66; 在实体引用中, 实体名称必须紧跟在 '&' 后面。
	at com.sun.org.apache.xerces.internal.util.ErrorHandlerWrapper.createSAXParseException(ErrorHandlerWrapper.java:203)
	at com.sun.org.apache.xerces.internal.util.ErrorHandlerWrapper.fatalError(ErrorHandlerWrapper.java:177)
	at com.sun.org.apache.xerces.internal.impl.XMLErrorReporter.reportError(XMLErrorReporter.java:400)
	at com.sun.org.apache.xerces.internal.impl.XMLErrorReporter.reportError(XMLErrorReporter.java:327)
	at com.sun.org.apache.xerces.internal.impl.XMLScanner.reportFatalError(XMLScanner.java:1472)
	at com.sun.org.apache.xerces.internal.impl.XMLScanner.scanAttributeValue(XMLScanner.java:908)
	at com.sun.org.apache.xerces.internal.impl.XMLDocumentFragmentScannerImpl.scanAttribute(XMLDocumentFragmentScannerImpl.java:1548)
	at com.sun.org.apache.xerces.internal.impl.XMLDocumentFragmentScannerImpl.scanStartElement(XMLDocumentFragmentScannerImpl.java:1315)
	at com.sun.org.apache.xerces.internal.impl.XMLDocumentFragmentScannerImpl$FragmentContentDriver.next(XMLDocumentFragmentScannerImpl.java:2784)
	at com.sun.org.apache.xerces.internal.impl.XMLDocumentScannerImpl.next(XMLDocumentScannerImpl.java:602)
	at com.sun.org.apache.xerces.internal.impl.XMLDocumentFragmentScannerImpl.scanDocument(XMLDocumentFragmentScannerImpl.java:505)
	at com.sun.org.apache.xerces.internal.parsers.XML11Configuration.parse(XML11Configuration.java:841)
	at com.sun.org.apache.xerces.internal.parsers.XML11Configuration.parse(XML11Configuration.java:770)
	at com.sun.org.apache.xerces.internal.parsers.XMLParser.parse(XMLParser.java:141)
	at com.sun.org.apache.xerces.internal.parsers.DOMParser.parse(DOMParser.java:243)
	at com.sun.org.apache.xerces.internal.jaxp.DocumentBuilderImpl.parse(DocumentBuilderImpl.java:339)
	at org.eclipse.debug.internal.core.LaunchManager.createInfoFromXML(LaunchManager.java:935)
	at org.eclipse.debug.internal.core.LaunchManager.getInfo(LaunchManager.java:1359)
	... 10 more
!SUBENTRY 1 org.eclipse.debug.core 4 5012 2026-07-28 11:20:40.897
!MESSAGE 读取启动配置文件 F:\code\vibe_project\rollerball\M33\libraries\components\mtb-device-support-pse8xxgp\make\make\scripts\interface_version_3\eclipse\CM55\ram\virgin\KitProg3\any\&&_PRJ_NAME&& Attach RAM (KitProg3_MiniProg4).launch 时发生了 org.xml.sax.SAXParseException; lineNumber: 3; columnNumber: 66; 在实体引用中, 实体名称必须紧跟在 '&' 后面。。
!STACK 0
org.xml.sax.SAXParseException; lineNumber: 3; columnNumber: 66; 在实体引用中, 实体名称必须紧跟在 '&' 后面。
	at com.sun.org.apache.xerces.internal.util.ErrorHandlerWrapper.createSAXParseException(ErrorHandlerWrapper.java:203)
	at com.sun.org.apache.xerces.internal.util.ErrorHandlerWrapper.fatalError(ErrorHandlerWrapper.java:177)
	at com.sun.org.apache.xerces.internal.impl.XMLErrorReporter.reportError(XMLErrorReporter.java:400)
	at com.sun.org.apache.xerces.internal.impl.XMLErrorReporter.reportError(XMLErrorReporter.java:327)
	at com.sun.org.apache.xerces.internal.impl.XMLScanner.reportFatalError(XMLScanner.java:1472)
	at com.sun.org.apache.xerces.internal.impl.XMLScanner.scanAttributeValue(XMLScanner.java:908)
	at com.sun.org.apache.xerces.internal.impl.XMLDocumentFragmentScannerImpl.scanAttribute(XMLDocumentFragmentScannerImpl.java:1548)
	at com.sun.org.apache.xerces.internal.impl.XMLDocumentFragmentScannerImpl.scanStartElement(XMLDocumentFragmentScannerImpl.java:1315)
	at com.sun.org.apache.xerces.internal.impl.XMLDocumentFragmentScannerImpl$FragmentContentDriver.next(XMLDocumentFragmentScannerImpl.java:2784)
	at com.sun.org.apache.xerces.internal.impl.XMLDocumentScannerImpl.next(XMLDocumentScannerImpl.java:602)
	at com.sun.org.apache.xerces.internal.impl.XMLDocumentFragmentScannerImpl.scanDocument(XMLDocumentFragmentScannerImpl.java:505)
	at com.sun.org.apache.xerces.internal.parsers.XML11Configuration.parse(XML11Configuration.java:841)
	at com.sun.org.apache.xerces.internal.parsers.XML11Configuration.parse(XML11Configuration.java:770)
	at com.sun.org.apache.xerces.internal.parsers.XMLParser.parse(XMLParser.java:141)
	at com.sun.org.apache.xerces.internal.parsers.DOMParser.parse(DOMParser.java:243)
	at com.sun.org.apache.xerces.internal.jaxp.DocumentBuilderImpl.parse(DocumentBuilderImpl.java:339)
	at org.eclipse.debug.internal.core.LaunchManager.createInfoFromXML(LaunchManager.java:935)
	at org.eclipse.debug.internal.core.LaunchManager.getInfo(LaunchManager.java:1359)
	at org.eclipse.debug.internal.core.LaunchConfiguration.getInfo(LaunchConfiguration.java:490)
	at org.eclipse.debug.internal.core.LaunchConfiguration.getType(LaunchConfiguration.java:645)
	at org.eclipse.debug.internal.core.LaunchManager.isValid(LaunchManager.java:2091)
	at org.eclipse.debug.internal.core.LaunchManager.verifyConfigurations(LaunchManager.java:2462)
	at org.eclipse.debug.internal.core.LaunchManager.getAllLaunchConfigurations(LaunchManager.java:1140)
	at org.eclipse.debug.internal.core.LaunchManager.getLaunchConfigurations(LaunchManager.java:1444)
	at org.eclipse.debug.internal.core.LaunchManager.getLaunchConfigurations(LaunchManager.java:1439)
	at org.eclipse.launchbar.core.internal.LaunchBarManager.init(LaunchBarManager.java:130)
	at org.eclipse.launchbar.core.internal.LaunchBarManager$1.run(LaunchBarManager.java:96)
	at org.eclipse.core.internal.jobs.Worker.run(Worker.java:63)

!ENTRY org.eclipse.debug.core 4 125 2026-07-28 11:20:40.900
!MESSAGE 调试核心所记录的错误：
!STACK 1
org.eclipse.debug.core.DebugException: 读取启动配置文件 F:\code\vibe_project\rollerball\M33\libraries\components\mtb-device-support-pse8xxgp\make\make\scripts\interface_version_3\eclipse\CM55\ram\virgin\KitProg3\any\&&_PRJ_NAME&& Program RAM (KitProg3_MiniProg4).launch 时发生了 org.xml.sax.SAXParseException; lineNumber: 3; columnNumber: 66; 在实体引用中, 实体名称必须紧跟在 '&' 后面。。
	at org.eclipse.debug.internal.core.LaunchManager.createDebugException(LaunchManager.java:886)
	at org.eclipse.debug.internal.core.LaunchManager.throwException(LaunchManager.java:2448)
	at org.eclipse.debug.internal.core.LaunchManager.getInfo(LaunchManager.java:1366)
	at org.eclipse.debug.internal.core.LaunchConfiguration.getInfo(LaunchConfiguration.java:490)
	at org.eclipse.debug.internal.core.LaunchConfiguration.getType(LaunchConfiguration.java:645)
	at org.eclipse.debug.internal.core.LaunchManager.isValid(LaunchManager.java:2091)
	at org.eclipse.debug.internal.core.LaunchManager.verifyConfigurations(LaunchManager.java:2462)
	at org.eclipse.debug.internal.core.LaunchManager.getAllLaunchConfigurations(LaunchManager.java:1140)
	at org.eclipse.debug.internal.core.LaunchManager.getLaunchConfigurations(LaunchManager.java:1444)
	at org.eclipse.debug.internal.core.LaunchManager.getLaunchConfigurations(LaunchManager.java:1439)
	at org.eclipse.launchbar.core.internal.LaunchBarManager.init(LaunchBarManager.java:130)
	at org.eclipse.launchbar.core.internal.LaunchBarManager$1.run(LaunchBarManager.java:96)
	at org.eclipse.core.internal.jobs.Worker.run(Worker.java:63)
Caused by: org.xml.sax.SAXParseException; lineNumber: 3; columnNumber: 66; 在实体引用中, 实体名称必须紧跟在 '&' 后面。
	at com.sun.org.apache.xerces.internal.util.ErrorHandlerWrapper.createSAXParseException(ErrorHandlerWrapper.java:203)
	at com.sun.org.apache.xerces.internal.util.ErrorHandlerWrapper.fatalError(ErrorHandlerWrapper.java:177)
	at com.sun.org.apache.xerces.internal.impl.XMLErrorReporter.reportError(XMLErrorReporter.java:400)
	at com.sun.org.apache.xerces.internal.impl.XMLErrorReporter.reportError(XMLErrorReporter.java:327)
	at com.sun.org.apache.xerces.internal.impl.XMLScanner.reportFatalError(XMLScanner.java:1472)
	at com.sun.org.apache.xerces.internal.impl.XMLScanner.scanAttributeValue(XMLScanner.java:908)
	at com.sun.org.apache.xerces.internal.impl.XMLDocumentFragmentScannerImpl.scanAttribute(XMLDocumentFragmentScannerImpl.java:1548)
	at com.sun.org.apache.xerces.internal.impl.XMLDocumentFragmentScannerImpl.scanStartElement(XMLDocumentFragmentScannerImpl.java:1315)
	at com.sun.org.apache.xerces.internal.impl.XMLDocumentFragmentScannerImpl$FragmentContentDriver.next(XMLDocumentFragmentScannerImpl.java:2784)
	at com.sun.org.apache.xerces.internal.impl.XMLDocumentScannerImpl.next(XMLDocumentScannerImpl.java:602)
	at com.sun.org.apache.xerces.internal.impl.XMLDocumentFragmentScannerImpl.scanDocument(XMLDocumentFragmentScannerImpl.java:505)
	at com.sun.org.apache.xerces.internal.parsers.XML11Configuration.parse(XML11Configuration.java:841)
	at com.sun.org.apache.xerces.internal.parsers.XML11Configuration.parse(XML11Configuration.java:770)
	at com.sun.org.apache.xerces.internal.parsers.XMLParser.parse(XMLParser.java:141)
	at com.sun.org.apache.xerces.internal.parsers.DOMParser.parse(DOMParser.java:243)
	at com.sun.org.apache.xerces.internal.jaxp.DocumentBuilderImpl.parse(DocumentBuilderImpl.java:339)
	at org.eclipse.debug.internal.core.LaunchManager.createInfoFromXML(LaunchManager.java:935)
	at org.eclipse.debug.internal.core.LaunchManager.getInfo(LaunchManager.java:1359)
	... 10 more
!SUBENTRY 1 org.eclipse.debug.core 4 5012 2026-07-28 11:20:40.900
!MESSAGE 读取启动配置文件 F:\code\vibe_project\rollerball\M33\libraries\components\mtb-device-support-pse8xxgp\make\make\scripts\interface_version_3\eclipse\CM55\ram\virgin\KitProg3\any\&&_PRJ_NAME&& Program RAM (KitProg3_MiniProg4).launch 时发生了 org.xml.sax.SAXParseException; lineNumber: 3; columnNumber: 66; 在实体引用中, 实体名称必须紧跟在 '&' 后面。。
!STACK 0
org.xml.sax.SAXParseException; lineNumber: 3; columnNumber: 66; 在实体引用中, 实体名称必须紧跟在 '&' 后面。
	at com.sun.org.apache.xerces.internal.util.ErrorHandlerWrapper.createSAXParseException(ErrorHandlerWrapper.java:203)
	at com.sun.org.apache.xerces.internal.util.ErrorHandlerWrapper.fatalError(ErrorHandlerWrapper.java:177)
	at com.sun.org.apache.xerces.internal.impl.XMLErrorReporter.reportError(XMLErrorReporter.java:400)
	at com.sun.org.apache.xerces.internal.impl.XMLErrorReporter.reportError(XMLErrorReporter.java:327)
	at com.sun.org.apache.xerces.internal.impl.XMLScanner.reportFatalError(XMLScanner.java:1472)
	at com.sun.org.apache.xerces.internal.impl.XMLScanner.scanAttributeValue(XMLScanner.java:908)
	at com.sun.org.apache.xerces.internal.impl.XMLDocumentFragmentScannerImpl.scanAttribute(XMLDocumentFragmentScannerImpl.java:1548)
	at com.sun.org.apache.xerces.internal.impl.XMLDocumentFragmentScannerImpl.scanStartElement(XMLDocumentFragmentScannerImpl.java:1315)
	at com.sun.org.apache.xerces.internal.impl.XMLDocumentFragmentScannerImpl$FragmentContentDriver.next(XMLDocumentFragmentScannerImpl.java:2784)
	at com.sun.org.apache.xerces.internal.impl.XMLDocumentScannerImpl.next(XMLDocumentScannerImpl.java:602)
	at com.sun.org.apache.xerces.internal.impl.XMLDocumentFragmentScannerImpl.scanDocument(XMLDocumentFragmentScannerImpl.java:505)
	at com.sun.org.apache.xerces.internal.parsers.XML11Configuration.parse(XML11Configuration.java:841)
	at com.sun.org.apache.xerces.internal.parsers.XML11Configuration.parse(XML11Configuration.java:770)
	at com.sun.org.apache.xerces.internal.parsers.XMLParser.parse(XMLParser.java:141)
	at com.sun.org.apache.xerces.internal.parsers.DOMParser.parse(DOMParser.java:243)
	at com.sun.org.apache.xerces.internal.jaxp.DocumentBuilderImpl.parse(DocumentBuilderImpl.java:339)
	at org.eclipse.debug.internal.core.LaunchManager.createInfoFromXML(LaunchManager.java:935)
	at org.eclipse.debug.internal.core.LaunchManager.getInfo(LaunchManager.java:1359)
	at org.eclipse.debug.internal.core.LaunchConfiguration.getInfo(LaunchConfiguration.java:490)
	at org.eclipse.debug.internal.core.LaunchConfiguration.getType(LaunchConfiguration.java:645)
	at org.eclipse.debug.internal.core.LaunchManager.isValid(LaunchManager.java:2091)
	at org.eclipse.debug.internal.core.LaunchManager.verifyConfigurations(LaunchManager.java:2462)
	at org.eclipse.debug.internal.core.LaunchManager.getAllLaunchConfigurations(LaunchManager.java:1140)
	at org.eclipse.debug.internal.core.LaunchManager.getLaunchConfigurations(LaunchManager.java:1444)
	at org.eclipse.debug.internal.core.LaunchManager.getLaunchConfigurations(LaunchManager.java:1439)
	at org.eclipse.launchbar.core.internal.LaunchBarManager.init(LaunchBarManager.java:130)
	at org.eclipse.launchbar.core.internal.LaunchBarManager$1.run(LaunchBarManager.java:96)
	at org.eclipse.core.internal.jobs.Worker.run(Worker.java:63)

!ENTRY org.eclipse.debug.core 4 125 2026-07-28 11:20:40.902
!MESSAGE 调试核心所记录的错误：
!STACK 1
org.eclipse.debug.core.DebugException: 读取启动配置文件 F:\code\vibe_project\rollerball\M33\libraries\components\mtb-device-support-pse8xxgp\make\make\scripts\interface_version_3\eclipse\CM55\ram\virgin\KitProg3\multi\&&_PRJ_NAME&& Add CM55 to CM33 RAM (KitProg3_MiniProg4).launch 时发生了 org.xml.sax.SAXParseException; lineNumber: 3; columnNumber: 66; 在实体引用中, 实体名称必须紧跟在 '&' 后面。。
	at org.eclipse.debug.internal.core.LaunchManager.createDebugException(LaunchManager.java:886)
	at org.eclipse.debug.internal.core.LaunchManager.throwException(LaunchManager.java:2448)
	at org.eclipse.debug.internal.core.LaunchManager.getInfo(LaunchManager.java:1366)
	at org.eclipse.debug.internal.core.LaunchConfiguration.getInfo(LaunchConfiguration.java:490)
	at org.eclipse.debug.internal.core.LaunchConfiguration.getType(LaunchConfiguration.java:645)
	at org.eclipse.debug.internal.core.LaunchManager.isValid(LaunchManager.java:2091)
	at org.eclipse.debug.internal.core.LaunchManager.verifyConfigurations(LaunchManager.java:2462)
	at org.eclipse.debug.internal.core.LaunchManager.getAllLaunchConfigurations(LaunchManager.java:1140)
	at org.eclipse.debug.internal.core.LaunchManager.getLaunchConfigurations(LaunchManager.java:1444)
	at org.eclipse.debug.internal.core.LaunchManager.getLaunchConfigurations(LaunchManager.java:1439)
	at org.eclipse.launchbar.core.internal.LaunchBarManager.init(LaunchBarManager.java:130)
	at org.eclipse.launchbar.core.internal.LaunchBarManager$1.run(LaunchBarManager.java:96)
	at org.eclipse.core.internal.jobs.Worker.run(Worker.java:63)
Caused by: org.xml.sax.SAXParseException; lineNumber: 3; columnNumber: 66; 在实体引用中, 实体名称必须紧跟在 '&' 后面。
	at com.sun.org.apache.xerces.internal.util.ErrorHandlerWrapper.createSAXParseException(ErrorHandlerWrapper.java:203)
	at com.sun.org.apache.xerces.internal.util.ErrorHandlerWrapper.fatalError(ErrorHandlerWrapper.java:177)
	at com.sun.org.apache.xerces.internal.impl.XMLErrorReporter.reportError(XMLErrorReporter.java:400)
	at com.sun.org.apache.xerces.internal.impl.XMLErrorReporter.reportError(XMLErrorReporter.java:327)
	at com.sun.org.apache.xerces.internal.impl.XMLScanner.reportFatalError(XMLScanner.java:1472)
	at com.sun.org.apache.xerces.internal.impl.XMLScanner.scanAttributeValue(XMLScanner.java:908)
	at com.sun.org.apache.xerces.internal.impl.XMLDocumentFragmentScannerImpl.scanAttribute(XMLDocumentFragmentScannerImpl.java:1548)
	at com.sun.org.apache.xerces.internal.impl.XMLDocumentFragmentScannerImpl.scanStartElement(XMLDocumentFragmentScannerImpl.java:1315)
	at com.sun.org.apache.xerces.internal.impl.XMLDocumentFragmentScannerImpl$FragmentContentDriver.next(XMLDocumentFragmentScannerImpl.java:2784)
	at com.sun.org.apache.xerces.internal.impl.XMLDocumentScannerImpl.next(XMLDocumentScannerImpl.java:602)
	at com.sun.org.apache.xerces.internal.impl.XMLDocumentFragmentScannerImpl.scanDocument(XMLDocumentFragmentScannerImpl.java:505)
	at com.sun.org.apache.xerces.internal.parsers.XML11Configuration.parse(XML11Configuration.java:841)
	at com.sun.org.apache.xerces.internal.parsers.XML11Configuration.parse(XML11Configuration.java:770)
	at com.sun.org.apache.xerces.internal.parsers.XMLParser.parse(XMLParser.java:141)
	at com.sun.org.apache.xerces.internal.parsers.DOMParser.parse(DOMParser.java:243)
	at com.sun.org.apache.xerces.internal.jaxp.DocumentBuilderImpl.parse(DocumentBuilderImpl.java:339)
	at org.eclipse.debug.internal.core.LaunchManager.createInfoFromXML(LaunchManager.java:935)
	at org.eclipse.debug.internal.core.LaunchManager.getInfo(LaunchManager.java:1359)
	... 10 more
!SUBENTRY 1 org.eclipse.debug.core 4 5012 2026-07-28 11:20:40.902
!MESSAGE 读取启动配置文件 F:\code\vibe_project\rollerball\M33\libraries\components\mtb-device-support-pse8xxgp\make\make\scripts\interface_version_3\eclipse\CM55\ram\virgin\KitProg3\multi\&&_PRJ_NAME&& Add CM55 to CM33 RAM (KitProg3_MiniProg4).launch 时发生了 org.xml.sax.SAXParseException; lineNumber: 3; columnNumber: 66; 在实体引用中, 实体名称必须紧跟在 '&' 后面。。
!STACK 0
org.xml.sax.SAXParseException; lineNumber: 3; columnNumber: 66; 在实体引用中, 实体名称必须紧跟在 '&' 后面。
	at com.sun.org.apache.xerces.internal.util.ErrorHandlerWrapper.createSAXParseException(ErrorHandlerWrapper.java:203)
	at com.sun.org.apache.xerces.internal.util.ErrorHandlerWrapper.fatalError(ErrorHandlerWrapper.java:177)
	at com.sun.org.apache.xerces.internal.impl.XMLErrorReporter.reportError(XMLErrorReporter.java:400)
	at com.sun.org.apache.xerces.internal.impl.XMLErrorReporter.reportError(XMLErrorReporter.java:327)
	at com.sun.org.apache.xerces.internal.impl.XMLScanner.reportFatalError(XMLScanner.java:1472)
	at com.sun.org.apache.xerces.internal.impl.XMLScanner.scanAttributeValue(XMLScanner.java:908)
	at com.sun.org.apache.xerces.internal.impl.XMLDocumentFragmentScannerImpl.scanAttribute(XMLDocumentFragmentScannerImpl.java:1548)
	at com.sun.org.apache.xerces.internal.impl.XMLDocumentFragmentScannerImpl.scanStartElement(XMLDocumentFragmentScannerImpl.java:1315)
	at com.sun.org.apache.xerces.internal.impl.XMLDocumentFragmentScannerImpl$FragmentContentDriver.next(XMLDocumentFragmentScannerImpl.java:2784)
	at com.sun.org.apache.xerces.internal.impl.XMLDocumentScannerImpl.next(XMLDocumentScannerImpl.java:602)
	at com.sun.org.apache.xerces.internal.impl.XMLDocumentFragmentScannerImpl.scanDocument(XMLDocumentFragmentScannerImpl.java:505)
	at com.sun.org.apache.xerces.internal.parsers.XML11Configuration.parse(XML11Configuration.java:841)
	at com.sun.org.apache.xerces.internal.parsers.XML11Configuration.parse(XML11Configuration.java:770)
	at com.sun.org.apache.xerces.internal.parsers.XMLParser.parse(XMLParser.java:141)
	at com.sun.org.apache.xerces.internal.parsers.DOMParser.parse(DOMParser.java:243)
	at com.sun.org.apache.xerces.internal.jaxp.DocumentBuilderImpl.parse(DocumentBuilderImpl.java:339)
	at org.eclipse.debug.internal.core.LaunchManager.createInfoFromXML(LaunchManager.java:935)
	at org.eclipse.debug.internal.core.LaunchManager.getInfo(LaunchManager.java:1359)
	at org.eclipse.debug.internal.core.LaunchConfiguration.getInfo(LaunchConfiguration.java:490)
	at org.eclipse.debug.internal.core.LaunchConfiguration.getType(LaunchConfiguration.java:645)
	at org.eclipse.debug.internal.core.LaunchManager.isValid(LaunchManager.java:2091)
	at org.eclipse.debug.internal.core.LaunchManager.verifyConfigurations(LaunchManager.java:2462)
	at org.eclipse.debug.internal.core.LaunchManager.getAllLaunchConfigurations(LaunchManager.java:1140)
	at org.eclipse.debug.internal.core.LaunchManager.getLaunchConfigurations(LaunchManager.java:1444)
	at org.eclipse.debug.internal.core.LaunchManager.getLaunchConfigurations(LaunchManager.java:1439)
	at org.eclipse.launchbar.core.internal.LaunchBarManager.init(LaunchBarManager.java:130)
	at org.eclipse.launchbar.core.internal.LaunchBarManager$1.run(LaunchBarManager.java:96)
	at org.eclipse.core.internal.jobs.Worker.run(Worker.java:63)

!ENTRY org.eclipse.debug.core 4 125 2026-07-28 11:20:40.904
!MESSAGE 调试核心所记录的错误：
!STACK 1
org.eclipse.debug.core.DebugException: 读取启动配置文件 F:\code\vibe_project\rollerball\M33\libraries\components\mtb-device-support-pse8xxgp\make\make\scripts\interface_version_4\eclipse\Application\flash\_normal\JLink\&&_APP_NAME&& Debug RAM MultiCore (JLink).launch 时发生了 org.xml.sax.SAXParseException; lineNumber: 3; columnNumber: 66; 在实体引用中, 实体名称必须紧跟在 '&' 后面。。
	at org.eclipse.debug.internal.core.LaunchManager.createDebugException(LaunchManager.java:886)
	at org.eclipse.debug.internal.core.LaunchManager.throwException(LaunchManager.java:2448)
	at org.eclipse.debug.internal.core.LaunchManager.getInfo(LaunchManager.java:1366)
	at org.eclipse.debug.internal.core.LaunchConfiguration.getInfo(LaunchConfiguration.java:490)
	at org.eclipse.debug.internal.core.LaunchConfiguration.getType(LaunchConfiguration.java:645)
	at org.eclipse.debug.internal.core.LaunchManager.isValid(LaunchManager.java:2091)
	at org.eclipse.debug.internal.core.LaunchManager.verifyConfigurations(LaunchManager.java:2462)
	at org.eclipse.debug.internal.core.LaunchManager.getAllLaunchConfigurations(LaunchManager.java:1140)
	at org.eclipse.debug.internal.core.LaunchManager.getLaunchConfigurations(LaunchManager.java:1444)
	at org.eclipse.debug.internal.core.LaunchManager.getLaunchConfigurations(LaunchManager.java:1439)
	at org.eclipse.launchbar.core.internal.LaunchBarManager.init(LaunchBarManager.java:130)
	at org.eclipse.launchbar.core.internal.LaunchBarManager$1.run(LaunchBarManager.java:96)
	at org.eclipse.core.internal.jobs.Worker.run(Worker.java:63)
Caused by: org.xml.sax.SAXParseException; lineNumber: 3; columnNumber: 66; 在实体引用中, 实体名称必须紧跟在 '&' 后面。
	at com.sun.org.apache.xerces.internal.util.ErrorHandlerWrapper.createSAXParseException(ErrorHandlerWrapper.java:203)
	at com.sun.org.apache.xerces.internal.util.ErrorHandlerWrapper.fatalError(ErrorHandlerWrapper.java:177)
	at com.sun.org.apache.xerces.internal.impl.XMLErrorReporter.reportError(XMLErrorReporter.java:400)
	at com.sun.org.apache.xerces.internal.impl.XMLErrorReporter.reportError(XMLErrorReporter.java:327)
	at com.sun.org.apache.xerces.internal.impl.XMLScanner.reportFatalError(XMLScanner.java:1472)
	at com.sun.org.apache.xerces.internal.impl.XMLScanner.scanAttributeValue(XMLScanner.java:908)
	at com.sun.org.apache.xerces.internal.impl.XMLDocumentFragmentScannerImpl.scanAttribute(XMLDocumentFragmentScannerImpl.java:1548)
	at com.sun.org.apache.xerces.internal.impl.XMLDocumentFragmentScannerImpl.scanStartElement(XMLDocumentFragmentScannerImpl.java:1315)
	at com.sun.org.apache.xerces.internal.impl.XMLDocumentFragmentScannerImpl$FragmentContentDriver.next(XMLDocumentFragmentScannerImpl.java:2784)
	at com.sun.org.apache.xerces.internal.impl.XMLDocumentScannerImpl.next(XMLDocumentScannerImpl.java:602)
	at com.sun.org.apache.xerces.internal.impl.XMLDocumentFragmentScannerImpl.scanDocument(XMLDocumentFragmentScannerImpl.java:505)
	at com.sun.org.apache.xerces.internal.parsers.XML11Configuration.parse(XML11Configuration.java:841)
	at com.sun.org.apache.xerces.internal.parsers.XML11Configuration.parse(XML11Configuration.java:770)
	at com.sun.org.apache.xerces.internal.parsers.XMLParser.parse(XMLParser.java:141)
	at com.sun.org.apache.xerces.internal.parsers.DOMParser.parse(DOMParser.java:243)
	at com.sun.org.apache.xerces.internal.jaxp.DocumentBuilderImpl.parse(DocumentBuilderImpl.java:339)
	at org.eclipse.debug.internal.core.LaunchManager.createInfoFromXML(LaunchManager.java:935)
	at org.eclipse.debug.internal.core.LaunchManager.getInfo(LaunchManager.java:1359)
	... 10 more
!SUBENTRY 1 org.eclipse.debug.core 4 5012 2026-07-28 11:20:40.904
!MESSAGE 读取启动配置文件 F:\code\vibe_project\rollerball\M33\libraries\components\mtb-device-support-pse8xxgp\make\make\scripts\interface_version_4\eclipse\Application\flash\_normal\JLink\&&_APP_NAME&& Debug RAM MultiCore (JLink).launch 时发生了 org.xml.sax.SAXParseException; lineNumber: 3; columnNumber: 66; 在实体引用中, 实体名称必须紧跟在 '&' 后面。。
!STACK 0
org.xml.sax.SAXParseException; lineNumber: 3; columnNumber: 66; 在实体引用中, 实体名称必须紧跟在 '&' 后面。
	at com.sun.org.apache.xerces.internal.util.ErrorHandlerWrapper.createSAXParseException(ErrorHandlerWrapper.java:203)
	at com.sun.org.apache.xerces.internal.util.ErrorHandlerWrapper.fatalError(ErrorHandlerWrapper.java:177)
	at com.sun.org.apache.xerces.internal.impl.XMLErrorReporter.reportError(XMLErrorReporter.java:400)
	at com.sun.org.apache.xerces.internal.impl.XMLErrorReporter.reportError(XMLErrorReporter.java:327)
	at com.sun.org.apache.xerces.internal.impl.XMLScanner.reportFatalError(XMLScanner.java:1472)
	at com.sun.org.apache.xerces.internal.impl.XMLScanner.scanAttributeValue(XMLScanner.java:908)
	at com.sun.org.apache.xerces.internal.impl.XMLDocumentFragmentScannerImpl.scanAttribute(XMLDocumentFragmentScannerImpl.java:1548)
	at com.sun.org.apache.xerces.internal.impl.XMLDocumentFragmentScannerImpl.scanStartElement(XMLDocumentFragmentScannerImpl.java:1315)
	at com.sun.org.apache.xerces.internal.impl.XMLDocumentFragmentScannerImpl$FragmentContentDriver.next(XMLDocumentFragmentScannerImpl.java:2784)
	at com.sun.org.apache.xerces.internal.impl.XMLDocumentScannerImpl.next(XMLDocumentScannerImpl.java:602)
	at com.sun.org.apache.xerces.internal.impl.XMLDocumentFragmentScannerImpl.scanDocument(XMLDocumentFragmentScannerImpl.java:505)
	at com.sun.org.apache.xerces.internal.parsers.XML11Configuration.parse(XML11Configuration.java:841)
	at com.sun.org.apache.xerces.internal.parsers.XML11Configuration.parse(XML11Configuration.java:770)
	at com.sun.org.apache.xerces.internal.parsers.XMLParser.parse(XMLParser.java:141)
	at com.sun.org.apache.xerces.internal.parsers.DOMParser.parse(DOMParser.java:243)
	at com.sun.org.apache.xerces.internal.jaxp.DocumentBuilderImpl.parse(DocumentBuilderImpl.java:339)
	at org.eclipse.debug.internal.core.LaunchManager.createInfoFromXML(LaunchManager.java:935)
	at org.eclipse.debug.internal.core.LaunchManager.getInfo(LaunchManager.java:1359)
	at org.eclipse.debug.internal.core.LaunchConfiguration.getInfo(LaunchConfiguration.java:490)
	at org.eclipse.debug.internal.core.LaunchConfiguration.getType(LaunchConfiguration.java:645)
	at org.eclipse.debug.internal.core.LaunchManager.isValid(LaunchManager.java:2091)
	at org.eclipse.debug.internal.core.LaunchManager.verifyConfigurations(LaunchManager.java:2462)
	at org.eclipse.debug.internal.core.LaunchManager.getAllLaunchConfigurations(LaunchManager.java:1140)
	at org.eclipse.debug.internal.core.LaunchManager.getLaunchConfigurations(LaunchManager.java:1444)
	at org.eclipse.debug.internal.core.LaunchManager.getLaunchConfigurations(LaunchManager.java:1439)
	at org.eclipse.launchbar.core.internal.LaunchBarManager.init(LaunchBarManager.java:130)
	at org.eclipse.launchbar.core.internal.LaunchBarManager$1.run(LaunchBarManager.java:96)
	at org.eclipse.core.internal.jobs.Worker.run(Worker.java:63)
