!SESSION 2026-07-28 11:02:53.530 -----------------------------------------------
eclipse.buildId=unknown
java.version=1.8.0_144
java.vendor=Oracle Corporation
BootLoader constants: OS=win32, ARCH=x86_64, WS=win32, NL=zh_CN
Command-line arguments:  -os win32 -ws win32 -arch x86_64 -clean

This is a continuation of log file F:\code\vibe_project\rollerball\.metadata\.bak_1.log
Created Time: 2026-07-28 11:20:41.211

!ENTRY org.eclipse.debug.core 4 125 2026-07-28 11:20:41.211
!MESSAGE 调试核心所记录的错误：
!STACK 1
org.eclipse.debug.core.DebugException: 读取启动配置文件 F:\code\vibe_project\rollerball\M55\libraries\components\mtb-device-support-pse8xxgp\make\make\scripts\interface_version_3\eclipse\Application\flash\virgin\KitProg3\&&_APP_NAME&& Program Application (KitProg3_MiniProg4).launch 时发生了 org.xml.sax.SAXParseException; lineNumber: 3; columnNumber: 66; 在实体引用中, 实体名称必须紧跟在 '&' 后面。。
	at org.eclipse.debug.internal.core.LaunchManager.createDebugException(LaunchManager.java:886)
	at org.eclipse.debug.internal.core.LaunchManager.throwException(LaunchManager.java:2448)
	at org.eclipse.debug.internal.core.LaunchManager.getInfo(LaunchManager.java:1366)
	at org.eclipse.debug.internal.core.LaunchConfiguration.getInfo(LaunchConfiguration.java:490)
	at org.eclipse.debug.internal.core.LaunchConfiguration.getType(LaunchConfiguration.java:645)
	at org.eclipse.debug.internal.core.LaunchManager.isValid(LaunchManager.java:2091)
	at org.eclipse.debug.internal.core.LaunchManager.verifyConfigurations(LaunchManager.java:2462)
	at org.eclipse.debug.internal.core.LaunchManager.getAllLaunchConfigurations(LaunchManager.java:1140)
	at org.eclipse.debug.internal.core.LaunchManager.getLaunchConfigurations(LaunchManager.java:1444)
	at org.eclipse.debug.internal.core.LaunchManager.getLaunchConfigurations(LaunchManager.java:1439)
	at org.eclipse.launchbar.core.internal.LaunchBarManager.init(LaunchBarManager.java:130)
	at org.eclipse.launchbar.core.internal.LaunchBarManager$1.run(LaunchBarManager.java:96)
	at org.eclipse.core.internal.jobs.Worker.run(Worker.java:63)
Caused by: org.xml.sax.SAXParseException; lineNumber: 3; columnNumber: 66; 在实体引用中, 实体名称必须紧跟在 '&' 后面。
	at com.sun.org.apache.xerces.internal.util.ErrorHandlerWrapper.createSAXParseException(ErrorHandlerWrapper.java:203)
	at com.sun.org.apache.xerces.internal.util.ErrorHandlerWrapper.fatalError(ErrorHandlerWrapper.java:177)
	at com.sun.org.apache.xerces.internal.impl.XMLErrorReporter.reportError(XMLErrorReporter.java:400)
	at com.sun.org.apache.xerces.internal.impl.XMLErrorReporter.reportError(XMLErrorReporter.java:327)
	at com.sun.org.apache.xerces.internal.impl.XMLScanner.reportFatalError(XMLScanner.java:1472)
	at com.sun.org.apache.xerces.internal.impl.XMLScanner.scanAttributeValue(XMLScanner.java:908)
	at com.sun.org.apache.xerces.internal.impl.XMLDocumentFragmentScannerImpl.scanAttribute(XMLDocumentFragmentScannerImpl.java:1548)
	at com.sun.org.apache.xerces.internal.impl.XMLDocumentFragmentScannerImpl.scanStartElement(XMLDocumentFragmentScannerImpl.java:1315)
	at com.sun.org.apache.xerces.internal.impl.XMLDocumentFragmentScannerImpl$FragmentContentDriver.next(XMLDocumentFragmentScannerImpl.java:2784)
	at com.sun.org.apache.xerces.internal.impl.XMLDocumentScannerImpl.next(XMLDocumentScannerImpl.java:602)
	at com.sun.org.apache.xerces.internal.impl.XMLDocumentFragmentScannerImpl.scanDocument(XMLDocumentFragmentScannerImpl.java:505)
	at com.sun.org.apache.xerces.internal.parsers.XML11Configuration.parse(XML11Configuration.java:841)
	at com.sun.org.apache.xerces.internal.parsers.XML11Configuration.parse(XML11Configuration.java:770)
	at com.sun.org.apache.xerces.internal.parsers.XMLParser.parse(XMLParser.java:141)
	at com.sun.org.apache.xerces.internal.parsers.DOMParser.parse(DOMParser.java:243)
	at com.sun.org.apache.xerces.internal.jaxp.DocumentBuilderImpl.parse(DocumentBuilderImpl.java:339)
	at org.eclipse.debug.internal.core.LaunchManager.createInfoFromXML(LaunchManager.java:935)
	at org.eclipse.debug.internal.core.LaunchManager.getInfo(LaunchManager.java:1359)
	... 10 more
!SUBENTRY 1 org.eclipse.debug.core 4 5012 2026-07-28 11:20:41.211
!MESSAGE 读取启动配置文件 F:\code\vibe_project\rollerball\M55\libraries\components\mtb-device-support-pse8xxgp\make\make\scripts\interface_version_3\eclipse\Application\flash\virgin\KitProg3\&&_APP_NAME&& Program Application (KitProg3_MiniProg4).launch 时发生了 org.xml.sax.SAXParseException; lineNumber: 3; columnNumber: 66; 在实体引用中, 实体名称必须紧跟在 '&' 后面。。
!STACK 0
org.xml.sax.SAXParseException; lineNumber: 3; columnNumber: 66; 在实体引用中, 实体名称必须紧跟在 '&' 后面。
	at com.sun.org.apache.xerces.internal.util.ErrorHandlerWrapper.createSAXParseException(ErrorHandlerWrapper.java:203)
	at com.sun.org.apache.xerces.internal.util.ErrorHandlerWrapper.fatalError(ErrorHandlerWrapper.java:177)
	at com.sun.org.apache.xerces.internal.impl.XMLErrorReporter.reportError(XMLErrorReporter.java:400)
	at com.sun.org.apache.xerces.internal.impl.XMLErrorReporter.reportError(XMLErrorReporter.java:327)
	at com.sun.org.apache.xerces.internal.impl.XMLScanner.reportFatalError(XMLScanner.java:1472)
	at com.sun.org.apache.xerces.internal.impl.XMLScanner.scanAttributeValue(XMLScanner.java:908)
	at com.sun.org.apache.xerces.internal.impl.XMLDocumentFragmentScannerImpl.scanAttribute(XMLDocumentFragmentScannerImpl.java:1548)
	at com.sun.org.apache.xerces.internal.impl.XMLDocumentFragmentScannerImpl.scanStartElement(XMLDocumentFragmentScannerImpl.java:1315)
	at com.sun.org.apache.xerces.internal.impl.XMLDocumentFragmentScannerImpl$FragmentContentDriver.next(XMLDocumentFragmentScannerImpl.java:2784)
	at com.sun.org.apache.xerces.internal.impl.XMLDocumentScannerImpl.next(XMLDocumentScannerImpl.java:602)
	at com.sun.org.apache.xerces.internal.impl.XMLDocumentFragmentScannerImpl.scanDocument(XMLDocumentFragmentScannerImpl.java:505)
	at com.sun.org.apache.xerces.internal.parsers.XML11Configuration.parse(XML11Configuration.java:841)
	at com.sun.org.apache.xerces.internal.parsers.XML11Configuration.parse(XML11Configuration.java:770)
	at com.sun.org.apache.xerces.internal.parsers.XMLParser.parse(XMLParser.java:141)
	at com.sun.org.apache.xerces.internal.parsers.DOMParser.parse(DOMParser.java:243)
	at com.sun.org.apache.xerces.internal.jaxp.DocumentBuilderImpl.parse(DocumentBuilderImpl.java:339)
	at org.eclipse.debug.internal.core.LaunchManager.createInfoFromXML(LaunchManager.java:935)
	at org.eclipse.debug.internal.core.LaunchManager.getInfo(LaunchManager.java:1359)
	at org.eclipse.debug.internal.core.LaunchConfiguration.getInfo(LaunchConfiguration.java:490)
	at org.eclipse.debug.internal.core.LaunchConfiguration.getType(LaunchConfiguration.java:645)
	at org.eclipse.debug.internal.core.LaunchManager.isValid(LaunchManager.java:2091)
	at org.eclipse.debug.internal.core.LaunchManager.verifyConfigurations(LaunchManager.java:2462)
	at org.eclipse.debug.internal.core.LaunchManager.getAllLaunchConfigurations(LaunchManager.java:1140)
	at org.eclipse.debug.internal.core.LaunchManager.getLaunchConfigurations(LaunchManager.java:1444)
	at org.eclipse.debug.internal.core.LaunchManager.getLaunchConfigurations(LaunchManager.java:1439)
	at org.eclipse.launchbar.core.internal.LaunchBarManager.init(LaunchBarManager.java:130)
	at org.eclipse.launchbar.core.internal.LaunchBarManager$1.run(LaunchBarManager.java:96)
	at org.eclipse.core.internal.jobs.Worker.run(Worker.java:63)

!ENTRY org.eclipse.debug.core 4 125 2026-07-28 11:20:41.215
!MESSAGE 调试核心所记录的错误：
!STACK 1
org.eclipse.debug.core.DebugException: 读取启动配置文件 F:\code\vibe_project\rollerball\M55\libraries\components\mtb-device-support-pse8xxgp\make\make\scripts\interface_version_3\eclipse\Application\flash\virgin\KitProg3\&&_APP_NAME&& Start App (KitProg3_MiniProg4).launch 时发生了 org.xml.sax.SAXParseException; lineNumber: 3; columnNumber: 66; 在实体引用中, 实体名称必须紧跟在 '&' 后面。。
	at org.eclipse.debug.internal.core.LaunchManager.createDebugException(LaunchManager.java:886)
	at org.eclipse.debug.internal.core.LaunchManager.throwException(LaunchManager.java:2448)
	at org.eclipse.debug.internal.core.LaunchManager.getInfo(LaunchManager.java:1366)
	at org.eclipse.debug.internal.core.LaunchConfiguration.getInfo(LaunchConfiguration.java:490)
	at org.eclipse.debug.internal.core.LaunchConfiguration.getType(LaunchConfiguration.java:645)
	at org.eclipse.debug.internal.core.LaunchManager.isValid(LaunchManager.java:2091)
	at org.eclipse.debug.internal.core.LaunchManager.verifyConfigurations(LaunchManager.java:2462)
	at org.eclipse.debug.internal.core.LaunchManager.getAllLaunchConfigurations(LaunchManager.java:1140)
	at org.eclipse.debug.internal.core.LaunchManager.getLaunchConfigurations(LaunchManager.java:1444)
	at org.eclipse.debug.internal.core.LaunchManager.getLaunchConfigurations(LaunchManager.java:1439)
	at org.eclipse.launchbar.core.internal.LaunchBarManager.init(LaunchBarManager.java:130)
	at org.eclipse.launchbar.core.internal.LaunchBarManager$1.run(LaunchBarManager.java:96)
	at org.eclipse.core.internal.jobs.Worker.run(Worker.java:63)
Caused by: org.xml.sax.SAXParseException; lineNumber: 3; columnNumber: 66; 在实体引用中, 实体名称必须紧跟在 '&' 后面。
	at com.sun.org.apache.xerces.internal.util.ErrorHandlerWrapper.createSAXParseException(ErrorHandlerWrapper.java:203)
	at com.sun.org.apache.xerces.internal.util.ErrorHandlerWrapper.fatalError(ErrorHandlerWrapper.java:177)
	at com.sun.org.apache.xerces.internal.impl.XMLErrorReporter.reportError(XMLErrorReporter.java:400)
	at com.sun.org.apache.xerces.internal.impl.XMLErrorReporter.reportError(XMLErrorReporter.java:327)
	at com.sun.org.apache.xerces.internal.impl.XMLScanner.reportFatalError(XMLScanner.java:1472)
	at com.sun.org.apache.xerces.internal.impl.XMLScanner.scanAttributeValue(XMLScanner.java:908)
	at com.sun.org.apache.xerces.internal.impl.XMLDocumentFragmentScannerImpl.scanAttribute(XMLDocumentFragmentScannerImpl.java:1548)
	at com.sun.org.apache.xerces.internal.impl.XMLDocumentFragmentScannerImpl.scanStartElement(XMLDocumentFragmentScannerImpl.java:1315)
	at com.sun.org.apache.xerces.internal.impl.XMLDocumentFragmentScannerImpl$FragmentContentDriver.next(XMLDocumentFragmentScannerImpl.java:2784)
	at com.sun.org.apache.xerces.internal.impl.XMLDocumentScannerImpl.next(XMLDocumentScannerImpl.java:602)
	at com.sun.org.apache.xerces.internal.impl.XMLDocumentFragmentScannerImpl.scanDocument(XMLDocumentFragmentScannerImpl.java:505)
	at com.sun.org.apache.xerces.internal.parsers.XML11Configuration.parse(XML11Configuration.java:841)
	at com.sun.org.apache.xerces.internal.parsers.XML11Configuration.parse(XML11Configuration.java:770)
	at com.sun.org.apache.xerces.internal.parsers.XMLParser.parse(XMLParser.java:141)
	at com.sun.org.apache.xerces.internal.parsers.DOMParser.parse(DOMParser.java:243)
	at com.sun.org.apache.xerces.internal.jaxp.DocumentBuilderImpl.parse(DocumentBuilderImpl.java:339)
	at org.eclipse.debug.internal.core.LaunchManager.createInfoFromXML(LaunchManager.java:935)
	at org.eclipse.debug.internal.core.LaunchManager.getInfo(LaunchManager.java:1359)
	... 10 more
!SUBENTRY 1 org.eclipse.debug.core 4 5012 2026-07-28 11:20:41.215
!MESSAGE 读取启动配置文件 F:\code\vibe_project\rollerball\M55\libraries\components\mtb-device-support-pse8xxgp\make\make\scripts\interface_version_3\eclipse\Application\flash\virgin\KitProg3\&&_APP_NAME&& Start App (KitProg3_MiniProg4).launch 时发生了 org.xml.sax.SAXParseException; lineNumber: 3; columnNumber: 66; 在实体引用中, 实体名称必须紧跟在 '&' 后面。。
!STACK 0
org.xml.sax.SAXParseException; lineNumber: 3; columnNumber: 66; 在实体引用中, 实体名称必须紧跟在 '&' 后面。
	at com.sun.org.apache.xerces.internal.util.ErrorHandlerWrapper.createSAXParseException(ErrorHandlerWrapper.java:203)
	at com.sun.org.apache.xerces.internal.util.ErrorHandlerWrapper.fatalError(ErrorHandlerWrapper.java:177)
	at com.sun.org.apache.xerces.internal.impl.XMLErrorReporter.reportError(XMLErrorReporter.java:400)
	at com.sun.org.apache.xerces.internal.impl.XMLErrorReporter.reportError(XMLErrorReporter.java:327)
	at com.sun.org.apache.xerces.internal.impl.XMLScanner.reportFatalError(XMLScanner.java:1472)
	at com.sun.org.apache.xerces.internal.impl.XMLScanner.scanAttributeValue(XMLScanner.java:908)
	at com.sun.org.apache.xerces.internal.impl.XMLDocumentFragmentScannerImpl.scanAttribute(XMLDocumentFragmentScannerImpl.java:1548)
	at com.sun.org.apache.xerces.internal.impl.XMLDocumentFragmentScannerImpl.scanStartElement(XMLDocumentFragmentScannerImpl.java:1315)
	at com.sun.org.apache.xerces.internal.impl.XMLDocumentFragmentScannerImpl$FragmentContentDriver.next(XMLDocumentFragmentScannerImpl.java:2784)
	at com.sun.org.apache.xerces.internal.impl.XMLDocumentScannerImpl.next(XMLDocumentScannerImpl.java:602)
	at com.sun.org.apache.xerces.internal.impl.XMLDocumentFragmentScannerImpl.scanDocument(XMLDocumentFragmentScannerImpl.java:505)
	at com.sun.org.apache.xerces.internal.parsers.XML11Configuration.parse(XML11Configuration.java:841)
	at com.sun.org.apache.xerces.internal.parsers.XML11Configuration.parse(XML11Configuration.java:770)
	at com.sun.org.apache.xerces.internal.parsers.XMLParser.parse(XMLParser.java:141)
	at com.sun.org.apache.xerces.internal.parsers.DOMParser.parse(DOMParser.java:243)
	at com.sun.org.apache.xerces.internal.jaxp.DocumentBuilderImpl.parse(DocumentBuilderImpl.java:339)
	at org.eclipse.debug.internal.core.LaunchManager.createInfoFromXML(LaunchManager.java:935)
	at org.eclipse.debug.internal.core.LaunchManager.getInfo(LaunchManager.java:1359)
	at org.eclipse.debug.internal.core.LaunchConfiguration.getInfo(LaunchConfiguration.java:490)
	at org.eclipse.debug.internal.core.LaunchConfiguration.getType(LaunchConfiguration.java:645)
	at org.eclipse.debug.internal.core.LaunchManager.isValid(LaunchManager.java:2091)
	at org.eclipse.debug.internal.core.LaunchManager.verifyConfigurations(LaunchManager.java:2462)
	at org.eclipse.debug.internal.core.LaunchManager.getAllLaunchConfigurations(LaunchManager.java:1140)
	at org.eclipse.debug.internal.core.LaunchManager.getLaunchConfigurations(LaunchManager.java:1444)
	at org.eclipse.debug.internal.core.LaunchManager.getLaunchConfigurations(LaunchManager.java:1439)
	at org.eclipse.launchbar.core.internal.LaunchBarManager.init(LaunchBarManager.java:130)
	at org.eclipse.launchbar.core.internal.LaunchBarManager$1.run(LaunchBarManager.java:96)
	at org.eclipse.core.internal.jobs.Worker.run(Worker.java:63)

!ENTRY org.eclipse.debug.core 4 125 2026-07-28 11:20:41.215
!MESSAGE 调试核心所记录的错误：
!STACK 1
org.eclipse.debug.core.DebugException: 读取启动配置文件 F:\code\vibe_project\rollerball\M55\libraries\components\mtb-device-support-pse8xxgp\make\make\scripts\interface_version_3\eclipse\Application\ram\_normal\JLink\&&_APP_NAME&& Debug RAM MultiCore (JLink).launch 时发生了 org.xml.sax.SAXParseException; lineNumber: 3; columnNumber: 66; 在实体引用中, 实体名称必须紧跟在 '&' 后面。。
	at org.eclipse.debug.internal.core.LaunchManager.createDebugException(LaunchManager.java:886)
	at org.eclipse.debug.internal.core.LaunchManager.throwException(LaunchManager.java:2448)
	at org.eclipse.debug.internal.core.LaunchManager.getInfo(LaunchManager.java:1366)
	at org.eclipse.debug.internal.core.LaunchConfiguration.getInfo(LaunchConfiguration.java:490)
	at org.eclipse.debug.internal.core.LaunchConfiguration.getType(LaunchConfiguration.java:645)
	at org.eclipse.debug.internal.core.LaunchManager.isValid(LaunchManager.java:2091)
	at org.eclipse.debug.internal.core.LaunchManager.verifyConfigurations(LaunchManager.java:2462)
	at org.eclipse.debug.internal.core.LaunchManager.getAllLaunchConfigurations(LaunchManager.java:1140)
	at org.eclipse.debug.internal.core.LaunchManager.getLaunchConfigurations(LaunchManager.java:1444)
	at org.eclipse.debug.internal.core.LaunchManager.getLaunchConfigurations(LaunchManager.java:1439)
	at org.eclipse.launchbar.core.internal.LaunchBarManager.init(LaunchBarManager.java:130)
	at org.eclipse.launchbar.core.internal.LaunchBarManager$1.run(LaunchBarManager.java:96)
	at org.eclipse.core.internal.jobs.Worker.run(Worker.java:63)
Caused by: org.xml.sax.SAXParseException; lineNumber: 3; columnNumber: 66; 在实体引用中, 实体名称必须紧跟在 '&' 后面。
	at com.sun.org.apache.xerces.internal.util.ErrorHandlerWrapper.createSAXParseException(ErrorHandlerWrapper.java:203)
	at com.sun.org.apache.xerces.internal.util.ErrorHandlerWrapper.fatalError(ErrorHandlerWrapper.java:177)
	at com.sun.org.apache.xerces.internal.impl.XMLErrorReporter.reportError(XMLErrorReporter.java:400)
	at com.sun.org.apache.xerces.internal.impl.XMLErrorReporter.reportError(XMLErrorReporter.java:327)
	at com.sun.org.apache.xerces.internal.impl.XMLScanner.reportFatalError(XMLScanner.java:1472)
	at com.sun.org.apache.xerces.internal.impl.XMLScanner.scanAttributeValue(XMLScanner.java:908)
	at com.sun.org.apache.xerces.internal.impl.XMLDocumentFragmentScannerImpl.scanAttribute(XMLDocumentFragmentScannerImpl.java:1548)
	at com.sun.org.apache.xerces.internal.impl.XMLDocumentFragmentScannerImpl.scanStartElement(XMLDocumentFragmentScannerImpl.java:1315)
	at com.sun.org.apache.xerces.internal.impl.XMLDocumentFragmentScannerImpl$FragmentContentDriver.next(XMLDocumentFragmentScannerImpl.java:2784)
	at com.sun.org.apache.xerces.internal.impl.XMLDocumentScannerImpl.next(XMLDocumentScannerImpl.java:602)
	at com.sun.org.apache.xerces.internal.impl.XMLDocumentFragmentScannerImpl.scanDocument(XMLDocumentFragmentScannerImpl.java:505)
	at com.sun.org.apache.xerces.internal.parsers.XML11Configuration.parse(XML11Configuration.java:841)
	at com.sun.org.apache.xerces.internal.parsers.XML11Configuration.parse(XML11Configuration.java:770)
	at com.sun.org.apache.xerces.internal.parsers.XMLParser.parse(XMLParser.java:141)
	at com.sun.org.apache.xerces.internal.parsers.DOMParser.parse(DOMParser.java:243)
	at com.sun.org.apache.xerces.internal.jaxp.DocumentBuilderImpl.parse(DocumentBuilderImpl.java:339)
	at org.eclipse.debug.internal.core.LaunchManager.createInfoFromXML(LaunchManager.java:935)
	at org.eclipse.debug.internal.core.LaunchManager.getInfo(LaunchManager.java:1359)
	... 10 more
!SUBENTRY 1 org.eclipse.debug.core 4 5012 2026-07-28 11:20:41.215
!MESSAGE 读取启动配置文件 F:\code\vibe_project\rollerball\M55\libraries\components\mtb-device-support-pse8xxgp\make\make\scripts\interface_version_3\eclipse\Application\ram\_normal\JLink\&&_APP_NAME&& Debug RAM MultiCore (JLink).launch 时发生了 org.xml.sax.SAXParseException; lineNumber: 3; columnNumber: 66; 在实体引用中, 实体名称必须紧跟在 '&' 后面。。
!STACK 0
org.xml.sax.SAXParseException; lineNumber: 3; columnNumber: 66; 在实体引用中, 实体名称必须紧跟在 '&' 后面。
	at com.sun.org.apache.xerces.internal.util.ErrorHandlerWrapper.createSAXParseException(ErrorHandlerWrapper.java:203)
	at com.sun.org.apache.xerces.internal.util.ErrorHandlerWrapper.fatalError(ErrorHandlerWrapper.java:177)
	at com.sun.org.apache.xerces.internal.impl.XMLErrorReporter.reportError(XMLErrorReporter.java:400)
	at com.sun.org.apache.xerces.internal.impl.XMLErrorReporter.reportError(XMLErrorReporter.java:327)
	at com.sun.org.apache.xerces.internal.impl.XMLScanner.reportFatalError(XMLScanner.java:1472)
	at com.sun.org.apache.xerces.internal.impl.XMLScanner.scanAttributeValue(XMLScanner.java:908)
	at com.sun.org.apache.xerces.internal.impl.XMLDocumentFragmentScannerImpl.scanAttribute(XMLDocumentFragmentScannerImpl.java:1548)
	at com.sun.org.apache.xerces.internal.impl.XMLDocumentFragmentScannerImpl.scanStartElement(XMLDocumentFragmentScannerImpl.java:1315)
	at com.sun.org.apache.xerces.internal.impl.XMLDocumentFragmentScannerImpl$FragmentContentDriver.next(XMLDocumentFragmentScannerImpl.java:2784)
	at com.sun.org.apache.xerces.internal.impl.XMLDocumentScannerImpl.next(XMLDocumentScannerImpl.java:602)
	at com.sun.org.apache.xerces.internal.impl.XMLDocumentFragmentScannerImpl.scanDocument(XMLDocumentFragmentScannerImpl.java:505)
	at com.sun.org.apache.xerces.internal.parsers.XML11Configuration.parse(XML11Configuration.java:841)
	at com.sun.org.apache.xerces.internal.parsers.XML11Configuration.parse(XML11Configuration.java:770)
	at com.sun.org.apache.xerces.internal.parsers.XMLParser.parse(XMLParser.java:141)
	at com.sun.org.apache.xerces.internal.parsers.DOMParser.parse(DOMParser.java:243)
	at com.sun.org.apache.xerces.internal.jaxp.DocumentBuilderImpl.parse(DocumentBuilderImpl.java:339)
	at org.eclipse.debug.internal.core.LaunchManager.createInfoFromXML(LaunchManager.java:935)
	at org.eclipse.debug.internal.core.LaunchManager.getInfo(LaunchManager.java:1359)
	at org.eclipse.debug.internal.core.LaunchConfiguration.getInfo(LaunchConfiguration.java:490)
	at org.eclipse.debug.internal.core.LaunchConfiguration.getType(LaunchConfiguration.java:645)
	at org.eclipse.debug.internal.core.LaunchManager.isValid(LaunchManager.java:2091)
	at org.eclipse.debug.internal.core.LaunchManager.verifyConfigurations(LaunchManager.java:2462)
	at org.eclipse.debug.internal.core.LaunchManager.getAllLaunchConfigurations(LaunchManager.java:1140)
	at org.eclipse.debug.internal.core.LaunchManager.getLaunchConfigurations(LaunchManager.java:1444)
	at org.eclipse.debug.internal.core.LaunchManager.getLaunchConfigurations(LaunchManager.java:1439)
	at org.eclipse.launchbar.core.internal.LaunchBarManager.init(LaunchBarManager.java:130)
	at org.eclipse.launchbar.core.internal.LaunchBarManager$1.run(LaunchBarManager.java:96)
	at org.eclipse.core.internal.jobs.Worker.run(Worker.java:63)

!ENTRY org.eclipse.debug.core 4 125 2026-07-28 11:20:41.221
!MESSAGE 调试核心所记录的错误：
!STACK 1
org.eclipse.debug.core.DebugException: 读取启动配置文件 F:\code\vibe_project\rollerball\M55\libraries\components\mtb-device-support-pse8xxgp\make\make\scripts\interface_version_3\eclipse\Application\ram\_normal\JLink\&&_APP_NAME&& Program RAM Application (JLink).launch 时发生了 org.xml.sax.SAXParseException; lineNumber: 3; columnNumber: 66; 在实体引用中, 实体名称必须紧跟在 '&' 后面。。
	at org.eclipse.debug.internal.core.LaunchManager.createDebugException(LaunchManager.java:886)
	at org.eclipse.debug.internal.core.LaunchManager.throwException(LaunchManager.java:2448)
	at org.eclipse.debug.internal.core.LaunchManager.getInfo(LaunchManager.java:1366)
	at org.eclipse.debug.internal.core.LaunchConfiguration.getInfo(LaunchConfiguration.java:490)
	at org.eclipse.debug.internal.core.LaunchConfiguration.getType(LaunchConfiguration.java:645)
	at org.eclipse.debug.internal.core.LaunchManager.isValid(LaunchManager.java:2091)
	at org.eclipse.debug.internal.core.LaunchManager.verifyConfigurations(LaunchManager.java:2462)
	at org.eclipse.debug.internal.core.LaunchManager.getAllLaunchConfigurations(LaunchManager.java:1140)
	at org.eclipse.debug.internal.core.LaunchManager.getLaunchConfigurations(LaunchManager.java:1444)
	at org.eclipse.debug.internal.core.LaunchManager.getLaunchConfigurations(LaunchManager.java:1439)
	at org.eclipse.launchbar.core.internal.LaunchBarManager.init(LaunchBarManager.java:130)
	at org.eclipse.launchbar.core.internal.LaunchBarManager$1.run(LaunchBarManager.java:96)
	at org.eclipse.core.internal.jobs.Worker.run(Worker.java:63)
Caused by: org.xml.sax.SAXParseException; lineNumber: 3; columnNumber: 66; 在实体引用中, 实体名称必须紧跟在 '&' 后面。
	at com.sun.org.apache.xerces.internal.util.ErrorHandlerWrapper.createSAXParseException(ErrorHandlerWrapper.java:203)
	at com.sun.org.apache.xerces.internal.util.ErrorHandlerWrapper.fatalError(ErrorHandlerWrapper.java:177)
	at com.sun.org.apache.xerces.internal.impl.XMLErrorReporter.reportError(XMLErrorReporter.java:400)
	at com.sun.org.apache.xerces.internal.impl.XMLErrorReporter.reportError(XMLErrorReporter.java:327)
	at com.sun.org.apache.xerces.internal.impl.XMLScanner.reportFatalError(XMLScanner.java:1472)
	at com.sun.org.apache.xerces.internal.impl.XMLScanner.scanAttributeValue(XMLScanner.java:908)
	at com.sun.org.apache.xerces.internal.impl.XMLDocumentFragmentScannerImpl.scanAttribute(XMLDocumentFragmentScannerImpl.java:1548)
	at com.sun.org.apache.xerces.internal.impl.XMLDocumentFragmentScannerImpl.scanStartElement(XMLDocumentFragmentScannerImpl.java:1315)
	at com.sun.org.apache.xerces.internal.impl.XMLDocumentFragmentScannerImpl$FragmentContentDriver.next(XMLDocumentFragmentScannerImpl.java:2784)
	at com.sun.org.apache.xerces.internal.impl.XMLDocumentScannerImpl.next(XMLDocumentScannerImpl.java:602)
	at com.sun.org.apache.xerces.internal.impl.XMLDocumentFragmentScannerImpl.scanDocument(XMLDocumentFragmentScannerImpl.java:505)
	at com.sun.org.apache.xerces.internal.parsers.XML11Configuration.parse(XML11Configuration.java:841)
	at com.sun.org.apache.xerces.internal.parsers.XML11Configuration.parse(XML11Configuration.java:770)
	at com.sun.org.apache.xerces.internal.parsers.XMLParser.parse(XMLParser.java:141)
	at com.sun.org.apache.xerces.internal.parsers.DOMParser.parse(DOMParser.java:243)
	at com.sun.org.apache.xerces.internal.jaxp.DocumentBuilderImpl.parse(DocumentBuilderImpl.java:339)
	at org.eclipse.debug.internal.core.LaunchManager.createInfoFromXML(LaunchManager.java:935)
	at org.eclipse.debug.internal.core.LaunchManager.getInfo(LaunchManager.java:1359)
	... 10 more
!SUBENTRY 1 org.eclipse.debug.core 4 5012 2026-07-28 11:20:41.221
!MESSAGE 读取启动配置文件 F:\code\vibe_project\rollerball\M55\libraries\components\mtb-device-support-pse8xxgp\make\make\scripts\interface_version_3\eclipse\Application\ram\_normal\JLink\&&_APP_NAME&& Program RAM Application (JLink).launch 时发生了 org.xml.sax.SAXParseException; lineNumber: 3; columnNumber: 66; 在实体引用中, 实体名称必须紧跟在 '&' 后面。。
!STACK 0
org.xml.sax.SAXParseException; lineNumber: 3; columnNumber: 66; 在实体引用中, 实体名称必须紧跟在 '&' 后面。
	at com.sun.org.apache.xerces.internal.util.ErrorHandlerWrapper.createSAXParseException(ErrorHandlerWrapper.java:203)
	at com.sun.org.apache.xerces.internal.util.ErrorHandlerWrapper.fatalError(ErrorHandlerWrapper.java:177)
	at com.sun.org.apache.xerces.internal.impl.XMLErrorReporter.reportError(XMLErrorReporter.java:400)
	at com.sun.org.apache.xerces.internal.impl.XMLErrorReporter.reportError(XMLErrorReporter.java:327)
	at com.sun.org.apache.xerces.internal.impl.XMLScanner.reportFatalError(XMLScanner.java:1472)
	at com.sun.org.apache.xerces.internal.impl.XMLScanner.scanAttributeValue(XMLScanner.java:908)
	at com.sun.org.apache.xerces.internal.impl.XMLDocumentFragmentScannerImpl.scanAttribute(XMLDocumentFragmentScannerImpl.java:1548)
	at com.sun.org.apache.xerces.internal.impl.XMLDocumentFragmentScannerImpl.scanStartElement(XMLDocumentFragmentScannerImpl.java:1315)
	at com.sun.org.apache.xerces.internal.impl.XMLDocumentFragmentScannerImpl$FragmentContentDriver.next(XMLDocumentFragmentScannerImpl.java:2784)
	at com.sun.org.apache.xerces.internal.impl.XMLDocumentScannerImpl.next(XMLDocumentScannerImpl.java:602)
	at com.sun.org.apache.xerces.internal.impl.XMLDocumentFragmentScannerImpl.scanDocument(XMLDocumentFragmentScannerImpl.java:505)
	at com.sun.org.apache.xerces.internal.parsers.XML11Configuration.parse(XML11Configuration.java:841)
	at com.sun.org.apache.xerces.internal.parsers.XML11Configuration.parse(XML11Configuration.java:770)
	at com.sun.org.apache.xerces.internal.parsers.XMLParser.parse(XMLParser.java:141)
	at com.sun.org.apache.xerces.internal.parsers.DOMParser.parse(DOMParser.java:243)
	at com.sun.org.apache.xerces.internal.jaxp.DocumentBuilderImpl.parse(DocumentBuilderImpl.java:339)
	at org.eclipse.debug.internal.core.LaunchManager.createInfoFromXML(LaunchManager.java:935)
	at org.eclipse.debug.internal.core.LaunchManager.getInfo(LaunchManager.java:1359)
	at org.eclipse.debug.internal.core.LaunchConfiguration.getInfo(LaunchConfiguration.java:490)
	at org.eclipse.debug.internal.core.LaunchConfiguration.getType(LaunchConfiguration.java:645)
	at org.eclipse.debug.internal.core.LaunchManager.isValid(LaunchManager.java:2091)
	at org.eclipse.debug.internal.core.LaunchManager.verifyConfigurations(LaunchManager.java:2462)
	at org.eclipse.debug.internal.core.LaunchManager.getAllLaunchConfigurations(LaunchManager.java:1140)
	at org.eclipse.debug.internal.core.LaunchManager.getLaunchConfigurations(LaunchManager.java:1444)
	at org.eclipse.debug.internal.core.LaunchManager.getLaunchConfigurations(LaunchManager.java:1439)
	at org.eclipse.launchbar.core.internal.LaunchBarManager.init(LaunchBarManager.java:130)
	at org.eclipse.launchbar.core.internal.LaunchBarManager$1.run(LaunchBarManager.java:96)
	at org.eclipse.core.internal.jobs.Worker.run(Worker.java:63)

!ENTRY org.eclipse.debug.core 4 125 2026-07-28 11:20:41.221
!MESSAGE 调试核心所记录的错误：
!STACK 1
org.eclipse.debug.core.DebugException: 读取启动配置文件 F:\code\vibe_project\rollerball\M55\libraries\components\mtb-device-support-pse8xxgp\make\make\scripts\interface_version_3\eclipse\Application\ram\_normal\KitProg3\&&_APP_NAME&& Debug MultiCore (KitProg3_MiniProg4).launch 时发生了 org.xml.sax.SAXParseException; lineNumber: 3; columnNumber: 66; 在实体引用中, 实体名称必须紧跟在 '&' 后面。。
	at org.eclipse.debug.internal.core.LaunchManager.createDebugException(LaunchManager.java:886)
	at org.eclipse.debug.internal.core.LaunchManager.throwException(LaunchManager.java:2448)
	at org.eclipse.debug.internal.core.LaunchManager.getInfo(LaunchManager.java:1366)
	at org.eclipse.debug.internal.core.LaunchConfiguration.getInfo(LaunchConfiguration.java:490)
	at org.eclipse.debug.internal.core.LaunchConfiguration.getType(LaunchConfiguration.java:645)
	at org.eclipse.debug.internal.core.LaunchManager.isValid(LaunchManager.java:2091)
	at org.eclipse.debug.internal.core.LaunchManager.verifyConfigurations(LaunchManager.java:2462)
	at org.eclipse.debug.internal.core.LaunchManager.getAllLaunchConfigurations(LaunchManager.java:1140)
	at org.eclipse.debug.internal.core.LaunchManager.getLaunchConfigurations(LaunchManager.java:1444)
	at org.eclipse.debug.internal.core.LaunchManager.getLaunchConfigurations(LaunchManager.java:1439)
	at org.eclipse.launchbar.core.internal.LaunchBarManager.init(LaunchBarManager.java:130)
	at org.eclipse.launchbar.core.internal.LaunchBarManager$1.run(LaunchBarManager.java:96)
	at org.eclipse.core.internal.jobs.Worker.run(Worker.java:63)
Caused by: org.xml.sax.SAXParseException; lineNumber: 3; columnNumber: 66; 在实体引用中, 实体名称必须紧跟在 '&' 后面。
	at com.sun.org.apache.xerces.internal.util.ErrorHandlerWrapper.createSAXParseException(ErrorHandlerWrapper.java:203)
	at com.sun.org.apache.xerces.internal.util.ErrorHandlerWrapper.fatalError(ErrorHandlerWrapper.java:177)
	at com.sun.org.apache.xerces.internal.impl.XMLErrorReporter.reportError(XMLErrorReporter.java:400)
	at com.sun.org.apache.xerces.internal.impl.XMLErrorReporter.reportError(XMLErrorReporter.java:327)
	at com.sun.org.apache.xerces.internal.impl.XMLScanner.reportFatalError(XMLScanner.java:1472)
	at com.sun.org.apache.xerces.internal.impl.XMLScanner.scanAttributeValue(XMLScanner.java:908)
	at com.sun.org.apache.xerces.internal.impl.XMLDocumentFragmentScannerImpl.scanAttribute(XMLDocumentFragmentScannerImpl.java:1548)
	at com.sun.org.apache.xerces.internal.impl.XMLDocumentFragmentScannerImpl.scanStartElement(XMLDocumentFragmentScannerImpl.java:1315)
	at com.sun.org.apache.xerces.internal.impl.XMLDocumentFragmentScannerImpl$FragmentContentDriver.next(XMLDocumentFragmentScannerImpl.java:2784)
	at com.sun.org.apache.xerces.internal.impl.XMLDocumentScannerImpl.next(XMLDocumentScannerImpl.java:602)
	at com.sun.org.apache.xerces.internal.impl.XMLDocumentFragmentScannerImpl.scanDocument(XMLDocumentFragmentScannerImpl.java:505)
	at com.sun.org.apache.xerces.internal.parsers.XML11Configuration.parse(XML11Configuration.java:841)
	at com.sun.org.apache.xerces.internal.parsers.XML11Configuration.parse(XML11Configuration.java:770)
	at com.sun.org.apache.xerces.internal.parsers.XMLParser.parse(XMLParser.java:141)
	at com.sun.org.apache.xerces.internal.parsers.DOMParser.parse(DOMParser.java:243)
	at com.sun.org.apache.xerces.internal.jaxp.DocumentBuilderImpl.parse(DocumentBuilderImpl.java:339)
	at org.eclipse.debug.internal.core.LaunchManager.createInfoFromXML(LaunchManager.java:935)
	at org.eclipse.debug.internal.core.LaunchManager.getInfo(LaunchManager.java:1359)
	... 10 more
!SUBENTRY 1 org.eclipse.debug.core 4 5012 2026-07-28 11:20:41.221
!MESSAGE 读取启动配置文件 F:\code\vibe_project\rollerball\M55\libraries\components\mtb-device-support-pse8xxgp\make\make\scripts\interface_version_3\eclipse\Application\ram\_normal\KitProg3\&&_APP_NAME&& Debug MultiCore (KitProg3_MiniProg4).launch 时发生了 org.xml.sax.SAXParseException; lineNumber: 3; columnNumber: 66; 在实体引用中, 实体名称必须紧跟在 '&' 后面。。
!STACK 0
org.xml.sax.SAXParseException; lineNumber: 3; columnNumber: 66; 在实体引用中, 实体名称必须紧跟在 '&' 后面。
	at com.sun.org.apache.xerces.internal.util.ErrorHandlerWrapper.createSAXParseException(ErrorHandlerWrapper.java:203)
	at com.sun.org.apache.xerces.internal.util.ErrorHandlerWrapper.fatalError(ErrorHandlerWrapper.java:177)
	at com.sun.org.apache.xerces.internal.impl.XMLErrorReporter.reportError(XMLErrorReporter.java:400)
	at com.sun.org.apache.xerces.internal.impl.XMLErrorReporter.reportError(XMLErrorReporter.java:327)
	at com.sun.org.apache.xerces.internal.impl.XMLScanner.reportFatalError(XMLScanner.java:1472)
	at com.sun.org.apache.xerces.internal.impl.XMLScanner.scanAttributeValue(XMLScanner.java:908)
	at com.sun.org.apache.xerces.internal.impl.XMLDocumentFragmentScannerImpl.scanAttribute(XMLDocumentFragmentScannerImpl.java:1548)
	at com.sun.org.apache.xerces.internal.impl.XMLDocumentFragmentScannerImpl.scanStartElement(XMLDocumentFragmentScannerImpl.java:1315)
	at com.sun.org.apache.xerces.internal.impl.XMLDocumentFragmentScannerImpl$FragmentContentDriver.next(XMLDocumentFragmentScannerImpl.java:2784)
	at com.sun.org.apache.xerces.internal.impl.XMLDocumentScannerImpl.next(XMLDocumentScannerImpl.java:602)
	at com.sun.org.apache.xerces.internal.impl.XMLDocumentFragmentScannerImpl.scanDocument(XMLDocumentFragmentScannerImpl.java:505)
	at com.sun.org.apache.xerces.internal.parsers.XML11Configuration.parse(XML11Configuration.java:841)
	at com.sun.org.apache.xerces.internal.parsers.XML11Configuration.parse(XML11Configuration.java:770)
	at com.sun.org.apache.xerces.internal.parsers.XMLParser.parse(XMLParser.java:141)
	at com.sun.org.apache.xerces.internal.parsers.DOMParser.parse(DOMParser.java:243)
	at com.sun.org.apache.xerces.internal.jaxp.DocumentBuilderImpl.parse(DocumentBuilderImpl.java:339)
	at org.eclipse.debug.internal.core.LaunchManager.createInfoFromXML(LaunchManager.java:935)
	at org.eclipse.debug.internal.core.LaunchManager.getInfo(LaunchManager.java:1359)
	at org.eclipse.debug.internal.core.LaunchConfiguration.getInfo(LaunchConfiguration.java:490)
	at org.eclipse.debug.internal.core.LaunchConfiguration.getType(LaunchConfiguration.java:645)
	at org.eclipse.debug.internal.core.LaunchManager.isValid(LaunchManager.java:2091)
	at org.eclipse.debug.internal.core.LaunchManager.verifyConfigurations(LaunchManager.java:2462)
	at org.eclipse.debug.internal.core.LaunchManager.getAllLaunchConfigurations(LaunchManager.java:1140)
	at org.eclipse.debug.internal.core.LaunchManager.getLaunchConfigurations(LaunchManager.java:1444)
	at org.eclipse.debug.internal.core.LaunchManager.getLaunchConfigurations(LaunchManager.java:1439)
	at org.eclipse.launchbar.core.internal.LaunchBarManager.init(LaunchBarManager.java:130)
	at org.eclipse.launchbar.core.internal.LaunchBarManager$1.run(LaunchBarManager.java:96)
	at org.eclipse.core.internal.jobs.Worker.run(Worker.java:63)

!ENTRY org.eclipse.debug.core 4 125 2026-07-28 11:20:41.224
!MESSAGE 调试核心所记录的错误：
!STACK 1
org.eclipse.debug.core.DebugException: 读取启动配置文件 F:\code\vibe_project\rollerball\M55\libraries\components\mtb-device-support-pse8xxgp\make\make\scripts\interface_version_3\eclipse\Application\ram\_normal\KitProg3\&&_APP_NAME&& Erase All (KitProg3_MiniProg4).launch 时发生了 org.xml.sax.SAXParseException; lineNumber: 3; columnNumber: 66; 在实体引用中, 实体名称必须紧跟在 '&' 后面。。
	at org.eclipse.debug.internal.core.LaunchManager.createDebugException(LaunchManager.java:886)
	at org.eclipse.debug.internal.core.LaunchManager.throwException(LaunchManager.java:2448)
	at org.eclipse.debug.internal.core.LaunchManager.getInfo(LaunchManager.java:1366)
	at org.eclipse.debug.internal.core.LaunchConfiguration.getInfo(LaunchConfiguration.java:490)
	at org.eclipse.debug.internal.core.LaunchConfiguration.getType(LaunchConfiguration.java:645)
	at org.eclipse.debug.internal.core.LaunchManager.isValid(LaunchManager.java:2091)
	at org.eclipse.debug.internal.core.LaunchManager.verifyConfigurations(LaunchManager.java:2462)
	at org.eclipse.debug.internal.core.LaunchManager.getAllLaunchConfigurations(LaunchManager.java:1140)
	at org.eclipse.debug.internal.core.LaunchManager.getLaunchConfigurations(LaunchManager.java:1444)
	at org.eclipse.debug.internal.core.LaunchManager.getLaunchConfigurations(LaunchManager.java:1439)
	at org.eclipse.launchbar.core.internal.LaunchBarManager.init(LaunchBarManager.java:130)
	at org.eclipse.launchbar.core.internal.LaunchBarManager$1.run(LaunchBarManager.java:96)
	at org.eclipse.core.internal.jobs.Worker.run(Worker.java:63)
Caused by: org.xml.sax.SAXParseException; lineNumber: 3; columnNumber: 66; 在实体引用中, 实体名称必须紧跟在 '&' 后面。
	at com.sun.org.apache.xerces.internal.util.ErrorHandlerWrapper.createSAXParseException(ErrorHandlerWrapper.java:203)
	at com.sun.org.apache.xerces.internal.util.ErrorHandlerWrapper.fatalError(ErrorHandlerWrapper.java:177)
	at com.sun.org.apache.xerces.internal.impl.XMLErrorReporter.reportError(XMLErrorReporter.java:400)
	at com.sun.org.apache.xerces.internal.impl.XMLErrorReporter.reportError(XMLErrorReporter.java:327)
	at com.sun.org.apache.xerces.internal.impl.XMLScanner.reportFatalError(XMLScanner.java:1472)
	at com.sun.org.apache.xerces.internal.impl.XMLScanner.scanAttributeValue(XMLScanner.java:908)
	at com.sun.org.apache.xerces.internal.impl.XMLDocumentFragmentScannerImpl.scanAttribute(XMLDocumentFragmentScannerImpl.java:1548)
	at com.sun.org.apache.xerces.internal.impl.XMLDocumentFragmentScannerImpl.scanStartElement(XMLDocumentFragmentScannerImpl.java:1315)
	at com.sun.org.apache.xerces.internal.impl.XMLDocumentFragmentScannerImpl$FragmentContentDriver.next(XMLDocumentFragmentScannerImpl.java:2784)
	at com.sun.org.apache.xerces.internal.impl.XMLDocumentScannerImpl.next(XMLDocumentScannerImpl.java:602)
	at com.sun.org.apache.xerces.internal.impl.XMLDocumentFragmentScannerImpl.scanDocument(XMLDocumentFragmentScannerImpl.java:505)
	at com.sun.org.apache.xerces.internal.parsers.XML11Configuration.parse(XML11Configuration.java:841)
	at com.sun.org.apache.xerces.internal.parsers.XML11Configuration.parse(XML11Configuration.java:770)
	at com.sun.org.apache.xerces.internal.parsers.XMLParser.parse(XMLParser.java:141)
	at com.sun.org.apache.xerces.internal.parsers.DOMParser.parse(DOMParser.java:243)
	at com.sun.org.apache.xerces.internal.jaxp.DocumentBuilderImpl.parse(DocumentBuilderImpl.java:339)
	at org.eclipse.debug.internal.core.LaunchManager.createInfoFromXML(LaunchManager.java:935)
	at org.eclipse.debug.internal.core.LaunchManager.getInfo(LaunchManager.java:1359)
	... 10 more
!SUBENTRY 1 org.eclipse.debug.core 4 5012 2026-07-28 11:20:41.224
!MESSAGE 读取启动配置文件 F:\code\vibe_project\rollerball\M55\libraries\components\mtb-device-support-pse8xxgp\make\make\scripts\interface_version_3\eclipse\Application\ram\_normal\KitProg3\&&_APP_NAME&& Erase All (KitProg3_MiniProg4).launch 时发生了 org.xml.sax.SAXParseException; lineNumber: 3; columnNumber: 66; 在实体引用中, 实体名称必须紧跟在 '&' 后面。。
!STACK 0
org.xml.sax.SAXParseException; lineNumber: 3; columnNumber: 66; 在实体引用中, 实体名称必须紧跟在 '&' 后面。
	at com.sun.org.apache.xerces.internal.util.ErrorHandlerWrapper.createSAXParseException(ErrorHandlerWrapper.java:203)
	at com.sun.org.apache.xerces.internal.util.ErrorHandlerWrapper.fatalError(ErrorHandlerWrapper.java:177)
	at com.sun.org.apache.xerces.internal.impl.XMLErrorReporter.reportError(XMLErrorReporter.java:400)
	at com.sun.org.apache.xerces.internal.impl.XMLErrorReporter.reportError(XMLErrorReporter.java:327)
	at com.sun.org.apache.xerces.internal.impl.XMLScanner.reportFatalError(XMLScanner.java:1472)
	at com.sun.org.apache.xerces.internal.impl.XMLScanner.scanAttributeValue(XMLScanner.java:908)
	at com.sun.org.apache.xerces.internal.impl.XMLDocumentFragmentScannerImpl.scanAttribute(XMLDocumentFragmentScannerImpl.java:1548)
	at com.sun.org.apache.xerces.internal.impl.XMLDocumentFragmentScannerImpl.scanStartElement(XMLDocumentFragmentScannerImpl.java:1315)
	at com.sun.org.apache.xerces.internal.impl.XMLDocumentFragmentScannerImpl$FragmentContentDriver.next(XMLDocumentFragmentScannerImpl.java:2784)
	at com.sun.org.apache.xerces.internal.impl.XMLDocumentScannerImpl.next(XMLDocumentScannerImpl.java:602)
	at com.sun.org.apache.xerces.internal.impl.XMLDocumentFragmentScannerImpl.scanDocument(XMLDocumentFragmentScannerImpl.java:505)
	at com.sun.org.apache.xerces.internal.parsers.XML11Configuration.parse(XML11Configuration.java:841)
	at com.sun.org.apache.xerces.internal.parsers.XML11Configuration.parse(XML11Configuration.java:770)
	at com.sun.org.apache.xerces.internal.parsers.XMLParser.parse(XMLParser.java:141)
	at com.sun.org.apache.xerces.internal.parsers.DOMParser.parse(DOMParser.java:243)
	at com.sun.org.apache.xerces.internal.jaxp.DocumentBuilderImpl.parse(DocumentBuilderImpl.java:339)
	at org.eclipse.debug.internal.core.LaunchManager.createInfoFromXML(LaunchManager.java:935)
	at org.eclipse.debug.internal.core.LaunchManager.getInfo(LaunchManager.java:1359)
	at org.eclipse.debug.internal.core.LaunchConfiguration.getInfo(LaunchConfiguration.java:490)
	at org.eclipse.debug.internal.core.LaunchConfiguration.getType(LaunchConfiguration.java:645)
	at org.eclipse.debug.internal.core.LaunchManager.isValid(LaunchManager.java:2091)
	at org.eclipse.debug.internal.core.LaunchManager.verifyConfigurations(LaunchManager.java:2462)
	at org.eclipse.debug.internal.core.LaunchManager.getAllLaunchConfigurations(LaunchManager.java:1140)
	at org.eclipse.debug.internal.core.LaunchManager.getLaunchConfigurations(LaunchManager.java:1444)
	at org.eclipse.debug.internal.core.LaunchManager.getLaunchConfigurations(LaunchManager.java:1439)
	at org.eclipse.launchbar.core.internal.LaunchBarManager.init(LaunchBarManager.java:130)
	at org.eclipse.launchbar.core.internal.LaunchBarManager$1.run(LaunchBarManager.java:96)
	at org.eclipse.core.internal.jobs.Worker.run(Worker.java:63)

!ENTRY org.eclipse.debug.core 4 125 2026-07-28 11:20:41.224
!MESSAGE 调试核心所记录的错误：
!STACK 1
org.eclipse.debug.core.DebugException: 读取启动配置文件 F:\code\vibe_project\rollerball\M55\libraries\components\mtb-device-support-pse8xxgp\make\make\scripts\interface_version_3\eclipse\Application\ram\_normal\KitProg3\&&_APP_NAME&& Erase Device (KitProg3_MiniProg4).launch 时发生了 org.xml.sax.SAXParseException; lineNumber: 3; columnNumber: 66; 在实体引用中, 实体名称必须紧跟在 '&' 后面。。
	at org.eclipse.debug.internal.core.LaunchManager.createDebugException(LaunchManager.java:886)
	at org.eclipse.debug.internal.core.LaunchManager.throwException(LaunchManager.java:2448)
	at org.eclipse.debug.internal.core.LaunchManager.getInfo(LaunchManager.java:1366)
	at org.eclipse.debug.internal.core.LaunchConfiguration.getInfo(LaunchConfiguration.java:490)
	at org.eclipse.debug.internal.core.LaunchConfiguration.getType(LaunchConfiguration.java:645)
	at org.eclipse.debug.internal.core.LaunchManager.isValid(LaunchManager.java:2091)
	at org.eclipse.debug.internal.core.LaunchManager.verifyConfigurations(LaunchManager.java:2462)
	at org.eclipse.debug.internal.core.LaunchManager.getAllLaunchConfigurations(LaunchManager.java:1140)
	at org.eclipse.debug.internal.core.LaunchManager.getLaunchConfigurations(LaunchManager.java:1444)
	at org.eclipse.debug.internal.core.LaunchManager.getLaunchConfigurations(LaunchManager.java:1439)
	at org.eclipse.launchbar.core.internal.LaunchBarManager.init(LaunchBarManager.java:130)
	at org.eclipse.launchbar.core.internal.LaunchBarManager$1.run(LaunchBarManager.java:96)
	at org.eclipse.core.internal.jobs.Worker.run(Worker.java:63)
Caused by: org.xml.sax.SAXParseException; lineNumber: 3; columnNumber: 66; 在实体引用中, 实体名称必须紧跟在 '&' 后面。
	at com.sun.org.apache.xerces.internal.util.ErrorHandlerWrapper.createSAXParseException(ErrorHandlerWrapper.java:203)
	at com.sun.org.apache.xerces.internal.util.ErrorHandlerWrapper.fatalError(ErrorHandlerWrapper.java:177)
	at com.sun.org.apache.xerces.internal.impl.XMLErrorReporter.reportError(XMLErrorReporter.java:400)
	at com.sun.org.apache.xerces.internal.impl.XMLErrorReporter.reportError(XMLErrorReporter.java:327)
	at com.sun.org.apache.xerces.internal.impl.XMLScanner.reportFatalError(XMLScanner.java:1472)
	at com.sun.org.apache.xerces.internal.impl.XMLScanner.scanAttributeValue(XMLScanner.java:908)
	at com.sun.org.apache.xerces.internal.impl.XMLDocumentFragmentScannerImpl.scanAttribute(XMLDocumentFragmentScannerImpl.java:1548)
	at com.sun.org.apache.xerces.internal.impl.XMLDocumentFragmentScannerImpl.scanStartElement(XMLDocumentFragmentScannerImpl.java:1315)
	at com.sun.org.apache.xerces.internal.impl.XMLDocumentFragmentScannerImpl$FragmentContentDriver.next(XMLDocumentFragmentScannerImpl.java:2784)
	at com.sun.org.apache.xerces.internal.impl.XMLDocumentScannerImpl.next(XMLDocumentScannerImpl.java:602)
	at com.sun.org.apache.xerces.internal.impl.XMLDocumentFragmentScannerImpl.scanDocument(XMLDocumentFragmentScannerImpl.java:505)
	at com.sun.org.apache.xerces.internal.parsers.XML11Configuration.parse(XML11Configuration.java:841)
	at com.sun.org.apache.xerces.internal.parsers.XML11Configuration.parse(XML11Configuration.java:770)
	at com.sun.org.apache.xerces.internal.parsers.XMLParser.parse(XMLParser.java:141)
	at com.sun.org.apache.xerces.internal.parsers.DOMParser.parse(DOMParser.java:243)
	at com.sun.org.apache.xerces.internal.jaxp.DocumentBuilderImpl.parse(DocumentBuilderImpl.java:339)
	at org.eclipse.debug.internal.core.LaunchManager.createInfoFromXML(LaunchManager.java:935)
	at org.eclipse.debug.internal.core.LaunchManager.getInfo(LaunchManager.java:1359)
	... 10 more
!SUBENTRY 1 org.eclipse.debug.core 4 5012 2026-07-28 11:20:41.224
!MESSAGE 读取启动配置文件 F:\code\vibe_project\rollerball\M55\libraries\components\mtb-device-support-pse8xxgp\make\make\scripts\interface_version_3\eclipse\Application\ram\_normal\KitProg3\&&_APP_NAME&& Erase Device (KitProg3_MiniProg4).launch 时发生了 org.xml.sax.SAXParseException; lineNumber: 3; columnNumber: 66; 在实体引用中, 实体名称必须紧跟在 '&' 后面。。
!STACK 0
org.xml.sax.SAXParseException; lineNumber: 3; columnNumber: 66; 在实体引用中, 实体名称必须紧跟在 '&' 后面。
	at com.sun.org.apache.xerces.internal.util.ErrorHandlerWrapper.createSAXParseException(ErrorHandlerWrapper.java:203)
	at com.sun.org.apache.xerces.internal.util.ErrorHandlerWrapper.fatalError(ErrorHandlerWrapper.java:177)
	at com.sun.org.apache.xerces.internal.impl.XMLErrorReporter.reportError(XMLErrorReporter.java:400)
	at com.sun.org.apache.xerces.internal.impl.XMLErrorReporter.reportError(XMLErrorReporter.java:327)
	at com.sun.org.apache.xerces.internal.impl.XMLScanner.reportFatalError(XMLScanner.java:1472)
	at com.sun.org.apache.xerces.internal.impl.XMLScanner.scanAttributeValue(XMLScanner.java:908)
	at com.sun.org.apache.xerces.internal.impl.XMLDocumentFragmentScannerImpl.scanAttribute(XMLDocumentFragmentScannerImpl.java:1548)
	at com.sun.org.apache.xerces.internal.impl.XMLDocumentFragmentScannerImpl.scanStartElement(XMLDocumentFragmentScannerImpl.java:1315)
	at com.sun.org.apache.xerces.internal.impl.XMLDocumentFragmentScannerImpl$FragmentContentDriver.next(XMLDocumentFragmentScannerImpl.java:2784)
	at com.sun.org.apache.xerces.internal.impl.XMLDocumentScannerImpl.next(XMLDocumentScannerImpl.java:602)
	at com.sun.org.apache.xerces.internal.impl.XMLDocumentFragmentScannerImpl.scanDocument(XMLDocumentFragmentScannerImpl.java:505)
	at com.sun.org.apache.xerces.internal.parsers.XML11Configuration.parse(XML11Configuration.java:841)
	at com.sun.org.apache.xerces.internal.parsers.XML11Configuration.parse(XML11Configuration.java:770)
	at com.sun.org.apache.xerces.internal.parsers.XMLParser.parse(XMLParser.java:141)
	at com.sun.org.apache.xerces.internal.parsers.DOMParser.parse(DOMParser.java:243)
	at com.sun.org.apache.xerces.internal.jaxp.DocumentBuilderImpl.parse(DocumentBuilderImpl.java:339)
	at org.eclipse.debug.internal.core.LaunchManager.createInfoFromXML(LaunchManager.java:935)
	at org.eclipse.debug.internal.core.LaunchManager.getInfo(LaunchManager.java:1359)
	at org.eclipse.debug.internal.core.LaunchConfiguration.getInfo(LaunchConfiguration.java:490)
	at org.eclipse.debug.internal.core.LaunchConfiguration.getType(LaunchConfiguration.java:645)
	at org.eclipse.debug.internal.core.LaunchManager.isValid(LaunchManager.java:2091)
	at org.eclipse.debug.internal.core.LaunchManager.verifyConfigurations(LaunchManager.java:2462)
	at org.eclipse.debug.internal.core.LaunchManager.getAllLaunchConfigurations(LaunchManager.java:1140)
	at org.eclipse.debug.internal.core.LaunchManager.getLaunchConfigurations(LaunchManager.java:1444)
	at org.eclipse.debug.internal.core.LaunchManager.getLaunchConfigurations(LaunchManager.java:1439)
	at org.eclipse.launchbar.core.internal.LaunchBarManager.init(LaunchBarManager.java:130)
	at org.eclipse.launchbar.core.internal.LaunchBarManager$1.run(LaunchBarManager.java:96)
	at org.eclipse.core.internal.jobs.Worker.run(Worker.java:63)

!ENTRY org.eclipse.debug.core 4 125 2026-07-28 11:20:41.228
!MESSAGE 调试核心所记录的错误：
!STACK 1
org.eclipse.debug.core.DebugException: 读取启动配置文件 F:\code\vibe_project\rollerball\M55\libraries\components\mtb-device-support-pse8xxgp\make\make\scripts\interface_version_3\eclipse\Application\ram\_normal\KitProg3\&&_APP_NAME&& Program Application (KitProg3_MiniProg4).launch 时发生了 org.xml.sax.SAXParseException; lineNumber: 3; columnNumber: 66; 在实体引用中, 实体名称必须紧跟在 '&' 后面。。
	at org.eclipse.debug.internal.core.LaunchManager.createDebugException(LaunchManager.java:886)
	at org.eclipse.debug.internal.core.LaunchManager.throwException(LaunchManager.java:2448)
	at org.eclipse.debug.internal.core.LaunchManager.getInfo(LaunchManager.java:1366)
	at org.eclipse.debug.internal.core.LaunchConfiguration.getInfo(LaunchConfiguration.java:490)
	at org.eclipse.debug.internal.core.LaunchConfiguration.getType(LaunchConfiguration.java:645)
	at org.eclipse.debug.internal.core.LaunchManager.isValid(LaunchManager.java:2091)
	at org.eclipse.debug.internal.core.LaunchManager.verifyConfigurations(LaunchManager.java:2462)
	at org.eclipse.debug.internal.core.LaunchManager.getAllLaunchConfigurations(LaunchManager.java:1140)
	at org.eclipse.debug.internal.core.LaunchManager.getLaunchConfigurations(LaunchManager.java:1444)
	at org.eclipse.debug.internal.core.LaunchManager.getLaunchConfigurations(LaunchManager.java:1439)
	at org.eclipse.launchbar.core.internal.LaunchBarManager.init(LaunchBarManager.java:130)
	at org.eclipse.launchbar.core.internal.LaunchBarManager$1.run(LaunchBarManager.java:96)
	at org.eclipse.core.internal.jobs.Worker.run(Worker.java:63)
Caused by: org.xml.sax.SAXParseException; lineNumber: 3; columnNumber: 66; 在实体引用中, 实体名称必须紧跟在 '&' 后面。
	at com.sun.org.apache.xerces.internal.util.ErrorHandlerWrapper.createSAXParseException(ErrorHandlerWrapper.java:203)
	at com.sun.org.apache.xerces.internal.util.ErrorHandlerWrapper.fatalError(ErrorHandlerWrapper.java:177)
	at com.sun.org.apache.xerces.internal.impl.XMLErrorReporter.reportError(XMLErrorReporter.java:400)
	at com.sun.org.apache.xerces.internal.impl.XMLErrorReporter.reportError(XMLErrorReporter.java:327)
	at com.sun.org.apache.xerces.internal.impl.XMLScanner.reportFatalError(XMLScanner.java:1472)
	at com.sun.org.apache.xerces.internal.impl.XMLScanner.scanAttributeValue(XMLScanner.java:908)
	at com.sun.org.apache.xerces.internal.impl.XMLDocumentFragmentScannerImpl.scanAttribute(XMLDocumentFragmentScannerImpl.java:1548)
	at com.sun.org.apache.xerces.internal.impl.XMLDocumentFragmentScannerImpl.scanStartElement(XMLDocumentFragmentScannerImpl.java:1315)
	at com.sun.org.apache.xerces.internal.impl.XMLDocumentFragmentScannerImpl$FragmentContentDriver.next(XMLDocumentFragmentScannerImpl.java:2784)
	at com.sun.org.apache.xerces.internal.impl.XMLDocumentScannerImpl.next(XMLDocumentScannerImpl.java:602)
	at com.sun.org.apache.xerces.internal.impl.XMLDocumentFragmentScannerImpl.scanDocument(XMLDocumentFragmentScannerImpl.java:505)
	at com.sun.org.apache.xerces.internal.parsers.XML11Configuration.parse(XML11Configuration.java:841)
	at com.sun.org.apache.xerces.internal.parsers.XML11Configuration.parse(XML11Configuration.java:770)
	at com.sun.org.apache.xerces.internal.parsers.XMLParser.parse(XMLParser.java:141)
	at com.sun.org.apache.xerces.internal.parsers.DOMParser.parse(DOMParser.java:243)
	at com.sun.org.apache.xerces.internal.jaxp.DocumentBuilderImpl.parse(DocumentBuilderImpl.java:339)
	at org.eclipse.debug.internal.core.LaunchManager.createInfoFromXML(LaunchManager.java:935)
	at org.eclipse.debug.internal.core.LaunchManager.getInfo(LaunchManager.java:1359)
	... 10 more
!SUBENTRY 1 org.eclipse.debug.core 4 5012 2026-07-28 11:20:41.228
!MESSAGE 读取启动配置文件 F:\code\vibe_project\rollerball\M55\libraries\components\mtb-device-support-pse8xxgp\make\make\scripts\interface_version_3\eclipse\Application\ram\_normal\KitProg3\&&_APP_NAME&& Program Application (KitProg3_MiniProg4).launch 时发生了 org.xml.sax.SAXParseException; lineNumber: 3; columnNumber: 66; 在实体引用中, 实体名称必须紧跟在 '&' 后面。。
!STACK 0
org.xml.sax.SAXParseException; lineNumber: 3; columnNumber: 66; 在实体引用中, 实体名称必须紧跟在 '&' 后面。
	at com.sun.org.apache.xerces.internal.util.ErrorHandlerWrapper.createSAXParseException(ErrorHandlerWrapper.java:203)
	at com.sun.org.apache.xerces.internal.util.ErrorHandlerWrapper.fatalError(ErrorHandlerWrapper.java:177)
	at com.sun.org.apache.xerces.internal.impl.XMLErrorReporter.reportError(XMLErrorReporter.java:400)
	at com.sun.org.apache.xerces.internal.impl.XMLErrorReporter.reportError(XMLErrorReporter.java:327)
	at com.sun.org.apache.xerces.internal.impl.XMLScanner.reportFatalError(XMLScanner.java:1472)
	at com.sun.org.apache.xerces.internal.impl.XMLScanner.scanAttributeValue(XMLScanner.java:908)
	at com.sun.org.apache.xerces.internal.impl.XMLDocumentFragmentScannerImpl.scanAttribute(XMLDocumentFragmentScannerImpl.java:1548)
	at com.sun.org.apache.xerces.internal.impl.XMLDocumentFragmentScannerImpl.scanStartElement(XMLDocumentFragmentScannerImpl.java:1315)
	at com.sun.org.apache.xerces.internal.impl.XMLDocumentFragmentScannerImpl$FragmentContentDriver.next(XMLDocumentFragmentScannerImpl.java:2784)
	at com.sun.org.apache.xerces.internal.impl.XMLDocumentScannerImpl.next(XMLDocumentScannerImpl.java:602)
	at com.sun.org.apache.xerces.internal.impl.XMLDocumentFragmentScannerImpl.scanDocument(XMLDocumentFragmentScannerImpl.java:505)
	at com.sun.org.apache.xerces.internal.parsers.XML11Configuration.parse(XML11Configuration.java:841)
	at com.sun.org.apache.xerces.internal.parsers.XML11Configuration.parse(XML11Configuration.java:770)
	at com.sun.org.apache.xerces.internal.parsers.XMLParser.parse(XMLParser.java:141)
	at com.sun.org.apache.xerces.internal.parsers.DOMParser.parse(DOMParser.java:243)
	at com.sun.org.apache.xerces.internal.jaxp.DocumentBuilderImpl.parse(DocumentBuilderImpl.java:339)
	at org.eclipse.debug.internal.core.LaunchManager.createInfoFromXML(LaunchManager.java:935)
	at org.eclipse.debug.internal.core.LaunchManager.getInfo(LaunchManager.java:1359)
	at org.eclipse.debug.internal.core.LaunchConfiguration.getInfo(LaunchConfiguration.java:490)
	at org.eclipse.debug.internal.core.LaunchConfiguration.getType(LaunchConfiguration.java:645)
	at org.eclipse.debug.internal.core.LaunchManager.isValid(LaunchManager.java:2091)
	at org.eclipse.debug.internal.core.LaunchManager.verifyConfigurations(LaunchManager.java:2462)
	at org.eclipse.debug.internal.core.LaunchManager.getAllLaunchConfigurations(LaunchManager.java:1140)
	at org.eclipse.debug.internal.core.LaunchManager.getLaunchConfigurations(LaunchManager.java:1444)
	at org.eclipse.debug.internal.core.LaunchManager.getLaunchConfigurations(LaunchManager.java:1439)
	at org.eclipse.launchbar.core.internal.LaunchBarManager.init(LaunchBarManager.java:130)
	at org.eclipse.launchbar.core.internal.LaunchBarManager$1.run(LaunchBarManager.java:96)
	at org.eclipse.core.internal.jobs.Worker.run(Worker.java:63)

!ENTRY org.eclipse.debug.core 4 125 2026-07-28 11:20:41.228
!MESSAGE 调试核心所记录的错误：
!STACK 1
org.eclipse.debug.core.DebugException: 读取启动配置文件 F:\code\vibe_project\rollerball\M55\libraries\components\mtb-device-support-pse8xxgp\make\make\scripts\interface_version_3\eclipse\Application\ram\virgin\JLink\&&_APP_NAME&& Debug RAM MultiCore (JLink).launch 时发生了 org.xml.sax.SAXParseException; lineNumber: 3; columnNumber: 66; 在实体引用中, 实体名称必须紧跟在 '&' 后面。。
	at org.eclipse.debug.internal.core.LaunchManager.createDebugException(LaunchManager.java:886)
	at org.eclipse.debug.internal.core.LaunchManager.throwException(LaunchManager.java:2448)
	at org.eclipse.debug.internal.core.LaunchManager.getInfo(LaunchManager.java:1366)
	at org.eclipse.debug.internal.core.LaunchConfiguration.getInfo(LaunchConfiguration.java:490)
	at org.eclipse.debug.internal.core.LaunchConfiguration.getType(LaunchConfiguration.java:645)
	at org.eclipse.debug.internal.core.LaunchManager.isValid(LaunchManager.java:2091)
	at org.eclipse.debug.internal.core.LaunchManager.verifyConfigurations(LaunchManager.java:2462)
	at org.eclipse.debug.internal.core.LaunchManager.getAllLaunchConfigurations(LaunchManager.java:1140)
	at org.eclipse.debug.internal.core.LaunchManager.getLaunchConfigurations(LaunchManager.java:1444)
	at org.eclipse.debug.internal.core.LaunchManager.getLaunchConfigurations(LaunchManager.java:1439)
	at org.eclipse.launchbar.core.internal.LaunchBarManager.init(LaunchBarManager.java:130)
	at org.eclipse.launchbar.core.internal.LaunchBarManager$1.run(LaunchBarManager.java:96)
	at org.eclipse.core.internal.jobs.Worker.run(Worker.java:63)
Caused by: org.xml.sax.SAXParseException; lineNumber: 3; columnNumber: 66; 在实体引用中, 实体名称必须紧跟在 '&' 后面。
	at com.sun.org.apache.xerces.internal.util.ErrorHandlerWrapper.createSAXParseException(ErrorHandlerWrapper.java:203)
	at com.sun.org.apache.xerces.internal.util.ErrorHandlerWrapper.fatalError(ErrorHandlerWrapper.java:177)
	at com.sun.org.apache.xerces.internal.impl.XMLErrorReporter.reportError(XMLErrorReporter.java:400)
	at com.sun.org.apache.xerces.internal.impl.XMLErrorReporter.reportError(XMLErrorReporter.java:327)
	at com.sun.org.apache.xerces.internal.impl.XMLScanner.reportFatalError(XMLScanner.java:1472)
	at com.sun.org.apache.xerces.internal.impl.XMLScanner.scanAttributeValue(XMLScanner.java:908)
	at com.sun.org.apache.xerces.internal.impl.XMLDocumentFragmentScannerImpl.scanAttribute(XMLDocumentFragmentScannerImpl.java:1548)
	at com.sun.org.apache.xerces.internal.impl.XMLDocumentFragmentScannerImpl.scanStartElement(XMLDocumentFragmentScannerImpl.java:1315)
	at com.sun.org.apache.xerces.internal.impl.XMLDocumentFragmentScannerImpl$FragmentContentDriver.next(XMLDocumentFragmentScannerImpl.java:2784)
	at com.sun.org.apache.xerces.internal.impl.XMLDocumentScannerImpl.next(XMLDocumentScannerImpl.java:602)
	at com.sun.org.apache.xerces.internal.impl.XMLDocumentFragmentScannerImpl.scanDocument(XMLDocumentFragmentScannerImpl.java:505)
	at com.sun.org.apache.xerces.internal.parsers.XML11Configuration.parse(XML11Configuration.java:841)
	at com.sun.org.apache.xerces.internal.parsers.XML11Configuration.parse(XML11Configuration.java:770)
	at com.sun.org.apache.xerces.internal.parsers.XMLParser.parse(XMLParser.java:141)
	at com.sun.org.apache.xerces.internal.parsers.DOMParser.parse(DOMParser.java:243)
	at com.sun.org.apache.xerces.internal.jaxp.DocumentBuilderImpl.parse(DocumentBuilderImpl.java:339)
	at org.eclipse.debug.internal.core.LaunchManager.createInfoFromXML(LaunchManager.java:935)
	at org.eclipse.debug.internal.core.LaunchManager.getInfo(LaunchManager.java:1359)
	... 10 more
!SUBENTRY 1 org.eclipse.debug.core 4 5012 2026-07-28 11:20:41.228
!MESSAGE 读取启动配置文件 F:\code\vibe_project\rollerball\M55\libraries\components\mtb-device-support-pse8xxgp\make\make\scripts\interface_version_3\eclipse\Application\ram\virgin\JLink\&&_APP_NAME&& Debug RAM MultiCore (JLink).launch 时发生了 org.xml.sax.SAXParseException; lineNumber: 3; columnNumber: 66; 在实体引用中, 实体名称必须紧跟在 '&' 后面。。
!STACK 0
org.xml.sax.SAXParseException; lineNumber: 3; columnNumber: 66; 在实体引用中, 实体名称必须紧跟在 '&' 后面。
	at com.sun.org.apache.xerces.internal.util.ErrorHandlerWrapper.createSAXParseException(ErrorHandlerWrapper.java:203)
	at com.sun.org.apache.xerces.internal.util.ErrorHandlerWrapper.fatalError(ErrorHandlerWrapper.java:177)
	at com.sun.org.apache.xerces.internal.impl.XMLErrorReporter.reportError(XMLErrorReporter.java:400)
	at com.sun.org.apache.xerces.internal.impl.XMLErrorReporter.reportError(XMLErrorReporter.java:327)
	at com.sun.org.apache.xerces.internal.impl.XMLScanner.reportFatalError(XMLScanner.java:1472)
	at com.sun.org.apache.xerces.internal.impl.XMLScanner.scanAttributeValue(XMLScanner.java:908)
	at com.sun.org.apache.xerces.internal.impl.XMLDocumentFragmentScannerImpl.scanAttribute(XMLDocumentFragmentScannerImpl.java:1548)
	at com.sun.org.apache.xerces.internal.impl.XMLDocumentFragmentScannerImpl.scanStartElement(XMLDocumentFragmentScannerImpl.java:1315)
	at com.sun.org.apache.xerces.internal.impl.XMLDocumentFragmentScannerImpl$FragmentContentDriver.next(XMLDocumentFragmentScannerImpl.java:2784)
	at com.sun.org.apache.xerces.internal.impl.XMLDocumentScannerImpl.next(XMLDocumentScannerImpl.java:602)
	at com.sun.org.apache.xerces.internal.impl.XMLDocumentFragmentScannerImpl.scanDocument(XMLDocumentFragmentScannerImpl.java:505)
	at com.sun.org.apache.xerces.internal.parsers.XML11Configuration.parse(XML11Configuration.java:841)
	at com.sun.org.apache.xerces.internal.parsers.XML11Configuration.parse(XML11Configuration.java:770)
	at com.sun.org.apache.xerces.internal.parsers.XMLParser.parse(XMLParser.java:141)
	at com.sun.org.apache.xerces.internal.parsers.DOMParser.parse(DOMParser.java:243)
	at com.sun.org.apache.xerces.internal.jaxp.DocumentBuilderImpl.parse(DocumentBuilderImpl.java:339)
	at org.eclipse.debug.internal.core.LaunchManager.createInfoFromXML(LaunchManager.java:935)
	at org.eclipse.debug.internal.core.LaunchManager.getInfo(LaunchManager.java:1359)
	at org.eclipse.debug.internal.core.LaunchConfiguration.getInfo(LaunchConfiguration.java:490)
	at org.eclipse.debug.internal.core.LaunchConfiguration.getType(LaunchConfiguration.java:645)
	at org.eclipse.debug.internal.core.LaunchManager.isValid(LaunchManager.java:2091)
	at org.eclipse.debug.internal.core.LaunchManager.verifyConfigurations(LaunchManager.java:2462)
	at org.eclipse.debug.internal.core.LaunchManager.getAllLaunchConfigurations(LaunchManager.java:1140)
	at org.eclipse.debug.internal.core.LaunchManager.getLaunchConfigurations(LaunchManager.java:1444)
	at org.eclipse.debug.internal.core.LaunchManager.getLaunchConfigurations(LaunchManager.java:1439)
	at org.eclipse.launchbar.core.internal.LaunchBarManager.init(LaunchBarManager.java:130)
	at org.eclipse.launchbar.core.internal.LaunchBarManager$1.run(LaunchBarManager.java:96)
	at org.eclipse.core.internal.jobs.Worker.run(Worker.java:63)

!ENTRY org.eclipse.debug.core 4 125 2026-07-28 11:20:41.232
!MESSAGE 调试核心所记录的错误：
!STACK 1
org.eclipse.debug.core.DebugException: 读取启动配置文件 F:\code\vibe_project\rollerball\M55\libraries\components\mtb-device-support-pse8xxgp\make\make\scripts\interface_version_3\eclipse\Application\ram\virgin\JLink\&&_APP_NAME&& Program RAM Application (JLink).launch 时发生了 org.xml.sax.SAXParseException; lineNumber: 3; columnNumber: 66; 在实体引用中, 实体名称必须紧跟在 '&' 后面。。
	at org.eclipse.debug.internal.core.LaunchManager.createDebugException(LaunchManager.java:886)
	at org.eclipse.debug.internal.core.LaunchManager.throwException(LaunchManager.java:2448)
	at org.eclipse.debug.internal.core.LaunchManager.getInfo(LaunchManager.java:1366)
	at org.eclipse.debug.internal.core.LaunchConfiguration.getInfo(LaunchConfiguration.java:490)
	at org.eclipse.debug.internal.core.LaunchConfiguration.getType(LaunchConfiguration.java:645)
	at org.eclipse.debug.internal.core.LaunchManager.isValid(LaunchManager.java:2091)
	at org.eclipse.debug.internal.core.LaunchManager.verifyConfigurations(LaunchManager.java:2462)
	at org.eclipse.debug.internal.core.LaunchManager.getAllLaunchConfigurations(LaunchManager.java:1140)
	at org.eclipse.debug.internal.core.LaunchManager.getLaunchConfigurations(LaunchManager.java:1444)
	at org.eclipse.debug.internal.core.LaunchManager.getLaunchConfigurations(LaunchManager.java:1439)
	at org.eclipse.launchbar.core.internal.LaunchBarManager.init(LaunchBarManager.java:130)
	at org.eclipse.launchbar.core.internal.LaunchBarManager$1.run(LaunchBarManager.java:96)
	at org.eclipse.core.internal.jobs.Worker.run(Worker.java:63)
Caused by: org.xml.sax.SAXParseException; lineNumber: 3; columnNumber: 66; 在实体引用中, 实体名称必须紧跟在 '&' 后面。
	at com.sun.org.apache.xerces.internal.util.ErrorHandlerWrapper.createSAXParseException(ErrorHandlerWrapper.java:203)
	at com.sun.org.apache.xerces.internal.util.ErrorHandlerWrapper.fatalError(ErrorHandlerWrapper.java:177)
	at com.sun.org.apache.xerces.internal.impl.XMLErrorReporter.reportError(XMLErrorReporter.java:400)
	at com.sun.org.apache.xerces.internal.impl.XMLErrorReporter.reportError(XMLErrorReporter.java:327)
	at com.sun.org.apache.xerces.internal.impl.XMLScanner.reportFatalError(XMLScanner.java:1472)
	at com.sun.org.apache.xerces.internal.impl.XMLScanner.scanAttributeValue(XMLScanner.java:908)
	at com.sun.org.apache.xerces.internal.impl.XMLDocumentFragmentScannerImpl.scanAttribute(XMLDocumentFragmentScannerImpl.java:1548)
	at com.sun.org.apache.xerces.internal.impl.XMLDocumentFragmentScannerImpl.scanStartElement(XMLDocumentFragmentScannerImpl.java:1315)
	at com.sun.org.apache.xerces.internal.impl.XMLDocumentFragmentScannerImpl$FragmentContentDriver.next(XMLDocumentFragmentScannerImpl.java:2784)
	at com.sun.org.apache.xerces.internal.impl.XMLDocumentScannerImpl.next(XMLDocumentScannerImpl.java:602)
	at com.sun.org.apache.xerces.internal.impl.XMLDocumentFragmentScannerImpl.scanDocument(XMLDocumentFragmentScannerImpl.java:505)
	at com.sun.org.apache.xerces.internal.parsers.XML11Configuration.parse(XML11Configuration.java:841)
	at com.sun.org.apache.xerces.internal.parsers.XML11Configuration.parse(XML11Configuration.java:770)
	at com.sun.org.apache.xerces.internal.parsers.XMLParser.parse(XMLParser.java:141)
	at com.sun.org.apache.xerces.internal.parsers.DOMParser.parse(DOMParser.java:243)
	at com.sun.org.apache.xerces.internal.jaxp.DocumentBuilderImpl.parse(DocumentBuilderImpl.java:339)
	at org.eclipse.debug.internal.core.LaunchManager.createInfoFromXML(LaunchManager.java:935)
	at org.eclipse.debug.internal.core.LaunchManager.getInfo(LaunchManager.java:1359)
	... 10 more
!SUBENTRY 1 org.eclipse.debug.core 4 5012 2026-07-28 11:20:41.232
!MESSAGE 读取启动配置文件 F:\code\vibe_project\rollerball\M55\libraries\components\mtb-device-support-pse8xxgp\make\make\scripts\interface_version_3\eclipse\Application\ram\virgin\JLink\&&_APP_NAME&& Program RAM Application (JLink).launch 时发生了 org.xml.sax.SAXParseException; lineNumber: 3; columnNumber: 66; 在实体引用中, 实体名称必须紧跟在 '&' 后面。。
!STACK 0
org.xml.sax.SAXParseException; lineNumber: 3; columnNumber: 66; 在实体引用中, 实体名称必须紧跟在 '&' 后面。
	at com.sun.org.apache.xerces.internal.util.ErrorHandlerWrapper.createSAXParseException(ErrorHandlerWrapper.java:203)
	at com.sun.org.apache.xerces.internal.util.ErrorHandlerWrapper.fatalError(ErrorHandlerWrapper.java:177)
	at com.sun.org.apache.xerces.internal.impl.XMLErrorReporter.reportError(XMLErrorReporter.java:400)
	at com.sun.org.apache.xerces.internal.impl.XMLErrorReporter.reportError(XMLErrorReporter.java:327)
	at com.sun.org.apache.xerces.internal.impl.XMLScanner.reportFatalError(XMLScanner.java:1472)
	at com.sun.org.apache.xerces.internal.impl.XMLScanner.scanAttributeValue(XMLScanner.java:908)
	at com.sun.org.apache.xerces.internal.impl.XMLDocumentFragmentScannerImpl.scanAttribute(XMLDocumentFragmentScannerImpl.java:1548)
	at com.sun.org.apache.xerces.internal.impl.XMLDocumentFragmentScannerImpl.scanStartElement(XMLDocumentFragmentScannerImpl.java:1315)
	at com.sun.org.apache.xerces.internal.impl.XMLDocumentFragmentScannerImpl$FragmentContentDriver.next(XMLDocumentFragmentScannerImpl.java:2784)
	at com.sun.org.apache.xerces.internal.impl.XMLDocumentScannerImpl.next(XMLDocumentScannerImpl.java:602)
	at com.sun.org.apache.xerces.internal.impl.XMLDocumentFragmentScannerImpl.scanDocument(XMLDocumentFragmentScannerImpl.java:505)
	at com.sun.org.apache.xerces.internal.parsers.XML11Configuration.parse(XML11Configuration.java:841)
	at com.sun.org.apache.xerces.internal.parsers.XML11Configuration.parse(XML11Configuration.java:770)
	at com.sun.org.apache.xerces.internal.parsers.XMLParser.parse(XMLParser.java:141)
	at com.sun.org.apache.xerces.internal.parsers.DOMParser.parse(DOMParser.java:243)
	at com.sun.org.apache.xerces.internal.jaxp.DocumentBuilderImpl.parse(DocumentBuilderImpl.java:339)
	at org.eclipse.debug.internal.core.LaunchManager.createInfoFromXML(LaunchManager.java:935)
	at org.eclipse.debug.internal.core.LaunchManager.getInfo(LaunchManager.java:1359)
	at org.eclipse.debug.internal.core.LaunchConfiguration.getInfo(LaunchConfiguration.java:490)
	at org.eclipse.debug.internal.core.LaunchConfiguration.getType(LaunchConfiguration.java:645)
	at org.eclipse.debug.internal.core.LaunchManager.isValid(LaunchManager.java:2091)
	at org.eclipse.debug.internal.core.LaunchManager.verifyConfigurations(LaunchManager.java:2462)
	at org.eclipse.debug.internal.core.LaunchManager.getAllLaunchConfigurations(LaunchManager.java:1140)
	at org.eclipse.debug.internal.core.LaunchManager.getLaunchConfigurations(LaunchManager.java:1444)
	at org.eclipse.debug.internal.core.LaunchManager.getLaunchConfigurations(LaunchManager.java:1439)
	at org.eclipse.launchbar.core.internal.LaunchBarManager.init(LaunchBarManager.java:130)
	at org.eclipse.launchbar.core.internal.LaunchBarManager$1.run(LaunchBarManager.java:96)
	at org.eclipse.core.internal.jobs.Worker.run(Worker.java:63)

!ENTRY org.eclipse.debug.core 4 125 2026-07-28 11:20:41.232
!MESSAGE 调试核心所记录的错误：
!STACK 1
org.eclipse.debug.core.DebugException: 读取启动配置文件 F:\code\vibe_project\rollerball\M55\libraries\components\mtb-device-support-pse8xxgp\make\make\scripts\interface_version_3\eclipse\Application\ram\virgin\KitProg3\&&_APP_NAME&& Debug RAM MultiCore (KitProg3_MiniProg4).launch 时发生了 org.xml.sax.SAXParseException; lineNumber: 3; columnNumber: 66; 在实体引用中, 实体名称必须紧跟在 '&' 后面。。
	at org.eclipse.debug.internal.core.LaunchManager.createDebugException(LaunchManager.java:886)
	at org.eclipse.debug.internal.core.LaunchManager.throwException(LaunchManager.java:2448)
	at org.eclipse.debug.internal.core.LaunchManager.getInfo(LaunchManager.java:1366)
	at org.eclipse.debug.internal.core.LaunchConfiguration.getInfo(LaunchConfiguration.java:490)
	at org.eclipse.debug.internal.core.LaunchConfiguration.getType(LaunchConfiguration.java:645)
	at org.eclipse.debug.internal.core.LaunchManager.isValid(LaunchManager.java:2091)
	at org.eclipse.debug.internal.core.LaunchManager.verifyConfigurations(LaunchManager.java:2462)
	at org.eclipse.debug.internal.core.LaunchManager.getAllLaunchConfigurations(LaunchManager.java:1140)
	at org.eclipse.debug.internal.core.LaunchManager.getLaunchConfigurations(LaunchManager.java:1444)
	at org.eclipse.debug.internal.core.LaunchManager.getLaunchConfigurations(LaunchManager.java:1439)
	at org.eclipse.launchbar.core.internal.LaunchBarManager.init(LaunchBarManager.java:130)
	at org.eclipse.launchbar.core.internal.LaunchBarManager$1.run(LaunchBarManager.java:96)
	at org.eclipse.core.internal.jobs.Worker.run(Worker.java:63)
Caused by: org.xml.sax.SAXParseException; lineNumber: 3; columnNumber: 66; 在实体引用中, 实体名称必须紧跟在 '&' 后面。
	at com.sun.org.apache.xerces.internal.util.ErrorHandlerWrapper.createSAXParseException(ErrorHandlerWrapper.java:203)
	at com.sun.org.apache.xerces.internal.util.ErrorHandlerWrapper.fatalError(ErrorHandlerWrapper.java:177)
	at com.sun.org.apache.xerces.internal.impl.XMLErrorReporter.reportError(XMLErrorReporter.java:400)
	at com.sun.org.apache.xerces.internal.impl.XMLErrorReporter.reportError(XMLErrorReporter.java:327)
	at com.sun.org.apache.xerces.internal.impl.XMLScanner.reportFatalError(XMLScanner.java:1472)
	at com.sun.org.apache.xerces.internal.impl.XMLScanner.scanAttributeValue(XMLScanner.java:908)
	at com.sun.org.apache.xerces.internal.impl.XMLDocumentFragmentScannerImpl.scanAttribute(XMLDocumentFragmentScannerImpl.java:1548)
	at com.sun.org.apache.xerces.internal.impl.XMLDocumentFragmentScannerImpl.scanStartElement(XMLDocumentFragmentScannerImpl.java:1315)
	at com.sun.org.apache.xerces.internal.impl.XMLDocumentFragmentScannerImpl$FragmentContentDriver.next(XMLDocumentFragmentScannerImpl.java:2784)
	at com.sun.org.apache.xerces.internal.impl.XMLDocumentScannerImpl.next(XMLDocumentScannerImpl.java:602)
	at com.sun.org.apache.xerces.internal.impl.XMLDocumentFragmentScannerImpl.scanDocument(XMLDocumentFragmentScannerImpl.java:505)
	at com.sun.org.apache.xerces.internal.parsers.XML11Configuration.parse(XML11Configuration.java:841)
	at com.sun.org.apache.xerces.internal.parsers.XML11Configuration.parse(XML11Configuration.java:770)
	at com.sun.org.apache.xerces.internal.parsers.XMLParser.parse(XMLParser.java:141)
	at com.sun.org.apache.xerces.internal.parsers.DOMParser.parse(DOMParser.java:243)
	at com.sun.org.apache.xerces.internal.jaxp.DocumentBuilderImpl.parse(DocumentBuilderImpl.java:339)
	at org.eclipse.debug.internal.core.LaunchManager.createInfoFromXML(LaunchManager.java:935)
	at org.eclipse.debug.internal.core.LaunchManager.getInfo(LaunchManager.java:1359)
	... 10 more
!SUBENTRY 1 org.eclipse.debug.core 4 5012 2026-07-28 11:20:41.232
!MESSAGE 读取启动配置文件 F:\code\vibe_project\rollerball\M55\libraries\components\mtb-device-support-pse8xxgp\make\make\scripts\interface_version_3\eclipse\Application\ram\virgin\KitProg3\&&_APP_NAME&& Debug RAM MultiCore (KitProg3_MiniProg4).launch 时发生了 org.xml.sax.SAXParseException; lineNumber: 3; columnNumber: 66; 在实体引用中, 实体名称必须紧跟在 '&' 后面。。
!STACK 0
org.xml.sax.SAXParseException; lineNumber: 3; columnNumber: 66; 在实体引用中, 实体名称必须紧跟在 '&' 后面。
	at com.sun.org.apache.xerces.internal.util.ErrorHandlerWrapper.createSAXParseException(ErrorHandlerWrapper.java:203)
	at com.sun.org.apache.xerces.internal.util.ErrorHandlerWrapper.fatalError(ErrorHandlerWrapper.java:177)
	at com.sun.org.apache.xerces.internal.impl.XMLErrorReporter.reportError(XMLErrorReporter.java:400)
	at com.sun.org.apache.xerces.internal.impl.XMLErrorReporter.reportError(XMLErrorReporter.java:327)
	at com.sun.org.apache.xerces.internal.impl.XMLScanner.reportFatalError(XMLScanner.java:1472)
	at com.sun.org.apache.xerces.internal.impl.XMLScanner.scanAttributeValue(XMLScanner.java:908)
	at com.sun.org.apache.xerces.internal.impl.XMLDocumentFragmentScannerImpl.scanAttribute(XMLDocumentFragmentScannerImpl.java:1548)
	at com.sun.org.apache.xerces.internal.impl.XMLDocumentFragmentScannerImpl.scanStartElement(XMLDocumentFragmentScannerImpl.java:1315)
	at com.sun.org.apache.xerces.internal.impl.XMLDocumentFragmentScannerImpl$FragmentContentDriver.next(XMLDocumentFragmentScannerImpl.java:2784)
	at com.sun.org.apache.xerces.internal.impl.XMLDocumentScannerImpl.next(XMLDocumentScannerImpl.java:602)
	at com.sun.org.apache.xerces.internal.impl.XMLDocumentFragmentScannerImpl.scanDocument(XMLDocumentFragmentScannerImpl.java:505)
	at com.sun.org.apache.xerces.internal.parsers.XML11Configuration.parse(XML11Configuration.java:841)
	at com.sun.org.apache.xerces.internal.parsers.XML11Configuration.parse(XML11Configuration.java:770)
	at com.sun.org.apache.xerces.internal.parsers.XMLParser.parse(XMLParser.java:141)
	at com.sun.org.apache.xerces.internal.parsers.DOMParser.parse(DOMParser.java:243)
	at com.sun.org.apache.xerces.internal.jaxp.DocumentBuilderImpl.parse(DocumentBuilderImpl.java:339)
	at org.eclipse.debug.internal.core.LaunchManager.createInfoFromXML(LaunchManager.java:935)
	at org.eclipse.debug.internal.core.LaunchManager.getInfo(LaunchManager.java:1359)
	at org.eclipse.debug.internal.core.LaunchConfiguration.getInfo(LaunchConfiguration.java:490)
	at org.eclipse.debug.internal.core.LaunchConfiguration.getType(LaunchConfiguration.java:645)
	at org.eclipse.debug.internal.core.LaunchManager.isValid(LaunchManager.java:2091)
	at org.eclipse.debug.internal.core.LaunchManager.verifyConfigurations(LaunchManager.java:2462)
	at org.eclipse.debug.internal.core.LaunchManager.getAllLaunchConfigurations(LaunchManager.java:1140)
	at org.eclipse.debug.internal.core.LaunchManager.getLaunchConfigurations(LaunchManager.java:1444)
	at org.eclipse.debug.internal.core.LaunchManager.getLaunchConfigurations(LaunchManager.java:1439)
	at org.eclipse.launchbar.core.internal.LaunchBarManager.init(LaunchBarManager.java:130)
	at org.eclipse.launchbar.core.internal.LaunchBarManager$1.run(LaunchBarManager.java:96)
	at org.eclipse.core.internal.jobs.Worker.run(Worker.java:63)

!ENTRY org.eclipse.debug.core 4 125 2026-07-28 11:20:41.236
!MESSAGE 调试核心所记录的错误：
!STACK 1
org.eclipse.debug.core.DebugException: 读取启动配置文件 F:\code\vibe_project\rollerball\M55\libraries\components\mtb-device-support-pse8xxgp\make\make\scripts\interface_version_3\eclipse\Application\ram\virgin\KitProg3\&&_APP_NAME&& Program RAM Application (KitProg3_MiniProg4).launch 时发生了 org.xml.sax.SAXParseException; lineNumber: 3; columnNumber: 66; 在实体引用中, 实体名称必须紧跟在 '&' 后面。。
	at org.eclipse.debug.internal.core.LaunchManager.createDebugException(LaunchManager.java:886)
	at org.eclipse.debug.internal.core.LaunchManager.throwException(LaunchManager.java:2448)
	at org.eclipse.debug.internal.core.LaunchManager.getInfo(LaunchManager.java:1366)
	at org.eclipse.debug.internal.core.LaunchConfiguration.getInfo(LaunchConfiguration.java:490)
	at org.eclipse.debug.internal.core.LaunchConfiguration.getType(LaunchConfiguration.java:645)
	at org.eclipse.debug.internal.core.LaunchManager.isValid(LaunchManager.java:2091)
	at org.eclipse.debug.internal.core.LaunchManager.verifyConfigurations(LaunchManager.java:2462)
	at org.eclipse.debug.internal.core.LaunchManager.getAllLaunchConfigurations(LaunchManager.java:1140)
	at org.eclipse.debug.internal.core.LaunchManager.getLaunchConfigurations(LaunchManager.java:1444)
	at org.eclipse.debug.internal.core.LaunchManager.getLaunchConfigurations(LaunchManager.java:1439)
	at org.eclipse.launchbar.core.internal.LaunchBarManager.init(LaunchBarManager.java:130)
	at org.eclipse.launchbar.core.internal.LaunchBarManager$1.run(LaunchBarManager.java:96)
	at org.eclipse.core.internal.jobs.Worker.run(Worker.java:63)
Caused by: org.xml.sax.SAXParseException; lineNumber: 3; columnNumber: 66; 在实体引用中, 实体名称必须紧跟在 '&' 后面。
	at com.sun.org.apache.xerces.internal.util.ErrorHandlerWrapper.createSAXParseException(ErrorHandlerWrapper.java:203)
	at com.sun.org.apache.xerces.internal.util.ErrorHandlerWrapper.fatalError(ErrorHandlerWrapper.java:177)
	at com.sun.org.apache.xerces.internal.impl.XMLErrorReporter.reportError(XMLErrorReporter.java:400)
	at com.sun.org.apache.xerces.internal.impl.XMLErrorReporter.reportError(XMLErrorReporter.java:327)
	at com.sun.org.apache.xerces.internal.impl.XMLScanner.reportFatalError(XMLScanner.java:1472)
	at com.sun.org.apache.xerces.internal.impl.XMLScanner.scanAttributeValue(XMLScanner.java:908)
	at com.sun.org.apache.xerces.internal.impl.XMLDocumentFragmentScannerImpl.scanAttribute(XMLDocumentFragmentScannerImpl.java:1548)
	at com.sun.org.apache.xerces.internal.impl.XMLDocumentFragmentScannerImpl.scanStartElement(XMLDocumentFragmentScannerImpl.java:1315)
	at com.sun.org.apache.xerces.internal.impl.XMLDocumentFragmentScannerImpl$FragmentContentDriver.next(XMLDocumentFragmentScannerImpl.java:2784)
	at com.sun.org.apache.xerces.internal.impl.XMLDocumentScannerImpl.next(XMLDocumentScannerImpl.java:602)
	at com.sun.org.apache.xerces.internal.impl.XMLDocumentFragmentScannerImpl.scanDocument(XMLDocumentFragmentScannerImpl.java:505)
	at com.sun.org.apache.xerces.internal.parsers.XML11Configuration.parse(XML11Configuration.java:841)
	at com.sun.org.apache.xerces.internal.parsers.XML11Configuration.parse(XML11Configuration.java:770)
	at com.sun.org.apache.xerces.internal.parsers.XMLParser.parse(XMLParser.java:141)
	at com.sun.org.apache.xerces.internal.parsers.DOMParser.parse(DOMParser.java:243)
	at com.sun.org.apache.xerces.internal.jaxp.DocumentBuilderImpl.parse(DocumentBuilderImpl.java:339)
	at org.eclipse.debug.internal.core.LaunchManager.createInfoFromXML(LaunchManager.java:935)
	at org.eclipse.debug.internal.core.LaunchManager.getInfo(LaunchManager.java:1359)
	... 10 more
!SUBENTRY 1 org.eclipse.debug.core 4 5012 2026-07-28 11:20:41.236
!MESSAGE 读取启动配置文件 F:\code\vibe_project\rollerball\M55\libraries\components\mtb-device-support-pse8xxgp\make\make\scripts\interface_version_3\eclipse\Application\ram\virgin\KitProg3\&&_APP_NAME&& Program RAM Application (KitProg3_MiniProg4).launch 时发生了 org.xml.sax.SAXParseException; lineNumber: 3; columnNumber: 66; 在实体引用中, 实体名称必须紧跟在 '&' 后面。。
!STACK 0
org.xml.sax.SAXParseException; lineNumber: 3; columnNumber: 66; 在实体引用中, 实体名称必须紧跟在 '&' 后面。
	at com.sun.org.apache.xerces.internal.util.ErrorHandlerWrapper.createSAXParseException(ErrorHandlerWrapper.java:203)
	at com.sun.org.apache.xerces.internal.util.ErrorHandlerWrapper.fatalError(ErrorHandlerWrapper.java:177)
	at com.sun.org.apache.xerces.internal.impl.XMLErrorReporter.reportError(XMLErrorReporter.java:400)
	at com.sun.org.apache.xerces.internal.impl.XMLErrorReporter.reportError(XMLErrorReporter.java:327)
	at com.sun.org.apache.xerces.internal.impl.XMLScanner.reportFatalError(XMLScanner.java:1472)
	at com.sun.org.apache.xerces.internal.impl.XMLScanner.scanAttributeValue(XMLScanner.java:908)
	at com.sun.org.apache.xerces.internal.impl.XMLDocumentFragmentScannerImpl.scanAttribute(XMLDocumentFragmentScannerImpl.java:1548)
	at com.sun.org.apache.xerces.internal.impl.XMLDocumentFragmentScannerImpl.scanStartElement(XMLDocumentFragmentScannerImpl.java:1315)
	at com.sun.org.apache.xerces.internal.impl.XMLDocumentFragmentScannerImpl$FragmentContentDriver.next(XMLDocumentFragmentScannerImpl.java:2784)
	at com.sun.org.apache.xerces.internal.impl.XMLDocumentScannerImpl.next(XMLDocumentScannerImpl.java:602)
	at com.sun.org.apache.xerces.internal.impl.XMLDocumentFragmentScannerImpl.scanDocument(XMLDocumentFragmentScannerImpl.java:505)
	at com.sun.org.apache.xerces.internal.parsers.XML11Configuration.parse(XML11Configuration.java:841)
	at com.sun.org.apache.xerces.internal.parsers.XML11Configuration.parse(XML11Configuration.java:770)
	at com.sun.org.apache.xerces.internal.parsers.XMLParser.parse(XMLParser.java:141)
	at com.sun.org.apache.xerces.internal.parsers.DOMParser.parse(DOMParser.java:243)
	at com.sun.org.apache.xerces.internal.jaxp.DocumentBuilderImpl.parse(DocumentBuilderImpl.java:339)
	at org.eclipse.debug.internal.core.LaunchManager.createInfoFromXML(LaunchManager.java:935)
	at org.eclipse.debug.internal.core.LaunchManager.getInfo(LaunchManager.java:1359)
	at org.eclipse.debug.internal.core.LaunchConfiguration.getInfo(LaunchConfiguration.java:490)
	at org.eclipse.debug.internal.core.LaunchConfiguration.getType(LaunchConfiguration.java:645)
	at org.eclipse.debug.internal.core.LaunchManager.isValid(LaunchManager.java:2091)
	at org.eclipse.debug.internal.core.LaunchManager.verifyConfigurations(LaunchManager.java:2462)
	at org.eclipse.debug.internal.core.LaunchManager.getAllLaunchConfigurations(LaunchManager.java:1140)
	at org.eclipse.debug.internal.core.LaunchManager.getLaunchConfigurations(LaunchManager.java:1444)
	at org.eclipse.debug.internal.core.LaunchManager.getLaunchConfigurations(LaunchManager.java:1439)
	at org.eclipse.launchbar.core.internal.LaunchBarManager.init(LaunchBarManager.java:130)
	at org.eclipse.launchbar.core.internal.LaunchBarManager$1.run(LaunchBarManager.java:96)
	at org.eclipse.core.internal.jobs.Worker.run(Worker.java:63)

!ENTRY org.eclipse.debug.core 4 125 2026-07-28 11:20:41.236
!MESSAGE 调试核心所记录的错误：
!STACK 1
org.eclipse.debug.core.DebugException: 读取启动配置文件 F:\code\vibe_project\rollerball\M55\libraries\components\mtb-device-support-pse8xxgp\make\make\scripts\interface_version_3\eclipse\CM33\flash\_normal\JLink\any\&&_PRJ_NAME&& Attach RAM (JLink).launch 时发生了 org.xml.sax.SAXParseException; lineNumber: 3; columnNumber: 66; 在实体引用中, 实体名称必须紧跟在 '&' 后面。。
	at org.eclipse.debug.internal.core.LaunchManager.createDebugException(LaunchManager.java:886)
	at org.eclipse.debug.internal.core.LaunchManager.throwException(LaunchManager.java:2448)
	at org.eclipse.debug.internal.core.LaunchManager.getInfo(LaunchManager.java:1366)
	at org.eclipse.debug.internal.core.LaunchConfiguration.getInfo(LaunchConfiguration.java:490)
	at org.eclipse.debug.internal.core.LaunchConfiguration.getType(LaunchConfiguration.java:645)
	at org.eclipse.debug.internal.core.LaunchManager.isValid(LaunchManager.java:2091)
	at org.eclipse.debug.internal.core.LaunchManager.verifyConfigurations(LaunchManager.java:2462)
	at org.eclipse.debug.internal.core.LaunchManager.getAllLaunchConfigurations(LaunchManager.java:1140)
	at org.eclipse.debug.internal.core.LaunchManager.getLaunchConfigurations(LaunchManager.java:1444)
	at org.eclipse.debug.internal.core.LaunchManager.getLaunchConfigurations(LaunchManager.java:1439)
	at org.eclipse.launchbar.core.internal.LaunchBarManager.init(LaunchBarManager.java:130)
	at org.eclipse.launchbar.core.internal.LaunchBarManager$1.run(LaunchBarManager.java:96)
	at org.eclipse.core.internal.jobs.Worker.run(Worker.java:63)
Caused by: org.xml.sax.SAXParseException; lineNumber: 3; columnNumber: 66; 在实体引用中, 实体名称必须紧跟在 '&' 后面。
	at com.sun.org.apache.xerces.internal.util.ErrorHandlerWrapper.createSAXParseException(ErrorHandlerWrapper.java:203)
	at com.sun.org.apache.xerces.internal.util.ErrorHandlerWrapper.fatalError(ErrorHandlerWrapper.java:177)
	at com.sun.org.apache.xerces.internal.impl.XMLErrorReporter.reportError(XMLErrorReporter.java:400)
	at com.sun.org.apache.xerces.internal.impl.XMLErrorReporter.reportError(XMLErrorReporter.java:327)
	at com.sun.org.apache.xerces.internal.impl.XMLScanner.reportFatalError(XMLScanner.java:1472)
	at com.sun.org.apache.xerces.internal.impl.XMLScanner.scanAttributeValue(XMLScanner.java:908)
	at com.sun.org.apache.xerces.internal.impl.XMLDocumentFragmentScannerImpl.scanAttribute(XMLDocumentFragmentScannerImpl.java:1548)
	at com.sun.org.apache.xerces.internal.impl.XMLDocumentFragmentScannerImpl.scanStartElement(XMLDocumentFragmentScannerImpl.java:1315)
	at com.sun.org.apache.xerces.internal.impl.XMLDocumentFragmentScannerImpl$FragmentContentDriver.next(XMLDocumentFragmentScannerImpl.java:2784)
	at com.sun.org.apache.xerces.internal.impl.XMLDocumentScannerImpl.next(XMLDocumentScannerImpl.java:602)
	at com.sun.org.apache.xerces.internal.impl.XMLDocumentFragmentScannerImpl.scanDocument(XMLDocumentFragmentScannerImpl.java:505)
	at com.sun.org.apache.xerces.internal.parsers.XML11Configuration.parse(XML11Configuration.java:841)
	at com.sun.org.apache.xerces.internal.parsers.XML11Configuration.parse(XML11Configuration.java:770)
	at com.sun.org.apache.xerces.internal.parsers.XMLParser.parse(XMLParser.java:141)
	at com.sun.org.apache.xerces.internal.parsers.DOMParser.parse(DOMParser.java:243)
	at com.sun.org.apache.xerces.internal.jaxp.DocumentBuilderImpl.parse(DocumentBuilderImpl.java:339)
	at org.eclipse.debug.internal.core.LaunchManager.createInfoFromXML(LaunchManager.java:935)
	at org.eclipse.debug.internal.core.LaunchManager.getInfo(LaunchManager.java:1359)
	... 10 more
!SUBENTRY 1 org.eclipse.debug.core 4 5012 2026-07-28 11:20:41.236
!MESSAGE 读取启动配置文件 F:\code\vibe_project\rollerball\M55\libraries\components\mtb-device-support-pse8xxgp\make\make\scripts\interface_version_3\eclipse\CM33\flash\_normal\JLink\any\&&_PRJ_NAME&& Attach RAM (JLink).launch 时发生了 org.xml.sax.SAXParseException; lineNumber: 3; columnNumber: 66; 在实体引用中, 实体名称必须紧跟在 '&' 后面。。
!STACK 0
org.xml.sax.SAXParseException; lineNumber: 3; columnNumber: 66; 在实体引用中, 实体名称必须紧跟在 '&' 后面。
	at com.sun.org.apache.xerces.internal.util.ErrorHandlerWrapper.createSAXParseException(ErrorHandlerWrapper.java:203)
	at com.sun.org.apache.xerces.internal.util.ErrorHandlerWrapper.fatalError(ErrorHandlerWrapper.java:177)
	at com.sun.org.apache.xerces.internal.impl.XMLErrorReporter.reportError(XMLErrorReporter.java:400)
	at com.sun.org.apache.xerces.internal.impl.XMLErrorReporter.reportError(XMLErrorReporter.java:327)
	at com.sun.org.apache.xerces.internal.impl.XMLScanner.reportFatalError(XMLScanner.java:1472)
	at com.sun.org.apache.xerces.internal.impl.XMLScanner.scanAttributeValue(XMLScanner.java:908)
	at com.sun.org.apache.xerces.internal.impl.XMLDocumentFragmentScannerImpl.scanAttribute(XMLDocumentFragmentScannerImpl.java:1548)
	at com.sun.org.apache.xerces.internal.impl.XMLDocumentFragmentScannerImpl.scanStartElement(XMLDocumentFragmentScannerImpl.java:1315)
	at com.sun.org.apache.xerces.internal.impl.XMLDocumentFragmentScannerImpl$FragmentContentDriver.next(XMLDocumentFragmentScannerImpl.java:2784)
	at com.sun.org.apache.xerces.internal.impl.XMLDocumentScannerImpl.next(XMLDocumentScannerImpl.java:602)
	at com.sun.org.apache.xerces.internal.impl.XMLDocumentFragmentScannerImpl.scanDocument(XMLDocumentFragmentScannerImpl.java:505)
	at com.sun.org.apache.xerces.internal.parsers.XML11Configuration.parse(XML11Configuration.java:841)
	at com.sun.org.apache.xerces.internal.parsers.XML11Configuration.parse(XML11Configuration.java:770)
	at com.sun.org.apache.xerces.internal.parsers.XMLParser.parse(XMLParser.java:141)
	at com.sun.org.apache.xerces.internal.parsers.DOMParser.parse(DOMParser.java:243)
	at com.sun.org.apache.xerces.internal.jaxp.DocumentBuilderImpl.parse(DocumentBuilderImpl.java:339)
	at org.eclipse.debug.internal.core.LaunchManager.createInfoFromXML(LaunchManager.java:935)
	at org.eclipse.debug.internal.core.LaunchManager.getInfo(LaunchManager.java:1359)
	at org.eclipse.debug.internal.core.LaunchConfiguration.getInfo(LaunchConfiguration.java:490)
	at org.eclipse.debug.internal.core.LaunchConfiguration.getType(LaunchConfiguration.java:645)
	at org.eclipse.debug.internal.core.LaunchManager.isValid(LaunchManager.java:2091)
	at org.eclipse.debug.internal.core.LaunchManager.verifyConfigurations(LaunchManager.java:2462)
	at org.eclipse.debug.internal.core.LaunchManager.getAllLaunchConfigurations(LaunchManager.java:1140)
	at org.eclipse.debug.internal.core.LaunchManager.getLaunchConfigurations(LaunchManager.java:1444)
	at org.eclipse.debug.internal.core.LaunchManager.getLaunchConfigurations(LaunchManager.java:1439)
	at org.eclipse.launchbar.core.internal.LaunchBarManager.init(LaunchBarManager.java:130)
	at org.eclipse.launchbar.core.internal.LaunchBarManager$1.run(LaunchBarManager.java:96)
	at org.eclipse.core.internal.jobs.Worker.run(Worker.java:63)

!ENTRY org.eclipse.debug.core 4 125 2026-07-28 11:20:41.236
!MESSAGE 调试核心所记录的错误：
!STACK 1
org.eclipse.debug.core.DebugException: 读取启动配置文件 F:\code\vibe_project\rollerball\M55\libraries\components\mtb-device-support-pse8xxgp\make\make\scripts\interface_version_3\eclipse\CM33\flash\_normal\JLink\any\&&_PRJ_NAME&& Program RAM (JLink).launch 时发生了 org.xml.sax.SAXParseException; lineNumber: 3; columnNumber: 66; 在实体引用中, 实体名称必须紧跟在 '&' 后面。。
	at org.eclipse.debug.internal.core.LaunchManager.createDebugException(LaunchManager.java:886)
	at org.eclipse.debug.internal.core.LaunchManager.throwException(LaunchManager.java:2448)
	at org.eclipse.debug.internal.core.LaunchManager.getInfo(LaunchManager.java:1366)
	at org.eclipse.debug.internal.core.LaunchConfiguration.getInfo(LaunchConfiguration.java:490)
	at org.eclipse.debug.internal.core.LaunchConfiguration.getType(LaunchConfiguration.java:645)
	at org.eclipse.debug.internal.core.LaunchManager.isValid(LaunchManager.java:2091)
	at org.eclipse.debug.internal.core.LaunchManager.verifyConfigurations(LaunchManager.java:2462)
	at org.eclipse.debug.internal.core.LaunchManager.getAllLaunchConfigurations(LaunchManager.java:1140)
	at org.eclipse.debug.internal.core.LaunchManager.getLaunchConfigurations(LaunchManager.java:1444)
	at org.eclipse.debug.internal.core.LaunchManager.getLaunchConfigurations(LaunchManager.java:1439)
	at org.eclipse.launchbar.core.internal.LaunchBarManager.init(LaunchBarManager.java:130)
	at org.eclipse.launchbar.core.internal.LaunchBarManager$1.run(LaunchBarManager.java:96)
	at org.eclipse.core.internal.jobs.Worker.run(Worker.java:63)
Caused by: org.xml.sax.SAXParseException; lineNumber: 3; columnNumber: 66; 在实体引用中, 实体名称必须紧跟在 '&' 后面。
	at com.sun.org.apache.xerces.internal.util.ErrorHandlerWrapper.createSAXParseException(ErrorHandlerWrapper.java:203)
	at com.sun.org.apache.xerces.internal.util.ErrorHandlerWrapper.fatalError(ErrorHandlerWrapper.java:177)
	at com.sun.org.apache.xerces.internal.impl.XMLErrorReporter.reportError(XMLErrorReporter.java:400)
	at com.sun.org.apache.xerces.internal.impl.XMLErrorReporter.reportError(XMLErrorReporter.java:327)
	at com.sun.org.apache.xerces.internal.impl.XMLScanner.reportFatalError(XMLScanner.java:1472)
	at com.sun.org.apache.xerces.internal.impl.XMLScanner.scanAttributeValue(XMLScanner.java:908)
	at com.sun.org.apache.xerces.internal.impl.XMLDocumentFragmentScannerImpl.scanAttribute(XMLDocumentFragmentScannerImpl.java:1548)
	at com.sun.org.apache.xerces.internal.impl.XMLDocumentFragmentScannerImpl.scanStartElement(XMLDocumentFragmentScannerImpl.java:1315)
	at com.sun.org.apache.xerces.internal.impl.XMLDocumentFragmentScannerImpl$FragmentContentDriver.next(XMLDocumentFragmentScannerImpl.java:2784)
	at com.sun.org.apache.xerces.internal.impl.XMLDocumentScannerImpl.next(XMLDocumentScannerImpl.java:602)
	at com.sun.org.apache.xerces.internal.impl.XMLDocumentFragmentScannerImpl.scanDocument(XMLDocumentFragmentScannerImpl.java:505)
	at com.sun.org.apache.xerces.internal.parsers.XML11Configuration.parse(XML11Configuration.java:841)
	at com.sun.org.apache.xerces.internal.parsers.XML11Configuration.parse(XML11Configuration.java:770)
	at com.sun.org.apache.xerces.internal.parsers.XMLParser.parse(XMLParser.java:141)
	at com.sun.org.apache.xerces.internal.parsers.DOMParser.parse(DOMParser.java:243)
	at com.sun.org.apache.xerces.internal.jaxp.DocumentBuilderImpl.parse(DocumentBuilderImpl.java:339)
	at org.eclipse.debug.internal.core.LaunchManager.createInfoFromXML(LaunchManager.java:935)
	at org.eclipse.debug.internal.core.LaunchManager.getInfo(LaunchManager.java:1359)
	... 10 more
!SUBENTRY 1 org.eclipse.debug.core 4 5012 2026-07-28 11:20:41.236
!MESSAGE 读取启动配置文件 F:\code\vibe_project\rollerball\M55\libraries\components\mtb-device-support-pse8xxgp\make\make\scripts\interface_version_3\eclipse\CM33\flash\_normal\JLink\any\&&_PRJ_NAME&& Program RAM (JLink).launch 时发生了 org.xml.sax.SAXParseException; lineNumber: 3; columnNumber: 66; 在实体引用中, 实体名称必须紧跟在 '&' 后面。。
!STACK 0
org.xml.sax.SAXParseException; lineNumber: 3; columnNumber: 66; 在实体引用中, 实体名称必须紧跟在 '&' 后面。
	at com.sun.org.apache.xerces.internal.util.ErrorHandlerWrapper.createSAXParseException(ErrorHandlerWrapper.java:203)
	at com.sun.org.apache.xerces.internal.util.ErrorHandlerWrapper.fatalError(ErrorHandlerWrapper.java:177)
	at com.sun.org.apache.xerces.internal.impl.XMLErrorReporter.reportError(XMLErrorReporter.java:400)
	at com.sun.org.apache.xerces.internal.impl.XMLErrorReporter.reportError(XMLErrorReporter.java:327)
	at com.sun.org.apache.xerces.internal.impl.XMLScanner.reportFatalError(XMLScanner.java:1472)
	at com.sun.org.apache.xerces.internal.impl.XMLScanner.scanAttributeValue(XMLScanner.java:908)
	at com.sun.org.apache.xerces.internal.impl.XMLDocumentFragmentScannerImpl.scanAttribute(XMLDocumentFragmentScannerImpl.java:1548)
	at com.sun.org.apache.xerces.internal.impl.XMLDocumentFragmentScannerImpl.scanStartElement(XMLDocumentFragmentScannerImpl.java:1315)
	at com.sun.org.apache.xerces.internal.impl.XMLDocumentFragmentScannerImpl$FragmentContentDriver.next(XMLDocumentFragmentScannerImpl.java:2784)
	at com.sun.org.apache.xerces.internal.impl.XMLDocumentScannerImpl.next(XMLDocumentScannerImpl.java:602)
	at com.sun.org.apache.xerces.internal.impl.XMLDocumentFragmentScannerImpl.scanDocument(XMLDocumentFragmentScannerImpl.java:505)
	at com.sun.org.apache.xerces.internal.parsers.XML11Configuration.parse(XML11Configuration.java:841)
	at com.sun.org.apache.xerces.internal.parsers.XML11Configuration.parse(XML11Configuration.java:770)
	at com.sun.org.apache.xerces.internal.parsers.XMLParser.parse(XMLParser.java:141)
	at com.sun.org.apache.xerces.internal.parsers.DOMParser.parse(DOMParser.java:243)
	at com.sun.org.apache.xerces.internal.jaxp.DocumentBuilderImpl.parse(DocumentBuilderImpl.java:339)
	at org.eclipse.debug.internal.core.LaunchManager.createInfoFromXML(LaunchManager.java:935)
	at org.eclipse.debug.internal.core.LaunchManager.getInfo(LaunchManager.java:1359)
	at org.eclipse.debug.internal.core.LaunchConfiguration.getInfo(LaunchConfiguration.java:490)
	at org.eclipse.debug.internal.core.LaunchConfiguration.getType(LaunchConfiguration.java:645)
	at org.eclipse.debug.internal.core.LaunchManager.isValid(LaunchManager.java:2091)
	at org.eclipse.debug.internal.core.LaunchManager.verifyConfigurations(LaunchManager.java:2462)
	at org.eclipse.debug.internal.core.LaunchManager.getAllLaunchConfigurations(LaunchManager.java:1140)
	at org.eclipse.debug.internal.core.LaunchManager.getLaunchConfigurations(LaunchManager.java:1444)
	at org.eclipse.debug.internal.core.LaunchManager.getLaunchConfigurations(LaunchManager.java:1439)
	at org.eclipse.launchbar.core.internal.LaunchBarManager.init(LaunchBarManager.java:130)
	at org.eclipse.launchbar.core.internal.LaunchBarManager$1.run(LaunchBarManager.java:96)
	at org.eclipse.core.internal.jobs.Worker.run(Worker.java:63)

!ENTRY org.eclipse.debug.core 4 125 2026-07-28 11:20:41.241
!MESSAGE 调试核心所记录的错误：
!STACK 1
org.eclipse.debug.core.DebugException: 读取启动配置文件 F:\code\vibe_project\rollerball\M55\libraries\components\mtb-device-support-pse8xxgp\make\make\scripts\interface_version_3\eclipse\CM33\flash\_normal\KitProg3\any\&&_PRJ_NAME&& Attach (KitProg3_MiniProg4).launch 时发生了 org.xml.sax.SAXParseException; lineNumber: 3; columnNumber: 66; 在实体引用中, 实体名称必须紧跟在 '&' 后面。。
	at org.eclipse.debug.internal.core.LaunchManager.createDebugException(LaunchManager.java:886)
	at org.eclipse.debug.internal.core.LaunchManager.throwException(LaunchManager.java:2448)
	at org.eclipse.debug.internal.core.LaunchManager.getInfo(LaunchManager.java:1366)
	at org.eclipse.debug.internal.core.LaunchConfiguration.getInfo(LaunchConfiguration.java:490)
	at org.eclipse.debug.internal.core.LaunchConfiguration.getType(LaunchConfiguration.java:645)
	at org.eclipse.debug.internal.core.LaunchManager.isValid(LaunchManager.java:2091)
	at org.eclipse.debug.internal.core.LaunchManager.verifyConfigurations(LaunchManager.java:2462)
	at org.eclipse.debug.internal.core.LaunchManager.getAllLaunchConfigurations(LaunchManager.java:1140)
	at org.eclipse.debug.internal.core.LaunchManager.getLaunchConfigurations(LaunchManager.java:1444)
	at org.eclipse.debug.internal.core.LaunchManager.getLaunchConfigurations(LaunchManager.java:1439)
	at org.eclipse.launchbar.core.internal.LaunchBarManager.init(LaunchBarManager.java:130)
	at org.eclipse.launchbar.core.internal.LaunchBarManager$1.run(LaunchBarManager.java:96)
	at org.eclipse.core.internal.jobs.Worker.run(Worker.java:63)
Caused by: org.xml.sax.SAXParseException; lineNumber: 3; columnNumber: 66; 在实体引用中, 实体名称必须紧跟在 '&' 后面。
	at com.sun.org.apache.xerces.internal.util.ErrorHandlerWrapper.createSAXParseException(ErrorHandlerWrapper.java:203)
	at com.sun.org.apache.xerces.internal.util.ErrorHandlerWrapper.fatalError(ErrorHandlerWrapper.java:177)
	at com.sun.org.apache.xerces.internal.impl.XMLErrorReporter.reportError(XMLErrorReporter.java:400)
	at com.sun.org.apache.xerces.internal.impl.XMLErrorReporter.reportError(XMLErrorReporter.java:327)
	at com.sun.org.apache.xerces.internal.impl.XMLScanner.reportFatalError(XMLScanner.java:1472)
	at com.sun.org.apache.xerces.internal.impl.XMLScanner.scanAttributeValue(XMLScanner.java:908)
	at com.sun.org.apache.xerces.internal.impl.XMLDocumentFragmentScannerImpl.scanAttribute(XMLDocumentFragmentScannerImpl.java:1548)
	at com.sun.org.apache.xerces.internal.impl.XMLDocumentFragmentScannerImpl.scanStartElement(XMLDocumentFragmentScannerImpl.java:1315)
	at com.sun.org.apache.xerces.internal.impl.XMLDocumentFragmentScannerImpl$FragmentContentDriver.next(XMLDocumentFragmentScannerImpl.java:2784)
	at com.sun.org.apache.xerces.internal.impl.XMLDocumentScannerImpl.next(XMLDocumentScannerImpl.java:602)
	at com.sun.org.apache.xerces.internal.impl.XMLDocumentFragmentScannerImpl.scanDocument(XMLDocumentFragmentScannerImpl.java:505)
	at com.sun.org.apache.xerces.internal.parsers.XML11Configuration.parse(XML11Configuration.java:841)
	at com.sun.org.apache.xerces.internal.parsers.XML11Configuration.parse(XML11Configuration.java:770)
	at com.sun.org.apache.xerces.internal.parsers.XMLParser.parse(XMLParser.java:141)
	at com.sun.org.apache.xerces.internal.parsers.DOMParser.parse(DOMParser.java:243)
	at com.sun.org.apache.xerces.internal.jaxp.DocumentBuilderImpl.parse(DocumentBuilderImpl.java:339)
	at org.eclipse.debug.internal.core.LaunchManager.createInfoFromXML(LaunchManager.java:935)
	at org.eclipse.debug.internal.core.LaunchManager.getInfo(LaunchManager.java:1359)
	... 10 more
!SUBENTRY 1 org.eclipse.debug.core 4 5012 2026-07-28 11:20:41.241
!MESSAGE 读取启动配置文件 F:\code\vibe_project\rollerball\M55\libraries\components\mtb-device-support-pse8xxgp\make\make\scripts\interface_version_3\eclipse\CM33\flash\_normal\KitProg3\any\&&_PRJ_NAME&& Attach (KitProg3_MiniProg4).launch 时发生了 org.xml.sax.SAXParseException; lineNumber: 3; columnNumber: 66; 在实体引用中, 实体名称必须紧跟在 '&' 后面。。
!STACK 0
org.xml.sax.SAXParseException; lineNumber: 3; columnNumber: 66; 在实体引用中, 实体名称必须紧跟在 '&' 后面。
	at com.sun.org.apache.xerces.internal.util.ErrorHandlerWrapper.createSAXParseException(ErrorHandlerWrapper.java:203)
	at com.sun.org.apache.xerces.internal.util.ErrorHandlerWrapper.fatalError(ErrorHandlerWrapper.java:177)
	at com.sun.org.apache.xerces.internal.impl.XMLErrorReporter.reportError(XMLErrorReporter.java:400)
	at com.sun.org.apache.xerces.internal.impl.XMLErrorReporter.reportError(XMLErrorReporter.java:327)
	at com.sun.org.apache.xerces.internal.impl.XMLScanner.reportFatalError(XMLScanner.java:1472)
	at com.sun.org.apache.xerces.internal.impl.XMLScanner.scanAttributeValue(XMLScanner.java:908)
	at com.sun.org.apache.xerces.internal.impl.XMLDocumentFragmentScannerImpl.scanAttribute(XMLDocumentFragmentScannerImpl.java:1548)
	at com.sun.org.apache.xerces.internal.impl.XMLDocumentFragmentScannerImpl.scanStartElement(XMLDocumentFragmentScannerImpl.java:1315)
	at com.sun.org.apache.xerces.internal.impl.XMLDocumentFragmentScannerImpl$FragmentContentDriver.next(XMLDocumentFragmentScannerImpl.java:2784)
	at com.sun.org.apache.xerces.internal.impl.XMLDocumentScannerImpl.next(XMLDocumentScannerImpl.java:602)
	at com.sun.org.apache.xerces.internal.impl.XMLDocumentFragmentScannerImpl.scanDocument(XMLDocumentFragmentScannerImpl.java:505)
	at com.sun.org.apache.xerces.internal.parsers.XML11Configuration.parse(XML11Configuration.java:841)
	at com.sun.org.apache.xerces.internal.parsers.XML11Configuration.parse(XML11Configuration.java:770)
	at com.sun.org.apache.xerces.internal.parsers.XMLParser.parse(XMLParser.java:141)
	at com.sun.org.apache.xerces.internal.parsers.DOMParser.parse(DOMParser.java:243)
	at com.sun.org.apache.xerces.internal.jaxp.DocumentBuilderImpl.parse(DocumentBuilderImpl.java:339)
	at org.eclipse.debug.internal.core.LaunchManager.createInfoFromXML(LaunchManager.java:935)
	at org.eclipse.debug.internal.core.LaunchManager.getInfo(LaunchManager.java:1359)
	at org.eclipse.debug.internal.core.LaunchConfiguration.getInfo(LaunchConfiguration.java:490)
	at org.eclipse.debug.internal.core.LaunchConfiguration.getType(LaunchConfiguration.java:645)
	at org.eclipse.debug.internal.core.LaunchManager.isValid(LaunchManager.java:2091)
	at org.eclipse.debug.internal.core.LaunchManager.verifyConfigurations(LaunchManager.java:2462)
	at org.eclipse.debug.internal.core.LaunchManager.getAllLaunchConfigurations(LaunchManager.java:1140)
	at org.eclipse.debug.internal.core.LaunchManager.getLaunchConfigurations(LaunchManager.java:1444)
	at org.eclipse.debug.internal.core.LaunchManager.getLaunchConfigurations(LaunchManager.java:1439)
	at org.eclipse.launchbar.core.internal.LaunchBarManager.init(LaunchBarManager.java:130)
	at org.eclipse.launchbar.core.internal.LaunchBarManager$1.run(LaunchBarManager.java:96)
	at org.eclipse.core.internal.jobs.Worker.run(Worker.java:63)

!ENTRY org.eclipse.debug.core 4 125 2026-07-28 11:20:41.241
!MESSAGE 调试核心所记录的错误：
!STACK 1
org.eclipse.debug.core.DebugException: 读取启动配置文件 F:\code\vibe_project\rollerball\M55\libraries\components\mtb-device-support-pse8xxgp\make\make\scripts\interface_version_3\eclipse\CM33\flash\_normal\KitProg3\any\&&_PRJ_NAME&& Debug (KitProg3_MiniProg4).launch 时发生了 org.xml.sax.SAXParseException; lineNumber: 3; columnNumber: 66; 在实体引用中, 实体名称必须紧跟在 '&' 后面。。
	at org.eclipse.debug.internal.core.LaunchManager.createDebugException(LaunchManager.java:886)
	at org.eclipse.debug.internal.core.LaunchManager.throwException(LaunchManager.java:2448)
	at org.eclipse.debug.internal.core.LaunchManager.getInfo(LaunchManager.java:1366)
	at org.eclipse.debug.internal.core.LaunchConfiguration.getInfo(LaunchConfiguration.java:490)
	at org.eclipse.debug.internal.core.LaunchConfiguration.getType(LaunchConfiguration.java:645)
	at org.eclipse.debug.internal.core.LaunchManager.isValid(LaunchManager.java:2091)
	at org.eclipse.debug.internal.core.LaunchManager.verifyConfigurations(LaunchManager.java:2462)
	at org.eclipse.debug.internal.core.LaunchManager.getAllLaunchConfigurations(LaunchManager.java:1140)
	at org.eclipse.debug.internal.core.LaunchManager.getLaunchConfigurations(LaunchManager.java:1444)
	at org.eclipse.debug.internal.core.LaunchManager.getLaunchConfigurations(LaunchManager.java:1439)
	at org.eclipse.launchbar.core.internal.LaunchBarManager.init(LaunchBarManager.java:130)
	at org.eclipse.launchbar.core.internal.LaunchBarManager$1.run(LaunchBarManager.java:96)
	at org.eclipse.core.internal.jobs.Worker.run(Worker.java:63)
Caused by: org.xml.sax.SAXParseException; lineNumber: 3; columnNumber: 66; 在实体引用中, 实体名称必须紧跟在 '&' 后面。
	at com.sun.org.apache.xerces.internal.util.ErrorHandlerWrapper.createSAXParseException(ErrorHandlerWrapper.java:203)
	at com.sun.org.apache.xerces.internal.util.ErrorHandlerWrapper.fatalError(ErrorHandlerWrapper.java:177)
	at com.sun.org.apache.xerces.internal.impl.XMLErrorReporter.reportError(XMLErrorReporter.java:400)
	at com.sun.org.apache.xerces.internal.impl.XMLErrorReporter.reportError(XMLErrorReporter.java:327)
	at com.sun.org.apache.xerces.internal.impl.XMLScanner.reportFatalError(XMLScanner.java:1472)
	at com.sun.org.apache.xerces.internal.impl.XMLScanner.scanAttributeValue(XMLScanner.java:908)
	at com.sun.org.apache.xerces.internal.impl.XMLDocumentFragmentScannerImpl.scanAttribute(XMLDocumentFragmentScannerImpl.java:1548)
	at com.sun.org.apache.xerces.internal.impl.XMLDocumentFragmentScannerImpl.scanStartElement(XMLDocumentFragmentScannerImpl.java:1315)
	at com.sun.org.apache.xerces.internal.impl.XMLDocumentFragmentScannerImpl$FragmentContentDriver.next(XMLDocumentFragmentScannerImpl.java:2784)
	at com.sun.org.apache.xerces.internal.impl.XMLDocumentScannerImpl.next(XMLDocumentScannerImpl.java:602)
	at com.sun.org.apache.xerces.internal.impl.XMLDocumentFragmentScannerImpl.scanDocument(XMLDocumentFragmentScannerImpl.java:505)
	at com.sun.org.apache.xerces.internal.parsers.XML11Configuration.parse(XML11Configuration.java:841)
	at com.sun.org.apache.xerces.internal.parsers.XML11Configuration.parse(XML11Configuration.java:770)
	at com.sun.org.apache.xerces.internal.parsers.XMLParser.parse(XMLParser.java:141)
	at com.sun.org.apache.xerces.internal.parsers.DOMParser.parse(DOMParser.java:243)
	at com.sun.org.apache.xerces.internal.jaxp.DocumentBuilderImpl.parse(DocumentBuilderImpl.java:339)
	at org.eclipse.debug.internal.core.LaunchManager.createInfoFromXML(LaunchManager.java:935)
	at org.eclipse.debug.internal.core.LaunchManager.getInfo(LaunchManager.java:1359)
	... 10 more
!SUBENTRY 1 org.eclipse.debug.core 4 5012 2026-07-28 11:20:41.241
!MESSAGE 读取启动配置文件 F:\code\vibe_project\rollerball\M55\libraries\components\mtb-device-support-pse8xxgp\make\make\scripts\interface_version_3\eclipse\CM33\flash\_normal\KitProg3\any\&&_PRJ_NAME&& Debug (KitProg3_MiniProg4).launch 时发生了 org.xml.sax.SAXParseException; lineNumber: 3; columnNumber: 66; 在实体引用中, 实体名称必须紧跟在 '&' 后面。。
!STACK 0
org.xml.sax.SAXParseException; lineNumber: 3; columnNumber: 66; 在实体引用中, 实体名称必须紧跟在 '&' 后面。
	at com.sun.org.apache.xerces.internal.util.ErrorHandlerWrapper.createSAXParseException(ErrorHandlerWrapper.java:203)
	at com.sun.org.apache.xerces.internal.util.ErrorHandlerWrapper.fatalError(ErrorHandlerWrapper.java:177)
	at com.sun.org.apache.xerces.internal.impl.XMLErrorReporter.reportError(XMLErrorReporter.java:400)
	at com.sun.org.apache.xerces.internal.impl.XMLErrorReporter.reportError(XMLErrorReporter.java:327)
	at com.sun.org.apache.xerces.internal.impl.XMLScanner.reportFatalError(XMLScanner.java:1472)
	at com.sun.org.apache.xerces.internal.impl.XMLScanner.scanAttributeValue(XMLScanner.java:908)
	at com.sun.org.apache.xerces.internal.impl.XMLDocumentFragmentScannerImpl.scanAttribute(XMLDocumentFragmentScannerImpl.java:1548)
	at com.sun.org.apache.xerces.internal.impl.XMLDocumentFragmentScannerImpl.scanStartElement(XMLDocumentFragmentScannerImpl.java:1315)
	at com.sun.org.apache.xerces.internal.impl.XMLDocumentFragmentScannerImpl$FragmentContentDriver.next(XMLDocumentFragmentScannerImpl.java:2784)
	at com.sun.org.apache.xerces.internal.impl.XMLDocumentScannerImpl.next(XMLDocumentScannerImpl.java:602)
	at com.sun.org.apache.xerces.internal.impl.XMLDocumentFragmentScannerImpl.scanDocument(XMLDocumentFragmentScannerImpl.java:505)
	at com.sun.org.apache.xerces.internal.parsers.XML11Configuration.parse(XML11Configuration.java:841)
	at com.sun.org.apache.xerces.internal.parsers.XML11Configuration.parse(XML11Configuration.java:770)
	at com.sun.org.apache.xerces.internal.parsers.XMLParser.parse(XMLParser.java:141)
	at com.sun.org.apache.xerces.internal.parsers.DOMParser.parse(DOMParser.java:243)
	at com.sun.org.apache.xerces.internal.jaxp.DocumentBuilderImpl.parse(DocumentBuilderImpl.java:339)
	at org.eclipse.debug.internal.core.LaunchManager.createInfoFromXML(LaunchManager.java:935)
	at org.eclipse.debug.internal.core.LaunchManager.getInfo(LaunchManager.java:1359)
	at org.eclipse.debug.internal.core.LaunchConfiguration.getInfo(LaunchConfiguration.java:490)
	at org.eclipse.debug.internal.core.LaunchConfiguration.getType(LaunchConfiguration.java:645)
	at org.eclipse.debug.internal.core.LaunchManager.isValid(LaunchManager.java:2091)
	at org.eclipse.debug.internal.core.LaunchManager.verifyConfigurations(LaunchManager.java:2462)
	at org.eclipse.debug.internal.core.LaunchManager.getAllLaunchConfigurations(LaunchManager.java:1140)
	at org.eclipse.debug.internal.core.LaunchManager.getLaunchConfigurations(LaunchManager.java:1444)
	at org.eclipse.debug.internal.core.LaunchManager.getLaunchConfigurations(LaunchManager.java:1439)
	at org.eclipse.launchbar.core.internal.LaunchBarManager.init(LaunchBarManager.java:130)
	at org.eclipse.launchbar.core.internal.LaunchBarManager$1.run(LaunchBarManager.java:96)
	at org.eclipse.core.internal.jobs.Worker.run(Worker.java:63)

!ENTRY org.eclipse.debug.core 4 125 2026-07-28 11:20:41.245
!MESSAGE 调试核心所记录的错误：
!STACK 1
org.eclipse.debug.core.DebugException: 读取启动配置文件 F:\code\vibe_project\rollerball\M55\libraries\components\mtb-device-support-pse8xxgp\make\make\scripts\interface_version_3\eclipse\CM33\flash\_normal\KitProg3\any\&&_PRJ_NAME&& Program (KitProg3_MiniProg4).launch 时发生了 org.xml.sax.SAXParseException; lineNumber: 3; columnNumber: 66; 在实体引用中, 实体名称必须紧跟在 '&' 后面。。
	at org.eclipse.debug.internal.core.LaunchManager.createDebugException(LaunchManager.java:886)
	at org.eclipse.debug.internal.core.LaunchManager.throwException(LaunchManager.java:2448)
	at org.eclipse.debug.internal.core.LaunchManager.getInfo(LaunchManager.java:1366)
	at org.eclipse.debug.internal.core.LaunchConfiguration.getInfo(LaunchConfiguration.java:490)
	at org.eclipse.debug.internal.core.LaunchConfiguration.getType(LaunchConfiguration.java:645)
	at org.eclipse.debug.internal.core.LaunchManager.isValid(LaunchManager.java:2091)
	at org.eclipse.debug.internal.core.LaunchManager.verifyConfigurations(LaunchManager.java:2462)
	at org.eclipse.debug.internal.core.LaunchManager.getAllLaunchConfigurations(LaunchManager.java:1140)
	at org.eclipse.debug.internal.core.LaunchManager.getLaunchConfigurations(LaunchManager.java:1444)
	at org.eclipse.debug.internal.core.LaunchManager.getLaunchConfigurations(LaunchManager.java:1439)
	at org.eclipse.launchbar.core.internal.LaunchBarManager.init(LaunchBarManager.java:130)
	at org.eclipse.launchbar.core.internal.LaunchBarManager$1.run(LaunchBarManager.java:96)
	at org.eclipse.core.internal.jobs.Worker.run(Worker.java:63)
Caused by: org.xml.sax.SAXParseException; lineNumber: 3; columnNumber: 66; 在实体引用中, 实体名称必须紧跟在 '&' 后面。
	at com.sun.org.apache.xerces.internal.util.ErrorHandlerWrapper.createSAXParseException(ErrorHandlerWrapper.java:203)
	at com.sun.org.apache.xerces.internal.util.ErrorHandlerWrapper.fatalError(ErrorHandlerWrapper.java:177)
	at com.sun.org.apache.xerces.internal.impl.XMLErrorReporter.reportError(XMLErrorReporter.java:400)
	at com.sun.org.apache.xerces.internal.impl.XMLErrorReporter.reportError(XMLErrorReporter.java:327)
	at com.sun.org.apache.xerces.internal.impl.XMLScanner.reportFatalError(XMLScanner.java:1472)
	at com.sun.org.apache.xerces.internal.impl.XMLScanner.scanAttributeValue(XMLScanner.java:908)
	at com.sun.org.apache.xerces.internal.impl.XMLDocumentFragmentScannerImpl.scanAttribute(XMLDocumentFragmentScannerImpl.java:1548)
	at com.sun.org.apache.xerces.internal.impl.XMLDocumentFragmentScannerImpl.scanStartElement(XMLDocumentFragmentScannerImpl.java:1315)
	at com.sun.org.apache.xerces.internal.impl.XMLDocumentFragmentScannerImpl$FragmentContentDriver.next(XMLDocumentFragmentScannerImpl.java:2784)
	at com.sun.org.apache.xerces.internal.impl.XMLDocumentScannerImpl.next(XMLDocumentScannerImpl.java:602)
	at com.sun.org.apache.xerces.internal.impl.XMLDocumentFragmentScannerImpl.scanDocument(XMLDocumentFragmentScannerImpl.java:505)
	at com.sun.org.apache.xerces.internal.parsers.XML11Configuration.parse(XML11Configuration.java:841)
	at com.sun.org.apache.xerces.internal.parsers.XML11Configuration.parse(XML11Configuration.java:770)
	at com.sun.org.apache.xerces.internal.parsers.XMLParser.parse(XMLParser.java:141)
	at com.sun.org.apache.xerces.internal.parsers.DOMParser.parse(DOMParser.java:243)
	at com.sun.org.apache.xerces.internal.jaxp.DocumentBuilderImpl.parse(DocumentBuilderImpl.java:339)
	at org.eclipse.debug.internal.core.LaunchManager.createInfoFromXML(LaunchManager.java:935)
	at org.eclipse.debug.internal.core.LaunchManager.getInfo(LaunchManager.java:1359)
	... 10 more
!SUBENTRY 1 org.eclipse.debug.core 4 5012 2026-07-28 11:20:41.245
!MESSAGE 读取启动配置文件 F:\code\vibe_project\rollerball\M55\libraries\components\mtb-device-support-pse8xxgp\make\make\scripts\interface_version_3\eclipse\CM33\flash\_normal\KitProg3\any\&&_PRJ_NAME&& Program (KitProg3_MiniProg4).launch 时发生了 org.xml.sax.SAXParseException; lineNumber: 3; columnNumber: 66; 在实体引用中, 实体名称必须紧跟在 '&' 后面。。
!STACK 0
org.xml.sax.SAXParseException; lineNumber: 3; columnNumber: 66; 在实体引用中, 实体名称必须紧跟在 '&' 后面。
	at com.sun.org.apache.xerces.internal.util.ErrorHandlerWrapper.createSAXParseException(ErrorHandlerWrapper.java:203)
	at com.sun.org.apache.xerces.internal.util.ErrorHandlerWrapper.fatalError(ErrorHandlerWrapper.java:177)
	at com.sun.org.apache.xerces.internal.impl.XMLErrorReporter.reportError(XMLErrorReporter.java:400)
	at com.sun.org.apache.xerces.internal.impl.XMLErrorReporter.reportError(XMLErrorReporter.java:327)
	at com.sun.org.apache.xerces.internal.impl.XMLScanner.reportFatalError(XMLScanner.java:1472)
	at com.sun.org.apache.xerces.internal.impl.XMLScanner.scanAttributeValue(XMLScanner.java:908)
	at com.sun.org.apache.xerces.internal.impl.XMLDocumentFragmentScannerImpl.scanAttribute(XMLDocumentFragmentScannerImpl.java:1548)
	at com.sun.org.apache.xerces.internal.impl.XMLDocumentFragmentScannerImpl.scanStartElement(XMLDocumentFragmentScannerImpl.java:1315)
	at com.sun.org.apache.xerces.internal.impl.XMLDocumentFragmentScannerImpl$FragmentContentDriver.next(XMLDocumentFragmentScannerImpl.java:2784)
	at com.sun.org.apache.xerces.internal.impl.XMLDocumentScannerImpl.next(XMLDocumentScannerImpl.java:602)
	at com.sun.org.apache.xerces.internal.impl.XMLDocumentFragmentScannerImpl.scanDocument(XMLDocumentFragmentScannerImpl.java:505)
	at com.sun.org.apache.xerces.internal.parsers.XML11Configuration.parse(XML11Configuration.java:841)
	at com.sun.org.apache.xerces.internal.parsers.XML11Configuration.parse(XML11Configuration.java:770)
	at com.sun.org.apache.xerces.internal.parsers.XMLParser.parse(XMLParser.java:141)
	at com.sun.org.apache.xerces.internal.parsers.DOMParser.parse(DOMParser.java:243)
	at com.sun.org.apache.xerces.internal.jaxp.DocumentBuilderImpl.parse(DocumentBuilderImpl.java:339)
	at org.eclipse.debug.internal.core.LaunchManager.createInfoFromXML(LaunchManager.java:935)
	at org.eclipse.debug.internal.core.LaunchManager.getInfo(LaunchManager.java:1359)
	at org.eclipse.debug.internal.core.LaunchConfiguration.getInfo(LaunchConfiguration.java:490)
	at org.eclipse.debug.internal.core.LaunchConfiguration.getType(LaunchConfiguration.java:645)
	at org.eclipse.debug.internal.core.LaunchManager.isValid(LaunchManager.java:2091)
	at org.eclipse.debug.internal.core.LaunchManager.verifyConfigurations(LaunchManager.java:2462)
	at org.eclipse.debug.internal.core.LaunchManager.getAllLaunchConfigurations(LaunchManager.java:1140)
	at org.eclipse.debug.internal.core.LaunchManager.getLaunchConfigurations(LaunchManager.java:1444)
	at org.eclipse.debug.internal.core.LaunchManager.getLaunchConfigurations(LaunchManager.java:1439)
	at org.eclipse.launchbar.core.internal.LaunchBarManager.init(LaunchBarManager.java:130)
	at org.eclipse.launchbar.core.internal.LaunchBarManager$1.run(LaunchBarManager.java:96)
	at org.eclipse.core.internal.jobs.Worker.run(Worker.java:63)

!ENTRY org.eclipse.debug.core 4 125 2026-07-28 11:20:41.245
!MESSAGE 调试核心所记录的错误：
!STACK 1
org.eclipse.debug.core.DebugException: 读取启动配置文件 F:\code\vibe_project\rollerball\M55\libraries\components\mtb-device-support-pse8xxgp\make\make\scripts\interface_version_3\eclipse\CM33\flash\_normal\KitProg3\combine_sign\Debug.launch 时发生了 org.xml.sax.SAXParseException; lineNumber: 3; columnNumber: 66; 在实体引用中, 实体名称必须紧跟在 '&' 后面。。
	at org.eclipse.debug.internal.core.LaunchManager.createDebugException(LaunchManager.java:886)
	at org.eclipse.debug.internal.core.LaunchManager.throwException(LaunchManager.java:2448)
	at org.eclipse.debug.internal.core.LaunchManager.getInfo(LaunchManager.java:1366)
	at org.eclipse.debug.internal.core.LaunchConfiguration.getInfo(LaunchConfiguration.java:490)
	at org.eclipse.debug.internal.core.LaunchConfiguration.getType(LaunchConfiguration.java:645)
	at org.eclipse.debug.internal.core.LaunchManager.isValid(LaunchManager.java:2091)
	at org.eclipse.debug.internal.core.LaunchManager.verifyConfigurations(LaunchManager.java:2462)
	at org.eclipse.debug.internal.core.LaunchManager.getAllLaunchConfigurations(LaunchManager.java:1140)
	at org.eclipse.debug.internal.core.LaunchManager.getLaunchConfigurations(LaunchManager.java:1444)
	at org.eclipse.debug.internal.core.LaunchManager.getLaunchConfigurations(LaunchManager.java:1439)
	at org.eclipse.launchbar.core.internal.LaunchBarManager.init(LaunchBarManager.java:130)
	at org.eclipse.launchbar.core.internal.LaunchBarManager$1.run(LaunchBarManager.java:96)
	at org.eclipse.core.internal.jobs.Worker.run(Worker.java:63)
Caused by: org.xml.sax.SAXParseException; lineNumber: 3; columnNumber: 66; 在实体引用中, 实体名称必须紧跟在 '&' 后面。
	at com.sun.org.apache.xerces.internal.util.ErrorHandlerWrapper.createSAXParseException(ErrorHandlerWrapper.java:203)
	at com.sun.org.apache.xerces.internal.util.ErrorHandlerWrapper.fatalError(ErrorHandlerWrapper.java:177)
	at com.sun.org.apache.xerces.internal.impl.XMLErrorReporter.reportError(XMLErrorReporter.java:400)
	at com.sun.org.apache.xerces.internal.impl.XMLErrorReporter.reportError(XMLErrorReporter.java:327)
	at com.sun.org.apache.xerces.internal.impl.XMLScanner.reportFatalError(XMLScanner.java:1472)
	at com.sun.org.apache.xerces.internal.impl.XMLScanner.scanAttributeValue(XMLScanner.java:908)
	at com.sun.org.apache.xerces.internal.impl.XMLDocumentFragmentScannerImpl.scanAttribute(XMLDocumentFragmentScannerImpl.java:1548)
	at com.sun.org.apache.xerces.internal.impl.XMLDocumentFragmentScannerImpl.scanStartElement(XMLDocumentFragmentScannerImpl.java:1315)
	at com.sun.org.apache.xerces.internal.impl.XMLDocumentFragmentScannerImpl$FragmentContentDriver.next(XMLDocumentFragmentScannerImpl.java:2784)
	at com.sun.org.apache.xerces.internal.impl.XMLDocumentScannerImpl.next(XMLDocumentScannerImpl.java:602)
	at com.sun.org.apache.xerces.internal.impl.XMLDocumentFragmentScannerImpl.scanDocument(XMLDocumentFragmentScannerImpl.java:505)
	at com.sun.org.apache.xerces.internal.parsers.XML11Configuration.parse(XML11Configuration.java:841)
	at com.sun.org.apache.xerces.internal.parsers.XML11Configuration.parse(XML11Configuration.java:770)
	at com.sun.org.apache.xerces.internal.parsers.XMLParser.parse(XMLParser.java:141)
	at com.sun.org.apache.xerces.internal.parsers.DOMParser.parse(DOMParser.java:243)
	at com.sun.org.apache.xerces.internal.jaxp.DocumentBuilderImpl.parse(DocumentBuilderImpl.java:339)
	at org.eclipse.debug.internal.core.LaunchManager.createInfoFromXML(LaunchManager.java:935)
	at org.eclipse.debug.internal.core.LaunchManager.getInfo(LaunchManager.java:1359)
	... 10 more
!SUBENTRY 1 org.eclipse.debug.core 4 5012 2026-07-28 11:20:41.245
!MESSAGE 读取启动配置文件 F:\code\vibe_project\rollerball\M55\libraries\components\mtb-device-support-pse8xxgp\make\make\scripts\interface_version_3\eclipse\CM33\flash\_normal\KitProg3\combine_sign\Debug.launch 时发生了 org.xml.sax.SAXParseException; lineNumber: 3; columnNumber: 66; 在实体引用中, 实体名称必须紧跟在 '&' 后面。。
!STACK 0
org.xml.sax.SAXParseException; lineNumber: 3; columnNumber: 66; 在实体引用中, 实体名称必须紧跟在 '&' 后面。
	at com.sun.org.apache.xerces.internal.util.ErrorHandlerWrapper.createSAXParseException(ErrorHandlerWrapper.java:203)
	at com.sun.org.apache.xerces.internal.util.ErrorHandlerWrapper.fatalError(ErrorHandlerWrapper.java:177)
	at com.sun.org.apache.xerces.internal.impl.XMLErrorReporter.reportError(XMLErrorReporter.java:400)
	at com.sun.org.apache.xerces.internal.impl.XMLErrorReporter.reportError(XMLErrorReporter.java:327)
	at com.sun.org.apache.xerces.internal.impl.XMLScanner.reportFatalError(XMLScanner.java:1472)
	at com.sun.org.apache.xerces.internal.impl.XMLScanner.scanAttributeValue(XMLScanner.java:908)
	at com.sun.org.apache.xerces.internal.impl.XMLDocumentFragmentScannerImpl.scanAttribute(XMLDocumentFragmentScannerImpl.java:1548)
	at com.sun.org.apache.xerces.internal.impl.XMLDocumentFragmentScannerImpl.scanStartElement(XMLDocumentFragmentScannerImpl.java:1315)
	at com.sun.org.apache.xerces.internal.impl.XMLDocumentFragmentScannerImpl$FragmentContentDriver.next(XMLDocumentFragmentScannerImpl.java:2784)
	at com.sun.org.apache.xerces.internal.impl.XMLDocumentScannerImpl.next(XMLDocumentScannerImpl.java:602)
	at com.sun.org.apache.xerces.internal.impl.XMLDocumentFragmentScannerImpl.scanDocument(XMLDocumentFragmentScannerImpl.java:505)
	at com.sun.org.apache.xerces.internal.parsers.XML11Configuration.parse(XML11Configuration.java:841)
	at com.sun.org.apache.xerces.internal.parsers.XML11Configuration.parse(XML11Configuration.java:770)
	at com.sun.org.apache.xerces.internal.parsers.XMLParser.parse(XMLParser.java:141)
	at com.sun.org.apache.xerces.internal.parsers.DOMParser.parse(DOMParser.java:243)
	at com.sun.org.apache.xerces.internal.jaxp.DocumentBuilderImpl.parse(DocumentBuilderImpl.java:339)
	at org.eclipse.debug.internal.core.LaunchManager.createInfoFromXML(LaunchManager.java:935)
	at org.eclipse.debug.internal.core.LaunchManager.getInfo(LaunchManager.java:1359)
	at org.eclipse.debug.internal.core.LaunchConfiguration.getInfo(LaunchConfiguration.java:490)
	at org.eclipse.debug.internal.core.LaunchConfiguration.getType(LaunchConfiguration.java:645)
	at org.eclipse.debug.internal.core.LaunchManager.isValid(LaunchManager.java:2091)
	at org.eclipse.debug.internal.core.LaunchManager.verifyConfigurations(LaunchManager.java:2462)
	at org.eclipse.debug.internal.core.LaunchManager.getAllLaunchConfigurations(LaunchManager.java:1140)
	at org.eclipse.debug.internal.core.LaunchManager.getLaunchConfigurations(LaunchManager.java:1444)
	at org.eclipse.debug.internal.core.LaunchManager.getLaunchConfigurations(LaunchManager.java:1439)
	at org.eclipse.launchbar.core.internal.LaunchBarManager.init(LaunchBarManager.java:130)
	at org.eclipse.launchbar.core.internal.LaunchBarManager$1.run(LaunchBarManager.java:96)
	at org.eclipse.core.internal.jobs.Worker.run(Worker.java:63)

!ENTRY org.eclipse.debug.core 4 125 2026-07-28 11:20:41.245
!MESSAGE 调试核心所记录的错误：
!STACK 1
org.eclipse.debug.core.DebugException: 读取启动配置文件 F:\code\vibe_project\rollerball\M55\libraries\components\mtb-device-support-pse8xxgp\make\make\scripts\interface_version_3\eclipse\CM33\flash\_normal\KitProg3\multi\&&_PRJ_NAME&& Debug Multicore (KitProg3_MiniProg4).launch 时发生了 org.xml.sax.SAXParseException; lineNumber: 3; columnNumber: 66; 在实体引用中, 实体名称必须紧跟在 '&' 后面。。
	at org.eclipse.debug.internal.core.LaunchManager.createDebugException(LaunchManager.java:886)
	at org.eclipse.debug.internal.core.LaunchManager.throwException(LaunchManager.java:2448)
	at org.eclipse.debug.internal.core.LaunchManager.getInfo(LaunchManager.java:1366)
	at org.eclipse.debug.internal.core.LaunchConfiguration.getInfo(LaunchConfiguration.java:490)
	at org.eclipse.debug.internal.core.LaunchConfiguration.getType(LaunchConfiguration.java:645)
	at org.eclipse.debug.internal.core.LaunchManager.isValid(LaunchManager.java:2091)
	at org.eclipse.debug.internal.core.LaunchManager.verifyConfigurations(LaunchManager.java:2462)
	at org.eclipse.debug.internal.core.LaunchManager.getAllLaunchConfigurations(LaunchManager.java:1140)
	at org.eclipse.debug.internal.core.LaunchManager.getLaunchConfigurations(LaunchManager.java:1444)
	at org.eclipse.debug.internal.core.LaunchManager.getLaunchConfigurations(LaunchManager.java:1439)
	at org.eclipse.launchbar.core.internal.LaunchBarManager.init(LaunchBarManager.java:130)
	at org.eclipse.launchbar.core.internal.LaunchBarManager$1.run(LaunchBarManager.java:96)
	at org.eclipse.core.internal.jobs.Worker.run(Worker.java:63)
Caused by: org.xml.sax.SAXParseException; lineNumber: 3; columnNumber: 66; 在实体引用中, 实体名称必须紧跟在 '&' 后面。
	at com.sun.org.apache.xerces.internal.util.ErrorHandlerWrapper.createSAXParseException(ErrorHandlerWrapper.java:203)
	at com.sun.org.apache.xerces.internal.util.ErrorHandlerWrapper.fatalError(ErrorHandlerWrapper.java:177)
	at com.sun.org.apache.xerces.internal.impl.XMLErrorReporter.reportError(XMLErrorReporter.java:400)
	at com.sun.org.apache.xerces.internal.impl.XMLErrorReporter.reportError(XMLErrorReporter.java:327)
	at com.sun.org.apache.xerces.internal.impl.XMLScanner.reportFatalError(XMLScanner.java:1472)
	at com.sun.org.apache.xerces.internal.impl.XMLScanner.scanAttributeValue(XMLScanner.java:908)
	at com.sun.org.apache.xerces.internal.impl.XMLDocumentFragmentScannerImpl.scanAttribute(XMLDocumentFragmentScannerImpl.java:1548)
	at com.sun.org.apache.xerces.internal.impl.XMLDocumentFragmentScannerImpl.scanStartElement(XMLDocumentFragmentScannerImpl.java:1315)
	at com.sun.org.apache.xerces.internal.impl.XMLDocumentFragmentScannerImpl$FragmentContentDriver.next(XMLDocumentFragmentScannerImpl.java:2784)
	at com.sun.org.apache.xerces.internal.impl.XMLDocumentScannerImpl.next(XMLDocumentScannerImpl.java:602)
	at com.sun.org.apache.xerces.internal.impl.XMLDocumentFragmentScannerImpl.scanDocument(XMLDocumentFragmentScannerImpl.java:505)
	at com.sun.org.apache.xerces.internal.parsers.XML11Configuration.parse(XML11Configuration.java:841)
	at com.sun.org.apache.xerces.internal.parsers.XML11Configuration.parse(XML11Configuration.java:770)
	at com.sun.org.apache.xerces.internal.parsers.XMLParser.parse(XMLParser.java:141)
	at com.sun.org.apache.xerces.internal.parsers.DOMParser.parse(DOMParser.java:243)
	at com.sun.org.apache.xerces.internal.jaxp.DocumentBuilderImpl.parse(DocumentBuilderImpl.java:339)
	at org.eclipse.debug.internal.core.LaunchManager.createInfoFromXML(LaunchManager.java:935)
	at org.eclipse.debug.internal.core.LaunchManager.getInfo(LaunchManager.java:1359)
	... 10 more
!SUBENTRY 1 org.eclipse.debug.core 4 5012 2026-07-28 11:20:41.245
!MESSAGE 读取启动配置文件 F:\code\vibe_project\rollerball\M55\libraries\components\mtb-device-support-pse8xxgp\make\make\scripts\interface_version_3\eclipse\CM33\flash\_normal\KitProg3\multi\&&_PRJ_NAME&& Debug Multicore (KitProg3_MiniProg4).launch 时发生了 org.xml.sax.SAXParseException; lineNumber: 3; columnNumber: 66; 在实体引用中, 实体名称必须紧跟在 '&' 后面。。
!STACK 0
org.xml.sax.SAXParseException; lineNumber: 3; columnNumber: 66; 在实体引用中, 实体名称必须紧跟在 '&' 后面。
	at com.sun.org.apache.xerces.internal.util.ErrorHandlerWrapper.createSAXParseException(ErrorHandlerWrapper.java:203)
	at com.sun.org.apache.xerces.internal.util.ErrorHandlerWrapper.fatalError(ErrorHandlerWrapper.java:177)
	at com.sun.org.apache.xerces.internal.impl.XMLErrorReporter.reportError(XMLErrorReporter.java:400)
	at com.sun.org.apache.xerces.internal.impl.XMLErrorReporter.reportError(XMLErrorReporter.java:327)
	at com.sun.org.apache.xerces.internal.impl.XMLScanner.reportFatalError(XMLScanner.java:1472)
	at com.sun.org.apache.xerces.internal.impl.XMLScanner.scanAttributeValue(XMLScanner.java:908)
	at com.sun.org.apache.xerces.internal.impl.XMLDocumentFragmentScannerImpl.scanAttribute(XMLDocumentFragmentScannerImpl.java:1548)
	at com.sun.org.apache.xerces.internal.impl.XMLDocumentFragmentScannerImpl.scanStartElement(XMLDocumentFragmentScannerImpl.java:1315)
	at com.sun.org.apache.xerces.internal.impl.XMLDocumentFragmentScannerImpl$FragmentContentDriver.next(XMLDocumentFragmentScannerImpl.java:2784)
	at com.sun.org.apache.xerces.internal.impl.XMLDocumentScannerImpl.next(XMLDocumentScannerImpl.java:602)
	at com.sun.org.apache.xerces.internal.impl.XMLDocumentFragmentScannerImpl.scanDocument(XMLDocumentFragmentScannerImpl.java:505)
	at com.sun.org.apache.xerces.internal.parsers.XML11Configuration.parse(XML11Configuration.java:841)
	at com.sun.org.apache.xerces.internal.parsers.XML11Configuration.parse(XML11Configuration.java:770)
	at com.sun.org.apache.xerces.internal.parsers.XMLParser.parse(XMLParser.java:141)
	at com.sun.org.apache.xerces.internal.parsers.DOMParser.parse(DOMParser.java:243)
	at com.sun.org.apache.xerces.internal.jaxp.DocumentBuilderImpl.parse(DocumentBuilderImpl.java:339)
	at org.eclipse.debug.internal.core.LaunchManager.createInfoFromXML(LaunchManager.java:935)
	at org.eclipse.debug.internal.core.LaunchManager.getInfo(LaunchManager.java:1359)
	at org.eclipse.debug.internal.core.LaunchConfiguration.getInfo(LaunchConfiguration.java:490)
	at org.eclipse.debug.internal.core.LaunchConfiguration.getType(LaunchConfiguration.java:645)
	at org.eclipse.debug.internal.core.LaunchManager.isValid(LaunchManager.java:2091)
	at org.eclipse.debug.internal.core.LaunchManager.verifyConfigurations(LaunchManager.java:2462)
	at org.eclipse.debug.internal.core.LaunchManager.getAllLaunchConfigurations(LaunchManager.java:1140)
	at org.eclipse.debug.internal.core.LaunchManager.getLaunchConfigurations(LaunchManager.java:1444)
	at org.eclipse.debug.internal.core.LaunchManager.getLaunchConfigurations(LaunchManager.java:1439)
	at org.eclipse.launchbar.core.internal.LaunchBarManager.init(LaunchBarManager.java:130)
	at org.eclipse.launchbar.core.internal.LaunchBarManager$1.run(LaunchBarManager.java:96)
	at org.eclipse.core.internal.jobs.Worker.run(Worker.java:63)

!ENTRY org.eclipse.debug.core 4 125 2026-07-28 11:20:41.249
!MESSAGE 调试核心所记录的错误：
!STACK 1
org.eclipse.debug.core.DebugException: 读取启动配置文件 F:\code\vibe_project\rollerball\M55\libraries\components\mtb-device-support-pse8xxgp\make\make\scripts\interface_version_3\eclipse\CM33\flash\_normal\KitProg3\single\&&_PRJ_NAME&& Erase All (KitProg3_MiniProg4).launch 时发生了 org.xml.sax.SAXParseException; lineNumber: 3; columnNumber: 66; 在实体引用中, 实体名称必须紧跟在 '&' 后面。。
	at org.eclipse.debug.internal.core.LaunchManager.createDebugException(LaunchManager.java:886)
	at org.eclipse.debug.internal.core.LaunchManager.throwException(LaunchManager.java:2448)
	at org.eclipse.debug.internal.core.LaunchManager.getInfo(LaunchManager.java:1366)
	at org.eclipse.debug.internal.core.LaunchConfiguration.getInfo(LaunchConfiguration.java:490)
	at org.eclipse.debug.internal.core.LaunchConfiguration.getType(LaunchConfiguration.java:645)
	at org.eclipse.debug.internal.core.LaunchManager.isValid(LaunchManager.java:2091)
	at org.eclipse.debug.internal.core.LaunchManager.verifyConfigurations(LaunchManager.java:2462)
	at org.eclipse.debug.internal.core.LaunchManager.getAllLaunchConfigurations(LaunchManager.java:1140)
	at org.eclipse.debug.internal.core.LaunchManager.getLaunchConfigurations(LaunchManager.java:1444)
	at org.eclipse.debug.internal.core.LaunchManager.getLaunchConfigurations(LaunchManager.java:1439)
	at org.eclipse.launchbar.core.internal.LaunchBarManager.init(LaunchBarManager.java:130)
	at org.eclipse.launchbar.core.internal.LaunchBarManager$1.run(LaunchBarManager.java:96)
	at org.eclipse.core.internal.jobs.Worker.run(Worker.java:63)
Caused by: org.xml.sax.SAXParseException; lineNumber: 3; columnNumber: 66; 在实体引用中, 实体名称必须紧跟在 '&' 后面。
	at com.sun.org.apache.xerces.internal.util.ErrorHandlerWrapper.createSAXParseException(ErrorHandlerWrapper.java:203)
	at com.sun.org.apache.xerces.internal.util.ErrorHandlerWrapper.fatalError(ErrorHandlerWrapper.java:177)
	at com.sun.org.apache.xerces.internal.impl.XMLErrorReporter.reportError(XMLErrorReporter.java:400)
	at com.sun.org.apache.xerces.internal.impl.XMLErrorReporter.reportError(XMLErrorReporter.java:327)
	at com.sun.org.apache.xerces.internal.impl.XMLScanner.reportFatalError(XMLScanner.java:1472)
	at com.sun.org.apache.xerces.internal.impl.XMLScanner.scanAttributeValue(XMLScanner.java:908)
	at com.sun.org.apache.xerces.internal.impl.XMLDocumentFragmentScannerImpl.scanAttribute(XMLDocumentFragmentScannerImpl.java:1548)
	at com.sun.org.apache.xerces.internal.impl.XMLDocumentFragmentScannerImpl.scanStartElement(XMLDocumentFragmentScannerImpl.java:1315)
	at com.sun.org.apache.xerces.internal.impl.XMLDocumentFragmentScannerImpl$FragmentContentDriver.next(XMLDocumentFragmentScannerImpl.java:2784)
	at com.sun.org.apache.xerces.internal.impl.XMLDocumentScannerImpl.next(XMLDocumentScannerImpl.java:602)
	at com.sun.org.apache.xerces.internal.impl.XMLDocumentFragmentScannerImpl.scanDocument(XMLDocumentFragmentScannerImpl.java:505)
	at com.sun.org.apache.xerces.internal.parsers.XML11Configuration.parse(XML11Configuration.java:841)
	at com.sun.org.apache.xerces.internal.parsers.XML11Configuration.parse(XML11Configuration.java:770)
	at com.sun.org.apache.xerces.internal.parsers.XMLParser.parse(XMLParser.java:141)
	at com.sun.org.apache.xerces.internal.parsers.DOMParser.parse(DOMParser.java:243)
	at com.sun.org.apache.xerces.internal.jaxp.DocumentBuilderImpl.parse(DocumentBuilderImpl.java:339)
	at org.eclipse.debug.internal.core.LaunchManager.createInfoFromXML(LaunchManager.java:935)
	at org.eclipse.debug.internal.core.LaunchManager.getInfo(LaunchManager.java:1359)
	... 10 more
!SUBENTRY 1 org.eclipse.debug.core 4 5012 2026-07-28 11:20:41.249
!MESSAGE 读取启动配置文件 F:\code\vibe_project\rollerball\M55\libraries\components\mtb-device-support-pse8xxgp\make\make\scripts\interface_version_3\eclipse\CM33\flash\_normal\KitProg3\single\&&_PRJ_NAME&& Erase All (KitProg3_MiniProg4).launch 时发生了 org.xml.sax.SAXParseException; lineNumber: 3; columnNumber: 66; 在实体引用中, 实体名称必须紧跟在 '&' 后面。。
!STACK 0
org.xml.sax.SAXParseException; lineNumber: 3; columnNumber: 66; 在实体引用中, 实体名称必须紧跟在 '&' 后面。
	at com.sun.org.apache.xerces.internal.util.ErrorHandlerWrapper.createSAXParseException(ErrorHandlerWrapper.java:203)
	at com.sun.org.apache.xerces.internal.util.ErrorHandlerWrapper.fatalError(ErrorHandlerWrapper.java:177)
	at com.sun.org.apache.xerces.internal.impl.XMLErrorReporter.reportError(XMLErrorReporter.java:400)
	at com.sun.org.apache.xerces.internal.impl.XMLErrorReporter.reportError(XMLErrorReporter.java:327)
	at com.sun.org.apache.xerces.internal.impl.XMLScanner.reportFatalError(XMLScanner.java:1472)
	at com.sun.org.apache.xerces.internal.impl.XMLScanner.scanAttributeValue(XMLScanner.java:908)
	at com.sun.org.apache.xerces.internal.impl.XMLDocumentFragmentScannerImpl.scanAttribute(XMLDocumentFragmentScannerImpl.java:1548)
	at com.sun.org.apache.xerces.internal.impl.XMLDocumentFragmentScannerImpl.scanStartElement(XMLDocumentFragmentScannerImpl.java:1315)
	at com.sun.org.apache.xerces.internal.impl.XMLDocumentFragmentScannerImpl$FragmentContentDriver.next(XMLDocumentFragmentScannerImpl.java:2784)
	at com.sun.org.apache.xerces.internal.impl.XMLDocumentScannerImpl.next(XMLDocumentScannerImpl.java:602)
	at com.sun.org.apache.xerces.internal.impl.XMLDocumentFragmentScannerImpl.scanDocument(XMLDocumentFragmentScannerImpl.java:505)
	at com.sun.org.apache.xerces.internal.parsers.XML11Configuration.parse(XML11Configuration.java:841)
	at com.sun.org.apache.xerces.internal.parsers.XML11Configuration.parse(XML11Configuration.java:770)
	at com.sun.org.apache.xerces.internal.parsers.XMLParser.parse(XMLParser.java:141)
	at com.sun.org.apache.xerces.internal.parsers.DOMParser.parse(DOMParser.java:243)
	at com.sun.org.apache.xerces.internal.jaxp.DocumentBuilderImpl.parse(DocumentBuilderImpl.java:339)
	at org.eclipse.debug.internal.core.LaunchManager.createInfoFromXML(LaunchManager.java:935)
	at org.eclipse.debug.internal.core.LaunchManager.getInfo(LaunchManager.java:1359)
	at org.eclipse.debug.internal.core.LaunchConfiguration.getInfo(LaunchConfiguration.java:490)
	at org.eclipse.debug.internal.core.LaunchConfiguration.getType(LaunchConfiguration.java:645)
	at org.eclipse.debug.internal.core.LaunchManager.isValid(LaunchManager.java:2091)
	at org.eclipse.debug.internal.core.LaunchManager.verifyConfigurations(LaunchManager.java:2462)
	at org.eclipse.debug.internal.core.LaunchManager.getAllLaunchConfigurations(LaunchManager.java:1140)
	at org.eclipse.debug.internal.core.LaunchManager.getLaunchConfigurations(LaunchManager.java:1444)
	at org.eclipse.debug.internal.core.LaunchManager.getLaunchConfigurations(LaunchManager.java:1439)
	at org.eclipse.launchbar.core.internal.LaunchBarManager.init(LaunchBarManager.java:130)
	at org.eclipse.launchbar.core.internal.LaunchBarManager$1.run(LaunchBarManager.java:96)
	at org.eclipse.core.internal.jobs.Worker.run(Worker.java:63)

!ENTRY org.eclipse.debug.core 4 125 2026-07-28 11:20:41.249
!MESSAGE 调试核心所记录的错误：
!STACK 1
org.eclipse.debug.core.DebugException: 读取启动配置文件 F:\code\vibe_project\rollerball\M55\libraries\components\mtb-device-support-pse8xxgp\make\make\scripts\interface_version_3\eclipse\CM33\flash\_normal\KitProg3\single\&&_PRJ_NAME&& Erase Device (KitProg3_MiniProg4).launch 时发生了 org.xml.sax.SAXParseException; lineNumber: 3; columnNumber: 66; 在实体引用中, 实体名称必须紧跟在 '&' 后面。。
	at org.eclipse.debug.internal.core.LaunchManager.createDebugException(LaunchManager.java:886)
	at org.eclipse.debug.internal.core.LaunchManager.throwException(LaunchManager.java:2448)
	at org.eclipse.debug.internal.core.LaunchManager.getInfo(LaunchManager.java:1366)
	at org.eclipse.debug.internal.core.LaunchConfiguration.getInfo(LaunchConfiguration.java:490)
	at org.eclipse.debug.internal.core.LaunchConfiguration.getType(LaunchConfiguration.java:645)
	at org.eclipse.debug.internal.core.LaunchManager.isValid(LaunchManager.java:2091)
	at org.eclipse.debug.internal.core.LaunchManager.verifyConfigurations(LaunchManager.java:2462)
	at org.eclipse.debug.internal.core.LaunchManager.getAllLaunchConfigurations(LaunchManager.java:1140)
	at org.eclipse.debug.internal.core.LaunchManager.getLaunchConfigurations(LaunchManager.java:1444)
	at org.eclipse.debug.internal.core.LaunchManager.getLaunchConfigurations(LaunchManager.java:1439)
	at org.eclipse.launchbar.core.internal.LaunchBarManager.init(LaunchBarManager.java:130)
	at org.eclipse.launchbar.core.internal.LaunchBarManager$1.run(LaunchBarManager.java:96)
	at org.eclipse.core.internal.jobs.Worker.run(Worker.java:63)
Caused by: org.xml.sax.SAXParseException; lineNumber: 3; columnNumber: 66; 在实体引用中, 实体名称必须紧跟在 '&' 后面。
	at com.sun.org.apache.xerces.internal.util.ErrorHandlerWrapper.createSAXParseException(ErrorHandlerWrapper.java:203)
	at com.sun.org.apache.xerces.internal.util.ErrorHandlerWrapper.fatalError(ErrorHandlerWrapper.java:177)
	at com.sun.org.apache.xerces.internal.impl.XMLErrorReporter.reportError(XMLErrorReporter.java:400)
	at com.sun.org.apache.xerces.internal.impl.XMLErrorReporter.reportError(XMLErrorReporter.java:327)
	at com.sun.org.apache.xerces.internal.impl.XMLScanner.reportFatalError(XMLScanner.java:1472)
	at com.sun.org.apache.xerces.internal.impl.XMLScanner.scanAttributeValue(XMLScanner.java:908)
	at com.sun.org.apache.xerces.internal.impl.XMLDocumentFragmentScannerImpl.scanAttribute(XMLDocumentFragmentScannerImpl.java:1548)
	at com.sun.org.apache.xerces.internal.impl.XMLDocumentFragmentScannerImpl.scanStartElement(XMLDocumentFragmentScannerImpl.java:1315)
	at com.sun.org.apache.xerces.internal.impl.XMLDocumentFragmentScannerImpl$FragmentContentDriver.next(XMLDocumentFragmentScannerImpl.java:2784)
	at com.sun.org.apache.xerces.internal.impl.XMLDocumentScannerImpl.next(XMLDocumentScannerImpl.java:602)
	at com.sun.org.apache.xerces.internal.impl.XMLDocumentFragmentScannerImpl.scanDocument(XMLDocumentFragmentScannerImpl.java:505)
	at com.sun.org.apache.xerces.internal.parsers.XML11Configuration.parse(XML11Configuration.java:841)
	at com.sun.org.apache.xerces.internal.parsers.XML11Configuration.parse(XML11Configuration.java:770)
	at com.sun.org.apache.xerces.internal.parsers.XMLParser.parse(XMLParser.java:141)
	at com.sun.org.apache.xerces.internal.parsers.DOMParser.parse(DOMParser.java:243)
	at com.sun.org.apache.xerces.internal.jaxp.DocumentBuilderImpl.parse(DocumentBuilderImpl.java:339)
	at org.eclipse.debug.internal.core.LaunchManager.createInfoFromXML(LaunchManager.java:935)
	at org.eclipse.debug.internal.core.LaunchManager.getInfo(LaunchManager.java:1359)
	... 10 more
!SUBENTRY 1 org.eclipse.debug.core 4 5012 2026-07-28 11:20:41.249
!MESSAGE 读取启动配置文件 F:\code\vibe_project\rollerball\M55\libraries\components\mtb-device-support-pse8xxgp\make\make\scripts\interface_version_3\eclipse\CM33\flash\_normal\KitProg3\single\&&_PRJ_NAME&& Erase Device (KitProg3_MiniProg4).launch 时发生了 org.xml.sax.SAXParseException; lineNumber: 3; columnNumber: 66; 在实体引用中, 实体名称必须紧跟在 '&' 后面。。
!STACK 0
org.xml.sax.SAXParseException; lineNumber: 3; columnNumber: 66; 在实体引用中, 实体名称必须紧跟在 '&' 后面。
	at com.sun.org.apache.xerces.internal.util.ErrorHandlerWrapper.createSAXParseException(ErrorHandlerWrapper.java:203)
	at com.sun.org.apache.xerces.internal.util.ErrorHandlerWrapper.fatalError(ErrorHandlerWrapper.java:177)
	at com.sun.org.apache.xerces.internal.impl.XMLErrorReporter.reportError(XMLErrorReporter.java:400)
	at com.sun.org.apache.xerces.internal.impl.XMLErrorReporter.reportError(XMLErrorReporter.java:327)
	at com.sun.org.apache.xerces.internal.impl.XMLScanner.reportFatalError(XMLScanner.java:1472)
	at com.sun.org.apache.xerces.internal.impl.XMLScanner.scanAttributeValue(XMLScanner.java:908)
	at com.sun.org.apache.xerces.internal.impl.XMLDocumentFragmentScannerImpl.scanAttribute(XMLDocumentFragmentScannerImpl.java:1548)
	at com.sun.org.apache.xerces.internal.impl.XMLDocumentFragmentScannerImpl.scanStartElement(XMLDocumentFragmentScannerImpl.java:1315)
	at com.sun.org.apache.xerces.internal.impl.XMLDocumentFragmentScannerImpl$FragmentContentDriver.next(XMLDocumentFragmentScannerImpl.java:2784)
	at com.sun.org.apache.xerces.internal.impl.XMLDocumentScannerImpl.next(XMLDocumentScannerImpl.java:602)
	at com.sun.org.apache.xerces.internal.impl.XMLDocumentFragmentScannerImpl.scanDocument(XMLDocumentFragmentScannerImpl.java:505)
	at com.sun.org.apache.xerces.internal.parsers.XML11Configuration.parse(XML11Configuration.java:841)
	at com.sun.org.apache.xerces.internal.parsers.XML11Configuration.parse(XML11Configuration.java:770)
	at com.sun.org.apache.xerces.internal.parsers.XMLParser.parse(XMLParser.java:141)
	at com.sun.org.apache.xerces.internal.parsers.DOMParser.parse(DOMParser.java:243)
	at com.sun.org.apache.xerces.internal.jaxp.DocumentBuilderImpl.parse(DocumentBuilderImpl.java:339)
	at org.eclipse.debug.internal.core.LaunchManager.createInfoFromXML(LaunchManager.java:935)
	at org.eclipse.debug.internal.core.LaunchManager.getInfo(LaunchManager.java:1359)
	at org.eclipse.debug.internal.core.LaunchConfiguration.getInfo(LaunchConfiguration.java:490)
	at org.eclipse.debug.internal.core.LaunchConfiguration.getType(LaunchConfiguration.java:645)
	at org.eclipse.debug.internal.core.LaunchManager.isValid(LaunchManager.java:2091)
	at org.eclipse.debug.internal.core.LaunchManager.verifyConfigurations(LaunchManager.java:2462)
	at org.eclipse.debug.internal.core.LaunchManager.getAllLaunchConfigurations(LaunchManager.java:1140)
	at org.eclipse.debug.internal.core.LaunchManager.getLaunchConfigurations(LaunchManager.java:1444)
	at org.eclipse.debug.internal.core.LaunchManager.getLaunchConfigurations(LaunchManager.java:1439)
	at org.eclipse.launchbar.core.internal.LaunchBarManager.init(LaunchBarManager.java:130)
	at org.eclipse.launchbar.core.internal.LaunchBarManager$1.run(LaunchBarManager.java:96)
	at org.eclipse.core.internal.jobs.Worker.run(Worker.java:63)

!ENTRY org.eclipse.debug.core 4 125 2026-07-28 11:20:41.253
!MESSAGE 调试核心所记录的错误：
!STACK 1
org.eclipse.debug.core.DebugException: 读取启动配置文件 F:\code\vibe_project\rollerball\M55\libraries\components\mtb-device-support-pse8xxgp\make\make\scripts\interface_version_3\eclipse\CM33\flash\normal\JLink\any\&&_PRJ_NAME&& Attach (JLink).launch 时发生了 org.xml.sax.SAXParseException; lineNumber: 3; columnNumber: 66; 在实体引用中, 实体名称必须紧跟在 '&' 后面。。
	at org.eclipse.debug.internal.core.LaunchManager.createDebugException(LaunchManager.java:886)
	at org.eclipse.debug.internal.core.LaunchManager.throwException(LaunchManager.java:2448)
	at org.eclipse.debug.internal.core.LaunchManager.getInfo(LaunchManager.java:1366)
	at org.eclipse.debug.internal.core.LaunchConfiguration.getInfo(LaunchConfiguration.java:490)
	at org.eclipse.debug.internal.core.LaunchConfiguration.getType(LaunchConfiguration.java:645)
	at org.eclipse.debug.internal.core.LaunchManager.isValid(LaunchManager.java:2091)
	at org.eclipse.debug.internal.core.LaunchManager.verifyConfigurations(LaunchManager.java:2462)
	at org.eclipse.debug.internal.core.LaunchManager.getAllLaunchConfigurations(LaunchManager.java:1140)
	at org.eclipse.debug.internal.core.LaunchManager.getLaunchConfigurations(LaunchManager.java:1444)
	at org.eclipse.debug.internal.core.LaunchManager.getLaunchConfigurations(LaunchManager.java:1439)
	at org.eclipse.launchbar.core.internal.LaunchBarManager.init(LaunchBarManager.java:130)
	at org.eclipse.launchbar.core.internal.LaunchBarManager$1.run(LaunchBarManager.java:96)
	at org.eclipse.core.internal.jobs.Worker.run(Worker.java:63)
Caused by: org.xml.sax.SAXParseException; lineNumber: 3; columnNumber: 66; 在实体引用中, 实体名称必须紧跟在 '&' 后面。
	at com.sun.org.apache.xerces.internal.util.ErrorHandlerWrapper.createSAXParseException(ErrorHandlerWrapper.java:203)
	at com.sun.org.apache.xerces.internal.util.ErrorHandlerWrapper.fatalError(ErrorHandlerWrapper.java:177)
	at com.sun.org.apache.xerces.internal.impl.XMLErrorReporter.reportError(XMLErrorReporter.java:400)
	at com.sun.org.apache.xerces.internal.impl.XMLErrorReporter.reportError(XMLErrorReporter.java:327)
	at com.sun.org.apache.xerces.internal.impl.XMLScanner.reportFatalError(XMLScanner.java:1472)
	at com.sun.org.apache.xerces.internal.impl.XMLScanner.scanAttributeValue(XMLScanner.java:908)
	at com.sun.org.apache.xerces.internal.impl.XMLDocumentFragmentScannerImpl.scanAttribute(XMLDocumentFragmentScannerImpl.java:1548)
	at com.sun.org.apache.xerces.internal.impl.XMLDocumentFragmentScannerImpl.scanStartElement(XMLDocumentFragmentScannerImpl.java:1315)
	at com.sun.org.apache.xerces.internal.impl.XMLDocumentFragmentScannerImpl$FragmentContentDriver.next(XMLDocumentFragmentScannerImpl.java:2784)
	at com.sun.org.apache.xerces.internal.impl.XMLDocumentScannerImpl.next(XMLDocumentScannerImpl.java:602)
	at com.sun.org.apache.xerces.internal.impl.XMLDocumentFragmentScannerImpl.scanDocument(XMLDocumentFragmentScannerImpl.java:505)
	at com.sun.org.apache.xerces.internal.parsers.XML11Configuration.parse(XML11Configuration.java:841)
	at com.sun.org.apache.xerces.internal.parsers.XML11Configuration.parse(XML11Configuration.java:770)
	at com.sun.org.apache.xerces.internal.parsers.XMLParser.parse(XMLParser.java:141)
	at com.sun.org.apache.xerces.internal.parsers.DOMParser.parse(DOMParser.java:243)
	at com.sun.org.apache.xerces.internal.jaxp.DocumentBuilderImpl.parse(DocumentBuilderImpl.java:339)
	at org.eclipse.debug.internal.core.LaunchManager.createInfoFromXML(LaunchManager.java:935)
	at org.eclipse.debug.internal.core.LaunchManager.getInfo(LaunchManager.java:1359)
	... 10 more
!SUBENTRY 1 org.eclipse.debug.core 4 5012 2026-07-28 11:20:41.253
!MESSAGE 读取启动配置文件 F:\code\vibe_project\rollerball\M55\libraries\components\mtb-device-support-pse8xxgp\make\make\scripts\interface_version_3\eclipse\CM33\flash\normal\JLink\any\&&_PRJ_NAME&& Attach (JLink).launch 时发生了 org.xml.sax.SAXParseException; lineNumber: 3; columnNumber: 66; 在实体引用中, 实体名称必须紧跟在 '&' 后面。。
!STACK 0
org.xml.sax.SAXParseException; lineNumber: 3; columnNumber: 66; 在实体引用中, 实体名称必须紧跟在 '&' 后面。
	at com.sun.org.apache.xerces.internal.util.ErrorHandlerWrapper.createSAXParseException(ErrorHandlerWrapper.java:203)
	at com.sun.org.apache.xerces.internal.util.ErrorHandlerWrapper.fatalError(ErrorHandlerWrapper.java:177)
	at com.sun.org.apache.xerces.internal.impl.XMLErrorReporter.reportError(XMLErrorReporter.java:400)
	at com.sun.org.apache.xerces.internal.impl.XMLErrorReporter.reportError(XMLErrorReporter.java:327)
	at com.sun.org.apache.xerces.internal.impl.XMLScanner.reportFatalError(XMLScanner.java:1472)
	at com.sun.org.apache.xerces.internal.impl.XMLScanner.scanAttributeValue(XMLScanner.java:908)
	at com.sun.org.apache.xerces.internal.impl.XMLDocumentFragmentScannerImpl.scanAttribute(XMLDocumentFragmentScannerImpl.java:1548)
	at com.sun.org.apache.xerces.internal.impl.XMLDocumentFragmentScannerImpl.scanStartElement(XMLDocumentFragmentScannerImpl.java:1315)
	at com.sun.org.apache.xerces.internal.impl.XMLDocumentFragmentScannerImpl$FragmentContentDriver.next(XMLDocumentFragmentScannerImpl.java:2784)
	at com.sun.org.apache.xerces.internal.impl.XMLDocumentScannerImpl.next(XMLDocumentScannerImpl.java:602)
	at com.sun.org.apache.xerces.internal.impl.XMLDocumentFragmentScannerImpl.scanDocument(XMLDocumentFragmentScannerImpl.java:505)
	at com.sun.org.apache.xerces.internal.parsers.XML11Configuration.parse(XML11Configuration.java:841)
	at com.sun.org.apache.xerces.internal.parsers.XML11Configuration.parse(XML11Configuration.java:770)
	at com.sun.org.apache.xerces.internal.parsers.XMLParser.parse(XMLParser.java:141)
	at com.sun.org.apache.xerces.internal.parsers.DOMParser.parse(DOMParser.java:243)
	at com.sun.org.apache.xerces.internal.jaxp.DocumentBuilderImpl.parse(DocumentBuilderImpl.java:339)
	at org.eclipse.debug.internal.core.LaunchManager.createInfoFromXML(LaunchManager.java:935)
	at org.eclipse.debug.internal.core.LaunchManager.getInfo(LaunchManager.java:1359)
	at org.eclipse.debug.internal.core.LaunchConfiguration.getInfo(LaunchConfiguration.java:490)
	at org.eclipse.debug.internal.core.LaunchConfiguration.getType(LaunchConfiguration.java:645)
	at org.eclipse.debug.internal.core.LaunchManager.isValid(LaunchManager.java:2091)
	at org.eclipse.debug.internal.core.LaunchManager.verifyConfigurations(LaunchManager.java:2462)
	at org.eclipse.debug.internal.core.LaunchManager.getAllLaunchConfigurations(LaunchManager.java:1140)
	at org.eclipse.debug.internal.core.LaunchManager.getLaunchConfigurations(LaunchManager.java:1444)
	at org.eclipse.debug.internal.core.LaunchManager.getLaunchConfigurations(LaunchManager.java:1439)
	at org.eclipse.launchbar.core.internal.LaunchBarManager.init(LaunchBarManager.java:130)
	at org.eclipse.launchbar.core.internal.LaunchBarManager$1.run(LaunchBarManager.java:96)
	at org.eclipse.core.internal.jobs.Worker.run(Worker.java:63)

!ENTRY org.eclipse.debug.core 4 125 2026-07-28 11:20:41.253
!MESSAGE 调试核心所记录的错误：
!STACK 1
org.eclipse.debug.core.DebugException: 读取启动配置文件 F:\code\vibe_project\rollerball\M55\libraries\components\mtb-device-support-pse8xxgp\make\make\scripts\interface_version_3\eclipse\CM33\flash\normal\JLink\any\&&_PRJ_NAME&& Debug (JLink).launch 时发生了 org.xml.sax.SAXParseException; lineNumber: 3; columnNumber: 66; 在实体引用中, 实体名称必须紧跟在 '&' 后面。。
	at org.eclipse.debug.internal.core.LaunchManager.createDebugException(LaunchManager.java:886)
	at org.eclipse.debug.internal.core.LaunchManager.throwException(LaunchManager.java:2448)
	at org.eclipse.debug.internal.core.LaunchManager.getInfo(LaunchManager.java:1366)
	at org.eclipse.debug.internal.core.LaunchConfiguration.getInfo(LaunchConfiguration.java:490)
	at org.eclipse.debug.internal.core.LaunchConfiguration.getType(LaunchConfiguration.java:645)
	at org.eclipse.debug.internal.core.LaunchManager.isValid(LaunchManager.java:2091)
	at org.eclipse.debug.internal.core.LaunchManager.verifyConfigurations(LaunchManager.java:2462)
	at org.eclipse.debug.internal.core.LaunchManager.getAllLaunchConfigurations(LaunchManager.java:1140)
	at org.eclipse.debug.internal.core.LaunchManager.getLaunchConfigurations(LaunchManager.java:1444)
	at org.eclipse.debug.internal.core.LaunchManager.getLaunchConfigurations(LaunchManager.java:1439)
	at org.eclipse.launchbar.core.internal.LaunchBarManager.init(LaunchBarManager.java:130)
	at org.eclipse.launchbar.core.internal.LaunchBarManager$1.run(LaunchBarManager.java:96)
	at org.eclipse.core.internal.jobs.Worker.run(Worker.java:63)
Caused by: org.xml.sax.SAXParseException; lineNumber: 3; columnNumber: 66; 在实体引用中, 实体名称必须紧跟在 '&' 后面。
	at com.sun.org.apache.xerces.internal.util.ErrorHandlerWrapper.createSAXParseException(ErrorHandlerWrapper.java:203)
	at com.sun.org.apache.xerces.internal.util.ErrorHandlerWrapper.fatalError(ErrorHandlerWrapper.java:177)
	at com.sun.org.apache.xerces.internal.impl.XMLErrorReporter.reportError(XMLErrorReporter.java:400)
	at com.sun.org.apache.xerces.internal.impl.XMLErrorReporter.reportError(XMLErrorReporter.java:327)
	at com.sun.org.apache.xerces.internal.impl.XMLScanner.reportFatalError(XMLScanner.java:1472)
	at com.sun.org.apache.xerces.internal.impl.XMLScanner.scanAttributeValue(XMLScanner.java:908)
	at com.sun.org.apache.xerces.internal.impl.XMLDocumentFragmentScannerImpl.scanAttribute(XMLDocumentFragmentScannerImpl.java:1548)
	at com.sun.org.apache.xerces.internal.impl.XMLDocumentFragmentScannerImpl.scanStartElement(XMLDocumentFragmentScannerImpl.java:1315)
	at com.sun.org.apache.xerces.internal.impl.XMLDocumentFragmentScannerImpl$FragmentContentDriver.next(XMLDocumentFragmentScannerImpl.java:2784)
	at com.sun.org.apache.xerces.internal.impl.XMLDocumentScannerImpl.next(XMLDocumentScannerImpl.java:602)
	at com.sun.org.apache.xerces.internal.impl.XMLDocumentFragmentScannerImpl.scanDocument(XMLDocumentFragmentScannerImpl.java:505)
	at com.sun.org.apache.xerces.internal.parsers.XML11Configuration.parse(XML11Configuration.java:841)
	at com.sun.org.apache.xerces.internal.parsers.XML11Configuration.parse(XML11Configuration.java:770)
	at com.sun.org.apache.xerces.internal.parsers.XMLParser.parse(XMLParser.java:141)
	at com.sun.org.apache.xerces.internal.parsers.DOMParser.parse(DOMParser.java:243)
	at com.sun.org.apache.xerces.internal.jaxp.DocumentBuilderImpl.parse(DocumentBuilderImpl.java:339)
	at org.eclipse.debug.internal.core.LaunchManager.createInfoFromXML(LaunchManager.java:935)
	at org.eclipse.debug.internal.core.LaunchManager.getInfo(LaunchManager.java:1359)
	... 10 more
!SUBENTRY 1 org.eclipse.debug.core 4 5012 2026-07-28 11:20:41.253
!MESSAGE 读取启动配置文件 F:\code\vibe_project\rollerball\M55\libraries\components\mtb-device-support-pse8xxgp\make\make\scripts\interface_version_3\eclipse\CM33\flash\normal\JLink\any\&&_PRJ_NAME&& Debug (JLink).launch 时发生了 org.xml.sax.SAXParseException; lineNumber: 3; columnNumber: 66; 在实体引用中, 实体名称必须紧跟在 '&' 后面。。
!STACK 0
org.xml.sax.SAXParseException; lineNumber: 3; columnNumber: 66; 在实体引用中, 实体名称必须紧跟在 '&' 后面。
	at com.sun.org.apache.xerces.internal.util.ErrorHandlerWrapper.createSAXParseException(ErrorHandlerWrapper.java:203)
	at com.sun.org.apache.xerces.internal.util.ErrorHandlerWrapper.fatalError(ErrorHandlerWrapper.java:177)
	at com.sun.org.apache.xerces.internal.impl.XMLErrorReporter.reportError(XMLErrorReporter.java:400)
	at com.sun.org.apache.xerces.internal.impl.XMLErrorReporter.reportError(XMLErrorReporter.java:327)
	at com.sun.org.apache.xerces.internal.impl.XMLScanner.reportFatalError(XMLScanner.java:1472)
	at com.sun.org.apache.xerces.internal.impl.XMLScanner.scanAttributeValue(XMLScanner.java:908)
	at com.sun.org.apache.xerces.internal.impl.XMLDocumentFragmentScannerImpl.scanAttribute(XMLDocumentFragmentScannerImpl.java:1548)
	at com.sun.org.apache.xerces.internal.impl.XMLDocumentFragmentScannerImpl.scanStartElement(XMLDocumentFragmentScannerImpl.java:1315)
	at com.sun.org.apache.xerces.internal.impl.XMLDocumentFragmentScannerImpl$FragmentContentDriver.next(XMLDocumentFragmentScannerImpl.java:2784)
	at com.sun.org.apache.xerces.internal.impl.XMLDocumentScannerImpl.next(XMLDocumentScannerImpl.java:602)
	at com.sun.org.apache.xerces.internal.impl.XMLDocumentFragmentScannerImpl.scanDocument(XMLDocumentFragmentScannerImpl.java:505)
	at com.sun.org.apache.xerces.internal.parsers.XML11Configuration.parse(XML11Configuration.java:841)
	at com.sun.org.apache.xerces.internal.parsers.XML11Configuration.parse(XML11Configuration.java:770)
	at com.sun.org.apache.xerces.internal.parsers.XMLParser.parse(XMLParser.java:141)
	at com.sun.org.apache.xerces.internal.parsers.DOMParser.parse(DOMParser.java:243)
	at com.sun.org.apache.xerces.internal.jaxp.DocumentBuilderImpl.parse(DocumentBuilderImpl.java:339)
	at org.eclipse.debug.internal.core.LaunchManager.createInfoFromXML(LaunchManager.java:935)
	at org.eclipse.debug.internal.core.LaunchManager.getInfo(LaunchManager.java:1359)
	at org.eclipse.debug.internal.core.LaunchConfiguration.getInfo(LaunchConfiguration.java:490)
	at org.eclipse.debug.internal.core.LaunchConfiguration.getType(LaunchConfiguration.java:645)
	at org.eclipse.debug.internal.core.LaunchManager.isValid(LaunchManager.java:2091)
	at org.eclipse.debug.internal.core.LaunchManager.verifyConfigurations(LaunchManager.java:2462)
	at org.eclipse.debug.internal.core.LaunchManager.getAllLaunchConfigurations(LaunchManager.java:1140)
	at org.eclipse.debug.internal.core.LaunchManager.getLaunchConfigurations(LaunchManager.java:1444)
	at org.eclipse.debug.internal.core.LaunchManager.getLaunchConfigurations(LaunchManager.java:1439)
	at org.eclipse.launchbar.core.internal.LaunchBarManager.init(LaunchBarManager.java:130)
	at org.eclipse.launchbar.core.internal.LaunchBarManager$1.run(LaunchBarManager.java:96)
	at org.eclipse.core.internal.jobs.Worker.run(Worker.java:63)

!ENTRY org.eclipse.debug.core 4 125 2026-07-28 11:20:41.253
!MESSAGE 调试核心所记录的错误：
!STACK 1
org.eclipse.debug.core.DebugException: 读取启动配置文件 F:\code\vibe_project\rollerball\M55\libraries\components\mtb-device-support-pse8xxgp\make\make\scripts\interface_version_3\eclipse\CM33\flash\normal\JLink\combine_sign\Attach.launch 时发生了 org.xml.sax.SAXParseException; lineNumber: 3; columnNumber: 66; 在实体引用中, 实体名称必须紧跟在 '&' 后面。。
	at org.eclipse.debug.internal.core.LaunchManager.createDebugException(LaunchManager.java:886)
	at org.eclipse.debug.internal.core.LaunchManager.throwException(LaunchManager.java:2448)
	at org.eclipse.debug.internal.core.LaunchManager.getInfo(LaunchManager.java:1366)
	at org.eclipse.debug.internal.core.LaunchConfiguration.getInfo(LaunchConfiguration.java:490)
	at org.eclipse.debug.internal.core.LaunchConfiguration.getType(LaunchConfiguration.java:645)
	at org.eclipse.debug.internal.core.LaunchManager.isValid(LaunchManager.java:2091)
	at org.eclipse.debug.internal.core.LaunchManager.verifyConfigurations(LaunchManager.java:2462)
	at org.eclipse.debug.internal.core.LaunchManager.getAllLaunchConfigurations(LaunchManager.java:1140)
	at org.eclipse.debug.internal.core.LaunchManager.getLaunchConfigurations(LaunchManager.java:1444)
	at org.eclipse.debug.internal.core.LaunchManager.getLaunchConfigurations(LaunchManager.java:1439)
	at org.eclipse.launchbar.core.internal.LaunchBarManager.init(LaunchBarManager.java:130)
	at org.eclipse.launchbar.core.internal.LaunchBarManager$1.run(LaunchBarManager.java:96)
	at org.eclipse.core.internal.jobs.Worker.run(Worker.java:63)
Caused by: org.xml.sax.SAXParseException; lineNumber: 3; columnNumber: 66; 在实体引用中, 实体名称必须紧跟在 '&' 后面。
	at com.sun.org.apache.xerces.internal.util.ErrorHandlerWrapper.createSAXParseException(ErrorHandlerWrapper.java:203)
	at com.sun.org.apache.xerces.internal.util.ErrorHandlerWrapper.fatalError(ErrorHandlerWrapper.java:177)
	at com.sun.org.apache.xerces.internal.impl.XMLErrorReporter.reportError(XMLErrorReporter.java:400)
	at com.sun.org.apache.xerces.internal.impl.XMLErrorReporter.reportError(XMLErrorReporter.java:327)
	at com.sun.org.apache.xerces.internal.impl.XMLScanner.reportFatalError(XMLScanner.java:1472)
	at com.sun.org.apache.xerces.internal.impl.XMLScanner.scanAttributeValue(XMLScanner.java:908)
	at com.sun.org.apache.xerces.internal.impl.XMLDocumentFragmentScannerImpl.scanAttribute(XMLDocumentFragmentScannerImpl.java:1548)
	at com.sun.org.apache.xerces.internal.impl.XMLDocumentFragmentScannerImpl.scanStartElement(XMLDocumentFragmentScannerImpl.java:1315)
	at com.sun.org.apache.xerces.internal.impl.XMLDocumentFragmentScannerImpl$FragmentContentDriver.next(XMLDocumentFragmentScannerImpl.java:2784)
	at com.sun.org.apache.xerces.internal.impl.XMLDocumentScannerImpl.next(XMLDocumentScannerImpl.java:602)
	at com.sun.org.apache.xerces.internal.impl.XMLDocumentFragmentScannerImpl.scanDocument(XMLDocumentFragmentScannerImpl.java:505)
	at com.sun.org.apache.xerces.internal.parsers.XML11Configuration.parse(XML11Configuration.java:841)
	at com.sun.org.apache.xerces.internal.parsers.XML11Configuration.parse(XML11Configuration.java:770)
	at com.sun.org.apache.xerces.internal.parsers.XMLParser.parse(XMLParser.java:141)
	at com.sun.org.apache.xerces.internal.parsers.DOMParser.parse(DOMParser.java:243)
	at com.sun.org.apache.xerces.internal.jaxp.DocumentBuilderImpl.parse(DocumentBuilderImpl.java:339)
	at org.eclipse.debug.internal.core.LaunchManager.createInfoFromXML(LaunchManager.java:935)
	at org.eclipse.debug.internal.core.LaunchManager.getInfo(LaunchManager.java:1359)
	... 10 more
!SUBENTRY 1 org.eclipse.debug.core 4 5012 2026-07-28 11:20:41.253
!MESSAGE 读取启动配置文件 F:\code\vibe_project\rollerball\M55\libraries\components\mtb-device-support-pse8xxgp\make\make\scripts\interface_version_3\eclipse\CM33\flash\normal\JLink\combine_sign\Attach.launch 时发生了 org.xml.sax.SAXParseException; lineNumber: 3; columnNumber: 66; 在实体引用中, 实体名称必须紧跟在 '&' 后面。。
!STACK 0
org.xml.sax.SAXParseException; lineNumber: 3; columnNumber: 66; 在实体引用中, 实体名称必须紧跟在 '&' 后面。
	at com.sun.org.apache.xerces.internal.util.ErrorHandlerWrapper.createSAXParseException(ErrorHandlerWrapper.java:203)
	at com.sun.org.apache.xerces.internal.util.ErrorHandlerWrapper.fatalError(ErrorHandlerWrapper.java:177)
	at com.sun.org.apache.xerces.internal.impl.XMLErrorReporter.reportError(XMLErrorReporter.java:400)
	at com.sun.org.apache.xerces.internal.impl.XMLErrorReporter.reportError(XMLErrorReporter.java:327)
	at com.sun.org.apache.xerces.internal.impl.XMLScanner.reportFatalError(XMLScanner.java:1472)
	at com.sun.org.apache.xerces.internal.impl.XMLScanner.scanAttributeValue(XMLScanner.java:908)
	at com.sun.org.apache.xerces.internal.impl.XMLDocumentFragmentScannerImpl.scanAttribute(XMLDocumentFragmentScannerImpl.java:1548)
	at com.sun.org.apache.xerces.internal.impl.XMLDocumentFragmentScannerImpl.scanStartElement(XMLDocumentFragmentScannerImpl.java:1315)
	at com.sun.org.apache.xerces.internal.impl.XMLDocumentFragmentScannerImpl$FragmentContentDriver.next(XMLDocumentFragmentScannerImpl.java:2784)
	at com.sun.org.apache.xerces.internal.impl.XMLDocumentScannerImpl.next(XMLDocumentScannerImpl.java:602)
	at com.sun.org.apache.xerces.internal.impl.XMLDocumentFragmentScannerImpl.scanDocument(XMLDocumentFragmentScannerImpl.java:505)
	at com.sun.org.apache.xerces.internal.parsers.XML11Configuration.parse(XML11Configuration.java:841)
	at com.sun.org.apache.xerces.internal.parsers.XML11Configuration.parse(XML11Configuration.java:770)
	at com.sun.org.apache.xerces.internal.parsers.XMLParser.parse(XMLParser.java:141)
	at com.sun.org.apache.xerces.internal.parsers.DOMParser.parse(DOMParser.java:243)
	at com.sun.org.apache.xerces.internal.jaxp.DocumentBuilderImpl.parse(DocumentBuilderImpl.java:339)
	at org.eclipse.debug.internal.core.LaunchManager.createInfoFromXML(LaunchManager.java:935)
	at org.eclipse.debug.internal.core.LaunchManager.getInfo(LaunchManager.java:1359)
	at org.eclipse.debug.internal.core.LaunchConfiguration.getInfo(LaunchConfiguration.java:490)
	at org.eclipse.debug.internal.core.LaunchConfiguration.getType(LaunchConfiguration.java:645)
	at org.eclipse.debug.internal.core.LaunchManager.isValid(LaunchManager.java:2091)
	at org.eclipse.debug.internal.core.LaunchManager.verifyConfigurations(LaunchManager.java:2462)
	at org.eclipse.debug.internal.core.LaunchManager.getAllLaunchConfigurations(LaunchManager.java:1140)
	at org.eclipse.debug.internal.core.LaunchManager.getLaunchConfigurations(LaunchManager.java:1444)
	at org.eclipse.debug.internal.core.LaunchManager.getLaunchConfigurations(LaunchManager.java:1439)
	at org.eclipse.launchbar.core.internal.LaunchBarManager.init(LaunchBarManager.java:130)
	at org.eclipse.launchbar.core.internal.LaunchBarManager$1.run(LaunchBarManager.java:96)
	at org.eclipse.core.internal.jobs.Worker.run(Worker.java:63)

!ENTRY org.eclipse.debug.core 4 125 2026-07-28 11:20:41.258
!MESSAGE 调试核心所记录的错误：
!STACK 1
org.eclipse.debug.core.DebugException: 读取启动配置文件 F:\code\vibe_project\rollerball\M55\libraries\components\mtb-device-support-pse8xxgp\make\make\scripts\interface_version_3\eclipse\CM33\flash\normal\JLink\combine_sign\Debug.launch 时发生了 org.xml.sax.SAXParseException; lineNumber: 3; columnNumber: 66; 在实体引用中, 实体名称必须紧跟在 '&' 后面。。
	at org.eclipse.debug.internal.core.LaunchManager.createDebugException(LaunchManager.java:886)
	at org.eclipse.debug.internal.core.LaunchManager.throwException(LaunchManager.java:2448)
	at org.eclipse.debug.internal.core.LaunchManager.getInfo(LaunchManager.java:1366)
	at org.eclipse.debug.internal.core.LaunchConfiguration.getInfo(LaunchConfiguration.java:490)
	at org.eclipse.debug.internal.core.LaunchConfiguration.getType(LaunchConfiguration.java:645)
	at org.eclipse.debug.internal.core.LaunchManager.isValid(LaunchManager.java:2091)
	at org.eclipse.debug.internal.core.LaunchManager.verifyConfigurations(LaunchManager.java:2462)
	at org.eclipse.debug.internal.core.LaunchManager.getAllLaunchConfigurations(LaunchManager.java:1140)
	at org.eclipse.debug.internal.core.LaunchManager.getLaunchConfigurations(LaunchManager.java:1444)
	at org.eclipse.debug.internal.core.LaunchManager.getLaunchConfigurations(LaunchManager.java:1439)
	at org.eclipse.launchbar.core.internal.LaunchBarManager.init(LaunchBarManager.java:130)
	at org.eclipse.launchbar.core.internal.LaunchBarManager$1.run(LaunchBarManager.java:96)
	at org.eclipse.core.internal.jobs.Worker.run(Worker.java:63)
Caused by: org.xml.sax.SAXParseException; lineNumber: 3; columnNumber: 66; 在实体引用中, 实体名称必须紧跟在 '&' 后面。
	at com.sun.org.apache.xerces.internal.util.ErrorHandlerWrapper.createSAXParseException(ErrorHandlerWrapper.java:203)
	at com.sun.org.apache.xerces.internal.util.ErrorHandlerWrapper.fatalError(ErrorHandlerWrapper.java:177)
	at com.sun.org.apache.xerces.internal.impl.XMLErrorReporter.reportError(XMLErrorReporter.java:400)
	at com.sun.org.apache.xerces.internal.impl.XMLErrorReporter.reportError(XMLErrorReporter.java:327)
	at com.sun.org.apache.xerces.internal.impl.XMLScanner.reportFatalError(XMLScanner.java:1472)
	at com.sun.org.apache.xerces.internal.impl.XMLScanner.scanAttributeValue(XMLScanner.java:908)
	at com.sun.org.apache.xerces.internal.impl.XMLDocumentFragmentScannerImpl.scanAttribute(XMLDocumentFragmentScannerImpl.java:1548)
	at com.sun.org.apache.xerces.internal.impl.XMLDocumentFragmentScannerImpl.scanStartElement(XMLDocumentFragmentScannerImpl.java:1315)
	at com.sun.org.apache.xerces.internal.impl.XMLDocumentFragmentScannerImpl$FragmentContentDriver.next(XMLDocumentFragmentScannerImpl.java:2784)
	at com.sun.org.apache.xerces.internal.impl.XMLDocumentScannerImpl.next(XMLDocumentScannerImpl.java:602)
	at com.sun.org.apache.xerces.internal.impl.XMLDocumentFragmentScannerImpl.scanDocument(XMLDocumentFragmentScannerImpl.java:505)
	at com.sun.org.apache.xerces.internal.parsers.XML11Configuration.parse(XML11Configuration.java:841)
	at com.sun.org.apache.xerces.internal.parsers.XML11Configuration.parse(XML11Configuration.java:770)
	at com.sun.org.apache.xerces.internal.parsers.XMLParser.parse(XMLParser.java:141)
	at com.sun.org.apache.xerces.internal.parsers.DOMParser.parse(DOMParser.java:243)
	at com.sun.org.apache.xerces.internal.jaxp.DocumentBuilderImpl.parse(DocumentBuilderImpl.java:339)
	at org.eclipse.debug.internal.core.LaunchManager.createInfoFromXML(LaunchManager.java:935)
	at org.eclipse.debug.internal.core.LaunchManager.getInfo(LaunchManager.java:1359)
	... 10 more
!SUBENTRY 1 org.eclipse.debug.core 4 5012 2026-07-28 11:20:41.258
!MESSAGE 读取启动配置文件 F:\code\vibe_project\rollerball\M55\libraries\components\mtb-device-support-pse8xxgp\make\make\scripts\interface_version_3\eclipse\CM33\flash\normal\JLink\combine_sign\Debug.launch 时发生了 org.xml.sax.SAXParseException; lineNumber: 3; columnNumber: 66; 在实体引用中, 实体名称必须紧跟在 '&' 后面。。
!STACK 0
org.xml.sax.SAXParseException; lineNumber: 3; columnNumber: 66; 在实体引用中, 实体名称必须紧跟在 '&' 后面。
	at com.sun.org.apache.xerces.internal.util.ErrorHandlerWrapper.createSAXParseException(ErrorHandlerWrapper.java:203)
	at com.sun.org.apache.xerces.internal.util.ErrorHandlerWrapper.fatalError(ErrorHandlerWrapper.java:177)
	at com.sun.org.apache.xerces.internal.impl.XMLErrorReporter.reportError(XMLErrorReporter.java:400)
	at com.sun.org.apache.xerces.internal.impl.XMLErrorReporter.reportError(XMLErrorReporter.java:327)
	at com.sun.org.apache.xerces.internal.impl.XMLScanner.reportFatalError(XMLScanner.java:1472)
	at com.sun.org.apache.xerces.internal.impl.XMLScanner.scanAttributeValue(XMLScanner.java:908)
	at com.sun.org.apache.xerces.internal.impl.XMLDocumentFragmentScannerImpl.scanAttribute(XMLDocumentFragmentScannerImpl.java:1548)
	at com.sun.org.apache.xerces.internal.impl.XMLDocumentFragmentScannerImpl.scanStartElement(XMLDocumentFragmentScannerImpl.java:1315)
	at com.sun.org.apache.xerces.internal.impl.XMLDocumentFragmentScannerImpl$FragmentContentDriver.next(XMLDocumentFragmentScannerImpl.java:2784)
	at com.sun.org.apache.xerces.internal.impl.XMLDocumentScannerImpl.next(XMLDocumentScannerImpl.java:602)
	at com.sun.org.apache.xerces.internal.impl.XMLDocumentFragmentScannerImpl.scanDocument(XMLDocumentFragmentScannerImpl.java:505)
	at com.sun.org.apache.xerces.internal.parsers.XML11Configuration.parse(XML11Configuration.java:841)
	at com.sun.org.apache.xerces.internal.parsers.XML11Configuration.parse(XML11Configuration.java:770)
	at com.sun.org.apache.xerces.internal.parsers.XMLParser.parse(XMLParser.java:141)
	at com.sun.org.apache.xerces.internal.parsers.DOMParser.parse(DOMParser.java:243)
	at com.sun.org.apache.xerces.internal.jaxp.DocumentBuilderImpl.parse(DocumentBuilderImpl.java:339)
	at org.eclipse.debug.internal.core.LaunchManager.createInfoFromXML(LaunchManager.java:935)
	at org.eclipse.debug.internal.core.LaunchManager.getInfo(LaunchManager.java:1359)
	at org.eclipse.debug.internal.core.LaunchConfiguration.getInfo(LaunchConfiguration.java:490)
	at org.eclipse.debug.internal.core.LaunchConfiguration.getType(LaunchConfiguration.java:645)
	at org.eclipse.debug.internal.core.LaunchManager.isValid(LaunchManager.java:2091)
	at org.eclipse.debug.internal.core.LaunchManager.verifyConfigurations(LaunchManager.java:2462)
	at org.eclipse.debug.internal.core.LaunchManager.getAllLaunchConfigurations(LaunchManager.java:1140)
	at org.eclipse.debug.internal.core.LaunchManager.getLaunchConfigurations(LaunchManager.java:1444)
	at org.eclipse.debug.internal.core.LaunchManager.getLaunchConfigurations(LaunchManager.java:1439)
	at org.eclipse.launchbar.core.internal.LaunchBarManager.init(LaunchBarManager.java:130)
	at org.eclipse.launchbar.core.internal.LaunchBarManager$1.run(LaunchBarManager.java:96)
	at org.eclipse.core.internal.jobs.Worker.run(Worker.java:63)

!ENTRY org.eclipse.debug.core 4 125 2026-07-28 11:20:41.258
!MESSAGE 调试核心所记录的错误：
!STACK 1
org.eclipse.debug.core.DebugException: 读取启动配置文件 F:\code\vibe_project\rollerball\M55\libraries\components\mtb-device-support-pse8xxgp\make\make\scripts\interface_version_3\eclipse\CM33\flash\normal\KitProg3\any\&&_PRJ_NAME&& Attach (KitProg3_MiniProg4).launch 时发生了 org.xml.sax.SAXParseException; lineNumber: 3; columnNumber: 66; 在实体引用中, 实体名称必须紧跟在 '&' 后面。。
	at org.eclipse.debug.internal.core.LaunchManager.createDebugException(LaunchManager.java:886)
	at org.eclipse.debug.internal.core.LaunchManager.throwException(LaunchManager.java:2448)
	at org.eclipse.debug.internal.core.LaunchManager.getInfo(LaunchManager.java:1366)
	at org.eclipse.debug.internal.core.LaunchConfiguration.getInfo(LaunchConfiguration.java:490)
	at org.eclipse.debug.internal.core.LaunchConfiguration.getType(LaunchConfiguration.java:645)
	at org.eclipse.debug.internal.core.LaunchManager.isValid(LaunchManager.java:2091)
	at org.eclipse.debug.internal.core.LaunchManager.verifyConfigurations(LaunchManager.java:2462)
	at org.eclipse.debug.internal.core.LaunchManager.getAllLaunchConfigurations(LaunchManager.java:1140)
	at org.eclipse.debug.internal.core.LaunchManager.getLaunchConfigurations(LaunchManager.java:1444)
	at org.eclipse.debug.internal.core.LaunchManager.getLaunchConfigurations(LaunchManager.java:1439)
	at org.eclipse.launchbar.core.internal.LaunchBarManager.init(LaunchBarManager.java:130)
	at org.eclipse.launchbar.core.internal.LaunchBarManager$1.run(LaunchBarManager.java:96)
	at org.eclipse.core.internal.jobs.Worker.run(Worker.java:63)
Caused by: org.xml.sax.SAXParseException; lineNumber: 3; columnNumber: 66; 在实体引用中, 实体名称必须紧跟在 '&' 后面。
	at com.sun.org.apache.xerces.internal.util.ErrorHandlerWrapper.createSAXParseException(ErrorHandlerWrapper.java:203)
	at com.sun.org.apache.xerces.internal.util.ErrorHandlerWrapper.fatalError(ErrorHandlerWrapper.java:177)
	at com.sun.org.apache.xerces.internal.impl.XMLErrorReporter.reportError(XMLErrorReporter.java:400)
	at com.sun.org.apache.xerces.internal.impl.XMLErrorReporter.reportError(XMLErrorReporter.java:327)
	at com.sun.org.apache.xerces.internal.impl.XMLScanner.reportFatalError(XMLScanner.java:1472)
	at com.sun.org.apache.xerces.internal.impl.XMLScanner.scanAttributeValue(XMLScanner.java:908)
	at com.sun.org.apache.xerces.internal.impl.XMLDocumentFragmentScannerImpl.scanAttribute(XMLDocumentFragmentScannerImpl.java:1548)
	at com.sun.org.apache.xerces.internal.impl.XMLDocumentFragmentScannerImpl.scanStartElement(XMLDocumentFragmentScannerImpl.java:1315)
	at com.sun.org.apache.xerces.internal.impl.XMLDocumentFragmentScannerImpl$FragmentContentDriver.next(XMLDocumentFragmentScannerImpl.java:2784)
	at com.sun.org.apache.xerces.internal.impl.XMLDocumentScannerImpl.next(XMLDocumentScannerImpl.java:602)
	at com.sun.org.apache.xerces.internal.impl.XMLDocumentFragmentScannerImpl.scanDocument(XMLDocumentFragmentScannerImpl.java:505)
	at com.sun.org.apache.xerces.internal.parsers.XML11Configuration.parse(XML11Configuration.java:841)
	at com.sun.org.apache.xerces.internal.parsers.XML11Configuration.parse(XML11Configuration.java:770)
	at com.sun.org.apache.xerces.internal.parsers.XMLParser.parse(XMLParser.java:141)
	at com.sun.org.apache.xerces.internal.parsers.DOMParser.parse(DOMParser.java:243)
	at com.sun.org.apache.xerces.internal.jaxp.DocumentBuilderImpl.parse(DocumentBuilderImpl.java:339)
	at org.eclipse.debug.internal.core.LaunchManager.createInfoFromXML(LaunchManager.java:935)
	at org.eclipse.debug.internal.core.LaunchManager.getInfo(LaunchManager.java:1359)
	... 10 more
!SUBENTRY 1 org.eclipse.debug.core 4 5012 2026-07-28 11:20:41.258
!MESSAGE 读取启动配置文件 F:\code\vibe_project\rollerball\M55\libraries\components\mtb-device-support-pse8xxgp\make\make\scripts\interface_version_3\eclipse\CM33\flash\normal\KitProg3\any\&&_PRJ_NAME&& Attach (KitProg3_MiniProg4).launch 时发生了 org.xml.sax.SAXParseException; lineNumber: 3; columnNumber: 66; 在实体引用中, 实体名称必须紧跟在 '&' 后面。。
!STACK 0
org.xml.sax.SAXParseException; lineNumber: 3; columnNumber: 66; 在实体引用中, 实体名称必须紧跟在 '&' 后面。
	at com.sun.org.apache.xerces.internal.util.ErrorHandlerWrapper.createSAXParseException(ErrorHandlerWrapper.java:203)
	at com.sun.org.apache.xerces.internal.util.ErrorHandlerWrapper.fatalError(ErrorHandlerWrapper.java:177)
	at com.sun.org.apache.xerces.internal.impl.XMLErrorReporter.reportError(XMLErrorReporter.java:400)
	at com.sun.org.apache.xerces.internal.impl.XMLErrorReporter.reportError(XMLErrorReporter.java:327)
	at com.sun.org.apache.xerces.internal.impl.XMLScanner.reportFatalError(XMLScanner.java:1472)
	at com.sun.org.apache.xerces.internal.impl.XMLScanner.scanAttributeValue(XMLScanner.java:908)
	at com.sun.org.apache.xerces.internal.impl.XMLDocumentFragmentScannerImpl.scanAttribute(XMLDocumentFragmentScannerImpl.java:1548)
	at com.sun.org.apache.xerces.internal.impl.XMLDocumentFragmentScannerImpl.scanStartElement(XMLDocumentFragmentScannerImpl.java:1315)
	at com.sun.org.apache.xerces.internal.impl.XMLDocumentFragmentScannerImpl$FragmentContentDriver.next(XMLDocumentFragmentScannerImpl.java:2784)
	at com.sun.org.apache.xerces.internal.impl.XMLDocumentScannerImpl.next(XMLDocumentScannerImpl.java:602)
	at com.sun.org.apache.xerces.internal.impl.XMLDocumentFragmentScannerImpl.scanDocument(XMLDocumentFragmentScannerImpl.java:505)
	at com.sun.org.apache.xerces.internal.parsers.XML11Configuration.parse(XML11Configuration.java:841)
	at com.sun.org.apache.xerces.internal.parsers.XML11Configuration.parse(XML11Configuration.java:770)
	at com.sun.org.apache.xerces.internal.parsers.XMLParser.parse(XMLParser.java:141)
	at com.sun.org.apache.xerces.internal.parsers.DOMParser.parse(DOMParser.java:243)
	at com.sun.org.apache.xerces.internal.jaxp.DocumentBuilderImpl.parse(DocumentBuilderImpl.java:339)
	at org.eclipse.debug.internal.core.LaunchManager.createInfoFromXML(LaunchManager.java:935)
	at org.eclipse.debug.internal.core.LaunchManager.getInfo(LaunchManager.java:1359)
	at org.eclipse.debug.internal.core.LaunchConfiguration.getInfo(LaunchConfiguration.java:490)
	at org.eclipse.debug.internal.core.LaunchConfiguration.getType(LaunchConfiguration.java:645)
	at org.eclipse.debug.internal.core.LaunchManager.isValid(LaunchManager.java:2091)
	at org.eclipse.debug.internal.core.LaunchManager.verifyConfigurations(LaunchManager.java:2462)
	at org.eclipse.debug.internal.core.LaunchManager.getAllLaunchConfigurations(LaunchManager.java:1140)
	at org.eclipse.debug.internal.core.LaunchManager.getLaunchConfigurations(LaunchManager.java:1444)
	at org.eclipse.debug.internal.core.LaunchManager.getLaunchConfigurations(LaunchManager.java:1439)
	at org.eclipse.launchbar.core.internal.LaunchBarManager.init(LaunchBarManager.java:130)
	at org.eclipse.launchbar.core.internal.LaunchBarManager$1.run(LaunchBarManager.java:96)
	at org.eclipse.core.internal.jobs.Worker.run(Worker.java:63)

!ENTRY org.eclipse.debug.core 4 125 2026-07-28 11:20:41.258
!MESSAGE 调试核心所记录的错误：
!STACK 1
org.eclipse.debug.core.DebugException: 读取启动配置文件 F:\code\vibe_project\rollerball\M55\libraries\components\mtb-device-support-pse8xxgp\make\make\scripts\interface_version_3\eclipse\CM33\flash\normal\KitProg3\any\&&_PRJ_NAME&& Debug (KitProg3_MiniProg4).launch 时发生了 org.xml.sax.SAXParseException; lineNumber: 3; columnNumber: 66; 在实体引用中, 实体名称必须紧跟在 '&' 后面。。
	at org.eclipse.debug.internal.core.LaunchManager.createDebugException(LaunchManager.java:886)
	at org.eclipse.debug.internal.core.LaunchManager.throwException(LaunchManager.java:2448)
	at org.eclipse.debug.internal.core.LaunchManager.getInfo(LaunchManager.java:1366)
	at org.eclipse.debug.internal.core.LaunchConfiguration.getInfo(LaunchConfiguration.java:490)
	at org.eclipse.debug.internal.core.LaunchConfiguration.getType(LaunchConfiguration.java:645)
	at org.eclipse.debug.internal.core.LaunchManager.isValid(LaunchManager.java:2091)
	at org.eclipse.debug.internal.core.LaunchManager.verifyConfigurations(LaunchManager.java:2462)
	at org.eclipse.debug.internal.core.LaunchManager.getAllLaunchConfigurations(LaunchManager.java:1140)
	at org.eclipse.debug.internal.core.LaunchManager.getLaunchConfigurations(LaunchManager.java:1444)
	at org.eclipse.debug.internal.core.LaunchManager.getLaunchConfigurations(LaunchManager.java:1439)
	at org.eclipse.launchbar.core.internal.LaunchBarManager.init(LaunchBarManager.java:130)
	at org.eclipse.launchbar.core.internal.LaunchBarManager$1.run(LaunchBarManager.java:96)
	at org.eclipse.core.internal.jobs.Worker.run(Worker.java:63)
Caused by: org.xml.sax.SAXParseException; lineNumber: 3; columnNumber: 66; 在实体引用中, 实体名称必须紧跟在 '&' 后面。
	at com.sun.org.apache.xerces.internal.util.ErrorHandlerWrapper.createSAXParseException(ErrorHandlerWrapper.java:203)
	at com.sun.org.apache.xerces.internal.util.ErrorHandlerWrapper.fatalError(ErrorHandlerWrapper.java:177)
	at com.sun.org.apache.xerces.internal.impl.XMLErrorReporter.reportError(XMLErrorReporter.java:400)
	at com.sun.org.apache.xerces.internal.impl.XMLErrorReporter.reportError(XMLErrorReporter.java:327)
	at com.sun.org.apache.xerces.internal.impl.XMLScanner.reportFatalError(XMLScanner.java:1472)
	at com.sun.org.apache.xerces.internal.impl.XMLScanner.scanAttributeValue(XMLScanner.java:908)
	at com.sun.org.apache.xerces.internal.impl.XMLDocumentFragmentScannerImpl.scanAttribute(XMLDocumentFragmentScannerImpl.java:1548)
	at com.sun.org.apache.xerces.internal.impl.XMLDocumentFragmentScannerImpl.scanStartElement(XMLDocumentFragmentScannerImpl.java:1315)
	at com.sun.org.apache.xerces.internal.impl.XMLDocumentFragmentScannerImpl$FragmentContentDriver.next(XMLDocumentFragmentScannerImpl.java:2784)
	at com.sun.org.apache.xerces.internal.impl.XMLDocumentScannerImpl.next(XMLDocumentScannerImpl.java:602)
	at com.sun.org.apache.xerces.internal.impl.XMLDocumentFragmentScannerImpl.scanDocument(XMLDocumentFragmentScannerImpl.java:505)
	at com.sun.org.apache.xerces.internal.parsers.XML11Configuration.parse(XML11Configuration.java:841)
	at com.sun.org.apache.xerces.internal.parsers.XML11Configuration.parse(XML11Configuration.java:770)
	at com.sun.org.apache.xerces.internal.parsers.XMLParser.parse(XMLParser.java:141)
	at com.sun.org.apache.xerces.internal.parsers.DOMParser.parse(DOMParser.java:243)
	at com.sun.org.apache.xerces.internal.jaxp.DocumentBuilderImpl.parse(DocumentBuilderImpl.java:339)
	at org.eclipse.debug.internal.core.LaunchManager.createInfoFromXML(LaunchManager.java:935)
	at org.eclipse.debug.internal.core.LaunchManager.getInfo(LaunchManager.java:1359)
	... 10 more
!SUBENTRY 1 org.eclipse.debug.core 4 5012 2026-07-28 11:20:41.258
!MESSAGE 读取启动配置文件 F:\code\vibe_project\rollerball\M55\libraries\components\mtb-device-support-pse8xxgp\make\make\scripts\interface_version_3\eclipse\CM33\flash\normal\KitProg3\any\&&_PRJ_NAME&& Debug (KitProg3_MiniProg4).launch 时发生了 org.xml.sax.SAXParseException; lineNumber: 3; columnNumber: 66; 在实体引用中, 实体名称必须紧跟在 '&' 后面。。
!STACK 0
org.xml.sax.SAXParseException; lineNumber: 3; columnNumber: 66; 在实体引用中, 实体名称必须紧跟在 '&' 后面。
	at com.sun.org.apache.xerces.internal.util.ErrorHandlerWrapper.createSAXParseException(ErrorHandlerWrapper.java:203)
	at com.sun.org.apache.xerces.internal.util.ErrorHandlerWrapper.fatalError(ErrorHandlerWrapper.java:177)
	at com.sun.org.apache.xerces.internal.impl.XMLErrorReporter.reportError(XMLErrorReporter.java:400)
	at com.sun.org.apache.xerces.internal.impl.XMLErrorReporter.reportError(XMLErrorReporter.java:327)
	at com.sun.org.apache.xerces.internal.impl.XMLScanner.reportFatalError(XMLScanner.java:1472)
	at com.sun.org.apache.xerces.internal.impl.XMLScanner.scanAttributeValue(XMLScanner.java:908)
	at com.sun.org.apache.xerces.internal.impl.XMLDocumentFragmentScannerImpl.scanAttribute(XMLDocumentFragmentScannerImpl.java:1548)
	at com.sun.org.apache.xerces.internal.impl.XMLDocumentFragmentScannerImpl.scanStartElement(XMLDocumentFragmentScannerImpl.java:1315)
	at com.sun.org.apache.xerces.internal.impl.XMLDocumentFragmentScannerImpl$FragmentContentDriver.next(XMLDocumentFragmentScannerImpl.java:2784)
	at com.sun.org.apache.xerces.internal.impl.XMLDocumentScannerImpl.next(XMLDocumentScannerImpl.java:602)
	at com.sun.org.apache.xerces.internal.impl.XMLDocumentFragmentScannerImpl.scanDocument(XMLDocumentFragmentScannerImpl.java:505)
	at com.sun.org.apache.xerces.internal.parsers.XML11Configuration.parse(XML11Configuration.java:841)
	at com.sun.org.apache.xerces.internal.parsers.XML11Configuration.parse(XML11Configuration.java:770)
	at com.sun.org.apache.xerces.internal.parsers.XMLParser.parse(XMLParser.java:141)
	at com.sun.org.apache.xerces.internal.parsers.DOMParser.parse(DOMParser.java:243)
	at com.sun.org.apache.xerces.internal.jaxp.DocumentBuilderImpl.parse(DocumentBuilderImpl.java:339)
	at org.eclipse.debug.internal.core.LaunchManager.createInfoFromXML(LaunchManager.java:935)
	at org.eclipse.debug.internal.core.LaunchManager.getInfo(LaunchManager.java:1359)
	at org.eclipse.debug.internal.core.LaunchConfiguration.getInfo(LaunchConfiguration.java:490)
	at org.eclipse.debug.internal.core.LaunchConfiguration.getType(LaunchConfiguration.java:645)
	at org.eclipse.debug.internal.core.LaunchManager.isValid(LaunchManager.java:2091)
	at org.eclipse.debug.internal.core.LaunchManager.verifyConfigurations(LaunchManager.java:2462)
	at org.eclipse.debug.internal.core.LaunchManager.getAllLaunchConfigurations(LaunchManager.java:1140)
	at org.eclipse.debug.internal.core.LaunchManager.getLaunchConfigurations(LaunchManager.java:1444)
	at org.eclipse.debug.internal.core.LaunchManager.getLaunchConfigurations(LaunchManager.java:1439)
	at org.eclipse.launchbar.core.internal.LaunchBarManager.init(LaunchBarManager.java:130)
	at org.eclipse.launchbar.core.internal.LaunchBarManager$1.run(LaunchBarManager.java:96)
	at org.eclipse.core.internal.jobs.Worker.run(Worker.java:63)

!ENTRY org.eclipse.debug.core 4 125 2026-07-28 11:20:41.262
!MESSAGE 调试核心所记录的错误：
!STACK 1
org.eclipse.debug.core.DebugException: 读取启动配置文件 F:\code\vibe_project\rollerball\M55\libraries\components\mtb-device-support-pse8xxgp\make\make\scripts\interface_version_3\eclipse\CM33\flash\normal\KitProg3\combine_sign\Attach.launch 时发生了 org.xml.sax.SAXParseException; lineNumber: 3; columnNumber: 66; 在实体引用中, 实体名称必须紧跟在 '&' 后面。。
	at org.eclipse.debug.internal.core.LaunchManager.createDebugException(LaunchManager.java:886)
	at org.eclipse.debug.internal.core.LaunchManager.throwException(LaunchManager.java:2448)
	at org.eclipse.debug.internal.core.LaunchManager.getInfo(LaunchManager.java:1366)
	at org.eclipse.debug.internal.core.LaunchConfiguration.getInfo(LaunchConfiguration.java:490)
	at org.eclipse.debug.internal.core.LaunchConfiguration.getType(LaunchConfiguration.java:645)
	at org.eclipse.debug.internal.core.LaunchManager.isValid(LaunchManager.java:2091)
	at org.eclipse.debug.internal.core.LaunchManager.verifyConfigurations(LaunchManager.java:2462)
	at org.eclipse.debug.internal.core.LaunchManager.getAllLaunchConfigurations(LaunchManager.java:1140)
	at org.eclipse.debug.internal.core.LaunchManager.getLaunchConfigurations(LaunchManager.java:1444)
	at org.eclipse.debug.internal.core.LaunchManager.getLaunchConfigurations(LaunchManager.java:1439)
	at org.eclipse.launchbar.core.internal.LaunchBarManager.init(LaunchBarManager.java:130)
	at org.eclipse.launchbar.core.internal.LaunchBarManager$1.run(LaunchBarManager.java:96)
	at org.eclipse.core.internal.jobs.Worker.run(Worker.java:63)
Caused by: org.xml.sax.SAXParseException; lineNumber: 3; columnNumber: 66; 在实体引用中, 实体名称必须紧跟在 '&' 后面。
	at com.sun.org.apache.xerces.internal.util.ErrorHandlerWrapper.createSAXParseException(ErrorHandlerWrapper.java:203)
	at com.sun.org.apache.xerces.internal.util.ErrorHandlerWrapper.fatalError(ErrorHandlerWrapper.java:177)
	at com.sun.org.apache.xerces.internal.impl.XMLErrorReporter.reportError(XMLErrorReporter.java:400)
	at com.sun.org.apache.xerces.internal.impl.XMLErrorReporter.reportError(XMLErrorReporter.java:327)
	at com.sun.org.apache.xerces.internal.impl.XMLScanner.reportFatalError(XMLScanner.java:1472)
	at com.sun.org.apache.xerces.internal.impl.XMLScanner.scanAttributeValue(XMLScanner.java:908)
	at com.sun.org.apache.xerces.internal.impl.XMLDocumentFragmentScannerImpl.scanAttribute(XMLDocumentFragmentScannerImpl.java:1548)
	at com.sun.org.apache.xerces.internal.impl.XMLDocumentFragmentScannerImpl.scanStartElement(XMLDocumentFragmentScannerImpl.java:1315)
	at com.sun.org.apache.xerces.internal.impl.XMLDocumentFragmentScannerImpl$FragmentContentDriver.next(XMLDocumentFragmentScannerImpl.java:2784)
	at com.sun.org.apache.xerces.internal.impl.XMLDocumentScannerImpl.next(XMLDocumentScannerImpl.java:602)
	at com.sun.org.apache.xerces.internal.impl.XMLDocumentFragmentScannerImpl.scanDocument(XMLDocumentFragmentScannerImpl.java:505)
	at com.sun.org.apache.xerces.internal.parsers.XML11Configuration.parse(XML11Configuration.java:841)
	at com.sun.org.apache.xerces.internal.parsers.XML11Configuration.parse(XML11Configuration.java:770)
	at com.sun.org.apache.xerces.internal.parsers.XMLParser.parse(XMLParser.java:141)
	at com.sun.org.apache.xerces.internal.parsers.DOMParser.parse(DOMParser.java:243)
	at com.sun.org.apache.xerces.internal.jaxp.DocumentBuilderImpl.parse(DocumentBuilderImpl.java:339)
	at org.eclipse.debug.internal.core.LaunchManager.createInfoFromXML(LaunchManager.java:935)
	at org.eclipse.debug.internal.core.LaunchManager.getInfo(LaunchManager.java:1359)
	... 10 more
!SUBENTRY 1 org.eclipse.debug.core 4 5012 2026-07-28 11:20:41.262
!MESSAGE 读取启动配置文件 F:\code\vibe_project\rollerball\M55\libraries\components\mtb-device-support-pse8xxgp\make\make\scripts\interface_version_3\eclipse\CM33\flash\normal\KitProg3\combine_sign\Attach.launch 时发生了 org.xml.sax.SAXParseException; lineNumber: 3; columnNumber: 66; 在实体引用中, 实体名称必须紧跟在 '&' 后面。。
!STACK 0
org.xml.sax.SAXParseException; lineNumber: 3; columnNumber: 66; 在实体引用中, 实体名称必须紧跟在 '&' 后面。
	at com.sun.org.apache.xerces.internal.util.ErrorHandlerWrapper.createSAXParseException(ErrorHandlerWrapper.java:203)
	at com.sun.org.apache.xerces.internal.util.ErrorHandlerWrapper.fatalError(ErrorHandlerWrapper.java:177)
	at com.sun.org.apache.xerces.internal.impl.XMLErrorReporter.reportError(XMLErrorReporter.java:400)
	at com.sun.org.apache.xerces.internal.impl.XMLErrorReporter.reportError(XMLErrorReporter.java:327)
	at com.sun.org.apache.xerces.internal.impl.XMLScanner.reportFatalError(XMLScanner.java:1472)
	at com.sun.org.apache.xerces.internal.impl.XMLScanner.scanAttributeValue(XMLScanner.java:908)
	at com.sun.org.apache.xerces.internal.impl.XMLDocumentFragmentScannerImpl.scanAttribute(XMLDocumentFragmentScannerImpl.java:1548)
	at com.sun.org.apache.xerces.internal.impl.XMLDocumentFragmentScannerImpl.scanStartElement(XMLDocumentFragmentScannerImpl.java:1315)
	at com.sun.org.apache.xerces.internal.impl.XMLDocumentFragmentScannerImpl$FragmentContentDriver.next(XMLDocumentFragmentScannerImpl.java:2784)
	at com.sun.org.apache.xerces.internal.impl.XMLDocumentScannerImpl.next(XMLDocumentScannerImpl.java:602)
	at com.sun.org.apache.xerces.internal.impl.XMLDocumentFragmentScannerImpl.scanDocument(XMLDocumentFragmentScannerImpl.java:505)
	at com.sun.org.apache.xerces.internal.parsers.XML11Configuration.parse(XML11Configuration.java:841)
	at com.sun.org.apache.xerces.internal.parsers.XML11Configuration.parse(XML11Configuration.java:770)
	at com.sun.org.apache.xerces.internal.parsers.XMLParser.parse(XMLParser.java:141)
	at com.sun.org.apache.xerces.internal.parsers.DOMParser.parse(DOMParser.java:243)
	at com.sun.org.apache.xerces.internal.jaxp.DocumentBuilderImpl.parse(DocumentBuilderImpl.java:339)
	at org.eclipse.debug.internal.core.LaunchManager.createInfoFromXML(LaunchManager.java:935)
	at org.eclipse.debug.internal.core.LaunchManager.getInfo(LaunchManager.java:1359)
	at org.eclipse.debug.internal.core.LaunchConfiguration.getInfo(LaunchConfiguration.java:490)
	at org.eclipse.debug.internal.core.LaunchConfiguration.getType(LaunchConfiguration.java:645)
	at org.eclipse.debug.internal.core.LaunchManager.isValid(LaunchManager.java:2091)
	at org.eclipse.debug.internal.core.LaunchManager.verifyConfigurations(LaunchManager.java:2462)
	at org.eclipse.debug.internal.core.LaunchManager.getAllLaunchConfigurations(LaunchManager.java:1140)
	at org.eclipse.debug.internal.core.LaunchManager.getLaunchConfigurations(LaunchManager.java:1444)
	at org.eclipse.debug.internal.core.LaunchManager.getLaunchConfigurations(LaunchManager.java:1439)
	at org.eclipse.launchbar.core.internal.LaunchBarManager.init(LaunchBarManager.java:130)
	at org.eclipse.launchbar.core.internal.LaunchBarManager$1.run(LaunchBarManager.java:96)
	at org.eclipse.core.internal.jobs.Worker.run(Worker.java:63)

!ENTRY org.eclipse.debug.core 4 125 2026-07-28 11:20:41.262
!MESSAGE 调试核心所记录的错误：
!STACK 1
org.eclipse.debug.core.DebugException: 读取启动配置文件 F:\code\vibe_project\rollerball\M55\libraries\components\mtb-device-support-pse8xxgp\make\make\scripts\interface_version_3\eclipse\CM33\flash\normal\KitProg3\combine_sign\Debug.launch 时发生了 org.xml.sax.SAXParseException; lineNumber: 3; columnNumber: 66; 在实体引用中, 实体名称必须紧跟在 '&' 后面。。
	at org.eclipse.debug.internal.core.LaunchManager.createDebugException(LaunchManager.java:886)
	at org.eclipse.debug.internal.core.LaunchManager.throwException(LaunchManager.java:2448)
	at org.eclipse.debug.internal.core.LaunchManager.getInfo(LaunchManager.java:1366)
	at org.eclipse.debug.internal.core.LaunchConfiguration.getInfo(LaunchConfiguration.java:490)
	at org.eclipse.debug.internal.core.LaunchConfiguration.getType(LaunchConfiguration.java:645)
	at org.eclipse.debug.internal.core.LaunchManager.isValid(LaunchManager.java:2091)
	at org.eclipse.debug.internal.core.LaunchManager.verifyConfigurations(LaunchManager.java:2462)
	at org.eclipse.debug.internal.core.LaunchManager.getAllLaunchConfigurations(LaunchManager.java:1140)
	at org.eclipse.debug.internal.core.LaunchManager.getLaunchConfigurations(LaunchManager.java:1444)
	at org.eclipse.debug.internal.core.LaunchManager.getLaunchConfigurations(LaunchManager.java:1439)
	at org.eclipse.launchbar.core.internal.LaunchBarManager.init(LaunchBarManager.java:130)
	at org.eclipse.launchbar.core.internal.LaunchBarManager$1.run(LaunchBarManager.java:96)
	at org.eclipse.core.internal.jobs.Worker.run(Worker.java:63)
Caused by: org.xml.sax.SAXParseException; lineNumber: 3; columnNumber: 66; 在实体引用中, 实体名称必须紧跟在 '&' 后面。
	at com.sun.org.apache.xerces.internal.util.ErrorHandlerWrapper.createSAXParseException(ErrorHandlerWrapper.java:203)
	at com.sun.org.apache.xerces.internal.util.ErrorHandlerWrapper.fatalError(ErrorHandlerWrapper.java:177)
	at com.sun.org.apache.xerces.internal.impl.XMLErrorReporter.reportError(XMLErrorReporter.java:400)
	at com.sun.org.apache.xerces.internal.impl.XMLErrorReporter.reportError(XMLErrorReporter.java:327)
	at com.sun.org.apache.xerces.internal.impl.XMLScanner.reportFatalError(XMLScanner.java:1472)
	at com.sun.org.apache.xerces.internal.impl.XMLScanner.scanAttributeValue(XMLScanner.java:908)
	at com.sun.org.apache.xerces.internal.impl.XMLDocumentFragmentScannerImpl.scanAttribute(XMLDocumentFragmentScannerImpl.java:1548)
	at com.sun.org.apache.xerces.internal.impl.XMLDocumentFragmentScannerImpl.scanStartElement(XMLDocumentFragmentScannerImpl.java:1315)
	at com.sun.org.apache.xerces.internal.impl.XMLDocumentFragmentScannerImpl$FragmentContentDriver.next(XMLDocumentFragmentScannerImpl.java:2784)
	at com.sun.org.apache.xerces.internal.impl.XMLDocumentScannerImpl.next(XMLDocumentScannerImpl.java:602)
	at com.sun.org.apache.xerces.internal.impl.XMLDocumentFragmentScannerImpl.scanDocument(XMLDocumentFragmentScannerImpl.java:505)
	at com.sun.org.apache.xerces.internal.parsers.XML11Configuration.parse(XML11Configuration.java:841)
	at com.sun.org.apache.xerces.internal.parsers.XML11Configuration.parse(XML11Configuration.java:770)
	at com.sun.org.apache.xerces.internal.parsers.XMLParser.parse(XMLParser.java:141)
	at com.sun.org.apache.xerces.internal.parsers.DOMParser.parse(DOMParser.java:243)
	at com.sun.org.apache.xerces.internal.jaxp.DocumentBuilderImpl.parse(DocumentBuilderImpl.java:339)
	at org.eclipse.debug.internal.core.LaunchManager.createInfoFromXML(LaunchManager.java:935)
	at org.eclipse.debug.internal.core.LaunchManager.getInfo(LaunchManager.java:1359)
	... 10 more
!SUBENTRY 1 org.eclipse.debug.core 4 5012 2026-07-28 11:20:41.262
!MESSAGE 读取启动配置文件 F:\code\vibe_project\rollerball\M55\libraries\components\mtb-device-support-pse8xxgp\make\make\scripts\interface_version_3\eclipse\CM33\flash\normal\KitProg3\combine_sign\Debug.launch 时发生了 org.xml.sax.SAXParseException; lineNumber: 3; columnNumber: 66; 在实体引用中, 实体名称必须紧跟在 '&' 后面。。
!STACK 0
org.xml.sax.SAXParseException; lineNumber: 3; columnNumber: 66; 在实体引用中, 实体名称必须紧跟在 '&' 后面。
	at com.sun.org.apache.xerces.internal.util.ErrorHandlerWrapper.createSAXParseException(ErrorHandlerWrapper.java:203)
	at com.sun.org.apache.xerces.internal.util.ErrorHandlerWrapper.fatalError(ErrorHandlerWrapper.java:177)
	at com.sun.org.apache.xerces.internal.impl.XMLErrorReporter.reportError(XMLErrorReporter.java:400)
	at com.sun.org.apache.xerces.internal.impl.XMLErrorReporter.reportError(XMLErrorReporter.java:327)
	at com.sun.org.apache.xerces.internal.impl.XMLScanner.reportFatalError(XMLScanner.java:1472)
	at com.sun.org.apache.xerces.internal.impl.XMLScanner.scanAttributeValue(XMLScanner.java:908)
	at com.sun.org.apache.xerces.internal.impl.XMLDocumentFragmentScannerImpl.scanAttribute(XMLDocumentFragmentScannerImpl.java:1548)
	at com.sun.org.apache.xerces.internal.impl.XMLDocumentFragmentScannerImpl.scanStartElement(XMLDocumentFragmentScannerImpl.java:1315)
	at com.sun.org.apache.xerces.internal.impl.XMLDocumentFragmentScannerImpl$FragmentContentDriver.next(XMLDocumentFragmentScannerImpl.java:2784)
	at com.sun.org.apache.xerces.internal.impl.XMLDocumentScannerImpl.next(XMLDocumentScannerImpl.java:602)
	at com.sun.org.apache.xerces.internal.impl.XMLDocumentFragmentScannerImpl.scanDocument(XMLDocumentFragmentScannerImpl.java:505)
	at com.sun.org.apache.xerces.internal.parsers.XML11Configuration.parse(XML11Configuration.java:841)
	at com.sun.org.apache.xerces.internal.parsers.XML11Configuration.parse(XML11Configuration.java:770)
	at com.sun.org.apache.xerces.internal.parsers.XMLParser.parse(XMLParser.java:141)
	at com.sun.org.apache.xerces.internal.parsers.DOMParser.parse(DOMParser.java:243)
	at com.sun.org.apache.xerces.internal.jaxp.DocumentBuilderImpl.parse(DocumentBuilderImpl.java:339)
	at org.eclipse.debug.internal.core.LaunchManager.createInfoFromXML(LaunchManager.java:935)
	at org.eclipse.debug.internal.core.LaunchManager.getInfo(LaunchManager.java:1359)
	at org.eclipse.debug.internal.core.LaunchConfiguration.getInfo(LaunchConfiguration.java:490)
	at org.eclipse.debug.internal.core.LaunchConfiguration.getType(LaunchConfiguration.java:645)
	at org.eclipse.debug.internal.core.LaunchManager.isValid(LaunchManager.java:2091)
	at org.eclipse.debug.internal.core.LaunchManager.verifyConfigurations(LaunchManager.java:2462)
	at org.eclipse.debug.internal.core.LaunchManager.getAllLaunchConfigurations(LaunchManager.java:1140)
	at org.eclipse.debug.internal.core.LaunchManager.getLaunchConfigurations(LaunchManager.java:1444)
	at org.eclipse.debug.internal.core.LaunchManager.getLaunchConfigurations(LaunchManager.java:1439)
	at org.eclipse.launchbar.core.internal.LaunchBarManager.init(LaunchBarManager.java:130)
	at org.eclipse.launchbar.core.internal.LaunchBarManager$1.run(LaunchBarManager.java:96)
	at org.eclipse.core.internal.jobs.Worker.run(Worker.java:63)

!ENTRY org.eclipse.debug.core 4 125 2026-07-28 11:20:41.266
!MESSAGE 调试核心所记录的错误：
!STACK 1
org.eclipse.debug.core.DebugException: 读取启动配置文件 F:\code\vibe_project\rollerball\M55\libraries\components\mtb-device-support-pse8xxgp\make\make\scripts\interface_version_3\eclipse\CM33\flash\virgin\JLink\any\&&_PRJ_NAME&& Attach (JLink).launch 时发生了 org.xml.sax.SAXParseException; lineNumber: 3; columnNumber: 66; 在实体引用中, 实体名称必须紧跟在 '&' 后面。。
	at org.eclipse.debug.internal.core.LaunchManager.createDebugException(LaunchManager.java:886)
	at org.eclipse.debug.internal.core.LaunchManager.throwException(LaunchManager.java:2448)
	at org.eclipse.debug.internal.core.LaunchManager.getInfo(LaunchManager.java:1366)
	at org.eclipse.debug.internal.core.LaunchConfiguration.getInfo(LaunchConfiguration.java:490)
	at org.eclipse.debug.internal.core.LaunchConfiguration.getType(LaunchConfiguration.java:645)
	at org.eclipse.debug.internal.core.LaunchManager.isValid(LaunchManager.java:2091)
	at org.eclipse.debug.internal.core.LaunchManager.verifyConfigurations(LaunchManager.java:2462)
	at org.eclipse.debug.internal.core.LaunchManager.getAllLaunchConfigurations(LaunchManager.java:1140)
	at org.eclipse.debug.internal.core.LaunchManager.getLaunchConfigurations(LaunchManager.java:1444)
	at org.eclipse.debug.internal.core.LaunchManager.getLaunchConfigurations(LaunchManager.java:1439)
	at org.eclipse.launchbar.core.internal.LaunchBarManager.init(LaunchBarManager.java:130)
	at org.eclipse.launchbar.core.internal.LaunchBarManager$1.run(LaunchBarManager.java:96)
	at org.eclipse.core.internal.jobs.Worker.run(Worker.java:63)
Caused by: org.xml.sax.SAXParseException; lineNumber: 3; columnNumber: 66; 在实体引用中, 实体名称必须紧跟在 '&' 后面。
	at com.sun.org.apache.xerces.internal.util.ErrorHandlerWrapper.createSAXParseException(ErrorHandlerWrapper.java:203)
	at com.sun.org.apache.xerces.internal.util.ErrorHandlerWrapper.fatalError(ErrorHandlerWrapper.java:177)
	at com.sun.org.apache.xerces.internal.impl.XMLErrorReporter.reportError(XMLErrorReporter.java:400)
	at com.sun.org.apache.xerces.internal.impl.XMLErrorReporter.reportError(XMLErrorReporter.java:327)
	at com.sun.org.apache.xerces.internal.impl.XMLScanner.reportFatalError(XMLScanner.java:1472)
	at com.sun.org.apache.xerces.internal.impl.XMLScanner.scanAttributeValue(XMLScanner.java:908)
	at com.sun.org.apache.xerces.internal.impl.XMLDocumentFragmentScannerImpl.scanAttribute(XMLDocumentFragmentScannerImpl.java:1548)
	at com.sun.org.apache.xerces.internal.impl.XMLDocumentFragmentScannerImpl.scanStartElement(XMLDocumentFragmentScannerImpl.java:1315)
	at com.sun.org.apache.xerces.internal.impl.XMLDocumentFragmentScannerImpl$FragmentContentDriver.next(XMLDocumentFragmentScannerImpl.java:2784)
	at com.sun.org.apache.xerces.internal.impl.XMLDocumentScannerImpl.next(XMLDocumentScannerImpl.java:602)
	at com.sun.org.apache.xerces.internal.impl.XMLDocumentFragmentScannerImpl.scanDocument(XMLDocumentFragmentScannerImpl.java:505)
	at com.sun.org.apache.xerces.internal.parsers.XML11Configuration.parse(XML11Configuration.java:841)
	at com.sun.org.apache.xerces.internal.parsers.XML11Configuration.parse(XML11Configuration.java:770)
	at com.sun.org.apache.xerces.internal.parsers.XMLParser.parse(XMLParser.java:141)
	at com.sun.org.apache.xerces.internal.parsers.DOMParser.parse(DOMParser.java:243)
	at com.sun.org.apache.xerces.internal.jaxp.DocumentBuilderImpl.parse(DocumentBuilderImpl.java:339)
	at org.eclipse.debug.internal.core.LaunchManager.createInfoFromXML(LaunchManager.java:935)
	at org.eclipse.debug.internal.core.LaunchManager.getInfo(LaunchManager.java:1359)
	... 10 more
!SUBENTRY 1 org.eclipse.debug.core 4 5012 2026-07-28 11:20:41.266
!MESSAGE 读取启动配置文件 F:\code\vibe_project\rollerball\M55\libraries\components\mtb-device-support-pse8xxgp\make\make\scripts\interface_version_3\eclipse\CM33\flash\virgin\JLink\any\&&_PRJ_NAME&& Attach (JLink).launch 时发生了 org.xml.sax.SAXParseException; lineNumber: 3; columnNumber: 66; 在实体引用中, 实体名称必须紧跟在 '&' 后面。。
!STACK 0
org.xml.sax.SAXParseException; lineNumber: 3; columnNumber: 66; 在实体引用中, 实体名称必须紧跟在 '&' 后面。
	at com.sun.org.apache.xerces.internal.util.ErrorHandlerWrapper.createSAXParseException(ErrorHandlerWrapper.java:203)
	at com.sun.org.apache.xerces.internal.util.ErrorHandlerWrapper.fatalError(ErrorHandlerWrapper.java:177)
	at com.sun.org.apache.xerces.internal.impl.XMLErrorReporter.reportError(XMLErrorReporter.java:400)
	at com.sun.org.apache.xerces.internal.impl.XMLErrorReporter.reportError(XMLErrorReporter.java:327)
	at com.sun.org.apache.xerces.internal.impl.XMLScanner.reportFatalError(XMLScanner.java:1472)
	at com.sun.org.apache.xerces.internal.impl.XMLScanner.scanAttributeValue(XMLScanner.java:908)
	at com.sun.org.apache.xerces.internal.impl.XMLDocumentFragmentScannerImpl.scanAttribute(XMLDocumentFragmentScannerImpl.java:1548)
	at com.sun.org.apache.xerces.internal.impl.XMLDocumentFragmentScannerImpl.scanStartElement(XMLDocumentFragmentScannerImpl.java:1315)
	at com.sun.org.apache.xerces.internal.impl.XMLDocumentFragmentScannerImpl$FragmentContentDriver.next(XMLDocumentFragmentScannerImpl.java:2784)
	at com.sun.org.apache.xerces.internal.impl.XMLDocumentScannerImpl.next(XMLDocumentScannerImpl.java:602)
	at com.sun.org.apache.xerces.internal.impl.XMLDocumentFragmentScannerImpl.scanDocument(XMLDocumentFragmentScannerImpl.java:505)
	at com.sun.org.apache.xerces.internal.parsers.XML11Configuration.parse(XML11Configuration.java:841)
	at com.sun.org.apache.xerces.internal.parsers.XML11Configuration.parse(XML11Configuration.java:770)
	at com.sun.org.apache.xerces.internal.parsers.XMLParser.parse(XMLParser.java:141)
	at com.sun.org.apache.xerces.internal.parsers.DOMParser.parse(DOMParser.java:243)
	at com.sun.org.apache.xerces.internal.jaxp.DocumentBuilderImpl.parse(DocumentBuilderImpl.java:339)
	at org.eclipse.debug.internal.core.LaunchManager.createInfoFromXML(LaunchManager.java:935)
	at org.eclipse.debug.internal.core.LaunchManager.getInfo(LaunchManager.java:1359)
	at org.eclipse.debug.internal.core.LaunchConfiguration.getInfo(LaunchConfiguration.java:490)
	at org.eclipse.debug.internal.core.LaunchConfiguration.getType(LaunchConfiguration.java:645)
	at org.eclipse.debug.internal.core.LaunchManager.isValid(LaunchManager.java:2091)
	at org.eclipse.debug.internal.core.LaunchManager.verifyConfigurations(LaunchManager.java:2462)
	at org.eclipse.debug.internal.core.LaunchManager.getAllLaunchConfigurations(LaunchManager.java:1140)
	at org.eclipse.debug.internal.core.LaunchManager.getLaunchConfigurations(LaunchManager.java:1444)
	at org.eclipse.debug.internal.core.LaunchManager.getLaunchConfigurations(LaunchManager.java:1439)
	at org.eclipse.launchbar.core.internal.LaunchBarManager.init(LaunchBarManager.java:130)
	at org.eclipse.launchbar.core.internal.LaunchBarManager$1.run(LaunchBarManager.java:96)
	at org.eclipse.core.internal.jobs.Worker.run(Worker.java:63)

!ENTRY org.eclipse.debug.core 4 125 2026-07-28 11:20:41.267
!MESSAGE 调试核心所记录的错误：
!STACK 1
org.eclipse.debug.core.DebugException: 读取启动配置文件 F:\code\vibe_project\rollerball\M55\libraries\components\mtb-device-support-pse8xxgp\make\make\scripts\interface_version_3\eclipse\CM33\flash\virgin\JLink\any\&&_PRJ_NAME&& Debug (JLink).launch 时发生了 org.xml.sax.SAXParseException; lineNumber: 3; columnNumber: 66; 在实体引用中, 实体名称必须紧跟在 '&' 后面。。
	at org.eclipse.debug.internal.core.LaunchManager.createDebugException(LaunchManager.java:886)
	at org.eclipse.debug.internal.core.LaunchManager.throwException(LaunchManager.java:2448)
	at org.eclipse.debug.internal.core.LaunchManager.getInfo(LaunchManager.java:1366)
	at org.eclipse.debug.internal.core.LaunchConfiguration.getInfo(LaunchConfiguration.java:490)
	at org.eclipse.debug.internal.core.LaunchConfiguration.getType(LaunchConfiguration.java:645)
	at org.eclipse.debug.internal.core.LaunchManager.isValid(LaunchManager.java:2091)
	at org.eclipse.debug.internal.core.LaunchManager.verifyConfigurations(LaunchManager.java:2462)
	at org.eclipse.debug.internal.core.LaunchManager.getAllLaunchConfigurations(LaunchManager.java:1140)
	at org.eclipse.debug.internal.core.LaunchManager.getLaunchConfigurations(LaunchManager.java:1444)
	at org.eclipse.debug.internal.core.LaunchManager.getLaunchConfigurations(LaunchManager.java:1439)
	at org.eclipse.launchbar.core.internal.LaunchBarManager.init(LaunchBarManager.java:130)
	at org.eclipse.launchbar.core.internal.LaunchBarManager$1.run(LaunchBarManager.java:96)
	at org.eclipse.core.internal.jobs.Worker.run(Worker.java:63)
Caused by: org.xml.sax.SAXParseException; lineNumber: 3; columnNumber: 66; 在实体引用中, 实体名称必须紧跟在 '&' 后面。
	at com.sun.org.apache.xerces.internal.util.ErrorHandlerWrapper.createSAXParseException(ErrorHandlerWrapper.java:203)
	at com.sun.org.apache.xerces.internal.util.ErrorHandlerWrapper.fatalError(ErrorHandlerWrapper.java:177)
	at com.sun.org.apache.xerces.internal.impl.XMLErrorReporter.reportError(XMLErrorReporter.java:400)
	at com.sun.org.apache.xerces.internal.impl.XMLErrorReporter.reportError(XMLErrorReporter.java:327)
	at com.sun.org.apache.xerces.internal.impl.XMLScanner.reportFatalError(XMLScanner.java:1472)
	at com.sun.org.apache.xerces.internal.impl.XMLScanner.scanAttributeValue(XMLScanner.java:908)
	at com.sun.org.apache.xerces.internal.impl.XMLDocumentFragmentScannerImpl.scanAttribute(XMLDocumentFragmentScannerImpl.java:1548)
	at com.sun.org.apache.xerces.internal.impl.XMLDocumentFragmentScannerImpl.scanStartElement(XMLDocumentFragmentScannerImpl.java:1315)
	at com.sun.org.apache.xerces.internal.impl.XMLDocumentFragmentScannerImpl$FragmentContentDriver.next(XMLDocumentFragmentScannerImpl.java:2784)
	at com.sun.org.apache.xerces.internal.impl.XMLDocumentScannerImpl.next(XMLDocumentScannerImpl.java:602)
	at com.sun.org.apache.xerces.internal.impl.XMLDocumentFragmentScannerImpl.scanDocument(XMLDocumentFragmentScannerImpl.java:505)
	at com.sun.org.apache.xerces.internal.parsers.XML11Configuration.parse(XML11Configuration.java:841)
	at com.sun.org.apache.xerces.internal.parsers.XML11Configuration.parse(XML11Configuration.java:770)
	at com.sun.org.apache.xerces.internal.parsers.XMLParser.parse(XMLParser.java:141)
	at com.sun.org.apache.xerces.internal.parsers.DOMParser.parse(DOMParser.java:243)
	at com.sun.org.apache.xerces.internal.jaxp.DocumentBuilderImpl.parse(DocumentBuilderImpl.java:339)
	at org.eclipse.debug.internal.core.LaunchManager.createInfoFromXML(LaunchManager.java:935)
	at org.eclipse.debug.internal.core.LaunchManager.getInfo(LaunchManager.java:1359)
	... 10 more
!SUBENTRY 1 org.eclipse.debug.core 4 5012 2026-07-28 11:20:41.267
!MESSAGE 读取启动配置文件 F:\code\vibe_project\rollerball\M55\libraries\components\mtb-device-support-pse8xxgp\make\make\scripts\interface_version_3\eclipse\CM33\flash\virgin\JLink\any\&&_PRJ_NAME&& Debug (JLink).launch 时发生了 org.xml.sax.SAXParseException; lineNumber: 3; columnNumber: 66; 在实体引用中, 实体名称必须紧跟在 '&' 后面。。
!STACK 0
org.xml.sax.SAXParseException; lineNumber: 3; columnNumber: 66; 在实体引用中, 实体名称必须紧跟在 '&' 后面。
	at com.sun.org.apache.xerces.internal.util.ErrorHandlerWrapper.createSAXParseException(ErrorHandlerWrapper.java:203)
	at com.sun.org.apache.xerces.internal.util.ErrorHandlerWrapper.fatalError(ErrorHandlerWrapper.java:177)
	at com.sun.org.apache.xerces.internal.impl.XMLErrorReporter.reportError(XMLErrorReporter.java:400)
	at com.sun.org.apache.xerces.internal.impl.XMLErrorReporter.reportError(XMLErrorReporter.java:327)
	at com.sun.org.apache.xerces.internal.impl.XMLScanner.reportFatalError(XMLScanner.java:1472)
	at com.sun.org.apache.xerces.internal.impl.XMLScanner.scanAttributeValue(XMLScanner.java:908)
	at com.sun.org.apache.xerces.internal.impl.XMLDocumentFragmentScannerImpl.scanAttribute(XMLDocumentFragmentScannerImpl.java:1548)
	at com.sun.org.apache.xerces.internal.impl.XMLDocumentFragmentScannerImpl.scanStartElement(XMLDocumentFragmentScannerImpl.java:1315)
	at com.sun.org.apache.xerces.internal.impl.XMLDocumentFragmentScannerImpl$FragmentContentDriver.next(XMLDocumentFragmentScannerImpl.java:2784)
	at com.sun.org.apache.xerces.internal.impl.XMLDocumentScannerImpl.next(XMLDocumentScannerImpl.java:602)
	at com.sun.org.apache.xerces.internal.impl.XMLDocumentFragmentScannerImpl.scanDocument(XMLDocumentFragmentScannerImpl.java:505)
	at com.sun.org.apache.xerces.internal.parsers.XML11Configuration.parse(XML11Configuration.java:841)
	at com.sun.org.apache.xerces.internal.parsers.XML11Configuration.parse(XML11Configuration.java:770)
	at com.sun.org.apache.xerces.internal.parsers.XMLParser.parse(XMLParser.java:141)
	at com.sun.org.apache.xerces.internal.parsers.DOMParser.parse(DOMParser.java:243)
	at com.sun.org.apache.xerces.internal.jaxp.DocumentBuilderImpl.parse(DocumentBuilderImpl.java:339)
	at org.eclipse.debug.internal.core.LaunchManager.createInfoFromXML(LaunchManager.java:935)
	at org.eclipse.debug.internal.core.LaunchManager.getInfo(LaunchManager.java:1359)
	at org.eclipse.debug.internal.core.LaunchConfiguration.getInfo(LaunchConfiguration.java:490)
	at org.eclipse.debug.internal.core.LaunchConfiguration.getType(LaunchConfiguration.java:645)
	at org.eclipse.debug.internal.core.LaunchManager.isValid(LaunchManager.java:2091)
	at org.eclipse.debug.internal.core.LaunchManager.verifyConfigurations(LaunchManager.java:2462)
	at org.eclipse.debug.internal.core.LaunchManager.getAllLaunchConfigurations(LaunchManager.java:1140)
	at org.eclipse.debug.internal.core.LaunchManager.getLaunchConfigurations(LaunchManager.java:1444)
	at org.eclipse.debug.internal.core.LaunchManager.getLaunchConfigurations(LaunchManager.java:1439)
	at org.eclipse.launchbar.core.internal.LaunchBarManager.init(LaunchBarManager.java:130)
	at org.eclipse.launchbar.core.internal.LaunchBarManager$1.run(LaunchBarManager.java:96)
	at org.eclipse.core.internal.jobs.Worker.run(Worker.java:63)

!ENTRY org.eclipse.debug.core 4 125 2026-07-28 11:20:41.270
!MESSAGE 调试核心所记录的错误：
!STACK 1
org.eclipse.debug.core.DebugException: 读取启动配置文件 F:\code\vibe_project\rollerball\M55\libraries\components\mtb-device-support-pse8xxgp\make\make\scripts\interface_version_3\eclipse\CM33\flash\virgin\JLink\any\&&_PRJ_NAME&& Erase All (JLink).launch 时发生了 org.xml.sax.SAXParseException; lineNumber: 3; columnNumber: 66; 在实体引用中, 实体名称必须紧跟在 '&' 后面。。
	at org.eclipse.debug.internal.core.LaunchManager.createDebugException(LaunchManager.java:886)
	at org.eclipse.debug.internal.core.LaunchManager.throwException(LaunchManager.java:2448)
	at org.eclipse.debug.internal.core.LaunchManager.getInfo(LaunchManager.java:1366)
	at org.eclipse.debug.internal.core.LaunchConfiguration.getInfo(LaunchConfiguration.java:490)
	at org.eclipse.debug.internal.core.LaunchConfiguration.getType(LaunchConfiguration.java:645)
	at org.eclipse.debug.internal.core.LaunchManager.isValid(LaunchManager.java:2091)
	at org.eclipse.debug.internal.core.LaunchManager.verifyConfigurations(LaunchManager.java:2462)
	at org.eclipse.debug.internal.core.LaunchManager.getAllLaunchConfigurations(LaunchManager.java:1140)
	at org.eclipse.debug.internal.core.LaunchManager.getLaunchConfigurations(LaunchManager.java:1444)
	at org.eclipse.debug.internal.core.LaunchManager.getLaunchConfigurations(LaunchManager.java:1439)
	at org.eclipse.launchbar.core.internal.LaunchBarManager.init(LaunchBarManager.java:130)
	at org.eclipse.launchbar.core.internal.LaunchBarManager$1.run(LaunchBarManager.java:96)
	at org.eclipse.core.internal.jobs.Worker.run(Worker.java:63)
Caused by: org.xml.sax.SAXParseException; lineNumber: 3; columnNumber: 66; 在实体引用中, 实体名称必须紧跟在 '&' 后面。
	at com.sun.org.apache.xerces.internal.util.ErrorHandlerWrapper.createSAXParseException(ErrorHandlerWrapper.java:203)
	at com.sun.org.apache.xerces.internal.util.ErrorHandlerWrapper.fatalError(ErrorHandlerWrapper.java:177)
	at com.sun.org.apache.xerces.internal.impl.XMLErrorReporter.reportError(XMLErrorReporter.java:400)
	at com.sun.org.apache.xerces.internal.impl.XMLErrorReporter.reportError(XMLErrorReporter.java:327)
	at com.sun.org.apache.xerces.internal.impl.XMLScanner.reportFatalError(XMLScanner.java:1472)
	at com.sun.org.apache.xerces.internal.impl.XMLScanner.scanAttributeValue(XMLScanner.java:908)
	at com.sun.org.apache.xerces.internal.impl.XMLDocumentFragmentScannerImpl.scanAttribute(XMLDocumentFragmentScannerImpl.java:1548)
	at com.sun.org.apache.xerces.internal.impl.XMLDocumentFragmentScannerImpl.scanStartElement(XMLDocumentFragmentScannerImpl.java:1315)
	at com.sun.org.apache.xerces.internal.impl.XMLDocumentFragmentScannerImpl$FragmentContentDriver.next(XMLDocumentFragmentScannerImpl.java:2784)
	at com.sun.org.apache.xerces.internal.impl.XMLDocumentScannerImpl.next(XMLDocumentScannerImpl.java:602)
	at com.sun.org.apache.xerces.internal.impl.XMLDocumentFragmentScannerImpl.scanDocument(XMLDocumentFragmentScannerImpl.java:505)
	at com.sun.org.apache.xerces.internal.parsers.XML11Configuration.parse(XML11Configuration.java:841)
	at com.sun.org.apache.xerces.internal.parsers.XML11Configuration.parse(XML11Configuration.java:770)
	at com.sun.org.apache.xerces.internal.parsers.XMLParser.parse(XMLParser.java:141)
	at com.sun.org.apache.xerces.internal.parsers.DOMParser.parse(DOMParser.java:243)
	at com.sun.org.apache.xerces.internal.jaxp.DocumentBuilderImpl.parse(DocumentBuilderImpl.java:339)
	at org.eclipse.debug.internal.core.LaunchManager.createInfoFromXML(LaunchManager.java:935)
	at org.eclipse.debug.internal.core.LaunchManager.getInfo(LaunchManager.java:1359)
	... 10 more
!SUBENTRY 1 org.eclipse.debug.core 4 5012 2026-07-28 11:20:41.270
!MESSAGE 读取启动配置文件 F:\code\vibe_project\rollerball\M55\libraries\components\mtb-device-support-pse8xxgp\make\make\scripts\interface_version_3\eclipse\CM33\flash\virgin\JLink\any\&&_PRJ_NAME&& Erase All (JLink).launch 时发生了 org.xml.sax.SAXParseException; lineNumber: 3; columnNumber: 66; 在实体引用中, 实体名称必须紧跟在 '&' 后面。。
!STACK 0
org.xml.sax.SAXParseException; lineNumber: 3; columnNumber: 66; 在实体引用中, 实体名称必须紧跟在 '&' 后面。
	at com.sun.org.apache.xerces.internal.util.ErrorHandlerWrapper.createSAXParseException(ErrorHandlerWrapper.java:203)
	at com.sun.org.apache.xerces.internal.util.ErrorHandlerWrapper.fatalError(ErrorHandlerWrapper.java:177)
	at com.sun.org.apache.xerces.internal.impl.XMLErrorReporter.reportError(XMLErrorReporter.java:400)
	at com.sun.org.apache.xerces.internal.impl.XMLErrorReporter.reportError(XMLErrorReporter.java:327)
	at com.sun.org.apache.xerces.internal.impl.XMLScanner.reportFatalError(XMLScanner.java:1472)
	at com.sun.org.apache.xerces.internal.impl.XMLScanner.scanAttributeValue(XMLScanner.java:908)
	at com.sun.org.apache.xerces.internal.impl.XMLDocumentFragmentScannerImpl.scanAttribute(XMLDocumentFragmentScannerImpl.java:1548)
	at com.sun.org.apache.xerces.internal.impl.XMLDocumentFragmentScannerImpl.scanStartElement(XMLDocumentFragmentScannerImpl.java:1315)
	at com.sun.org.apache.xerces.internal.impl.XMLDocumentFragmentScannerImpl$FragmentContentDriver.next(XMLDocumentFragmentScannerImpl.java:2784)
	at com.sun.org.apache.xerces.internal.impl.XMLDocumentScannerImpl.next(XMLDocumentScannerImpl.java:602)
	at com.sun.org.apache.xerces.internal.impl.XMLDocumentFragmentScannerImpl.scanDocument(XMLDocumentFragmentScannerImpl.java:505)
	at com.sun.org.apache.xerces.internal.parsers.XML11Configuration.parse(XML11Configuration.java:841)
	at com.sun.org.apache.xerces.internal.parsers.XML11Configuration.parse(XML11Configuration.java:770)
	at com.sun.org.apache.xerces.internal.parsers.XMLParser.parse(XMLParser.java:141)
	at com.sun.org.apache.xerces.internal.parsers.DOMParser.parse(DOMParser.java:243)
	at com.sun.org.apache.xerces.internal.jaxp.DocumentBuilderImpl.parse(DocumentBuilderImpl.java:339)
	at org.eclipse.debug.internal.core.LaunchManager.createInfoFromXML(LaunchManager.java:935)
	at org.eclipse.debug.internal.core.LaunchManager.getInfo(LaunchManager.java:1359)
	at org.eclipse.debug.internal.core.LaunchConfiguration.getInfo(LaunchConfiguration.java:490)
	at org.eclipse.debug.internal.core.LaunchConfiguration.getType(LaunchConfiguration.java:645)
	at org.eclipse.debug.internal.core.LaunchManager.isValid(LaunchManager.java:2091)
	at org.eclipse.debug.internal.core.LaunchManager.verifyConfigurations(LaunchManager.java:2462)
	at org.eclipse.debug.internal.core.LaunchManager.getAllLaunchConfigurations(LaunchManager.java:1140)
	at org.eclipse.debug.internal.core.LaunchManager.getLaunchConfigurations(LaunchManager.java:1444)
	at org.eclipse.debug.internal.core.LaunchManager.getLaunchConfigurations(LaunchManager.java:1439)
	at org.eclipse.launchbar.core.internal.LaunchBarManager.init(LaunchBarManager.java:130)
	at org.eclipse.launchbar.core.internal.LaunchBarManager$1.run(LaunchBarManager.java:96)
	at org.eclipse.core.internal.jobs.Worker.run(Worker.java:63)

!ENTRY org.eclipse.debug.core 4 125 2026-07-28 11:20:41.270
!MESSAGE 调试核心所记录的错误：
!STACK 1
org.eclipse.debug.core.DebugException: 读取启动配置文件 F:\code\vibe_project\rollerball\M55\libraries\components\mtb-device-support-pse8xxgp\make\make\scripts\interface_version_3\eclipse\CM33\flash\virgin\JLink\any\&&_PRJ_NAME&& Erase Device (JLink).launch 时发生了 org.xml.sax.SAXParseException; lineNumber: 3; columnNumber: 66; 在实体引用中, 实体名称必须紧跟在 '&' 后面。。
	at org.eclipse.debug.internal.core.LaunchManager.createDebugException(LaunchManager.java:886)
	at org.eclipse.debug.internal.core.LaunchManager.throwException(LaunchManager.java:2448)
	at org.eclipse.debug.internal.core.LaunchManager.getInfo(LaunchManager.java:1366)
	at org.eclipse.debug.internal.core.LaunchConfiguration.getInfo(LaunchConfiguration.java:490)
	at org.eclipse.debug.internal.core.LaunchConfiguration.getType(LaunchConfiguration.java:645)
	at org.eclipse.debug.internal.core.LaunchManager.isValid(LaunchManager.java:2091)
	at org.eclipse.debug.internal.core.LaunchManager.verifyConfigurations(LaunchManager.java:2462)
	at org.eclipse.debug.internal.core.LaunchManager.getAllLaunchConfigurations(LaunchManager.java:1140)
	at org.eclipse.debug.internal.core.LaunchManager.getLaunchConfigurations(LaunchManager.java:1444)
	at org.eclipse.debug.internal.core.LaunchManager.getLaunchConfigurations(LaunchManager.java:1439)
	at org.eclipse.launchbar.core.internal.LaunchBarManager.init(LaunchBarManager.java:130)
	at org.eclipse.launchbar.core.internal.LaunchBarManager$1.run(LaunchBarManager.java:96)
	at org.eclipse.core.internal.jobs.Worker.run(Worker.java:63)
Caused by: org.xml.sax.SAXParseException; lineNumber: 3; columnNumber: 66; 在实体引用中, 实体名称必须紧跟在 '&' 后面。
	at com.sun.org.apache.xerces.internal.util.ErrorHandlerWrapper.createSAXParseException(ErrorHandlerWrapper.java:203)
	at com.sun.org.apache.xerces.internal.util.ErrorHandlerWrapper.fatalError(ErrorHandlerWrapper.java:177)
	at com.sun.org.apache.xerces.internal.impl.XMLErrorReporter.reportError(XMLErrorReporter.java:400)
	at com.sun.org.apache.xerces.internal.impl.XMLErrorReporter.reportError(XMLErrorReporter.java:327)
	at com.sun.org.apache.xerces.internal.impl.XMLScanner.reportFatalError(XMLScanner.java:1472)
	at com.sun.org.apache.xerces.internal.impl.XMLScanner.scanAttributeValue(XMLScanner.java:908)
	at com.sun.org.apache.xerces.internal.impl.XMLDocumentFragmentScannerImpl.scanAttribute(XMLDocumentFragmentScannerImpl.java:1548)
	at com.sun.org.apache.xerces.internal.impl.XMLDocumentFragmentScannerImpl.scanStartElement(XMLDocumentFragmentScannerImpl.java:1315)
	at com.sun.org.apache.xerces.internal.impl.XMLDocumentFragmentScannerImpl$FragmentContentDriver.next(XMLDocumentFragmentScannerImpl.java:2784)
	at com.sun.org.apache.xerces.internal.impl.XMLDocumentScannerImpl.next(XMLDocumentScannerImpl.java:602)
	at com.sun.org.apache.xerces.internal.impl.XMLDocumentFragmentScannerImpl.scanDocument(XMLDocumentFragmentScannerImpl.java:505)
	at com.sun.org.apache.xerces.internal.parsers.XML11Configuration.parse(XML11Configuration.java:841)
	at com.sun.org.apache.xerces.internal.parsers.XML11Configuration.parse(XML11Configuration.java:770)
	at com.sun.org.apache.xerces.internal.parsers.XMLParser.parse(XMLParser.java:141)
	at com.sun.org.apache.xerces.internal.parsers.DOMParser.parse(DOMParser.java:243)
	at com.sun.org.apache.xerces.internal.jaxp.DocumentBuilderImpl.parse(DocumentBuilderImpl.java:339)
	at org.eclipse.debug.internal.core.LaunchManager.createInfoFromXML(LaunchManager.java:935)
	at org.eclipse.debug.internal.core.LaunchManager.getInfo(LaunchManager.java:1359)
	... 10 more
!SUBENTRY 1 org.eclipse.debug.core 4 5012 2026-07-28 11:20:41.270
!MESSAGE 读取启动配置文件 F:\code\vibe_project\rollerball\M55\libraries\components\mtb-device-support-pse8xxgp\make\make\scripts\interface_version_3\eclipse\CM33\flash\virgin\JLink\any\&&_PRJ_NAME&& Erase Device (JLink).launch 时发生了 org.xml.sax.SAXParseException; lineNumber: 3; columnNumber: 66; 在实体引用中, 实体名称必须紧跟在 '&' 后面。。
!STACK 0
org.xml.sax.SAXParseException; lineNumber: 3; columnNumber: 66; 在实体引用中, 实体名称必须紧跟在 '&' 后面。
	at com.sun.org.apache.xerces.internal.util.ErrorHandlerWrapper.createSAXParseException(ErrorHandlerWrapper.java:203)
	at com.sun.org.apache.xerces.internal.util.ErrorHandlerWrapper.fatalError(ErrorHandlerWrapper.java:177)
	at com.sun.org.apache.xerces.internal.impl.XMLErrorReporter.reportError(XMLErrorReporter.java:400)
	at com.sun.org.apache.xerces.internal.impl.XMLErrorReporter.reportError(XMLErrorReporter.java:327)
	at com.sun.org.apache.xerces.internal.impl.XMLScanner.reportFatalError(XMLScanner.java:1472)
	at com.sun.org.apache.xerces.internal.impl.XMLScanner.scanAttributeValue(XMLScanner.java:908)
	at com.sun.org.apache.xerces.internal.impl.XMLDocumentFragmentScannerImpl.scanAttribute(XMLDocumentFragmentScannerImpl.java:1548)
	at com.sun.org.apache.xerces.internal.impl.XMLDocumentFragmentScannerImpl.scanStartElement(XMLDocumentFragmentScannerImpl.java:1315)
	at com.sun.org.apache.xerces.internal.impl.XMLDocumentFragmentScannerImpl$FragmentContentDriver.next(XMLDocumentFragmentScannerImpl.java:2784)
	at com.sun.org.apache.xerces.internal.impl.XMLDocumentScannerImpl.next(XMLDocumentScannerImpl.java:602)
	at com.sun.org.apache.xerces.internal.impl.XMLDocumentFragmentScannerImpl.scanDocument(XMLDocumentFragmentScannerImpl.java:505)
	at com.sun.org.apache.xerces.internal.parsers.XML11Configuration.parse(XML11Configuration.java:841)
	at com.sun.org.apache.xerces.internal.parsers.XML11Configuration.parse(XML11Configuration.java:770)
	at com.sun.org.apache.xerces.internal.parsers.XMLParser.parse(XMLParser.java:141)
	at com.sun.org.apache.xerces.internal.parsers.DOMParser.parse(DOMParser.java:243)
	at com.sun.org.apache.xerces.internal.jaxp.DocumentBuilderImpl.parse(DocumentBuilderImpl.java:339)
	at org.eclipse.debug.internal.core.LaunchManager.createInfoFromXML(LaunchManager.java:935)
	at org.eclipse.debug.internal.core.LaunchManager.getInfo(LaunchManager.java:1359)
	at org.eclipse.debug.internal.core.LaunchConfiguration.getInfo(LaunchConfiguration.java:490)
	at org.eclipse.debug.internal.core.LaunchConfiguration.getType(LaunchConfiguration.java:645)
	at org.eclipse.debug.internal.core.LaunchManager.isValid(LaunchManager.java:2091)
	at org.eclipse.debug.internal.core.LaunchManager.verifyConfigurations(LaunchManager.java:2462)
	at org.eclipse.debug.internal.core.LaunchManager.getAllLaunchConfigurations(LaunchManager.java:1140)
	at org.eclipse.debug.internal.core.LaunchManager.getLaunchConfigurations(LaunchManager.java:1444)
	at org.eclipse.debug.internal.core.LaunchManager.getLaunchConfigurations(LaunchManager.java:1439)
	at org.eclipse.launchbar.core.internal.LaunchBarManager.init(LaunchBarManager.java:130)
	at org.eclipse.launchbar.core.internal.LaunchBarManager$1.run(LaunchBarManager.java:96)
	at org.eclipse.core.internal.jobs.Worker.run(Worker.java:63)

!ENTRY org.eclipse.debug.core 4 125 2026-07-28 11:20:41.270
!MESSAGE 调试核心所记录的错误：
!STACK 1
org.eclipse.debug.core.DebugException: 读取启动配置文件 F:\code\vibe_project\rollerball\M55\libraries\components\mtb-device-support-pse8xxgp\make\make\scripts\interface_version_3\eclipse\CM33\flash\virgin\JLink\combine_sign\Debug (JLink).launch 时发生了 org.xml.sax.SAXParseException; lineNumber: 3; columnNumber: 66; 在实体引用中, 实体名称必须紧跟在 '&' 后面。。
	at org.eclipse.debug.internal.core.LaunchManager.createDebugException(LaunchManager.java:886)
	at org.eclipse.debug.internal.core.LaunchManager.throwException(LaunchManager.java:2448)
	at org.eclipse.debug.internal.core.LaunchManager.getInfo(LaunchManager.java:1366)
	at org.eclipse.debug.internal.core.LaunchConfiguration.getInfo(LaunchConfiguration.java:490)
	at org.eclipse.debug.internal.core.LaunchConfiguration.getType(LaunchConfiguration.java:645)
	at org.eclipse.debug.internal.core.LaunchManager.isValid(LaunchManager.java:2091)
	at org.eclipse.debug.internal.core.LaunchManager.verifyConfigurations(LaunchManager.java:2462)
	at org.eclipse.debug.internal.core.LaunchManager.getAllLaunchConfigurations(LaunchManager.java:1140)
	at org.eclipse.debug.internal.core.LaunchManager.getLaunchConfigurations(LaunchManager.java:1444)
	at org.eclipse.debug.internal.core.LaunchManager.getLaunchConfigurations(LaunchManager.java:1439)
	at org.eclipse.launchbar.core.internal.LaunchBarManager.init(LaunchBarManager.java:130)
	at org.eclipse.launchbar.core.internal.LaunchBarManager$1.run(LaunchBarManager.java:96)
	at org.eclipse.core.internal.jobs.Worker.run(Worker.java:63)
Caused by: org.xml.sax.SAXParseException; lineNumber: 3; columnNumber: 66; 在实体引用中, 实体名称必须紧跟在 '&' 后面。
	at com.sun.org.apache.xerces.internal.util.ErrorHandlerWrapper.createSAXParseException(ErrorHandlerWrapper.java:203)
	at com.sun.org.apache.xerces.internal.util.ErrorHandlerWrapper.fatalError(ErrorHandlerWrapper.java:177)
	at com.sun.org.apache.xerces.internal.impl.XMLErrorReporter.reportError(XMLErrorReporter.java:400)
	at com.sun.org.apache.xerces.internal.impl.XMLErrorReporter.reportError(XMLErrorReporter.java:327)
	at com.sun.org.apache.xerces.internal.impl.XMLScanner.reportFatalError(XMLScanner.java:1472)
	at com.sun.org.apache.xerces.internal.impl.XMLScanner.scanAttributeValue(XMLScanner.java:908)
	at com.sun.org.apache.xerces.internal.impl.XMLDocumentFragmentScannerImpl.scanAttribute(XMLDocumentFragmentScannerImpl.java:1548)
	at com.sun.org.apache.xerces.internal.impl.XMLDocumentFragmentScannerImpl.scanStartElement(XMLDocumentFragmentScannerImpl.java:1315)
	at com.sun.org.apache.xerces.internal.impl.XMLDocumentFragmentScannerImpl$FragmentContentDriver.next(XMLDocumentFragmentScannerImpl.java:2784)
	at com.sun.org.apache.xerces.internal.impl.XMLDocumentScannerImpl.next(XMLDocumentScannerImpl.java:602)
	at com.sun.org.apache.xerces.internal.impl.XMLDocumentFragmentScannerImpl.scanDocument(XMLDocumentFragmentScannerImpl.java:505)
	at com.sun.org.apache.xerces.internal.parsers.XML11Configuration.parse(XML11Configuration.java:841)
	at com.sun.org.apache.xerces.internal.parsers.XML11Configuration.parse(XML11Configuration.java:770)
	at com.sun.org.apache.xerces.internal.parsers.XMLParser.parse(XMLParser.java:141)
	at com.sun.org.apache.xerces.internal.parsers.DOMParser.parse(DOMParser.java:243)
	at com.sun.org.apache.xerces.internal.jaxp.DocumentBuilderImpl.parse(DocumentBuilderImpl.java:339)
	at org.eclipse.debug.internal.core.LaunchManager.createInfoFromXML(LaunchManager.java:935)
	at org.eclipse.debug.internal.core.LaunchManager.getInfo(LaunchManager.java:1359)
	... 10 more
!SUBENTRY 1 org.eclipse.debug.core 4 5012 2026-07-28 11:20:41.270
!MESSAGE 读取启动配置文件 F:\code\vibe_project\rollerball\M55\libraries\components\mtb-device-support-pse8xxgp\make\make\scripts\interface_version_3\eclipse\CM33\flash\virgin\JLink\combine_sign\Debug (JLink).launch 时发生了 org.xml.sax.SAXParseException; lineNumber: 3; columnNumber: 66; 在实体引用中, 实体名称必须紧跟在 '&' 后面。。
!STACK 0
org.xml.sax.SAXParseException; lineNumber: 3; columnNumber: 66; 在实体引用中, 实体名称必须紧跟在 '&' 后面。
	at com.sun.org.apache.xerces.internal.util.ErrorHandlerWrapper.createSAXParseException(ErrorHandlerWrapper.java:203)
	at com.sun.org.apache.xerces.internal.util.ErrorHandlerWrapper.fatalError(ErrorHandlerWrapper.java:177)
	at com.sun.org.apache.xerces.internal.impl.XMLErrorReporter.reportError(XMLErrorReporter.java:400)
	at com.sun.org.apache.xerces.internal.impl.XMLErrorReporter.reportError(XMLErrorReporter.java:327)
	at com.sun.org.apache.xerces.internal.impl.XMLScanner.reportFatalError(XMLScanner.java:1472)
	at com.sun.org.apache.xerces.internal.impl.XMLScanner.scanAttributeValue(XMLScanner.java:908)
	at com.sun.org.apache.xerces.internal.impl.XMLDocumentFragmentScannerImpl.scanAttribute(XMLDocumentFragmentScannerImpl.java:1548)
	at com.sun.org.apache.xerces.internal.impl.XMLDocumentFragmentScannerImpl.scanStartElement(XMLDocumentFragmentScannerImpl.java:1315)
	at com.sun.org.apache.xerces.internal.impl.XMLDocumentFragmentScannerImpl$FragmentContentDriver.next(XMLDocumentFragmentScannerImpl.java:2784)
	at com.sun.org.apache.xerces.internal.impl.XMLDocumentScannerImpl.next(XMLDocumentScannerImpl.java:602)
	at com.sun.org.apache.xerces.internal.impl.XMLDocumentFragmentScannerImpl.scanDocument(XMLDocumentFragmentScannerImpl.java:505)
	at com.sun.org.apache.xerces.internal.parsers.XML11Configuration.parse(XML11Configuration.java:841)
	at com.sun.org.apache.xerces.internal.parsers.XML11Configuration.parse(XML11Configuration.java:770)
	at com.sun.org.apache.xerces.internal.parsers.XMLParser.parse(XMLParser.java:141)
	at com.sun.org.apache.xerces.internal.parsers.DOMParser.parse(DOMParser.java:243)
	at com.sun.org.apache.xerces.internal.jaxp.DocumentBuilderImpl.parse(DocumentBuilderImpl.java:339)
	at org.eclipse.debug.internal.core.LaunchManager.createInfoFromXML(LaunchManager.java:935)
	at org.eclipse.debug.internal.core.LaunchManager.getInfo(LaunchManager.java:1359)
	at org.eclipse.debug.internal.core.LaunchConfiguration.getInfo(LaunchConfiguration.java:490)
	at org.eclipse.debug.internal.core.LaunchConfiguration.getType(LaunchConfiguration.java:645)
	at org.eclipse.debug.internal.core.LaunchManager.isValid(LaunchManager.java:2091)
	at org.eclipse.debug.internal.core.LaunchManager.verifyConfigurations(LaunchManager.java:2462)
	at org.eclipse.debug.internal.core.LaunchManager.getAllLaunchConfigurations(LaunchManager.java:1140)
	at org.eclipse.debug.internal.core.LaunchManager.getLaunchConfigurations(LaunchManager.java:1444)
	at org.eclipse.debug.internal.core.LaunchManager.getLaunchConfigurations(LaunchManager.java:1439)
	at org.eclipse.launchbar.core.internal.LaunchBarManager.init(LaunchBarManager.java:130)
	at org.eclipse.launchbar.core.internal.LaunchBarManager$1.run(LaunchBarManager.java:96)
	at org.eclipse.core.internal.jobs.Worker.run(Worker.java:63)

!ENTRY org.eclipse.debug.core 4 125 2026-07-28 11:20:41.274
!MESSAGE 调试核心所记录的错误：
!STACK 1
org.eclipse.debug.core.DebugException: 读取启动配置文件 F:\code\vibe_project\rollerball\M55\libraries\components\mtb-device-support-pse8xxgp\make\make\scripts\interface_version_3\eclipse\CM33\flash\virgin\JLink\multi\&&_PRJ_NAME&& Debug Multicore (JLink).launch 时发生了 org.xml.sax.SAXParseException; lineNumber: 3; columnNumber: 66; 在实体引用中, 实体名称必须紧跟在 '&' 后面。。
	at org.eclipse.debug.internal.core.LaunchManager.createDebugException(LaunchManager.java:886)
	at org.eclipse.debug.internal.core.LaunchManager.throwException(LaunchManager.java:2448)
	at org.eclipse.debug.internal.core.LaunchManager.getInfo(LaunchManager.java:1366)
	at org.eclipse.debug.internal.core.LaunchConfiguration.getInfo(LaunchConfiguration.java:490)
	at org.eclipse.debug.internal.core.LaunchConfiguration.getType(LaunchConfiguration.java:645)
	at org.eclipse.debug.internal.core.LaunchManager.isValid(LaunchManager.java:2091)
	at org.eclipse.debug.internal.core.LaunchManager.verifyConfigurations(LaunchManager.java:2462)
	at org.eclipse.debug.internal.core.LaunchManager.getAllLaunchConfigurations(LaunchManager.java:1140)
	at org.eclipse.debug.internal.core.LaunchManager.getLaunchConfigurations(LaunchManager.java:1444)
	at org.eclipse.debug.internal.core.LaunchManager.getLaunchConfigurations(LaunchManager.java:1439)
	at org.eclipse.launchbar.core.internal.LaunchBarManager.init(LaunchBarManager.java:130)
	at org.eclipse.launchbar.core.internal.LaunchBarManager$1.run(LaunchBarManager.java:96)
	at org.eclipse.core.internal.jobs.Worker.run(Worker.java:63)
Caused by: org.xml.sax.SAXParseException; lineNumber: 3; columnNumber: 66; 在实体引用中, 实体名称必须紧跟在 '&' 后面。
	at com.sun.org.apache.xerces.internal.util.ErrorHandlerWrapper.createSAXParseException(ErrorHandlerWrapper.java:203)
	at com.sun.org.apache.xerces.internal.util.ErrorHandlerWrapper.fatalError(ErrorHandlerWrapper.java:177)
	at com.sun.org.apache.xerces.internal.impl.XMLErrorReporter.reportError(XMLErrorReporter.java:400)
	at com.sun.org.apache.xerces.internal.impl.XMLErrorReporter.reportError(XMLErrorReporter.java:327)
	at com.sun.org.apache.xerces.internal.impl.XMLScanner.reportFatalError(XMLScanner.java:1472)
	at com.sun.org.apache.xerces.internal.impl.XMLScanner.scanAttributeValue(XMLScanner.java:908)
	at com.sun.org.apache.xerces.internal.impl.XMLDocumentFragmentScannerImpl.scanAttribute(XMLDocumentFragmentScannerImpl.java:1548)
	at com.sun.org.apache.xerces.internal.impl.XMLDocumentFragmentScannerImpl.scanStartElement(XMLDocumentFragmentScannerImpl.java:1315)
	at com.sun.org.apache.xerces.internal.impl.XMLDocumentFragmentScannerImpl$FragmentContentDriver.next(XMLDocumentFragmentScannerImpl.java:2784)
	at com.sun.org.apache.xerces.internal.impl.XMLDocumentScannerImpl.next(XMLDocumentScannerImpl.java:602)
	at com.sun.org.apache.xerces.internal.impl.XMLDocumentFragmentScannerImpl.scanDocument(XMLDocumentFragmentScannerImpl.java:505)
	at com.sun.org.apache.xerces.internal.parsers.XML11Configuration.parse(XML11Configuration.java:841)
	at com.sun.org.apache.xerces.internal.parsers.XML11Configuration.parse(XML11Configuration.java:770)
	at com.sun.org.apache.xerces.internal.parsers.XMLParser.parse(XMLParser.java:141)
	at com.sun.org.apache.xerces.internal.parsers.DOMParser.parse(DOMParser.java:243)
	at com.sun.org.apache.xerces.internal.jaxp.DocumentBuilderImpl.parse(DocumentBuilderImpl.java:339)
	at org.eclipse.debug.internal.core.LaunchManager.createInfoFromXML(LaunchManager.java:935)
	at org.eclipse.debug.internal.core.LaunchManager.getInfo(LaunchManager.java:1359)
	... 10 more
!SUBENTRY 1 org.eclipse.debug.core 4 5012 2026-07-28 11:20:41.274
!MESSAGE 读取启动配置文件 F:\code\vibe_project\rollerball\M55\libraries\components\mtb-device-support-pse8xxgp\make\make\scripts\interface_version_3\eclipse\CM33\flash\virgin\JLink\multi\&&_PRJ_NAME&& Debug Multicore (JLink).launch 时发生了 org.xml.sax.SAXParseException; lineNumber: 3; columnNumber: 66; 在实体引用中, 实体名称必须紧跟在 '&' 后面。。
!STACK 0
org.xml.sax.SAXParseException; lineNumber: 3; columnNumber: 66; 在实体引用中, 实体名称必须紧跟在 '&' 后面。
	at com.sun.org.apache.xerces.internal.util.ErrorHandlerWrapper.createSAXParseException(ErrorHandlerWrapper.java:203)
	at com.sun.org.apache.xerces.internal.util.ErrorHandlerWrapper.fatalError(ErrorHandlerWrapper.java:177)
	at com.sun.org.apache.xerces.internal.impl.XMLErrorReporter.reportError(XMLErrorReporter.java:400)
	at com.sun.org.apache.xerces.internal.impl.XMLErrorReporter.reportError(XMLErrorReporter.java:327)
	at com.sun.org.apache.xerces.internal.impl.XMLScanner.reportFatalError(XMLScanner.java:1472)
	at com.sun.org.apache.xerces.internal.impl.XMLScanner.scanAttributeValue(XMLScanner.java:908)
	at com.sun.org.apache.xerces.internal.impl.XMLDocumentFragmentScannerImpl.scanAttribute(XMLDocumentFragmentScannerImpl.java:1548)
	at com.sun.org.apache.xerces.internal.impl.XMLDocumentFragmentScannerImpl.scanStartElement(XMLDocumentFragmentScannerImpl.java:1315)
	at com.sun.org.apache.xerces.internal.impl.XMLDocumentFragmentScannerImpl$FragmentContentDriver.next(XMLDocumentFragmentScannerImpl.java:2784)
	at com.sun.org.apache.xerces.internal.impl.XMLDocumentScannerImpl.next(XMLDocumentScannerImpl.java:602)
	at com.sun.org.apache.xerces.internal.impl.XMLDocumentFragmentScannerImpl.scanDocument(XMLDocumentFragmentScannerImpl.java:505)
	at com.sun.org.apache.xerces.internal.parsers.XML11Configuration.parse(XML11Configuration.java:841)
	at com.sun.org.apache.xerces.internal.parsers.XML11Configuration.parse(XML11Configuration.java:770)
	at com.sun.org.apache.xerces.internal.parsers.XMLParser.parse(XMLParser.java:141)
	at com.sun.org.apache.xerces.internal.parsers.DOMParser.parse(DOMParser.java:243)
	at com.sun.org.apache.xerces.internal.jaxp.DocumentBuilderImpl.parse(DocumentBuilderImpl.java:339)
	at org.eclipse.debug.internal.core.LaunchManager.createInfoFromXML(LaunchManager.java:935)
	at org.eclipse.debug.internal.core.LaunchManager.getInfo(LaunchManager.java:1359)
	at org.eclipse.debug.internal.core.LaunchConfiguration.getInfo(LaunchConfiguration.java:490)
	at org.eclipse.debug.internal.core.LaunchConfiguration.getType(LaunchConfiguration.java:645)
	at org.eclipse.debug.internal.core.LaunchManager.isValid(LaunchManager.java:2091)
	at org.eclipse.debug.internal.core.LaunchManager.verifyConfigurations(LaunchManager.java:2462)
	at org.eclipse.debug.internal.core.LaunchManager.getAllLaunchConfigurations(LaunchManager.java:1140)
	at org.eclipse.debug.internal.core.LaunchManager.getLaunchConfigurations(LaunchManager.java:1444)
	at org.eclipse.debug.internal.core.LaunchManager.getLaunchConfigurations(LaunchManager.java:1439)
	at org.eclipse.launchbar.core.internal.LaunchBarManager.init(LaunchBarManager.java:130)
	at org.eclipse.launchbar.core.internal.LaunchBarManager$1.run(LaunchBarManager.java:96)
	at org.eclipse.core.internal.jobs.Worker.run(Worker.java:63)

!ENTRY org.eclipse.debug.core 4 125 2026-07-28 11:20:41.274
!MESSAGE 调试核心所记录的错误：
!STACK 1
org.eclipse.debug.core.DebugException: 读取启动配置文件 F:\code\vibe_project\rollerball\M55\libraries\components\mtb-device-support-pse8xxgp\make\make\scripts\interface_version_3\eclipse\CM33\flash\virgin\JLink\single\&&_PRJ_NAME&& Program (JLink).launch 时发生了 org.xml.sax.SAXParseException; lineNumber: 3; columnNumber: 66; 在实体引用中, 实体名称必须紧跟在 '&' 后面。。
	at org.eclipse.debug.internal.core.LaunchManager.createDebugException(LaunchManager.java:886)
	at org.eclipse.debug.internal.core.LaunchManager.throwException(LaunchManager.java:2448)
	at org.eclipse.debug.internal.core.LaunchManager.getInfo(LaunchManager.java:1366)
	at org.eclipse.debug.internal.core.LaunchConfiguration.getInfo(LaunchConfiguration.java:490)
	at org.eclipse.debug.internal.core.LaunchConfiguration.getType(LaunchConfiguration.java:645)
	at org.eclipse.debug.internal.core.LaunchManager.isValid(LaunchManager.java:2091)
	at org.eclipse.debug.internal.core.LaunchManager.verifyConfigurations(LaunchManager.java:2462)
	at org.eclipse.debug.internal.core.LaunchManager.getAllLaunchConfigurations(LaunchManager.java:1140)
	at org.eclipse.debug.internal.core.LaunchManager.getLaunchConfigurations(LaunchManager.java:1444)
	at org.eclipse.debug.internal.core.LaunchManager.getLaunchConfigurations(LaunchManager.java:1439)
	at org.eclipse.launchbar.core.internal.LaunchBarManager.init(LaunchBarManager.java:130)
	at org.eclipse.launchbar.core.internal.LaunchBarManager$1.run(LaunchBarManager.java:96)
	at org.eclipse.core.internal.jobs.Worker.run(Worker.java:63)
Caused by: org.xml.sax.SAXParseException; lineNumber: 3; columnNumber: 66; 在实体引用中, 实体名称必须紧跟在 '&' 后面。
	at com.sun.org.apache.xerces.internal.util.ErrorHandlerWrapper.createSAXParseException(ErrorHandlerWrapper.java:203)
	at com.sun.org.apache.xerces.internal.util.ErrorHandlerWrapper.fatalError(ErrorHandlerWrapper.java:177)
	at com.sun.org.apache.xerces.internal.impl.XMLErrorReporter.reportError(XMLErrorReporter.java:400)
	at com.sun.org.apache.xerces.internal.impl.XMLErrorReporter.reportError(XMLErrorReporter.java:327)
	at com.sun.org.apache.xerces.internal.impl.XMLScanner.reportFatalError(XMLScanner.java:1472)
	at com.sun.org.apache.xerces.internal.impl.XMLScanner.scanAttributeValue(XMLScanner.java:908)
	at com.sun.org.apache.xerces.internal.impl.XMLDocumentFragmentScannerImpl.scanAttribute(XMLDocumentFragmentScannerImpl.java:1548)
	at com.sun.org.apache.xerces.internal.impl.XMLDocumentFragmentScannerImpl.scanStartElement(XMLDocumentFragmentScannerImpl.java:1315)
	at com.sun.org.apache.xerces.internal.impl.XMLDocumentFragmentScannerImpl$FragmentContentDriver.next(XMLDocumentFragmentScannerImpl.java:2784)
	at com.sun.org.apache.xerces.internal.impl.XMLDocumentScannerImpl.next(XMLDocumentScannerImpl.java:602)
	at com.sun.org.apache.xerces.internal.impl.XMLDocumentFragmentScannerImpl.scanDocument(XMLDocumentFragmentScannerImpl.java:505)
	at com.sun.org.apache.xerces.internal.parsers.XML11Configuration.parse(XML11Configuration.java:841)
	at com.sun.org.apache.xerces.internal.parsers.XML11Configuration.parse(XML11Configuration.java:770)
	at com.sun.org.apache.xerces.internal.parsers.XMLParser.parse(XMLParser.java:141)
	at com.sun.org.apache.xerces.internal.parsers.DOMParser.parse(DOMParser.java:243)
	at com.sun.org.apache.xerces.internal.jaxp.DocumentBuilderImpl.parse(DocumentBuilderImpl.java:339)
	at org.eclipse.debug.internal.core.LaunchManager.createInfoFromXML(LaunchManager.java:935)
	at org.eclipse.debug.internal.core.LaunchManager.getInfo(LaunchManager.java:1359)
	... 10 more
!SUBENTRY 1 org.eclipse.debug.core 4 5012 2026-07-28 11:20:41.274
!MESSAGE 读取启动配置文件 F:\code\vibe_project\rollerball\M55\libraries\components\mtb-device-support-pse8xxgp\make\make\scripts\interface_version_3\eclipse\CM33\flash\virgin\JLink\single\&&_PRJ_NAME&& Program (JLink).launch 时发生了 org.xml.sax.SAXParseException; lineNumber: 3; columnNumber: 66; 在实体引用中, 实体名称必须紧跟在 '&' 后面。。
!STACK 0
org.xml.sax.SAXParseException; lineNumber: 3; columnNumber: 66; 在实体引用中, 实体名称必须紧跟在 '&' 后面。
	at com.sun.org.apache.xerces.internal.util.ErrorHandlerWrapper.createSAXParseException(ErrorHandlerWrapper.java:203)
	at com.sun.org.apache.xerces.internal.util.ErrorHandlerWrapper.fatalError(ErrorHandlerWrapper.java:177)
	at com.sun.org.apache.xerces.internal.impl.XMLErrorReporter.reportError(XMLErrorReporter.java:400)
	at com.sun.org.apache.xerces.internal.impl.XMLErrorReporter.reportError(XMLErrorReporter.java:327)
	at com.sun.org.apache.xerces.internal.impl.XMLScanner.reportFatalError(XMLScanner.java:1472)
	at com.sun.org.apache.xerces.internal.impl.XMLScanner.scanAttributeValue(XMLScanner.java:908)
	at com.sun.org.apache.xerces.internal.impl.XMLDocumentFragmentScannerImpl.scanAttribute(XMLDocumentFragmentScannerImpl.java:1548)
	at com.sun.org.apache.xerces.internal.impl.XMLDocumentFragmentScannerImpl.scanStartElement(XMLDocumentFragmentScannerImpl.java:1315)
	at com.sun.org.apache.xerces.internal.impl.XMLDocumentFragmentScannerImpl$FragmentContentDriver.next(XMLDocumentFragmentScannerImpl.java:2784)
	at com.sun.org.apache.xerces.internal.impl.XMLDocumentScannerImpl.next(XMLDocumentScannerImpl.java:602)
	at com.sun.org.apache.xerces.internal.impl.XMLDocumentFragmentScannerImpl.scanDocument(XMLDocumentFragmentScannerImpl.java:505)
	at com.sun.org.apache.xerces.internal.parsers.XML11Configuration.parse(XML11Configuration.java:841)
	at com.sun.org.apache.xerces.internal.parsers.XML11Configuration.parse(XML11Configuration.java:770)
	at com.sun.org.apache.xerces.internal.parsers.XMLParser.parse(XMLParser.java:141)
	at com.sun.org.apache.xerces.internal.parsers.DOMParser.parse(DOMParser.java:243)
	at com.sun.org.apache.xerces.internal.jaxp.DocumentBuilderImpl.parse(DocumentBuilderImpl.java:339)
	at org.eclipse.debug.internal.core.LaunchManager.createInfoFromXML(LaunchManager.java:935)
	at org.eclipse.debug.internal.core.LaunchManager.getInfo(LaunchManager.java:1359)
	at org.eclipse.debug.internal.core.LaunchConfiguration.getInfo(LaunchConfiguration.java:490)
	at org.eclipse.debug.internal.core.LaunchConfiguration.getType(LaunchConfiguration.java:645)
	at org.eclipse.debug.internal.core.LaunchManager.isValid(LaunchManager.java:2091)
	at org.eclipse.debug.internal.core.LaunchManager.verifyConfigurations(LaunchManager.java:2462)
	at org.eclipse.debug.internal.core.LaunchManager.getAllLaunchConfigurations(LaunchManager.java:1140)
	at org.eclipse.debug.internal.core.LaunchManager.getLaunchConfigurations(LaunchManager.java:1444)
	at org.eclipse.debug.internal.core.LaunchManager.getLaunchConfigurations(LaunchManager.java:1439)
	at org.eclipse.launchbar.core.internal.LaunchBarManager.init(LaunchBarManager.java:130)
	at org.eclipse.launchbar.core.internal.LaunchBarManager$1.run(LaunchBarManager.java:96)
	at org.eclipse.core.internal.jobs.Worker.run(Worker.java:63)

!ENTRY org.eclipse.debug.core 4 125 2026-07-28 11:20:41.274
!MESSAGE 调试核心所记录的错误：
!STACK 1
org.eclipse.debug.core.DebugException: 读取启动配置文件 F:\code\vibe_project\rollerball\M55\libraries\components\mtb-device-support-pse8xxgp\make\make\scripts\interface_version_3\eclipse\CM33\flash\virgin\KitProg3\any\&&_PRJ_NAME&& Attach (KitProg3_MiniProg4).launch 时发生了 org.xml.sax.SAXParseException; lineNumber: 3; columnNumber: 66; 在实体引用中, 实体名称必须紧跟在 '&' 后面。。
	at org.eclipse.debug.internal.core.LaunchManager.createDebugException(LaunchManager.java:886)
	at org.eclipse.debug.internal.core.LaunchManager.throwException(LaunchManager.java:2448)
	at org.eclipse.debug.internal.core.LaunchManager.getInfo(LaunchManager.java:1366)
	at org.eclipse.debug.internal.core.LaunchConfiguration.getInfo(LaunchConfiguration.java:490)
	at org.eclipse.debug.internal.core.LaunchConfiguration.getType(LaunchConfiguration.java:645)
	at org.eclipse.debug.internal.core.LaunchManager.isValid(LaunchManager.java:2091)
	at org.eclipse.debug.internal.core.LaunchManager.verifyConfigurations(LaunchManager.java:2462)
	at org.eclipse.debug.internal.core.LaunchManager.getAllLaunchConfigurations(LaunchManager.java:1140)
	at org.eclipse.debug.internal.core.LaunchManager.getLaunchConfigurations(LaunchManager.java:1444)
	at org.eclipse.debug.internal.core.LaunchManager.getLaunchConfigurations(LaunchManager.java:1439)
	at org.eclipse.launchbar.core.internal.LaunchBarManager.init(LaunchBarManager.java:130)
	at org.eclipse.launchbar.core.internal.LaunchBarManager$1.run(LaunchBarManager.java:96)
	at org.eclipse.core.internal.jobs.Worker.run(Worker.java:63)
Caused by: org.xml.sax.SAXParseException; lineNumber: 3; columnNumber: 66; 在实体引用中, 实体名称必须紧跟在 '&' 后面。
	at com.sun.org.apache.xerces.internal.util.ErrorHandlerWrapper.createSAXParseException(ErrorHandlerWrapper.java:203)
	at com.sun.org.apache.xerces.internal.util.ErrorHandlerWrapper.fatalError(ErrorHandlerWrapper.java:177)
	at com.sun.org.apache.xerces.internal.impl.XMLErrorReporter.reportError(XMLErrorReporter.java:400)
	at com.sun.org.apache.xerces.internal.impl.XMLErrorReporter.reportError(XMLErrorReporter.java:327)
	at com.sun.org.apache.xerces.internal.impl.XMLScanner.reportFatalError(XMLScanner.java:1472)
	at com.sun.org.apache.xerces.internal.impl.XMLScanner.scanAttributeValue(XMLScanner.java:908)
	at com.sun.org.apache.xerces.internal.impl.XMLDocumentFragmentScannerImpl.scanAttribute(XMLDocumentFragmentScannerImpl.java:1548)
	at com.sun.org.apache.xerces.internal.impl.XMLDocumentFragmentScannerImpl.scanStartElement(XMLDocumentFragmentScannerImpl.java:1315)
	at com.sun.org.apache.xerces.internal.impl.XMLDocumentFragmentScannerImpl$FragmentContentDriver.next(XMLDocumentFragmentScannerImpl.java:2784)
	at com.sun.org.apache.xerces.internal.impl.XMLDocumentScannerImpl.next(XMLDocumentScannerImpl.java:602)
	at com.sun.org.apache.xerces.internal.impl.XMLDocumentFragmentScannerImpl.scanDocument(XMLDocumentFragmentScannerImpl.java:505)
	at com.sun.org.apache.xerces.internal.parsers.XML11Configuration.parse(XML11Configuration.java:841)
	at com.sun.org.apache.xerces.internal.parsers.XML11Configuration.parse(XML11Configuration.java:770)
	at com.sun.org.apache.xerces.internal.parsers.XMLParser.parse(XMLParser.java:141)
	at com.sun.org.apache.xerces.internal.parsers.DOMParser.parse(DOMParser.java:243)
	at com.sun.org.apache.xerces.internal.jaxp.DocumentBuilderImpl.parse(DocumentBuilderImpl.java:339)
	at org.eclipse.debug.internal.core.LaunchManager.createInfoFromXML(LaunchManager.java:935)
	at org.eclipse.debug.internal.core.LaunchManager.getInfo(LaunchManager.java:1359)
	... 10 more
!SUBENTRY 1 org.eclipse.debug.core 4 5012 2026-07-28 11:20:41.274
!MESSAGE 读取启动配置文件 F:\code\vibe_project\rollerball\M55\libraries\components\mtb-device-support-pse8xxgp\make\make\scripts\interface_version_3\eclipse\CM33\flash\virgin\KitProg3\any\&&_PRJ_NAME&& Attach (KitProg3_MiniProg4).launch 时发生了 org.xml.sax.SAXParseException; lineNumber: 3; columnNumber: 66; 在实体引用中, 实体名称必须紧跟在 '&' 后面。。
!STACK 0
org.xml.sax.SAXParseException; lineNumber: 3; columnNumber: 66; 在实体引用中, 实体名称必须紧跟在 '&' 后面。
	at com.sun.org.apache.xerces.internal.util.ErrorHandlerWrapper.createSAXParseException(ErrorHandlerWrapper.java:203)
	at com.sun.org.apache.xerces.internal.util.ErrorHandlerWrapper.fatalError(ErrorHandlerWrapper.java:177)
	at com.sun.org.apache.xerces.internal.impl.XMLErrorReporter.reportError(XMLErrorReporter.java:400)
	at com.sun.org.apache.xerces.internal.impl.XMLErrorReporter.reportError(XMLErrorReporter.java:327)
	at com.sun.org.apache.xerces.internal.impl.XMLScanner.reportFatalError(XMLScanner.java:1472)
	at com.sun.org.apache.xerces.internal.impl.XMLScanner.scanAttributeValue(XMLScanner.java:908)
	at com.sun.org.apache.xerces.internal.impl.XMLDocumentFragmentScannerImpl.scanAttribute(XMLDocumentFragmentScannerImpl.java:1548)
	at com.sun.org.apache.xerces.internal.impl.XMLDocumentFragmentScannerImpl.scanStartElement(XMLDocumentFragmentScannerImpl.java:1315)
	at com.sun.org.apache.xerces.internal.impl.XMLDocumentFragmentScannerImpl$FragmentContentDriver.next(XMLDocumentFragmentScannerImpl.java:2784)
	at com.sun.org.apache.xerces.internal.impl.XMLDocumentScannerImpl.next(XMLDocumentScannerImpl.java:602)
	at com.sun.org.apache.xerces.internal.impl.XMLDocumentFragmentScannerImpl.scanDocument(XMLDocumentFragmentScannerImpl.java:505)
	at com.sun.org.apache.xerces.internal.parsers.XML11Configuration.parse(XML11Configuration.java:841)
	at com.sun.org.apache.xerces.internal.parsers.XML11Configuration.parse(XML11Configuration.java:770)
	at com.sun.org.apache.xerces.internal.parsers.XMLParser.parse(XMLParser.java:141)
	at com.sun.org.apache.xerces.internal.parsers.DOMParser.parse(DOMParser.java:243)
	at com.sun.org.apache.xerces.internal.jaxp.DocumentBuilderImpl.parse(DocumentBuilderImpl.java:339)
	at org.eclipse.debug.internal.core.LaunchManager.createInfoFromXML(LaunchManager.java:935)
	at org.eclipse.debug.internal.core.LaunchManager.getInfo(LaunchManager.java:1359)
	at org.eclipse.debug.internal.core.LaunchConfiguration.getInfo(LaunchConfiguration.java:490)
	at org.eclipse.debug.internal.core.LaunchConfiguration.getType(LaunchConfiguration.java:645)
	at org.eclipse.debug.internal.core.LaunchManager.isValid(LaunchManager.java:2091)
	at org.eclipse.debug.internal.core.LaunchManager.verifyConfigurations(LaunchManager.java:2462)
	at org.eclipse.debug.internal.core.LaunchManager.getAllLaunchConfigurations(LaunchManager.java:1140)
	at org.eclipse.debug.internal.core.LaunchManager.getLaunchConfigurations(LaunchManager.java:1444)
	at org.eclipse.debug.internal.core.LaunchManager.getLaunchConfigurations(LaunchManager.java:1439)
	at org.eclipse.launchbar.core.internal.LaunchBarManager.init(LaunchBarManager.java:130)
	at org.eclipse.launchbar.core.internal.LaunchBarManager$1.run(LaunchBarManager.java:96)
	at org.eclipse.core.internal.jobs.Worker.run(Worker.java:63)

!ENTRY org.eclipse.debug.core 4 125 2026-07-28 11:20:41.278
!MESSAGE 调试核心所记录的错误：
!STACK 1
org.eclipse.debug.core.DebugException: 读取启动配置文件 F:\code\vibe_project\rollerball\M55\libraries\components\mtb-device-support-pse8xxgp\make\make\scripts\interface_version_3\eclipse\CM33\flash\virgin\KitProg3\any\&&_PRJ_NAME&& Program (KitProg3_MiniProg4).launch 时发生了 org.xml.sax.SAXParseException; lineNumber: 3; columnNumber: 66; 在实体引用中, 实体名称必须紧跟在 '&' 后面。。
	at org.eclipse.debug.internal.core.LaunchManager.createDebugException(LaunchManager.java:886)
	at org.eclipse.debug.internal.core.LaunchManager.throwException(LaunchManager.java:2448)
	at org.eclipse.debug.internal.core.LaunchManager.getInfo(LaunchManager.java:1366)
	at org.eclipse.debug.internal.core.LaunchConfiguration.getInfo(LaunchConfiguration.java:490)
	at org.eclipse.debug.internal.core.LaunchConfiguration.getType(LaunchConfiguration.java:645)
	at org.eclipse.debug.internal.core.LaunchManager.isValid(LaunchManager.java:2091)
	at org.eclipse.debug.internal.core.LaunchManager.verifyConfigurations(LaunchManager.java:2462)
	at org.eclipse.debug.internal.core.LaunchManager.getAllLaunchConfigurations(LaunchManager.java:1140)
	at org.eclipse.debug.internal.core.LaunchManager.getLaunchConfigurations(LaunchManager.java:1444)
	at org.eclipse.debug.internal.core.LaunchManager.getLaunchConfigurations(LaunchManager.java:1439)
	at org.eclipse.launchbar.core.internal.LaunchBarManager.init(LaunchBarManager.java:130)
	at org.eclipse.launchbar.core.internal.LaunchBarManager$1.run(LaunchBarManager.java:96)
	at org.eclipse.core.internal.jobs.Worker.run(Worker.java:63)
Caused by: org.xml.sax.SAXParseException; lineNumber: 3; columnNumber: 66; 在实体引用中, 实体名称必须紧跟在 '&' 后面。
	at com.sun.org.apache.xerces.internal.util.ErrorHandlerWrapper.createSAXParseException(ErrorHandlerWrapper.java:203)
	at com.sun.org.apache.xerces.internal.util.ErrorHandlerWrapper.fatalError(ErrorHandlerWrapper.java:177)
	at com.sun.org.apache.xerces.internal.impl.XMLErrorReporter.reportError(XMLErrorReporter.java:400)
	at com.sun.org.apache.xerces.internal.impl.XMLErrorReporter.reportError(XMLErrorReporter.java:327)
	at com.sun.org.apache.xerces.internal.impl.XMLScanner.reportFatalError(XMLScanner.java:1472)
	at com.sun.org.apache.xerces.internal.impl.XMLScanner.scanAttributeValue(XMLScanner.java:908)
	at com.sun.org.apache.xerces.internal.impl.XMLDocumentFragmentScannerImpl.scanAttribute(XMLDocumentFragmentScannerImpl.java:1548)
	at com.sun.org.apache.xerces.internal.impl.XMLDocumentFragmentScannerImpl.scanStartElement(XMLDocumentFragmentScannerImpl.java:1315)
	at com.sun.org.apache.xerces.internal.impl.XMLDocumentFragmentScannerImpl$FragmentContentDriver.next(XMLDocumentFragmentScannerImpl.java:2784)
	at com.sun.org.apache.xerces.internal.impl.XMLDocumentScannerImpl.next(XMLDocumentScannerImpl.java:602)
	at com.sun.org.apache.xerces.internal.impl.XMLDocumentFragmentScannerImpl.scanDocument(XMLDocumentFragmentScannerImpl.java:505)
	at com.sun.org.apache.xerces.internal.parsers.XML11Configuration.parse(XML11Configuration.java:841)
	at com.sun.org.apache.xerces.internal.parsers.XML11Configuration.parse(XML11Configuration.java:770)
	at com.sun.org.apache.xerces.internal.parsers.XMLParser.parse(XMLParser.java:141)
	at com.sun.org.apache.xerces.internal.parsers.DOMParser.parse(DOMParser.java:243)
	at com.sun.org.apache.xerces.internal.jaxp.DocumentBuilderImpl.parse(DocumentBuilderImpl.java:339)
	at org.eclipse.debug.internal.core.LaunchManager.createInfoFromXML(LaunchManager.java:935)
	at org.eclipse.debug.internal.core.LaunchManager.getInfo(LaunchManager.java:1359)
	... 10 more
!SUBENTRY 1 org.eclipse.debug.core 4 5012 2026-07-28 11:20:41.278
!MESSAGE 读取启动配置文件 F:\code\vibe_project\rollerball\M55\libraries\components\mtb-device-support-pse8xxgp\make\make\scripts\interface_version_3\eclipse\CM33\flash\virgin\KitProg3\any\&&_PRJ_NAME&& Program (KitProg3_MiniProg4).launch 时发生了 org.xml.sax.SAXParseException; lineNumber: 3; columnNumber: 66; 在实体引用中, 实体名称必须紧跟在 '&' 后面。。
!STACK 0
org.xml.sax.SAXParseException; lineNumber: 3; columnNumber: 66; 在实体引用中, 实体名称必须紧跟在 '&' 后面。
	at com.sun.org.apache.xerces.internal.util.ErrorHandlerWrapper.createSAXParseException(ErrorHandlerWrapper.java:203)
	at com.sun.org.apache.xerces.internal.util.ErrorHandlerWrapper.fatalError(ErrorHandlerWrapper.java:177)
	at com.sun.org.apache.xerces.internal.impl.XMLErrorReporter.reportError(XMLErrorReporter.java:400)
	at com.sun.org.apache.xerces.internal.impl.XMLErrorReporter.reportError(XMLErrorReporter.java:327)
	at com.sun.org.apache.xerces.internal.impl.XMLScanner.reportFatalError(XMLScanner.java:1472)
	at com.sun.org.apache.xerces.internal.impl.XMLScanner.scanAttributeValue(XMLScanner.java:908)
	at com.sun.org.apache.xerces.internal.impl.XMLDocumentFragmentScannerImpl.scanAttribute(XMLDocumentFragmentScannerImpl.java:1548)
	at com.sun.org.apache.xerces.internal.impl.XMLDocumentFragmentScannerImpl.scanStartElement(XMLDocumentFragmentScannerImpl.java:1315)
	at com.sun.org.apache.xerces.internal.impl.XMLDocumentFragmentScannerImpl$FragmentContentDriver.next(XMLDocumentFragmentScannerImpl.java:2784)
	at com.sun.org.apache.xerces.internal.impl.XMLDocumentScannerImpl.next(XMLDocumentScannerImpl.java:602)
	at com.sun.org.apache.xerces.internal.impl.XMLDocumentFragmentScannerImpl.scanDocument(XMLDocumentFragmentScannerImpl.java:505)
	at com.sun.org.apache.xerces.internal.parsers.XML11Configuration.parse(XML11Configuration.java:841)
	at com.sun.org.apache.xerces.internal.parsers.XML11Configuration.parse(XML11Configuration.java:770)
	at com.sun.org.apache.xerces.internal.parsers.XMLParser.parse(XMLParser.java:141)
	at com.sun.org.apache.xerces.internal.parsers.DOMParser.parse(DOMParser.java:243)
	at com.sun.org.apache.xerces.internal.jaxp.DocumentBuilderImpl.parse(DocumentBuilderImpl.java:339)
	at org.eclipse.debug.internal.core.LaunchManager.createInfoFromXML(LaunchManager.java:935)
	at org.eclipse.debug.internal.core.LaunchManager.getInfo(LaunchManager.java:1359)
	at org.eclipse.debug.internal.core.LaunchConfiguration.getInfo(LaunchConfiguration.java:490)
	at org.eclipse.debug.internal.core.LaunchConfiguration.getType(LaunchConfiguration.java:645)
	at org.eclipse.debug.internal.core.LaunchManager.isValid(LaunchManager.java:2091)
	at org.eclipse.debug.internal.core.LaunchManager.verifyConfigurations(LaunchManager.java:2462)
	at org.eclipse.debug.internal.core.LaunchManager.getAllLaunchConfigurations(LaunchManager.java:1140)
	at org.eclipse.debug.internal.core.LaunchManager.getLaunchConfigurations(LaunchManager.java:1444)
	at org.eclipse.debug.internal.core.LaunchManager.getLaunchConfigurations(LaunchManager.java:1439)
	at org.eclipse.launchbar.core.internal.LaunchBarManager.init(LaunchBarManager.java:130)
	at org.eclipse.launchbar.core.internal.LaunchBarManager$1.run(LaunchBarManager.java:96)
	at org.eclipse.core.internal.jobs.Worker.run(Worker.java:63)

!ENTRY org.eclipse.debug.core 4 125 2026-07-28 11:20:41.278
!MESSAGE 调试核心所记录的错误：
!STACK 1
org.eclipse.debug.core.DebugException: 读取启动配置文件 F:\code\vibe_project\rollerball\M55\libraries\components\mtb-device-support-pse8xxgp\make\make\scripts\interface_version_3\eclipse\CM33\flash\virgin\KitProg3\single\&&_PRJ_NAME&& Erase All (KitProg3_MiniProg4).launch 时发生了 org.xml.sax.SAXParseException; lineNumber: 3; columnNumber: 66; 在实体引用中, 实体名称必须紧跟在 '&' 后面。。
	at org.eclipse.debug.internal.core.LaunchManager.createDebugException(LaunchManager.java:886)
	at org.eclipse.debug.internal.core.LaunchManager.throwException(LaunchManager.java:2448)
	at org.eclipse.debug.internal.core.LaunchManager.getInfo(LaunchManager.java:1366)
	at org.eclipse.debug.internal.core.LaunchConfiguration.getInfo(LaunchConfiguration.java:490)
	at org.eclipse.debug.internal.core.LaunchConfiguration.getType(LaunchConfiguration.java:645)
	at org.eclipse.debug.internal.core.LaunchManager.isValid(LaunchManager.java:2091)
	at org.eclipse.debug.internal.core.LaunchManager.verifyConfigurations(LaunchManager.java:2462)
	at org.eclipse.debug.internal.core.LaunchManager.getAllLaunchConfigurations(LaunchManager.java:1140)
	at org.eclipse.debug.internal.core.LaunchManager.getLaunchConfigurations(LaunchManager.java:1444)
	at org.eclipse.debug.internal.core.LaunchManager.getLaunchConfigurations(LaunchManager.java:1439)
	at org.eclipse.launchbar.core.internal.LaunchBarManager.init(LaunchBarManager.java:130)
	at org.eclipse.launchbar.core.internal.LaunchBarManager$1.run(LaunchBarManager.java:96)
	at org.eclipse.core.internal.jobs.Worker.run(Worker.java:63)
Caused by: org.xml.sax.SAXParseException; lineNumber: 3; columnNumber: 66; 在实体引用中, 实体名称必须紧跟在 '&' 后面。
	at com.sun.org.apache.xerces.internal.util.ErrorHandlerWrapper.createSAXParseException(ErrorHandlerWrapper.java:203)
	at com.sun.org.apache.xerces.internal.util.ErrorHandlerWrapper.fatalError(ErrorHandlerWrapper.java:177)
	at com.sun.org.apache.xerces.internal.impl.XMLErrorReporter.reportError(XMLErrorReporter.java:400)
	at com.sun.org.apache.xerces.internal.impl.XMLErrorReporter.reportError(XMLErrorReporter.java:327)
	at com.sun.org.apache.xerces.internal.impl.XMLScanner.reportFatalError(XMLScanner.java:1472)
	at com.sun.org.apache.xerces.internal.impl.XMLScanner.scanAttributeValue(XMLScanner.java:908)
	at com.sun.org.apache.xerces.internal.impl.XMLDocumentFragmentScannerImpl.scanAttribute(XMLDocumentFragmentScannerImpl.java:1548)
	at com.sun.org.apache.xerces.internal.impl.XMLDocumentFragmentScannerImpl.scanStartElement(XMLDocumentFragmentScannerImpl.java:1315)
	at com.sun.org.apache.xerces.internal.impl.XMLDocumentFragmentScannerImpl$FragmentContentDriver.next(XMLDocumentFragmentScannerImpl.java:2784)
	at com.sun.org.apache.xerces.internal.impl.XMLDocumentScannerImpl.next(XMLDocumentScannerImpl.java:602)
	at com.sun.org.apache.xerces.internal.impl.XMLDocumentFragmentScannerImpl.scanDocument(XMLDocumentFragmentScannerImpl.java:505)
	at com.sun.org.apache.xerces.internal.parsers.XML11Configuration.parse(XML11Configuration.java:841)
	at com.sun.org.apache.xerces.internal.parsers.XML11Configuration.parse(XML11Configuration.java:770)
	at com.sun.org.apache.xerces.internal.parsers.XMLParser.parse(XMLParser.java:141)
	at com.sun.org.apache.xerces.internal.parsers.DOMParser.parse(DOMParser.java:243)
	at com.sun.org.apache.xerces.internal.jaxp.DocumentBuilderImpl.parse(DocumentBuilderImpl.java:339)
	at org.eclipse.debug.internal.core.LaunchManager.createInfoFromXML(LaunchManager.java:935)
	at org.eclipse.debug.internal.core.LaunchManager.getInfo(LaunchManager.java:1359)
	... 10 more
!SUBENTRY 1 org.eclipse.debug.core 4 5012 2026-07-28 11:20:41.278
!MESSAGE 读取启动配置文件 F:\code\vibe_project\rollerball\M55\libraries\components\mtb-device-support-pse8xxgp\make\make\scripts\interface_version_3\eclipse\CM33\flash\virgin\KitProg3\single\&&_PRJ_NAME&& Erase All (KitProg3_MiniProg4).launch 时发生了 org.xml.sax.SAXParseException; lineNumber: 3; columnNumber: 66; 在实体引用中, 实体名称必须紧跟在 '&' 后面。。
!STACK 0
org.xml.sax.SAXParseException; lineNumber: 3; columnNumber: 66; 在实体引用中, 实体名称必须紧跟在 '&' 后面。
	at com.sun.org.apache.xerces.internal.util.ErrorHandlerWrapper.createSAXParseException(ErrorHandlerWrapper.java:203)
	at com.sun.org.apache.xerces.internal.util.ErrorHandlerWrapper.fatalError(ErrorHandlerWrapper.java:177)
	at com.sun.org.apache.xerces.internal.impl.XMLErrorReporter.reportError(XMLErrorReporter.java:400)
	at com.sun.org.apache.xerces.internal.impl.XMLErrorReporter.reportError(XMLErrorReporter.java:327)
	at com.sun.org.apache.xerces.internal.impl.XMLScanner.reportFatalError(XMLScanner.java:1472)
	at com.sun.org.apache.xerces.internal.impl.XMLScanner.scanAttributeValue(XMLScanner.java:908)
	at com.sun.org.apache.xerces.internal.impl.XMLDocumentFragmentScannerImpl.scanAttribute(XMLDocumentFragmentScannerImpl.java:1548)
	at com.sun.org.apache.xerces.internal.impl.XMLDocumentFragmentScannerImpl.scanStartElement(XMLDocumentFragmentScannerImpl.java:1315)
	at com.sun.org.apache.xerces.internal.impl.XMLDocumentFragmentScannerImpl$FragmentContentDriver.next(XMLDocumentFragmentScannerImpl.java:2784)
	at com.sun.org.apache.xerces.internal.impl.XMLDocumentScannerImpl.next(XMLDocumentScannerImpl.java:602)
	at com.sun.org.apache.xerces.internal.impl.XMLDocumentFragmentScannerImpl.scanDocument(XMLDocumentFragmentScannerImpl.java:505)
	at com.sun.org.apache.xerces.internal.parsers.XML11Configuration.parse(XML11Configuration.java:841)
	at com.sun.org.apache.xerces.internal.parsers.XML11Configuration.parse(XML11Configuration.java:770)
	at com.sun.org.apache.xerces.internal.parsers.XMLParser.parse(XMLParser.java:141)
	at com.sun.org.apache.xerces.internal.parsers.DOMParser.parse(DOMParser.java:243)
	at com.sun.org.apache.xerces.internal.jaxp.DocumentBuilderImpl.parse(DocumentBuilderImpl.java:339)
	at org.eclipse.debug.internal.core.LaunchManager.createInfoFromXML(LaunchManager.java:935)
	at org.eclipse.debug.internal.core.LaunchManager.getInfo(LaunchManager.java:1359)
	at org.eclipse.debug.internal.core.LaunchConfiguration.getInfo(LaunchConfiguration.java:490)
	at org.eclipse.debug.internal.core.LaunchConfiguration.getType(LaunchConfiguration.java:645)
	at org.eclipse.debug.internal.core.LaunchManager.isValid(LaunchManager.java:2091)
	at org.eclipse.debug.internal.core.LaunchManager.verifyConfigurations(LaunchManager.java:2462)
	at org.eclipse.debug.internal.core.LaunchManager.getAllLaunchConfigurations(LaunchManager.java:1140)
	at org.eclipse.debug.internal.core.LaunchManager.getLaunchConfigurations(LaunchManager.java:1444)
	at org.eclipse.debug.internal.core.LaunchManager.getLaunchConfigurations(LaunchManager.java:1439)
	at org.eclipse.launchbar.core.internal.LaunchBarManager.init(LaunchBarManager.java:130)
	at org.eclipse.launchbar.core.internal.LaunchBarManager$1.run(LaunchBarManager.java:96)
	at org.eclipse.core.internal.jobs.Worker.run(Worker.java:63)

!ENTRY org.eclipse.debug.core 4 125 2026-07-28 11:20:41.283
!MESSAGE 调试核心所记录的错误：
!STACK 1
org.eclipse.debug.core.DebugException: 读取启动配置文件 F:\code\vibe_project\rollerball\M55\libraries\components\mtb-device-support-pse8xxgp\make\make\scripts\interface_version_3\eclipse\CM33\flash\virgin\KitProg3\single\&&_PRJ_NAME&& Erase Device (KitProg3_MiniProg4).launch 时发生了 org.xml.sax.SAXParseException; lineNumber: 3; columnNumber: 66; 在实体引用中, 实体名称必须紧跟在 '&' 后面。。
	at org.eclipse.debug.internal.core.LaunchManager.createDebugException(LaunchManager.java:886)
	at org.eclipse.debug.internal.core.LaunchManager.throwException(LaunchManager.java:2448)
	at org.eclipse.debug.internal.core.LaunchManager.getInfo(LaunchManager.java:1366)
	at org.eclipse.debug.internal.core.LaunchConfiguration.getInfo(LaunchConfiguration.java:490)
	at org.eclipse.debug.internal.core.LaunchConfiguration.getType(LaunchConfiguration.java:645)
	at org.eclipse.debug.internal.core.LaunchManager.isValid(LaunchManager.java:2091)
	at org.eclipse.debug.internal.core.LaunchManager.verifyConfigurations(LaunchManager.java:2462)
	at org.eclipse.debug.internal.core.LaunchManager.getAllLaunchConfigurations(LaunchManager.java:1140)
	at org.eclipse.debug.internal.core.LaunchManager.getLaunchConfigurations(LaunchManager.java:1444)
	at org.eclipse.debug.internal.core.LaunchManager.getLaunchConfigurations(LaunchManager.java:1439)
	at org.eclipse.launchbar.core.internal.LaunchBarManager.init(LaunchBarManager.java:130)
	at org.eclipse.launchbar.core.internal.LaunchBarManager$1.run(LaunchBarManager.java:96)
	at org.eclipse.core.internal.jobs.Worker.run(Worker.java:63)
Caused by: org.xml.sax.SAXParseException; lineNumber: 3; columnNumber: 66; 在实体引用中, 实体名称必须紧跟在 '&' 后面。
	at com.sun.org.apache.xerces.internal.util.ErrorHandlerWrapper.createSAXParseException(ErrorHandlerWrapper.java:203)
	at com.sun.org.apache.xerces.internal.util.ErrorHandlerWrapper.fatalError(ErrorHandlerWrapper.java:177)
	at com.sun.org.apache.xerces.internal.impl.XMLErrorReporter.reportError(XMLErrorReporter.java:400)
	at com.sun.org.apache.xerces.internal.impl.XMLErrorReporter.reportError(XMLErrorReporter.java:327)
	at com.sun.org.apache.xerces.internal.impl.XMLScanner.reportFatalError(XMLScanner.java:1472)
	at com.sun.org.apache.xerces.internal.impl.XMLScanner.scanAttributeValue(XMLScanner.java:908)
	at com.sun.org.apache.xerces.internal.impl.XMLDocumentFragmentScannerImpl.scanAttribute(XMLDocumentFragmentScannerImpl.java:1548)
	at com.sun.org.apache.xerces.internal.impl.XMLDocumentFragmentScannerImpl.scanStartElement(XMLDocumentFragmentScannerImpl.java:1315)
	at com.sun.org.apache.xerces.internal.impl.XMLDocumentFragmentScannerImpl$FragmentContentDriver.next(XMLDocumentFragmentScannerImpl.java:2784)
	at com.sun.org.apache.xerces.internal.impl.XMLDocumentScannerImpl.next(XMLDocumentScannerImpl.java:602)
	at com.sun.org.apache.xerces.internal.impl.XMLDocumentFragmentScannerImpl.scanDocument(XMLDocumentFragmentScannerImpl.java:505)
	at com.sun.org.apache.xerces.internal.parsers.XML11Configuration.parse(XML11Configuration.java:841)
	at com.sun.org.apache.xerces.internal.parsers.XML11Configuration.parse(XML11Configuration.java:770)
	at com.sun.org.apache.xerces.internal.parsers.XMLParser.parse(XMLParser.java:141)
	at com.sun.org.apache.xerces.internal.parsers.DOMParser.parse(DOMParser.java:243)
	at com.sun.org.apache.xerces.internal.jaxp.DocumentBuilderImpl.parse(DocumentBuilderImpl.java:339)
	at org.eclipse.debug.internal.core.LaunchManager.createInfoFromXML(LaunchManager.java:935)
	at org.eclipse.debug.internal.core.LaunchManager.getInfo(LaunchManager.java:1359)
	... 10 more
!SUBENTRY 1 org.eclipse.debug.core 4 5012 2026-07-28 11:20:41.283
!MESSAGE 读取启动配置文件 F:\code\vibe_project\rollerball\M55\libraries\components\mtb-device-support-pse8xxgp\make\make\scripts\interface_version_3\eclipse\CM33\flash\virgin\KitProg3\single\&&_PRJ_NAME&& Erase Device (KitProg3_MiniProg4).launch 时发生了 org.xml.sax.SAXParseException; lineNumber: 3; columnNumber: 66; 在实体引用中, 实体名称必须紧跟在 '&' 后面。。
!STACK 0
org.xml.sax.SAXParseException; lineNumber: 3; columnNumber: 66; 在实体引用中, 实体名称必须紧跟在 '&' 后面。
	at com.sun.org.apache.xerces.internal.util.ErrorHandlerWrapper.createSAXParseException(ErrorHandlerWrapper.java:203)
	at com.sun.org.apache.xerces.internal.util.ErrorHandlerWrapper.fatalError(ErrorHandlerWrapper.java:177)
	at com.sun.org.apache.xerces.internal.impl.XMLErrorReporter.reportError(XMLErrorReporter.java:400)
	at com.sun.org.apache.xerces.internal.impl.XMLErrorReporter.reportError(XMLErrorReporter.java:327)
	at com.sun.org.apache.xerces.internal.impl.XMLScanner.reportFatalError(XMLScanner.java:1472)
	at com.sun.org.apache.xerces.internal.impl.XMLScanner.scanAttributeValue(XMLScanner.java:908)
	at com.sun.org.apache.xerces.internal.impl.XMLDocumentFragmentScannerImpl.scanAttribute(XMLDocumentFragmentScannerImpl.java:1548)
	at com.sun.org.apache.xerces.internal.impl.XMLDocumentFragmentScannerImpl.scanStartElement(XMLDocumentFragmentScannerImpl.java:1315)
	at com.sun.org.apache.xerces.internal.impl.XMLDocumentFragmentScannerImpl$FragmentContentDriver.next(XMLDocumentFragmentScannerImpl.java:2784)
	at com.sun.org.apache.xerces.internal.impl.XMLDocumentScannerImpl.next(XMLDocumentScannerImpl.java:602)
	at com.sun.org.apache.xerces.internal.impl.XMLDocumentFragmentScannerImpl.scanDocument(XMLDocumentFragmentScannerImpl.java:505)
	at com.sun.org.apache.xerces.internal.parsers.XML11Configuration.parse(XML11Configuration.java:841)
	at com.sun.org.apache.xerces.internal.parsers.XML11Configuration.parse(XML11Configuration.java:770)
	at com.sun.org.apache.xerces.internal.parsers.XMLParser.parse(XMLParser.java:141)
	at com.sun.org.apache.xerces.internal.parsers.DOMParser.parse(DOMParser.java:243)
	at com.sun.org.apache.xerces.internal.jaxp.DocumentBuilderImpl.parse(DocumentBuilderImpl.java:339)
	at org.eclipse.debug.internal.core.LaunchManager.createInfoFromXML(LaunchManager.java:935)
	at org.eclipse.debug.internal.core.LaunchManager.getInfo(LaunchManager.java:1359)
	at org.eclipse.debug.internal.core.LaunchConfiguration.getInfo(LaunchConfiguration.java:490)
	at org.eclipse.debug.internal.core.LaunchConfiguration.getType(LaunchConfiguration.java:645)
	at org.eclipse.debug.internal.core.LaunchManager.isValid(LaunchManager.java:2091)
	at org.eclipse.debug.internal.core.LaunchManager.verifyConfigurations(LaunchManager.java:2462)
	at org.eclipse.debug.internal.core.LaunchManager.getAllLaunchConfigurations(LaunchManager.java:1140)
	at org.eclipse.debug.internal.core.LaunchManager.getLaunchConfigurations(LaunchManager.java:1444)
	at org.eclipse.debug.internal.core.LaunchManager.getLaunchConfigurations(LaunchManager.java:1439)
	at org.eclipse.launchbar.core.internal.LaunchBarManager.init(LaunchBarManager.java:130)
	at org.eclipse.launchbar.core.internal.LaunchBarManager$1.run(LaunchBarManager.java:96)
	at org.eclipse.core.internal.jobs.Worker.run(Worker.java:63)

!ENTRY org.eclipse.debug.core 4 125 2026-07-28 11:20:41.283
!MESSAGE 调试核心所记录的错误：
!STACK 1
org.eclipse.debug.core.DebugException: 读取启动配置文件 F:\code\vibe_project\rollerball\M55\libraries\components\mtb-device-support-pse8xxgp\make\make\scripts\interface_version_3\eclipse\CM33\flash\virgin\KitProg3\single\&&_PRJ_NAME&& Start App (KitProg3_MiniProg4).launch 时发生了 org.xml.sax.SAXParseException; lineNumber: 3; columnNumber: 66; 在实体引用中, 实体名称必须紧跟在 '&' 后面。。
	at org.eclipse.debug.internal.core.LaunchManager.createDebugException(LaunchManager.java:886)
	at org.eclipse.debug.internal.core.LaunchManager.throwException(LaunchManager.java:2448)
	at org.eclipse.debug.internal.core.LaunchManager.getInfo(LaunchManager.java:1366)
	at org.eclipse.debug.internal.core.LaunchConfiguration.getInfo(LaunchConfiguration.java:490)
	at org.eclipse.debug.internal.core.LaunchConfiguration.getType(LaunchConfiguration.java:645)
	at org.eclipse.debug.internal.core.LaunchManager.isValid(LaunchManager.java:2091)
	at org.eclipse.debug.internal.core.LaunchManager.verifyConfigurations(LaunchManager.java:2462)
	at org.eclipse.debug.internal.core.LaunchManager.getAllLaunchConfigurations(LaunchManager.java:1140)
	at org.eclipse.debug.internal.core.LaunchManager.getLaunchConfigurations(LaunchManager.java:1444)
	at org.eclipse.debug.internal.core.LaunchManager.getLaunchConfigurations(LaunchManager.java:1439)
	at org.eclipse.launchbar.core.internal.LaunchBarManager.init(LaunchBarManager.java:130)
	at org.eclipse.launchbar.core.internal.LaunchBarManager$1.run(LaunchBarManager.java:96)
	at org.eclipse.core.internal.jobs.Worker.run(Worker.java:63)
Caused by: org.xml.sax.SAXParseException; lineNumber: 3; columnNumber: 66; 在实体引用中, 实体名称必须紧跟在 '&' 后面。
	at com.sun.org.apache.xerces.internal.util.ErrorHandlerWrapper.createSAXParseException(ErrorHandlerWrapper.java:203)
	at com.sun.org.apache.xerces.internal.util.ErrorHandlerWrapper.fatalError(ErrorHandlerWrapper.java:177)
	at com.sun.org.apache.xerces.internal.impl.XMLErrorReporter.reportError(XMLErrorReporter.java:400)
	at com.sun.org.apache.xerces.internal.impl.XMLErrorReporter.reportError(XMLErrorReporter.java:327)
	at com.sun.org.apache.xerces.internal.impl.XMLScanner.reportFatalError(XMLScanner.java:1472)
	at com.sun.org.apache.xerces.internal.impl.XMLScanner.scanAttributeValue(XMLScanner.java:908)
	at com.sun.org.apache.xerces.internal.impl.XMLDocumentFragmentScannerImpl.scanAttribute(XMLDocumentFragmentScannerImpl.java:1548)
	at com.sun.org.apache.xerces.internal.impl.XMLDocumentFragmentScannerImpl.scanStartElement(XMLDocumentFragmentScannerImpl.java:1315)
	at com.sun.org.apache.xerces.internal.impl.XMLDocumentFragmentScannerImpl$FragmentContentDriver.next(XMLDocumentFragmentScannerImpl.java:2784)
	at com.sun.org.apache.xerces.internal.impl.XMLDocumentScannerImpl.next(XMLDocumentScannerImpl.java:602)
	at com.sun.org.apache.xerces.internal.impl.XMLDocumentFragmentScannerImpl.scanDocument(XMLDocumentFragmentScannerImpl.java:505)
	at com.sun.org.apache.xerces.internal.parsers.XML11Configuration.parse(XML11Configuration.java:841)
	at com.sun.org.apache.xerces.internal.parsers.XML11Configuration.parse(XML11Configuration.java:770)
	at com.sun.org.apache.xerces.internal.parsers.XMLParser.parse(XMLParser.java:141)
	at com.sun.org.apache.xerces.internal.parsers.DOMParser.parse(DOMParser.java:243)
	at com.sun.org.apache.xerces.internal.jaxp.DocumentBuilderImpl.parse(DocumentBuilderImpl.java:339)
	at org.eclipse.debug.internal.core.LaunchManager.createInfoFromXML(LaunchManager.java:935)
	at org.eclipse.debug.internal.core.LaunchManager.getInfo(LaunchManager.java:1359)
	... 10 more
!SUBENTRY 1 org.eclipse.debug.core 4 5012 2026-07-28 11:20:41.283
!MESSAGE 读取启动配置文件 F:\code\vibe_project\rollerball\M55\libraries\components\mtb-device-support-pse8xxgp\make\make\scripts\interface_version_3\eclipse\CM33\flash\virgin\KitProg3\single\&&_PRJ_NAME&& Start App (KitProg3_MiniProg4).launch 时发生了 org.xml.sax.SAXParseException; lineNumber: 3; columnNumber: 66; 在实体引用中, 实体名称必须紧跟在 '&' 后面。。
!STACK 0
org.xml.sax.SAXParseException; lineNumber: 3; columnNumber: 66; 在实体引用中, 实体名称必须紧跟在 '&' 后面。
	at com.sun.org.apache.xerces.internal.util.ErrorHandlerWrapper.createSAXParseException(ErrorHandlerWrapper.java:203)
	at com.sun.org.apache.xerces.internal.util.ErrorHandlerWrapper.fatalError(ErrorHandlerWrapper.java:177)
	at com.sun.org.apache.xerces.internal.impl.XMLErrorReporter.reportError(XMLErrorReporter.java:400)
	at com.sun.org.apache.xerces.internal.impl.XMLErrorReporter.reportError(XMLErrorReporter.java:327)
	at com.sun.org.apache.xerces.internal.impl.XMLScanner.reportFatalError(XMLScanner.java:1472)
	at com.sun.org.apache.xerces.internal.impl.XMLScanner.scanAttributeValue(XMLScanner.java:908)
	at com.sun.org.apache.xerces.internal.impl.XMLDocumentFragmentScannerImpl.scanAttribute(XMLDocumentFragmentScannerImpl.java:1548)
	at com.sun.org.apache.xerces.internal.impl.XMLDocumentFragmentScannerImpl.scanStartElement(XMLDocumentFragmentScannerImpl.java:1315)
	at com.sun.org.apache.xerces.internal.impl.XMLDocumentFragmentScannerImpl$FragmentContentDriver.next(XMLDocumentFragmentScannerImpl.java:2784)
	at com.sun.org.apache.xerces.internal.impl.XMLDocumentScannerImpl.next(XMLDocumentScannerImpl.java:602)
	at com.sun.org.apache.xerces.internal.impl.XMLDocumentFragmentScannerImpl.scanDocument(XMLDocumentFragmentScannerImpl.java:505)
	at com.sun.org.apache.xerces.internal.parsers.XML11Configuration.parse(XML11Configuration.java:841)
	at com.sun.org.apache.xerces.internal.parsers.XML11Configuration.parse(XML11Configuration.java:770)
	at com.sun.org.apache.xerces.internal.parsers.XMLParser.parse(XMLParser.java:141)
	at com.sun.org.apache.xerces.internal.parsers.DOMParser.parse(DOMParser.java:243)
	at com.sun.org.apache.xerces.internal.jaxp.DocumentBuilderImpl.parse(DocumentBuilderImpl.java:339)
	at org.eclipse.debug.internal.core.LaunchManager.createInfoFromXML(LaunchManager.java:935)
	at org.eclipse.debug.internal.core.LaunchManager.getInfo(LaunchManager.java:1359)
	at org.eclipse.debug.internal.core.LaunchConfiguration.getInfo(LaunchConfiguration.java:490)
	at org.eclipse.debug.internal.core.LaunchConfiguration.getType(LaunchConfiguration.java:645)
	at org.eclipse.debug.internal.core.LaunchManager.isValid(LaunchManager.java:2091)
	at org.eclipse.debug.internal.core.LaunchManager.verifyConfigurations(LaunchManager.java:2462)
	at org.eclipse.debug.internal.core.LaunchManager.getAllLaunchConfigurations(LaunchManager.java:1140)
	at org.eclipse.debug.internal.core.LaunchManager.getLaunchConfigurations(LaunchManager.java:1444)
	at org.eclipse.debug.internal.core.LaunchManager.getLaunchConfigurations(LaunchManager.java:1439)
	at org.eclipse.launchbar.core.internal.LaunchBarManager.init(LaunchBarManager.java:130)
	at org.eclipse.launchbar.core.internal.LaunchBarManager$1.run(LaunchBarManager.java:96)
	at org.eclipse.core.internal.jobs.Worker.run(Worker.java:63)

!ENTRY org.eclipse.debug.core 4 125 2026-07-28 11:20:41.283
!MESSAGE 调试核心所记录的错误：
!STACK 1
org.eclipse.debug.core.DebugException: 读取启动配置文件 F:\code\vibe_project\rollerball\M55\libraries\components\mtb-device-support-pse8xxgp\make\make\scripts\interface_version_3\eclipse\CM33\ram\_normal\JLink\any\&&_PRJ_NAME&& Attach RAM (JLink).launch 时发生了 org.xml.sax.SAXParseException; lineNumber: 3; columnNumber: 66; 在实体引用中, 实体名称必须紧跟在 '&' 后面。。
	at org.eclipse.debug.internal.core.LaunchManager.createDebugException(LaunchManager.java:886)
	at org.eclipse.debug.internal.core.LaunchManager.throwException(LaunchManager.java:2448)
	at org.eclipse.debug.internal.core.LaunchManager.getInfo(LaunchManager.java:1366)
	at org.eclipse.debug.internal.core.LaunchConfiguration.getInfo(LaunchConfiguration.java:490)
	at org.eclipse.debug.internal.core.LaunchConfiguration.getType(LaunchConfiguration.java:645)
	at org.eclipse.debug.internal.core.LaunchManager.isValid(LaunchManager.java:2091)
	at org.eclipse.debug.internal.core.LaunchManager.verifyConfigurations(LaunchManager.java:2462)
	at org.eclipse.debug.internal.core.LaunchManager.getAllLaunchConfigurations(LaunchManager.java:1140)
	at org.eclipse.debug.internal.core.LaunchManager.getLaunchConfigurations(LaunchManager.java:1444)
	at org.eclipse.debug.internal.core.LaunchManager.getLaunchConfigurations(LaunchManager.java:1439)
	at org.eclipse.launchbar.core.internal.LaunchBarManager.init(LaunchBarManager.java:130)
	at org.eclipse.launchbar.core.internal.LaunchBarManager$1.run(LaunchBarManager.java:96)
	at org.eclipse.core.internal.jobs.Worker.run(Worker.java:63)
Caused by: org.xml.sax.SAXParseException; lineNumber: 3; columnNumber: 66; 在实体引用中, 实体名称必须紧跟在 '&' 后面。
	at com.sun.org.apache.xerces.internal.util.ErrorHandlerWrapper.createSAXParseException(ErrorHandlerWrapper.java:203)
	at com.sun.org.apache.xerces.internal.util.ErrorHandlerWrapper.fatalError(ErrorHandlerWrapper.java:177)
	at com.sun.org.apache.xerces.internal.impl.XMLErrorReporter.reportError(XMLErrorReporter.java:400)
	at com.sun.org.apache.xerces.internal.impl.XMLErrorReporter.reportError(XMLErrorReporter.java:327)
	at com.sun.org.apache.xerces.internal.impl.XMLScanner.reportFatalError(XMLScanner.java:1472)
	at com.sun.org.apache.xerces.internal.impl.XMLScanner.scanAttributeValue(XMLScanner.java:908)
	at com.sun.org.apache.xerces.internal.impl.XMLDocumentFragmentScannerImpl.scanAttribute(XMLDocumentFragmentScannerImpl.java:1548)
	at com.sun.org.apache.xerces.internal.impl.XMLDocumentFragmentScannerImpl.scanStartElement(XMLDocumentFragmentScannerImpl.java:1315)
	at com.sun.org.apache.xerces.internal.impl.XMLDocumentFragmentScannerImpl$FragmentContentDriver.next(XMLDocumentFragmentScannerImpl.java:2784)
	at com.sun.org.apache.xerces.internal.impl.XMLDocumentScannerImpl.next(XMLDocumentScannerImpl.java:602)
	at com.sun.org.apache.xerces.internal.impl.XMLDocumentFragmentScannerImpl.scanDocument(XMLDocumentFragmentScannerImpl.java:505)
	at com.sun.org.apache.xerces.internal.parsers.XML11Configuration.parse(XML11Configuration.java:841)
	at com.sun.org.apache.xerces.internal.parsers.XML11Configuration.parse(XML11Configuration.java:770)
	at com.sun.org.apache.xerces.internal.parsers.XMLParser.parse(XMLParser.java:141)
	at com.sun.org.apache.xerces.internal.parsers.DOMParser.parse(DOMParser.java:243)
	at com.sun.org.apache.xerces.internal.jaxp.DocumentBuilderImpl.parse(DocumentBuilderImpl.java:339)
	at org.eclipse.debug.internal.core.LaunchManager.createInfoFromXML(LaunchManager.java:935)
	at org.eclipse.debug.internal.core.LaunchManager.getInfo(LaunchManager.java:1359)
	... 10 more
!SUBENTRY 1 org.eclipse.debug.core 4 5012 2026-07-28 11:20:41.283
!MESSAGE 读取启动配置文件 F:\code\vibe_project\rollerball\M55\libraries\components\mtb-device-support-pse8xxgp\make\make\scripts\interface_version_3\eclipse\CM33\ram\_normal\JLink\any\&&_PRJ_NAME&& Attach RAM (JLink).launch 时发生了 org.xml.sax.SAXParseException; lineNumber: 3; columnNumber: 66; 在实体引用中, 实体名称必须紧跟在 '&' 后面。。
!STACK 0
org.xml.sax.SAXParseException; lineNumber: 3; columnNumber: 66; 在实体引用中, 实体名称必须紧跟在 '&' 后面。
	at com.sun.org.apache.xerces.internal.util.ErrorHandlerWrapper.createSAXParseException(ErrorHandlerWrapper.java:203)
	at com.sun.org.apache.xerces.internal.util.ErrorHandlerWrapper.fatalError(ErrorHandlerWrapper.java:177)
	at com.sun.org.apache.xerces.internal.impl.XMLErrorReporter.reportError(XMLErrorReporter.java:400)
	at com.sun.org.apache.xerces.internal.impl.XMLErrorReporter.reportError(XMLErrorReporter.java:327)
	at com.sun.org.apache.xerces.internal.impl.XMLScanner.reportFatalError(XMLScanner.java:1472)
	at com.sun.org.apache.xerces.internal.impl.XMLScanner.scanAttributeValue(XMLScanner.java:908)
	at com.sun.org.apache.xerces.internal.impl.XMLDocumentFragmentScannerImpl.scanAttribute(XMLDocumentFragmentScannerImpl.java:1548)
	at com.sun.org.apache.xerces.internal.impl.XMLDocumentFragmentScannerImpl.scanStartElement(XMLDocumentFragmentScannerImpl.java:1315)
	at com.sun.org.apache.xerces.internal.impl.XMLDocumentFragmentScannerImpl$FragmentContentDriver.next(XMLDocumentFragmentScannerImpl.java:2784)
	at com.sun.org.apache.xerces.internal.impl.XMLDocumentScannerImpl.next(XMLDocumentScannerImpl.java:602)
	at com.sun.org.apache.xerces.internal.impl.XMLDocumentFragmentScannerImpl.scanDocument(XMLDocumentFragmentScannerImpl.java:505)
	at com.sun.org.apache.xerces.internal.parsers.XML11Configuration.parse(XML11Configuration.java:841)
	at com.sun.org.apache.xerces.internal.parsers.XML11Configuration.parse(XML11Configuration.java:770)
	at com.sun.org.apache.xerces.internal.parsers.XMLParser.parse(XMLParser.java:141)
	at com.sun.org.apache.xerces.internal.parsers.DOMParser.parse(DOMParser.java:243)
	at com.sun.org.apache.xerces.internal.jaxp.DocumentBuilderImpl.parse(DocumentBuilderImpl.java:339)
	at org.eclipse.debug.internal.core.LaunchManager.createInfoFromXML(LaunchManager.java:935)
	at org.eclipse.debug.internal.core.LaunchManager.getInfo(LaunchManager.java:1359)
	at org.eclipse.debug.internal.core.LaunchConfiguration.getInfo(LaunchConfiguration.java:490)
	at org.eclipse.debug.internal.core.LaunchConfiguration.getType(LaunchConfiguration.java:645)
	at org.eclipse.debug.internal.core.LaunchManager.isValid(LaunchManager.java:2091)
	at org.eclipse.debug.internal.core.LaunchManager.verifyConfigurations(LaunchManager.java:2462)
	at org.eclipse.debug.internal.core.LaunchManager.getAllLaunchConfigurations(LaunchManager.java:1140)
	at org.eclipse.debug.internal.core.LaunchManager.getLaunchConfigurations(LaunchManager.java:1444)
	at org.eclipse.debug.internal.core.LaunchManager.getLaunchConfigurations(LaunchManager.java:1439)
	at org.eclipse.launchbar.core.internal.LaunchBarManager.init(LaunchBarManager.java:130)
	at org.eclipse.launchbar.core.internal.LaunchBarManager$1.run(LaunchBarManager.java:96)
	at org.eclipse.core.internal.jobs.Worker.run(Worker.java:63)

!ENTRY org.eclipse.debug.core 4 125 2026-07-28 11:20:41.287
!MESSAGE 调试核心所记录的错误：
!STACK 1
org.eclipse.debug.core.DebugException: 读取启动配置文件 F:\code\vibe_project\rollerball\M55\libraries\components\mtb-device-support-pse8xxgp\make\make\scripts\interface_version_3\eclipse\CM33\ram\_normal\JLink\any\&&_PRJ_NAME&& Program RAM (JLink).launch 时发生了 org.xml.sax.SAXParseException; lineNumber: 3; columnNumber: 66; 在实体引用中, 实体名称必须紧跟在 '&' 后面。。
	at org.eclipse.debug.internal.core.LaunchManager.createDebugException(LaunchManager.java:886)
	at org.eclipse.debug.internal.core.LaunchManager.throwException(LaunchManager.java:2448)
	at org.eclipse.debug.internal.core.LaunchManager.getInfo(LaunchManager.java:1366)
	at org.eclipse.debug.internal.core.LaunchConfiguration.getInfo(LaunchConfiguration.java:490)
	at org.eclipse.debug.internal.core.LaunchConfiguration.getType(LaunchConfiguration.java:645)
	at org.eclipse.debug.internal.core.LaunchManager.isValid(LaunchManager.java:2091)
	at org.eclipse.debug.internal.core.LaunchManager.verifyConfigurations(LaunchManager.java:2462)
	at org.eclipse.debug.internal.core.LaunchManager.getAllLaunchConfigurations(LaunchManager.java:1140)
	at org.eclipse.debug.internal.core.LaunchManager.getLaunchConfigurations(LaunchManager.java:1444)
	at org.eclipse.debug.internal.core.LaunchManager.getLaunchConfigurations(LaunchManager.java:1439)
	at org.eclipse.launchbar.core.internal.LaunchBarManager.init(LaunchBarManager.java:130)
	at org.eclipse.launchbar.core.internal.LaunchBarManager$1.run(LaunchBarManager.java:96)
	at org.eclipse.core.internal.jobs.Worker.run(Worker.java:63)
Caused by: org.xml.sax.SAXParseException; lineNumber: 3; columnNumber: 66; 在实体引用中, 实体名称必须紧跟在 '&' 后面。
	at com.sun.org.apache.xerces.internal.util.ErrorHandlerWrapper.createSAXParseException(ErrorHandlerWrapper.java:203)
	at com.sun.org.apache.xerces.internal.util.ErrorHandlerWrapper.fatalError(ErrorHandlerWrapper.java:177)
	at com.sun.org.apache.xerces.internal.impl.XMLErrorReporter.reportError(XMLErrorReporter.java:400)
	at com.sun.org.apache.xerces.internal.impl.XMLErrorReporter.reportError(XMLErrorReporter.java:327)
	at com.sun.org.apache.xerces.internal.impl.XMLScanner.reportFatalError(XMLScanner.java:1472)
	at com.sun.org.apache.xerces.internal.impl.XMLScanner.scanAttributeValue(XMLScanner.java:908)
	at com.sun.org.apache.xerces.internal.impl.XMLDocumentFragmentScannerImpl.scanAttribute(XMLDocumentFragmentScannerImpl.java:1548)
	at com.sun.org.apache.xerces.internal.impl.XMLDocumentFragmentScannerImpl.scanStartElement(XMLDocumentFragmentScannerImpl.java:1315)
	at com.sun.org.apache.xerces.internal.impl.XMLDocumentFragmentScannerImpl$FragmentContentDriver.next(XMLDocumentFragmentScannerImpl.java:2784)
	at com.sun.org.apache.xerces.internal.impl.XMLDocumentScannerImpl.next(XMLDocumentScannerImpl.java:602)
	at com.sun.org.apache.xerces.internal.impl.XMLDocumentFragmentScannerImpl.scanDocument(XMLDocumentFragmentScannerImpl.java:505)
	at com.sun.org.apache.xerces.internal.parsers.XML11Configuration.parse(XML11Configuration.java:841)
	at com.sun.org.apache.xerces.internal.parsers.XML11Configuration.parse(XML11Configuration.java:770)
	at com.sun.org.apache.xerces.internal.parsers.XMLParser.parse(XMLParser.java:141)
	at com.sun.org.apache.xerces.internal.parsers.DOMParser.parse(DOMParser.java:243)
	at com.sun.org.apache.xerces.internal.jaxp.DocumentBuilderImpl.parse(DocumentBuilderImpl.java:339)
	at org.eclipse.debug.internal.core.LaunchManager.createInfoFromXML(LaunchManager.java:935)
	at org.eclipse.debug.internal.core.LaunchManager.getInfo(LaunchManager.java:1359)
	... 10 more
!SUBENTRY 1 org.eclipse.debug.core 4 5012 2026-07-28 11:20:41.287
!MESSAGE 读取启动配置文件 F:\code\vibe_project\rollerball\M55\libraries\components\mtb-device-support-pse8xxgp\make\make\scripts\interface_version_3\eclipse\CM33\ram\_normal\JLink\any\&&_PRJ_NAME&& Program RAM (JLink).launch 时发生了 org.xml.sax.SAXParseException; lineNumber: 3; columnNumber: 66; 在实体引用中, 实体名称必须紧跟在 '&' 后面。。
!STACK 0
org.xml.sax.SAXParseException; lineNumber: 3; columnNumber: 66; 在实体引用中, 实体名称必须紧跟在 '&' 后面。
	at com.sun.org.apache.xerces.internal.util.ErrorHandlerWrapper.createSAXParseException(ErrorHandlerWrapper.java:203)
	at com.sun.org.apache.xerces.internal.util.ErrorHandlerWrapper.fatalError(ErrorHandlerWrapper.java:177)
	at com.sun.org.apache.xerces.internal.impl.XMLErrorReporter.reportError(XMLErrorReporter.java:400)
	at com.sun.org.apache.xerces.internal.impl.XMLErrorReporter.reportError(XMLErrorReporter.java:327)
	at com.sun.org.apache.xerces.internal.impl.XMLScanner.reportFatalError(XMLScanner.java:1472)
	at com.sun.org.apache.xerces.internal.impl.XMLScanner.scanAttributeValue(XMLScanner.java:908)
	at com.sun.org.apache.xerces.internal.impl.XMLDocumentFragmentScannerImpl.scanAttribute(XMLDocumentFragmentScannerImpl.java:1548)
	at com.sun.org.apache.xerces.internal.impl.XMLDocumentFragmentScannerImpl.scanStartElement(XMLDocumentFragmentScannerImpl.java:1315)
	at com.sun.org.apache.xerces.internal.impl.XMLDocumentFragmentScannerImpl$FragmentContentDriver.next(XMLDocumentFragmentScannerImpl.java:2784)
	at com.sun.org.apache.xerces.internal.impl.XMLDocumentScannerImpl.next(XMLDocumentScannerImpl.java:602)
	at com.sun.org.apache.xerces.internal.impl.XMLDocumentFragmentScannerImpl.scanDocument(XMLDocumentFragmentScannerImpl.java:505)
	at com.sun.org.apache.xerces.internal.parsers.XML11Configuration.parse(XML11Configuration.java:841)
	at com.sun.org.apache.xerces.internal.parsers.XML11Configuration.parse(XML11Configuration.java:770)
	at com.sun.org.apache.xerces.internal.parsers.XMLParser.parse(XMLParser.java:141)
	at com.sun.org.apache.xerces.internal.parsers.DOMParser.parse(DOMParser.java:243)
	at com.sun.org.apache.xerces.internal.jaxp.DocumentBuilderImpl.parse(DocumentBuilderImpl.java:339)
	at org.eclipse.debug.internal.core.LaunchManager.createInfoFromXML(LaunchManager.java:935)
	at org.eclipse.debug.internal.core.LaunchManager.getInfo(LaunchManager.java:1359)
	at org.eclipse.debug.internal.core.LaunchConfiguration.getInfo(LaunchConfiguration.java:490)
	at org.eclipse.debug.internal.core.LaunchConfiguration.getType(LaunchConfiguration.java:645)
	at org.eclipse.debug.internal.core.LaunchManager.isValid(LaunchManager.java:2091)
	at org.eclipse.debug.internal.core.LaunchManager.verifyConfigurations(LaunchManager.java:2462)
	at org.eclipse.debug.internal.core.LaunchManager.getAllLaunchConfigurations(LaunchManager.java:1140)
	at org.eclipse.debug.internal.core.LaunchManager.getLaunchConfigurations(LaunchManager.java:1444)
	at org.eclipse.debug.internal.core.LaunchManager.getLaunchConfigurations(LaunchManager.java:1439)
	at org.eclipse.launchbar.core.internal.LaunchBarManager.init(LaunchBarManager.java:130)
	at org.eclipse.launchbar.core.internal.LaunchBarManager$1.run(LaunchBarManager.java:96)
	at org.eclipse.core.internal.jobs.Worker.run(Worker.java:63)

!ENTRY org.eclipse.debug.core 4 125 2026-07-28 11:20:41.287
!MESSAGE 调试核心所记录的错误：
!STACK 1
org.eclipse.debug.core.DebugException: 读取启动配置文件 F:\code\vibe_project\rollerball\M55\libraries\components\mtb-device-support-pse8xxgp\make\make\scripts\interface_version_3\eclipse\CM33\ram\_normal\KitProg3\any\&&_PRJ_NAME&& Attach (KitProg3_MiniProg4).launch 时发生了 org.xml.sax.SAXParseException; lineNumber: 3; columnNumber: 66; 在实体引用中, 实体名称必须紧跟在 '&' 后面。。
	at org.eclipse.debug.internal.core.LaunchManager.createDebugException(LaunchManager.java:886)
	at org.eclipse.debug.internal.core.LaunchManager.throwException(LaunchManager.java:2448)
	at org.eclipse.debug.internal.core.LaunchManager.getInfo(LaunchManager.java:1366)
	at org.eclipse.debug.internal.core.LaunchConfiguration.getInfo(LaunchConfiguration.java:490)
	at org.eclipse.debug.internal.core.LaunchConfiguration.getType(LaunchConfiguration.java:645)
	at org.eclipse.debug.internal.core.LaunchManager.isValid(LaunchManager.java:2091)
	at org.eclipse.debug.internal.core.LaunchManager.verifyConfigurations(LaunchManager.java:2462)
	at org.eclipse.debug.internal.core.LaunchManager.getAllLaunchConfigurations(LaunchManager.java:1140)
	at org.eclipse.debug.internal.core.LaunchManager.getLaunchConfigurations(LaunchManager.java:1444)
	at org.eclipse.debug.internal.core.LaunchManager.getLaunchConfigurations(LaunchManager.java:1439)
	at org.eclipse.launchbar.core.internal.LaunchBarManager.init(LaunchBarManager.java:130)
	at org.eclipse.launchbar.core.internal.LaunchBarManager$1.run(LaunchBarManager.java:96)
	at org.eclipse.core.internal.jobs.Worker.run(Worker.java:63)
Caused by: org.xml.sax.SAXParseException; lineNumber: 3; columnNumber: 66; 在实体引用中, 实体名称必须紧跟在 '&' 后面。
	at com.sun.org.apache.xerces.internal.util.ErrorHandlerWrapper.createSAXParseException(ErrorHandlerWrapper.java:203)
	at com.sun.org.apache.xerces.internal.util.ErrorHandlerWrapper.fatalError(ErrorHandlerWrapper.java:177)
	at com.sun.org.apache.xerces.internal.impl.XMLErrorReporter.reportError(XMLErrorReporter.java:400)
	at com.sun.org.apache.xerces.internal.impl.XMLErrorReporter.reportError(XMLErrorReporter.java:327)
	at com.sun.org.apache.xerces.internal.impl.XMLScanner.reportFatalError(XMLScanner.java:1472)
	at com.sun.org.apache.xerces.internal.impl.XMLScanner.scanAttributeValue(XMLScanner.java:908)
	at com.sun.org.apache.xerces.internal.impl.XMLDocumentFragmentScannerImpl.scanAttribute(XMLDocumentFragmentScannerImpl.java:1548)
	at com.sun.org.apache.xerces.internal.impl.XMLDocumentFragmentScannerImpl.scanStartElement(XMLDocumentFragmentScannerImpl.java:1315)
	at com.sun.org.apache.xerces.internal.impl.XMLDocumentFragmentScannerImpl$FragmentContentDriver.next(XMLDocumentFragmentScannerImpl.java:2784)
	at com.sun.org.apache.xerces.internal.impl.XMLDocumentScannerImpl.next(XMLDocumentScannerImpl.java:602)
	at com.sun.org.apache.xerces.internal.impl.XMLDocumentFragmentScannerImpl.scanDocument(XMLDocumentFragmentScannerImpl.java:505)
	at com.sun.org.apache.xerces.internal.parsers.XML11Configuration.parse(XML11Configuration.java:841)
	at com.sun.org.apache.xerces.internal.parsers.XML11Configuration.parse(XML11Configuration.java:770)
	at com.sun.org.apache.xerces.internal.parsers.XMLParser.parse(XMLParser.java:141)
	at com.sun.org.apache.xerces.internal.parsers.DOMParser.parse(DOMParser.java:243)
	at com.sun.org.apache.xerces.internal.jaxp.DocumentBuilderImpl.parse(DocumentBuilderImpl.java:339)
	at org.eclipse.debug.internal.core.LaunchManager.createInfoFromXML(LaunchManager.java:935)
	at org.eclipse.debug.internal.core.LaunchManager.getInfo(LaunchManager.java:1359)
	... 10 more
!SUBENTRY 1 org.eclipse.debug.core 4 5012 2026-07-28 11:20:41.287
!MESSAGE 读取启动配置文件 F:\code\vibe_project\rollerball\M55\libraries\components\mtb-device-support-pse8xxgp\make\make\scripts\interface_version_3\eclipse\CM33\ram\_normal\KitProg3\any\&&_PRJ_NAME&& Attach (KitProg3_MiniProg4).launch 时发生了 org.xml.sax.SAXParseException; lineNumber: 3; columnNumber: 66; 在实体引用中, 实体名称必须紧跟在 '&' 后面。。
!STACK 0
org.xml.sax.SAXParseException; lineNumber: 3; columnNumber: 66; 在实体引用中, 实体名称必须紧跟在 '&' 后面。
	at com.sun.org.apache.xerces.internal.util.ErrorHandlerWrapper.createSAXParseException(ErrorHandlerWrapper.java:203)
	at com.sun.org.apache.xerces.internal.util.ErrorHandlerWrapper.fatalError(ErrorHandlerWrapper.java:177)
	at com.sun.org.apache.xerces.internal.impl.XMLErrorReporter.reportError(XMLErrorReporter.java:400)
	at com.sun.org.apache.xerces.internal.impl.XMLErrorReporter.reportError(XMLErrorReporter.java:327)
	at com.sun.org.apache.xerces.internal.impl.XMLScanner.reportFatalError(XMLScanner.java:1472)
	at com.sun.org.apache.xerces.internal.impl.XMLScanner.scanAttributeValue(XMLScanner.java:908)
	at com.sun.org.apache.xerces.internal.impl.XMLDocumentFragmentScannerImpl.scanAttribute(XMLDocumentFragmentScannerImpl.java:1548)
	at com.sun.org.apache.xerces.internal.impl.XMLDocumentFragmentScannerImpl.scanStartElement(XMLDocumentFragmentScannerImpl.java:1315)
	at com.sun.org.apache.xerces.internal.impl.XMLDocumentFragmentScannerImpl$FragmentContentDriver.next(XMLDocumentFragmentScannerImpl.java:2784)
	at com.sun.org.apache.xerces.internal.impl.XMLDocumentScannerImpl.next(XMLDocumentScannerImpl.java:602)
	at com.sun.org.apache.xerces.internal.impl.XMLDocumentFragmentScannerImpl.scanDocument(XMLDocumentFragmentScannerImpl.java:505)
	at com.sun.org.apache.xerces.internal.parsers.XML11Configuration.parse(XML11Configuration.java:841)
	at com.sun.org.apache.xerces.internal.parsers.XML11Configuration.parse(XML11Configuration.java:770)
	at com.sun.org.apache.xerces.internal.parsers.XMLParser.parse(XMLParser.java:141)
	at com.sun.org.apache.xerces.internal.parsers.DOMParser.parse(DOMParser.java:243)
	at com.sun.org.apache.xerces.internal.jaxp.DocumentBuilderImpl.parse(DocumentBuilderImpl.java:339)
	at org.eclipse.debug.internal.core.LaunchManager.createInfoFromXML(LaunchManager.java:935)
	at org.eclipse.debug.internal.core.LaunchManager.getInfo(LaunchManager.java:1359)
	at org.eclipse.debug.internal.core.LaunchConfiguration.getInfo(LaunchConfiguration.java:490)
	at org.eclipse.debug.internal.core.LaunchConfiguration.getType(LaunchConfiguration.java:645)
	at org.eclipse.debug.internal.core.LaunchManager.isValid(LaunchManager.java:2091)
	at org.eclipse.debug.internal.core.LaunchManager.verifyConfigurations(LaunchManager.java:2462)
	at org.eclipse.debug.internal.core.LaunchManager.getAllLaunchConfigurations(LaunchManager.java:1140)
	at org.eclipse.debug.internal.core.LaunchManager.getLaunchConfigurations(LaunchManager.java:1444)
	at org.eclipse.debug.internal.core.LaunchManager.getLaunchConfigurations(LaunchManager.java:1439)
	at org.eclipse.launchbar.core.internal.LaunchBarManager.init(LaunchBarManager.java:130)
	at org.eclipse.launchbar.core.internal.LaunchBarManager$1.run(LaunchBarManager.java:96)
	at org.eclipse.core.internal.jobs.Worker.run(Worker.java:63)

!ENTRY org.eclipse.debug.core 4 125 2026-07-28 11:20:41.287
!MESSAGE 调试核心所记录的错误：
!STACK 1
org.eclipse.debug.core.DebugException: 读取启动配置文件 F:\code\vibe_project\rollerball\M55\libraries\components\mtb-device-support-pse8xxgp\make\make\scripts\interface_version_3\eclipse\CM33\ram\_normal\KitProg3\any\&&_PRJ_NAME&& Debug (KitProg3_MiniProg4).launch 时发生了 org.xml.sax.SAXParseException; lineNumber: 3; columnNumber: 66; 在实体引用中, 实体名称必须紧跟在 '&' 后面。。
	at org.eclipse.debug.internal.core.LaunchManager.createDebugException(LaunchManager.java:886)
	at org.eclipse.debug.internal.core.LaunchManager.throwException(LaunchManager.java:2448)
	at org.eclipse.debug.internal.core.LaunchManager.getInfo(LaunchManager.java:1366)
	at org.eclipse.debug.internal.core.LaunchConfiguration.getInfo(LaunchConfiguration.java:490)
	at org.eclipse.debug.internal.core.LaunchConfiguration.getType(LaunchConfiguration.java:645)
	at org.eclipse.debug.internal.core.LaunchManager.isValid(LaunchManager.java:2091)
	at org.eclipse.debug.internal.core.LaunchManager.verifyConfigurations(LaunchManager.java:2462)
	at org.eclipse.debug.internal.core.LaunchManager.getAllLaunchConfigurations(LaunchManager.java:1140)
	at org.eclipse.debug.internal.core.LaunchManager.getLaunchConfigurations(LaunchManager.java:1444)
	at org.eclipse.debug.internal.core.LaunchManager.getLaunchConfigurations(LaunchManager.java:1439)
	at org.eclipse.launchbar.core.internal.LaunchBarManager.init(LaunchBarManager.java:130)
	at org.eclipse.launchbar.core.internal.LaunchBarManager$1.run(LaunchBarManager.java:96)
	at org.eclipse.core.internal.jobs.Worker.run(Worker.java:63)
Caused by: org.xml.sax.SAXParseException; lineNumber: 3; columnNumber: 66; 在实体引用中, 实体名称必须紧跟在 '&' 后面。
	at com.sun.org.apache.xerces.internal.util.ErrorHandlerWrapper.createSAXParseException(ErrorHandlerWrapper.java:203)
	at com.sun.org.apache.xerces.internal.util.ErrorHandlerWrapper.fatalError(ErrorHandlerWrapper.java:177)
	at com.sun.org.apache.xerces.internal.impl.XMLErrorReporter.reportError(XMLErrorReporter.java:400)
	at com.sun.org.apache.xerces.internal.impl.XMLErrorReporter.reportError(XMLErrorReporter.java:327)
	at com.sun.org.apache.xerces.internal.impl.XMLScanner.reportFatalError(XMLScanner.java:1472)
	at com.sun.org.apache.xerces.internal.impl.XMLScanner.scanAttributeValue(XMLScanner.java:908)
	at com.sun.org.apache.xerces.internal.impl.XMLDocumentFragmentScannerImpl.scanAttribute(XMLDocumentFragmentScannerImpl.java:1548)
	at com.sun.org.apache.xerces.internal.impl.XMLDocumentFragmentScannerImpl.scanStartElement(XMLDocumentFragmentScannerImpl.java:1315)
	at com.sun.org.apache.xerces.internal.impl.XMLDocumentFragmentScannerImpl$FragmentContentDriver.next(XMLDocumentFragmentScannerImpl.java:2784)
	at com.sun.org.apache.xerces.internal.impl.XMLDocumentScannerImpl.next(XMLDocumentScannerImpl.java:602)
	at com.sun.org.apache.xerces.internal.impl.XMLDocumentFragmentScannerImpl.scanDocument(XMLDocumentFragmentScannerImpl.java:505)
	at com.sun.org.apache.xerces.internal.parsers.XML11Configuration.parse(XML11Configuration.java:841)
	at com.sun.org.apache.xerces.internal.parsers.XML11Configuration.parse(XML11Configuration.java:770)
	at com.sun.org.apache.xerces.internal.parsers.XMLParser.parse(XMLParser.java:141)
	at com.sun.org.apache.xerces.internal.parsers.DOMParser.parse(DOMParser.java:243)
	at com.sun.org.apache.xerces.internal.jaxp.DocumentBuilderImpl.parse(DocumentBuilderImpl.java:339)
	at org.eclipse.debug.internal.core.LaunchManager.createInfoFromXML(LaunchManager.java:935)
	at org.eclipse.debug.internal.core.LaunchManager.getInfo(LaunchManager.java:1359)
	... 10 more
!SUBENTRY 1 org.eclipse.debug.core 4 5012 2026-07-28 11:20:41.287
!MESSAGE 读取启动配置文件 F:\code\vibe_project\rollerball\M55\libraries\components\mtb-device-support-pse8xxgp\make\make\scripts\interface_version_3\eclipse\CM33\ram\_normal\KitProg3\any\&&_PRJ_NAME&& Debug (KitProg3_MiniProg4).launch 时发生了 org.xml.sax.SAXParseException; lineNumber: 3; columnNumber: 66; 在实体引用中, 实体名称必须紧跟在 '&' 后面。。
!STACK 0
org.xml.sax.SAXParseException; lineNumber: 3; columnNumber: 66; 在实体引用中, 实体名称必须紧跟在 '&' 后面。
	at com.sun.org.apache.xerces.internal.util.ErrorHandlerWrapper.createSAXParseException(ErrorHandlerWrapper.java:203)
	at com.sun.org.apache.xerces.internal.util.ErrorHandlerWrapper.fatalError(ErrorHandlerWrapper.java:177)
	at com.sun.org.apache.xerces.internal.impl.XMLErrorReporter.reportError(XMLErrorReporter.java:400)
	at com.sun.org.apache.xerces.internal.impl.XMLErrorReporter.reportError(XMLErrorReporter.java:327)
	at com.sun.org.apache.xerces.internal.impl.XMLScanner.reportFatalError(XMLScanner.java:1472)
	at com.sun.org.apache.xerces.internal.impl.XMLScanner.scanAttributeValue(XMLScanner.java:908)
	at com.sun.org.apache.xerces.internal.impl.XMLDocumentFragmentScannerImpl.scanAttribute(XMLDocumentFragmentScannerImpl.java:1548)
	at com.sun.org.apache.xerces.internal.impl.XMLDocumentFragmentScannerImpl.scanStartElement(XMLDocumentFragmentScannerImpl.java:1315)
	at com.sun.org.apache.xerces.internal.impl.XMLDocumentFragmentScannerImpl$FragmentContentDriver.next(XMLDocumentFragmentScannerImpl.java:2784)
	at com.sun.org.apache.xerces.internal.impl.XMLDocumentScannerImpl.next(XMLDocumentScannerImpl.java:602)
	at com.sun.org.apache.xerces.internal.impl.XMLDocumentFragmentScannerImpl.scanDocument(XMLDocumentFragmentScannerImpl.java:505)
	at com.sun.org.apache.xerces.internal.parsers.XML11Configuration.parse(XML11Configuration.java:841)
	at com.sun.org.apache.xerces.internal.parsers.XML11Configuration.parse(XML11Configuration.java:770)
	at com.sun.org.apache.xerces.internal.parsers.XMLParser.parse(XMLParser.java:141)
	at com.sun.org.apache.xerces.internal.parsers.DOMParser.parse(DOMParser.java:243)
	at com.sun.org.apache.xerces.internal.jaxp.DocumentBuilderImpl.parse(DocumentBuilderImpl.java:339)
	at org.eclipse.debug.internal.core.LaunchManager.createInfoFromXML(LaunchManager.java:935)
	at org.eclipse.debug.internal.core.LaunchManager.getInfo(LaunchManager.java:1359)
	at org.eclipse.debug.internal.core.LaunchConfiguration.getInfo(LaunchConfiguration.java:490)
	at org.eclipse.debug.internal.core.LaunchConfiguration.getType(LaunchConfiguration.java:645)
	at org.eclipse.debug.internal.core.LaunchManager.isValid(LaunchManager.java:2091)
	at org.eclipse.debug.internal.core.LaunchManager.verifyConfigurations(LaunchManager.java:2462)
	at org.eclipse.debug.internal.core.LaunchManager.getAllLaunchConfigurations(LaunchManager.java:1140)
	at org.eclipse.debug.internal.core.LaunchManager.getLaunchConfigurations(LaunchManager.java:1444)
	at org.eclipse.debug.internal.core.LaunchManager.getLaunchConfigurations(LaunchManager.java:1439)
	at org.eclipse.launchbar.core.internal.LaunchBarManager.init(LaunchBarManager.java:130)
	at org.eclipse.launchbar.core.internal.LaunchBarManager$1.run(LaunchBarManager.java:96)
	at org.eclipse.core.internal.jobs.Worker.run(Worker.java:63)

!ENTRY org.eclipse.debug.core 4 125 2026-07-28 11:20:41.292
!MESSAGE 调试核心所记录的错误：
!STACK 1
org.eclipse.debug.core.DebugException: 读取启动配置文件 F:\code\vibe_project\rollerball\M55\libraries\components\mtb-device-support-pse8xxgp\make\make\scripts\interface_version_3\eclipse\CM33\ram\_normal\KitProg3\any\&&_PRJ_NAME&& Program (KitProg3_MiniProg4).launch 时发生了 org.xml.sax.SAXParseException; lineNumber: 3; columnNumber: 66; 在实体引用中, 实体名称必须紧跟在 '&' 后面。。
	at org.eclipse.debug.internal.core.LaunchManager.createDebugException(LaunchManager.java:886)
	at org.eclipse.debug.internal.core.LaunchManager.throwException(LaunchManager.java:2448)
	at org.eclipse.debug.internal.core.LaunchManager.getInfo(LaunchManager.java:1366)
	at org.eclipse.debug.internal.core.LaunchConfiguration.getInfo(LaunchConfiguration.java:490)
	at org.eclipse.debug.internal.core.LaunchConfiguration.getType(LaunchConfiguration.java:645)
	at org.eclipse.debug.internal.core.LaunchManager.isValid(LaunchManager.java:2091)
	at org.eclipse.debug.internal.core.LaunchManager.verifyConfigurations(LaunchManager.java:2462)
	at org.eclipse.debug.internal.core.LaunchManager.getAllLaunchConfigurations(LaunchManager.java:1140)
	at org.eclipse.debug.internal.core.LaunchManager.getLaunchConfigurations(LaunchManager.java:1444)
	at org.eclipse.debug.internal.core.LaunchManager.getLaunchConfigurations(LaunchManager.java:1439)
	at org.eclipse.launchbar.core.internal.LaunchBarManager.init(LaunchBarManager.java:130)
	at org.eclipse.launchbar.core.internal.LaunchBarManager$1.run(LaunchBarManager.java:96)
	at org.eclipse.core.internal.jobs.Worker.run(Worker.java:63)
Caused by: org.xml.sax.SAXParseException; lineNumber: 3; columnNumber: 66; 在实体引用中, 实体名称必须紧跟在 '&' 后面。
	at com.sun.org.apache.xerces.internal.util.ErrorHandlerWrapper.createSAXParseException(ErrorHandlerWrapper.java:203)
	at com.sun.org.apache.xerces.internal.util.ErrorHandlerWrapper.fatalError(ErrorHandlerWrapper.java:177)
	at com.sun.org.apache.xerces.internal.impl.XMLErrorReporter.reportError(XMLErrorReporter.java:400)
	at com.sun.org.apache.xerces.internal.impl.XMLErrorReporter.reportError(XMLErrorReporter.java:327)
	at com.sun.org.apache.xerces.internal.impl.XMLScanner.reportFatalError(XMLScanner.java:1472)
	at com.sun.org.apache.xerces.internal.impl.XMLScanner.scanAttributeValue(XMLScanner.java:908)
	at com.sun.org.apache.xerces.internal.impl.XMLDocumentFragmentScannerImpl.scanAttribute(XMLDocumentFragmentScannerImpl.java:1548)
	at com.sun.org.apache.xerces.internal.impl.XMLDocumentFragmentScannerImpl.scanStartElement(XMLDocumentFragmentScannerImpl.java:1315)
	at com.sun.org.apache.xerces.internal.impl.XMLDocumentFragmentScannerImpl$FragmentContentDriver.next(XMLDocumentFragmentScannerImpl.java:2784)
	at com.sun.org.apache.xerces.internal.impl.XMLDocumentScannerImpl.next(XMLDocumentScannerImpl.java:602)
	at com.sun.org.apache.xerces.internal.impl.XMLDocumentFragmentScannerImpl.scanDocument(XMLDocumentFragmentScannerImpl.java:505)
	at com.sun.org.apache.xerces.internal.parsers.XML11Configuration.parse(XML11Configuration.java:841)
	at com.sun.org.apache.xerces.internal.parsers.XML11Configuration.parse(XML11Configuration.java:770)
	at com.sun.org.apache.xerces.internal.parsers.XMLParser.parse(XMLParser.java:141)
	at com.sun.org.apache.xerces.internal.parsers.DOMParser.parse(DOMParser.java:243)
	at com.sun.org.apache.xerces.internal.jaxp.DocumentBuilderImpl.parse(DocumentBuilderImpl.java:339)
	at org.eclipse.debug.internal.core.LaunchManager.createInfoFromXML(LaunchManager.java:935)
	at org.eclipse.debug.internal.core.LaunchManager.getInfo(LaunchManager.java:1359)
	... 10 more
!SUBENTRY 1 org.eclipse.debug.core 4 5012 2026-07-28 11:20:41.292
!MESSAGE 读取启动配置文件 F:\code\vibe_project\rollerball\M55\libraries\components\mtb-device-support-pse8xxgp\make\make\scripts\interface_version_3\eclipse\CM33\ram\_normal\KitProg3\any\&&_PRJ_NAME&& Program (KitProg3_MiniProg4).launch 时发生了 org.xml.sax.SAXParseException; lineNumber: 3; columnNumber: 66; 在实体引用中, 实体名称必须紧跟在 '&' 后面。。
!STACK 0
org.xml.sax.SAXParseException; lineNumber: 3; columnNumber: 66; 在实体引用中, 实体名称必须紧跟在 '&' 后面。
	at com.sun.org.apache.xerces.internal.util.ErrorHandlerWrapper.createSAXParseException(ErrorHandlerWrapper.java:203)
	at com.sun.org.apache.xerces.internal.util.ErrorHandlerWrapper.fatalError(ErrorHandlerWrapper.java:177)
	at com.sun.org.apache.xerces.internal.impl.XMLErrorReporter.reportError(XMLErrorReporter.java:400)
	at com.sun.org.apache.xerces.internal.impl.XMLErrorReporter.reportError(XMLErrorReporter.java:327)
	at com.sun.org.apache.xerces.internal.impl.XMLScanner.reportFatalError(XMLScanner.java:1472)
	at com.sun.org.apache.xerces.internal.impl.XMLScanner.scanAttributeValue(XMLScanner.java:908)
	at com.sun.org.apache.xerces.internal.impl.XMLDocumentFragmentScannerImpl.scanAttribute(XMLDocumentFragmentScannerImpl.java:1548)
	at com.sun.org.apache.xerces.internal.impl.XMLDocumentFragmentScannerImpl.scanStartElement(XMLDocumentFragmentScannerImpl.java:1315)
	at com.sun.org.apache.xerces.internal.impl.XMLDocumentFragmentScannerImpl$FragmentContentDriver.next(XMLDocumentFragmentScannerImpl.java:2784)
	at com.sun.org.apache.xerces.internal.impl.XMLDocumentScannerImpl.next(XMLDocumentScannerImpl.java:602)
	at com.sun.org.apache.xerces.internal.impl.XMLDocumentFragmentScannerImpl.scanDocument(XMLDocumentFragmentScannerImpl.java:505)
	at com.sun.org.apache.xerces.internal.parsers.XML11Configuration.parse(XML11Configuration.java:841)
	at com.sun.org.apache.xerces.internal.parsers.XML11Configuration.parse(XML11Configuration.java:770)
	at com.sun.org.apache.xerces.internal.parsers.XMLParser.parse(XMLParser.java:141)
	at com.sun.org.apache.xerces.internal.parsers.DOMParser.parse(DOMParser.java:243)
	at com.sun.org.apache.xerces.internal.jaxp.DocumentBuilderImpl.parse(DocumentBuilderImpl.java:339)
	at org.eclipse.debug.internal.core.LaunchManager.createInfoFromXML(LaunchManager.java:935)
	at org.eclipse.debug.internal.core.LaunchManager.getInfo(LaunchManager.java:1359)
	at org.eclipse.debug.internal.core.LaunchConfiguration.getInfo(LaunchConfiguration.java:490)
	at org.eclipse.debug.internal.core.LaunchConfiguration.getType(LaunchConfiguration.java:645)
	at org.eclipse.debug.internal.core.LaunchManager.isValid(LaunchManager.java:2091)
	at org.eclipse.debug.internal.core.LaunchManager.verifyConfigurations(LaunchManager.java:2462)
	at org.eclipse.debug.internal.core.LaunchManager.getAllLaunchConfigurations(LaunchManager.java:1140)
	at org.eclipse.debug.internal.core.LaunchManager.getLaunchConfigurations(LaunchManager.java:1444)
	at org.eclipse.debug.internal.core.LaunchManager.getLaunchConfigurations(LaunchManager.java:1439)
	at org.eclipse.launchbar.core.internal.LaunchBarManager.init(LaunchBarManager.java:130)
	at org.eclipse.launchbar.core.internal.LaunchBarManager$1.run(LaunchBarManager.java:96)
	at org.eclipse.core.internal.jobs.Worker.run(Worker.java:63)

!ENTRY org.eclipse.debug.core 4 125 2026-07-28 11:20:41.292
!MESSAGE 调试核心所记录的错误：
!STACK 1
org.eclipse.debug.core.DebugException: 读取启动配置文件 F:\code\vibe_project\rollerball\M55\libraries\components\mtb-device-support-pse8xxgp\make\make\scripts\interface_version_3\eclipse\CM33\ram\_normal\KitProg3\combine_sign\Debug.launch 时发生了 org.xml.sax.SAXParseException; lineNumber: 3; columnNumber: 66; 在实体引用中, 实体名称必须紧跟在 '&' 后面。。
	at org.eclipse.debug.internal.core.LaunchManager.createDebugException(LaunchManager.java:886)
	at org.eclipse.debug.internal.core.LaunchManager.throwException(LaunchManager.java:2448)
	at org.eclipse.debug.internal.core.LaunchManager.getInfo(LaunchManager.java:1366)
	at org.eclipse.debug.internal.core.LaunchConfiguration.getInfo(LaunchConfiguration.java:490)
	at org.eclipse.debug.internal.core.LaunchConfiguration.getType(LaunchConfiguration.java:645)
	at org.eclipse.debug.internal.core.LaunchManager.isValid(LaunchManager.java:2091)
	at org.eclipse.debug.internal.core.LaunchManager.verifyConfigurations(LaunchManager.java:2462)
	at org.eclipse.debug.internal.core.LaunchManager.getAllLaunchConfigurations(LaunchManager.java:1140)
	at org.eclipse.debug.internal.core.LaunchManager.getLaunchConfigurations(LaunchManager.java:1444)
	at org.eclipse.debug.internal.core.LaunchManager.getLaunchConfigurations(LaunchManager.java:1439)
	at org.eclipse.launchbar.core.internal.LaunchBarManager.init(LaunchBarManager.java:130)
	at org.eclipse.launchbar.core.internal.LaunchBarManager$1.run(LaunchBarManager.java:96)
	at org.eclipse.core.internal.jobs.Worker.run(Worker.java:63)
Caused by: org.xml.sax.SAXParseException; lineNumber: 3; columnNumber: 66; 在实体引用中, 实体名称必须紧跟在 '&' 后面。
	at com.sun.org.apache.xerces.internal.util.ErrorHandlerWrapper.createSAXParseException(ErrorHandlerWrapper.java:203)
	at com.sun.org.apache.xerces.internal.util.ErrorHandlerWrapper.fatalError(ErrorHandlerWrapper.java:177)
	at com.sun.org.apache.xerces.internal.impl.XMLErrorReporter.reportError(XMLErrorReporter.java:400)
	at com.sun.org.apache.xerces.internal.impl.XMLErrorReporter.reportError(XMLErrorReporter.java:327)
	at com.sun.org.apache.xerces.internal.impl.XMLScanner.reportFatalError(XMLScanner.java:1472)
	at com.sun.org.apache.xerces.internal.impl.XMLScanner.scanAttributeValue(XMLScanner.java:908)
	at com.sun.org.apache.xerces.internal.impl.XMLDocumentFragmentScannerImpl.scanAttribute(XMLDocumentFragmentScannerImpl.java:1548)
	at com.sun.org.apache.xerces.internal.impl.XMLDocumentFragmentScannerImpl.scanStartElement(XMLDocumentFragmentScannerImpl.java:1315)
	at com.sun.org.apache.xerces.internal.impl.XMLDocumentFragmentScannerImpl$FragmentContentDriver.next(XMLDocumentFragmentScannerImpl.java:2784)
	at com.sun.org.apache.xerces.internal.impl.XMLDocumentScannerImpl.next(XMLDocumentScannerImpl.java:602)
	at com.sun.org.apache.xerces.internal.impl.XMLDocumentFragmentScannerImpl.scanDocument(XMLDocumentFragmentScannerImpl.java:505)
	at com.sun.org.apache.xerces.internal.parsers.XML11Configuration.parse(XML11Configuration.java:841)
	at com.sun.org.apache.xerces.internal.parsers.XML11Configuration.parse(XML11Configuration.java:770)
	at com.sun.org.apache.xerces.internal.parsers.XMLParser.parse(XMLParser.java:141)
	at com.sun.org.apache.xerces.internal.parsers.DOMParser.parse(DOMParser.java:243)
	at com.sun.org.apache.xerces.internal.jaxp.DocumentBuilderImpl.parse(DocumentBuilderImpl.java:339)
	at org.eclipse.debug.internal.core.LaunchManager.createInfoFromXML(LaunchManager.java:935)
	at org.eclipse.debug.internal.core.LaunchManager.getInfo(LaunchManager.java:1359)
	... 10 more
!SUBENTRY 1 org.eclipse.debug.core 4 5012 2026-07-28 11:20:41.292
!MESSAGE 读取启动配置文件 F:\code\vibe_project\rollerball\M55\libraries\components\mtb-device-support-pse8xxgp\make\make\scripts\interface_version_3\eclipse\CM33\ram\_normal\KitProg3\combine_sign\Debug.launch 时发生了 org.xml.sax.SAXParseException; lineNumber: 3; columnNumber: 66; 在实体引用中, 实体名称必须紧跟在 '&' 后面。。
!STACK 0
org.xml.sax.SAXParseException; lineNumber: 3; columnNumber: 66; 在实体引用中, 实体名称必须紧跟在 '&' 后面。
	at com.sun.org.apache.xerces.internal.util.ErrorHandlerWrapper.createSAXParseException(ErrorHandlerWrapper.java:203)
	at com.sun.org.apache.xerces.internal.util.ErrorHandlerWrapper.fatalError(ErrorHandlerWrapper.java:177)
	at com.sun.org.apache.xerces.internal.impl.XMLErrorReporter.reportError(XMLErrorReporter.java:400)
	at com.sun.org.apache.xerces.internal.impl.XMLErrorReporter.reportError(XMLErrorReporter.java:327)
	at com.sun.org.apache.xerces.internal.impl.XMLScanner.reportFatalError(XMLScanner.java:1472)
	at com.sun.org.apache.xerces.internal.impl.XMLScanner.scanAttributeValue(XMLScanner.java:908)
	at com.sun.org.apache.xerces.internal.impl.XMLDocumentFragmentScannerImpl.scanAttribute(XMLDocumentFragmentScannerImpl.java:1548)
	at com.sun.org.apache.xerces.internal.impl.XMLDocumentFragmentScannerImpl.scanStartElement(XMLDocumentFragmentScannerImpl.java:1315)
	at com.sun.org.apache.xerces.internal.impl.XMLDocumentFragmentScannerImpl$FragmentContentDriver.next(XMLDocumentFragmentScannerImpl.java:2784)
	at com.sun.org.apache.xerces.internal.impl.XMLDocumentScannerImpl.next(XMLDocumentScannerImpl.java:602)
	at com.sun.org.apache.xerces.internal.impl.XMLDocumentFragmentScannerImpl.scanDocument(XMLDocumentFragmentScannerImpl.java:505)
	at com.sun.org.apache.xerces.internal.parsers.XML11Configuration.parse(XML11Configuration.java:841)
	at com.sun.org.apache.xerces.internal.parsers.XML11Configuration.parse(XML11Configuration.java:770)
	at com.sun.org.apache.xerces.internal.parsers.XMLParser.parse(XMLParser.java:141)
	at com.sun.org.apache.xerces.internal.parsers.DOMParser.parse(DOMParser.java:243)
	at com.sun.org.apache.xerces.internal.jaxp.DocumentBuilderImpl.parse(DocumentBuilderImpl.java:339)
	at org.eclipse.debug.internal.core.LaunchManager.createInfoFromXML(LaunchManager.java:935)
	at org.eclipse.debug.internal.core.LaunchManager.getInfo(LaunchManager.java:1359)
	at org.eclipse.debug.internal.core.LaunchConfiguration.getInfo(LaunchConfiguration.java:490)
	at org.eclipse.debug.internal.core.LaunchConfiguration.getType(LaunchConfiguration.java:645)
	at org.eclipse.debug.internal.core.LaunchManager.isValid(LaunchManager.java:2091)
	at org.eclipse.debug.internal.core.LaunchManager.verifyConfigurations(LaunchManager.java:2462)
	at org.eclipse.debug.internal.core.LaunchManager.getAllLaunchConfigurations(LaunchManager.java:1140)
	at org.eclipse.debug.internal.core.LaunchManager.getLaunchConfigurations(LaunchManager.java:1444)
	at org.eclipse.debug.internal.core.LaunchManager.getLaunchConfigurations(LaunchManager.java:1439)
	at org.eclipse.launchbar.core.internal.LaunchBarManager.init(LaunchBarManager.java:130)
	at org.eclipse.launchbar.core.internal.LaunchBarManager$1.run(LaunchBarManager.java:96)
	at org.eclipse.core.internal.jobs.Worker.run(Worker.java:63)

!ENTRY org.eclipse.debug.core 4 125 2026-07-28 11:20:41.292
!MESSAGE 调试核心所记录的错误：
!STACK 1
org.eclipse.debug.core.DebugException: 读取启动配置文件 F:\code\vibe_project\rollerball\M55\libraries\components\mtb-device-support-pse8xxgp\make\make\scripts\interface_version_3\eclipse\CM33\ram\_normal\KitProg3\multi\&&_PRJ_NAME&& Debug (KitProg3_MiniProg4).launch 时发生了 org.xml.sax.SAXParseException; lineNumber: 3; columnNumber: 66; 在实体引用中, 实体名称必须紧跟在 '&' 后面。。
	at org.eclipse.debug.internal.core.LaunchManager.createDebugException(LaunchManager.java:886)
	at org.eclipse.debug.internal.core.LaunchManager.throwException(LaunchManager.java:2448)
	at org.eclipse.debug.internal.core.LaunchManager.getInfo(LaunchManager.java:1366)
	at org.eclipse.debug.internal.core.LaunchConfiguration.getInfo(LaunchConfiguration.java:490)
	at org.eclipse.debug.internal.core.LaunchConfiguration.getType(LaunchConfiguration.java:645)
	at org.eclipse.debug.internal.core.LaunchManager.isValid(LaunchManager.java:2091)
	at org.eclipse.debug.internal.core.LaunchManager.verifyConfigurations(LaunchManager.java:2462)
	at org.eclipse.debug.internal.core.LaunchManager.getAllLaunchConfigurations(LaunchManager.java:1140)
	at org.eclipse.debug.internal.core.LaunchManager.getLaunchConfigurations(LaunchManager.java:1444)
	at org.eclipse.debug.internal.core.LaunchManager.getLaunchConfigurations(LaunchManager.java:1439)
	at org.eclipse.launchbar.core.internal.LaunchBarManager.init(LaunchBarManager.java:130)
	at org.eclipse.launchbar.core.internal.LaunchBarManager$1.run(LaunchBarManager.java:96)
	at org.eclipse.core.internal.jobs.Worker.run(Worker.java:63)
Caused by: org.xml.sax.SAXParseException; lineNumber: 3; columnNumber: 66; 在实体引用中, 实体名称必须紧跟在 '&' 后面。
	at com.sun.org.apache.xerces.internal.util.ErrorHandlerWrapper.createSAXParseException(ErrorHandlerWrapper.java:203)
	at com.sun.org.apache.xerces.internal.util.ErrorHandlerWrapper.fatalError(ErrorHandlerWrapper.java:177)
	at com.sun.org.apache.xerces.internal.impl.XMLErrorReporter.reportError(XMLErrorReporter.java:400)
	at com.sun.org.apache.xerces.internal.impl.XMLErrorReporter.reportError(XMLErrorReporter.java:327)
	at com.sun.org.apache.xerces.internal.impl.XMLScanner.reportFatalError(XMLScanner.java:1472)
	at com.sun.org.apache.xerces.internal.impl.XMLScanner.scanAttributeValue(XMLScanner.java:908)
	at com.sun.org.apache.xerces.internal.impl.XMLDocumentFragmentScannerImpl.scanAttribute(XMLDocumentFragmentScannerImpl.java:1548)
	at com.sun.org.apache.xerces.internal.impl.XMLDocumentFragmentScannerImpl.scanStartElement(XMLDocumentFragmentScannerImpl.java:1315)
	at com.sun.org.apache.xerces.internal.impl.XMLDocumentFragmentScannerImpl$FragmentContentDriver.next(XMLDocumentFragmentScannerImpl.java:2784)
	at com.sun.org.apache.xerces.internal.impl.XMLDocumentScannerImpl.next(XMLDocumentScannerImpl.java:602)
	at com.sun.org.apache.xerces.internal.impl.XMLDocumentFragmentScannerImpl.scanDocument(XMLDocumentFragmentScannerImpl.java:505)
	at com.sun.org.apache.xerces.internal.parsers.XML11Configuration.parse(XML11Configuration.java:841)
	at com.sun.org.apache.xerces.internal.parsers.XML11Configuration.parse(XML11Configuration.java:770)
	at com.sun.org.apache.xerces.internal.parsers.XMLParser.parse(XMLParser.java:141)
	at com.sun.org.apache.xerces.internal.parsers.DOMParser.parse(DOMParser.java:243)
	at com.sun.org.apache.xerces.internal.jaxp.DocumentBuilderImpl.parse(DocumentBuilderImpl.java:339)
	at org.eclipse.debug.internal.core.LaunchManager.createInfoFromXML(LaunchManager.java:935)
	at org.eclipse.debug.internal.core.LaunchManager.getInfo(LaunchManager.java:1359)
	... 10 more
!SUBENTRY 1 org.eclipse.debug.core 4 5012 2026-07-28 11:20:41.292
!MESSAGE 读取启动配置文件 F:\code\vibe_project\rollerball\M55\libraries\components\mtb-device-support-pse8xxgp\make\make\scripts\interface_version_3\eclipse\CM33\ram\_normal\KitProg3\multi\&&_PRJ_NAME&& Debug (KitProg3_MiniProg4).launch 时发生了 org.xml.sax.SAXParseException; lineNumber: 3; columnNumber: 66; 在实体引用中, 实体名称必须紧跟在 '&' 后面。。
!STACK 0
org.xml.sax.SAXParseException; lineNumber: 3; columnNumber: 66; 在实体引用中, 实体名称必须紧跟在 '&' 后面。
	at com.sun.org.apache.xerces.internal.util.ErrorHandlerWrapper.createSAXParseException(ErrorHandlerWrapper.java:203)
	at com.sun.org.apache.xerces.internal.util.ErrorHandlerWrapper.fatalError(ErrorHandlerWrapper.java:177)
	at com.sun.org.apache.xerces.internal.impl.XMLErrorReporter.reportError(XMLErrorReporter.java:400)
	at com.sun.org.apache.xerces.internal.impl.XMLErrorReporter.reportError(XMLErrorReporter.java:327)
	at com.sun.org.apache.xerces.internal.impl.XMLScanner.reportFatalError(XMLScanner.java:1472)
	at com.sun.org.apache.xerces.internal.impl.XMLScanner.scanAttributeValue(XMLScanner.java:908)
	at com.sun.org.apache.xerces.internal.impl.XMLDocumentFragmentScannerImpl.scanAttribute(XMLDocumentFragmentScannerImpl.java:1548)
	at com.sun.org.apache.xerces.internal.impl.XMLDocumentFragmentScannerImpl.scanStartElement(XMLDocumentFragmentScannerImpl.java:1315)
	at com.sun.org.apache.xerces.internal.impl.XMLDocumentFragmentScannerImpl$FragmentContentDriver.next(XMLDocumentFragmentScannerImpl.java:2784)
	at com.sun.org.apache.xerces.internal.impl.XMLDocumentScannerImpl.next(XMLDocumentScannerImpl.java:602)
	at com.sun.org.apache.xerces.internal.impl.XMLDocumentFragmentScannerImpl.scanDocument(XMLDocumentFragmentScannerImpl.java:505)
	at com.sun.org.apache.xerces.internal.parsers.XML11Configuration.parse(XML11Configuration.java:841)
	at com.sun.org.apache.xerces.internal.parsers.XML11Configuration.parse(XML11Configuration.java:770)
	at com.sun.org.apache.xerces.internal.parsers.XMLParser.parse(XMLParser.java:141)
	at com.sun.org.apache.xerces.internal.parsers.DOMParser.parse(DOMParser.java:243)
	at com.sun.org.apache.xerces.internal.jaxp.DocumentBuilderImpl.parse(DocumentBuilderImpl.java:339)
	at org.eclipse.debug.internal.core.LaunchManager.createInfoFromXML(LaunchManager.java:935)
	at org.eclipse.debug.internal.core.LaunchManager.getInfo(LaunchManager.java:1359)
	at org.eclipse.debug.internal.core.LaunchConfiguration.getInfo(LaunchConfiguration.java:490)
	at org.eclipse.debug.internal.core.LaunchConfiguration.getType(LaunchConfiguration.java:645)
	at org.eclipse.debug.internal.core.LaunchManager.isValid(LaunchManager.java:2091)
	at org.eclipse.debug.internal.core.LaunchManager.verifyConfigurations(LaunchManager.java:2462)
	at org.eclipse.debug.internal.core.LaunchManager.getAllLaunchConfigurations(LaunchManager.java:1140)
	at org.eclipse.debug.internal.core.LaunchManager.getLaunchConfigurations(LaunchManager.java:1444)
	at org.eclipse.debug.internal.core.LaunchManager.getLaunchConfigurations(LaunchManager.java:1439)
	at org.eclipse.launchbar.core.internal.LaunchBarManager.init(LaunchBarManager.java:130)
	at org.eclipse.launchbar.core.internal.LaunchBarManager$1.run(LaunchBarManager.java:96)
	at org.eclipse.core.internal.jobs.Worker.run(Worker.java:63)

!ENTRY org.eclipse.debug.core 4 125 2026-07-28 11:20:41.296
!MESSAGE 调试核心所记录的错误：
!STACK 1
org.eclipse.debug.core.DebugException: 读取启动配置文件 F:\code\vibe_project\rollerball\M55\libraries\components\mtb-device-support-pse8xxgp\make\make\scripts\interface_version_3\eclipse\CM33\ram\virgin\JLink\any\&&_PRJ_NAME&& Attach RAM (JLink).launch 时发生了 org.xml.sax.SAXParseException; lineNumber: 3; columnNumber: 66; 在实体引用中, 实体名称必须紧跟在 '&' 后面。。
	at org.eclipse.debug.internal.core.LaunchManager.createDebugException(LaunchManager.java:886)
	at org.eclipse.debug.internal.core.LaunchManager.throwException(LaunchManager.java:2448)
	at org.eclipse.debug.internal.core.LaunchManager.getInfo(LaunchManager.java:1366)
	at org.eclipse.debug.internal.core.LaunchConfiguration.getInfo(LaunchConfiguration.java:490)
	at org.eclipse.debug.internal.core.LaunchConfiguration.getType(LaunchConfiguration.java:645)
	at org.eclipse.debug.internal.core.LaunchManager.isValid(LaunchManager.java:2091)
	at org.eclipse.debug.internal.core.LaunchManager.verifyConfigurations(LaunchManager.java:2462)
	at org.eclipse.debug.internal.core.LaunchManager.getAllLaunchConfigurations(LaunchManager.java:1140)
	at org.eclipse.debug.internal.core.LaunchManager.getLaunchConfigurations(LaunchManager.java:1444)
	at org.eclipse.debug.internal.core.LaunchManager.getLaunchConfigurations(LaunchManager.java:1439)
	at org.eclipse.launchbar.core.internal.LaunchBarManager.init(LaunchBarManager.java:130)
	at org.eclipse.launchbar.core.internal.LaunchBarManager$1.run(LaunchBarManager.java:96)
	at org.eclipse.core.internal.jobs.Worker.run(Worker.java:63)
Caused by: org.xml.sax.SAXParseException; lineNumber: 3; columnNumber: 66; 在实体引用中, 实体名称必须紧跟在 '&' 后面。
	at com.sun.org.apache.xerces.internal.util.ErrorHandlerWrapper.createSAXParseException(ErrorHandlerWrapper.java:203)
	at com.sun.org.apache.xerces.internal.util.ErrorHandlerWrapper.fatalError(ErrorHandlerWrapper.java:177)
	at com.sun.org.apache.xerces.internal.impl.XMLErrorReporter.reportError(XMLErrorReporter.java:400)
	at com.sun.org.apache.xerces.internal.impl.XMLErrorReporter.reportError(XMLErrorReporter.java:327)
	at com.sun.org.apache.xerces.internal.impl.XMLScanner.reportFatalError(XMLScanner.java:1472)
	at com.sun.org.apache.xerces.internal.impl.XMLScanner.scanAttributeValue(XMLScanner.java:908)
	at com.sun.org.apache.xerces.internal.impl.XMLDocumentFragmentScannerImpl.scanAttribute(XMLDocumentFragmentScannerImpl.java:1548)
	at com.sun.org.apache.xerces.internal.impl.XMLDocumentFragmentScannerImpl.scanStartElement(XMLDocumentFragmentScannerImpl.java:1315)
	at com.sun.org.apache.xerces.internal.impl.XMLDocumentFragmentScannerImpl$FragmentContentDriver.next(XMLDocumentFragmentScannerImpl.java:2784)
	at com.sun.org.apache.xerces.internal.impl.XMLDocumentScannerImpl.next(XMLDocumentScannerImpl.java:602)
	at com.sun.org.apache.xerces.internal.impl.XMLDocumentFragmentScannerImpl.scanDocument(XMLDocumentFragmentScannerImpl.java:505)
	at com.sun.org.apache.xerces.internal.parsers.XML11Configuration.parse(XML11Configuration.java:841)
	at com.sun.org.apache.xerces.internal.parsers.XML11Configuration.parse(XML11Configuration.java:770)
	at com.sun.org.apache.xerces.internal.parsers.XMLParser.parse(XMLParser.java:141)
	at com.sun.org.apache.xerces.internal.parsers.DOMParser.parse(DOMParser.java:243)
	at com.sun.org.apache.xerces.internal.jaxp.DocumentBuilderImpl.parse(DocumentBuilderImpl.java:339)
	at org.eclipse.debug.internal.core.LaunchManager.createInfoFromXML(LaunchManager.java:935)
	at org.eclipse.debug.internal.core.LaunchManager.getInfo(LaunchManager.java:1359)
	... 10 more
!SUBENTRY 1 org.eclipse.debug.core 4 5012 2026-07-28 11:20:41.296
!MESSAGE 读取启动配置文件 F:\code\vibe_project\rollerball\M55\libraries\components\mtb-device-support-pse8xxgp\make\make\scripts\interface_version_3\eclipse\CM33\ram\virgin\JLink\any\&&_PRJ_NAME&& Attach RAM (JLink).launch 时发生了 org.xml.sax.SAXParseException; lineNumber: 3; columnNumber: 66; 在实体引用中, 实体名称必须紧跟在 '&' 后面。。
!STACK 0
org.xml.sax.SAXParseException; lineNumber: 3; columnNumber: 66; 在实体引用中, 实体名称必须紧跟在 '&' 后面。
	at com.sun.org.apache.xerces.internal.util.ErrorHandlerWrapper.createSAXParseException(ErrorHandlerWrapper.java:203)
	at com.sun.org.apache.xerces.internal.util.ErrorHandlerWrapper.fatalError(ErrorHandlerWrapper.java:177)
	at com.sun.org.apache.xerces.internal.impl.XMLErrorReporter.reportError(XMLErrorReporter.java:400)
	at com.sun.org.apache.xerces.internal.impl.XMLErrorReporter.reportError(XMLErrorReporter.java:327)
	at com.sun.org.apache.xerces.internal.impl.XMLScanner.reportFatalError(XMLScanner.java:1472)
	at com.sun.org.apache.xerces.internal.impl.XMLScanner.scanAttributeValue(XMLScanner.java:908)
	at com.sun.org.apache.xerces.internal.impl.XMLDocumentFragmentScannerImpl.scanAttribute(XMLDocumentFragmentScannerImpl.java:1548)
	at com.sun.org.apache.xerces.internal.impl.XMLDocumentFragmentScannerImpl.scanStartElement(XMLDocumentFragmentScannerImpl.java:1315)
	at com.sun.org.apache.xerces.internal.impl.XMLDocumentFragmentScannerImpl$FragmentContentDriver.next(XMLDocumentFragmentScannerImpl.java:2784)
	at com.sun.org.apache.xerces.internal.impl.XMLDocumentScannerImpl.next(XMLDocumentScannerImpl.java:602)
	at com.sun.org.apache.xerces.internal.impl.XMLDocumentFragmentScannerImpl.scanDocument(XMLDocumentFragmentScannerImpl.java:505)
	at com.sun.org.apache.xerces.internal.parsers.XML11Configuration.parse(XML11Configuration.java:841)
	at com.sun.org.apache.xerces.internal.parsers.XML11Configuration.parse(XML11Configuration.java:770)
	at com.sun.org.apache.xerces.internal.parsers.XMLParser.parse(XMLParser.java:141)
	at com.sun.org.apache.xerces.internal.parsers.DOMParser.parse(DOMParser.java:243)
	at com.sun.org.apache.xerces.internal.jaxp.DocumentBuilderImpl.parse(DocumentBuilderImpl.java:339)
	at org.eclipse.debug.internal.core.LaunchManager.createInfoFromXML(LaunchManager.java:935)
	at org.eclipse.debug.internal.core.LaunchManager.getInfo(LaunchManager.java:1359)
	at org.eclipse.debug.internal.core.LaunchConfiguration.getInfo(LaunchConfiguration.java:490)
	at org.eclipse.debug.internal.core.LaunchConfiguration.getType(LaunchConfiguration.java:645)
	at org.eclipse.debug.internal.core.LaunchManager.isValid(LaunchManager.java:2091)
	at org.eclipse.debug.internal.core.LaunchManager.verifyConfigurations(LaunchManager.java:2462)
	at org.eclipse.debug.internal.core.LaunchManager.getAllLaunchConfigurations(LaunchManager.java:1140)
	at org.eclipse.debug.internal.core.LaunchManager.getLaunchConfigurations(LaunchManager.java:1444)
	at org.eclipse.debug.internal.core.LaunchManager.getLaunchConfigurations(LaunchManager.java:1439)
	at org.eclipse.launchbar.core.internal.LaunchBarManager.init(LaunchBarManager.java:130)
	at org.eclipse.launchbar.core.internal.LaunchBarManager$1.run(LaunchBarManager.java:96)
	at org.eclipse.core.internal.jobs.Worker.run(Worker.java:63)

!ENTRY org.eclipse.debug.core 4 125 2026-07-28 11:20:41.296
!MESSAGE 调试核心所记录的错误：
!STACK 1
org.eclipse.debug.core.DebugException: 读取启动配置文件 F:\code\vibe_project\rollerball\M55\libraries\components\mtb-device-support-pse8xxgp\make\make\scripts\interface_version_3\eclipse\CM33\ram\virgin\JLink\any\&&_PRJ_NAME&& Program RAM (JLink).launch 时发生了 org.xml.sax.SAXParseException; lineNumber: 3; columnNumber: 66; 在实体引用中, 实体名称必须紧跟在 '&' 后面。。
	at org.eclipse.debug.internal.core.LaunchManager.createDebugException(LaunchManager.java:886)
	at org.eclipse.debug.internal.core.LaunchManager.throwException(LaunchManager.java:2448)
	at org.eclipse.debug.internal.core.LaunchManager.getInfo(LaunchManager.java:1366)
	at org.eclipse.debug.internal.core.LaunchConfiguration.getInfo(LaunchConfiguration.java:490)
	at org.eclipse.debug.internal.core.LaunchConfiguration.getType(LaunchConfiguration.java:645)
	at org.eclipse.debug.internal.core.LaunchManager.isValid(LaunchManager.java:2091)
	at org.eclipse.debug.internal.core.LaunchManager.verifyConfigurations(LaunchManager.java:2462)
	at org.eclipse.debug.internal.core.LaunchManager.getAllLaunchConfigurations(LaunchManager.java:1140)
	at org.eclipse.debug.internal.core.LaunchManager.getLaunchConfigurations(LaunchManager.java:1444)
	at org.eclipse.debug.internal.core.LaunchManager.getLaunchConfigurations(LaunchManager.java:1439)
	at org.eclipse.launchbar.core.internal.LaunchBarManager.init(LaunchBarManager.java:130)
	at org.eclipse.launchbar.core.internal.LaunchBarManager$1.run(LaunchBarManager.java:96)
	at org.eclipse.core.internal.jobs.Worker.run(Worker.java:63)
Caused by: org.xml.sax.SAXParseException; lineNumber: 3; columnNumber: 66; 在实体引用中, 实体名称必须紧跟在 '&' 后面。
	at com.sun.org.apache.xerces.internal.util.ErrorHandlerWrapper.createSAXParseException(ErrorHandlerWrapper.java:203)
	at com.sun.org.apache.xerces.internal.util.ErrorHandlerWrapper.fatalError(ErrorHandlerWrapper.java:177)
	at com.sun.org.apache.xerces.internal.impl.XMLErrorReporter.reportError(XMLErrorReporter.java:400)
	at com.sun.org.apache.xerces.internal.impl.XMLErrorReporter.reportError(XMLErrorReporter.java:327)
	at com.sun.org.apache.xerces.internal.impl.XMLScanner.reportFatalError(XMLScanner.java:1472)
	at com.sun.org.apache.xerces.internal.impl.XMLScanner.scanAttributeValue(XMLScanner.java:908)
	at com.sun.org.apache.xerces.internal.impl.XMLDocumentFragmentScannerImpl.scanAttribute(XMLDocumentFragmentScannerImpl.java:1548)
	at com.sun.org.apache.xerces.internal.impl.XMLDocumentFragmentScannerImpl.scanStartElement(XMLDocumentFragmentScannerImpl.java:1315)
	at com.sun.org.apache.xerces.internal.impl.XMLDocumentFragmentScannerImpl$FragmentContentDriver.next(XMLDocumentFragmentScannerImpl.java:2784)
	at com.sun.org.apache.xerces.internal.impl.XMLDocumentScannerImpl.next(XMLDocumentScannerImpl.java:602)
	at com.sun.org.apache.xerces.internal.impl.XMLDocumentFragmentScannerImpl.scanDocument(XMLDocumentFragmentScannerImpl.java:505)
	at com.sun.org.apache.xerces.internal.parsers.XML11Configuration.parse(XML11Configuration.java:841)
	at com.sun.org.apache.xerces.internal.parsers.XML11Configuration.parse(XML11Configuration.java:770)
	at com.sun.org.apache.xerces.internal.parsers.XMLParser.parse(XMLParser.java:141)
	at com.sun.org.apache.xerces.internal.parsers.DOMParser.parse(DOMParser.java:243)
	at com.sun.org.apache.xerces.internal.jaxp.DocumentBuilderImpl.parse(DocumentBuilderImpl.java:339)
	at org.eclipse.debug.internal.core.LaunchManager.createInfoFromXML(LaunchManager.java:935)
	at org.eclipse.debug.internal.core.LaunchManager.getInfo(LaunchManager.java:1359)
	... 10 more
!SUBENTRY 1 org.eclipse.debug.core 4 5012 2026-07-28 11:20:41.296
!MESSAGE 读取启动配置文件 F:\code\vibe_project\rollerball\M55\libraries\components\mtb-device-support-pse8xxgp\make\make\scripts\interface_version_3\eclipse\CM33\ram\virgin\JLink\any\&&_PRJ_NAME&& Program RAM (JLink).launch 时发生了 org.xml.sax.SAXParseException; lineNumber: 3; columnNumber: 66; 在实体引用中, 实体名称必须紧跟在 '&' 后面。。
!STACK 0
org.xml.sax.SAXParseException; lineNumber: 3; columnNumber: 66; 在实体引用中, 实体名称必须紧跟在 '&' 后面。
	at com.sun.org.apache.xerces.internal.util.ErrorHandlerWrapper.createSAXParseException(ErrorHandlerWrapper.java:203)
	at com.sun.org.apache.xerces.internal.util.ErrorHandlerWrapper.fatalError(ErrorHandlerWrapper.java:177)
	at com.sun.org.apache.xerces.internal.impl.XMLErrorReporter.reportError(XMLErrorReporter.java:400)
	at com.sun.org.apache.xerces.internal.impl.XMLErrorReporter.reportError(XMLErrorReporter.java:327)
	at com.sun.org.apache.xerces.internal.impl.XMLScanner.reportFatalError(XMLScanner.java:1472)
	at com.sun.org.apache.xerces.internal.impl.XMLScanner.scanAttributeValue(XMLScanner.java:908)
	at com.sun.org.apache.xerces.internal.impl.XMLDocumentFragmentScannerImpl.scanAttribute(XMLDocumentFragmentScannerImpl.java:1548)
	at com.sun.org.apache.xerces.internal.impl.XMLDocumentFragmentScannerImpl.scanStartElement(XMLDocumentFragmentScannerImpl.java:1315)
	at com.sun.org.apache.xerces.internal.impl.XMLDocumentFragmentScannerImpl$FragmentContentDriver.next(XMLDocumentFragmentScannerImpl.java:2784)
	at com.sun.org.apache.xerces.internal.impl.XMLDocumentScannerImpl.next(XMLDocumentScannerImpl.java:602)
	at com.sun.org.apache.xerces.internal.impl.XMLDocumentFragmentScannerImpl.scanDocument(XMLDocumentFragmentScannerImpl.java:505)
	at com.sun.org.apache.xerces.internal.parsers.XML11Configuration.parse(XML11Configuration.java:841)
	at com.sun.org.apache.xerces.internal.parsers.XML11Configuration.parse(XML11Configuration.java:770)
	at com.sun.org.apache.xerces.internal.parsers.XMLParser.parse(XMLParser.java:141)
	at com.sun.org.apache.xerces.internal.parsers.DOMParser.parse(DOMParser.java:243)
	at com.sun.org.apache.xerces.internal.jaxp.DocumentBuilderImpl.parse(DocumentBuilderImpl.java:339)
	at org.eclipse.debug.internal.core.LaunchManager.createInfoFromXML(LaunchManager.java:935)
	at org.eclipse.debug.internal.core.LaunchManager.getInfo(LaunchManager.java:1359)
	at org.eclipse.debug.internal.core.LaunchConfiguration.getInfo(LaunchConfiguration.java:490)
	at org.eclipse.debug.internal.core.LaunchConfiguration.getType(LaunchConfiguration.java:645)
	at org.eclipse.debug.internal.core.LaunchManager.isValid(LaunchManager.java:2091)
	at org.eclipse.debug.internal.core.LaunchManager.verifyConfigurations(LaunchManager.java:2462)
	at org.eclipse.debug.internal.core.LaunchManager.getAllLaunchConfigurations(LaunchManager.java:1140)
	at org.eclipse.debug.internal.core.LaunchManager.getLaunchConfigurations(LaunchManager.java:1444)
	at org.eclipse.debug.internal.core.LaunchManager.getLaunchConfigurations(LaunchManager.java:1439)
	at org.eclipse.launchbar.core.internal.LaunchBarManager.init(LaunchBarManager.java:130)
	at org.eclipse.launchbar.core.internal.LaunchBarManager$1.run(LaunchBarManager.java:96)
	at org.eclipse.core.internal.jobs.Worker.run(Worker.java:63)

!ENTRY org.eclipse.debug.core 4 125 2026-07-28 11:20:41.300
!MESSAGE 调试核心所记录的错误：
!STACK 1
org.eclipse.debug.core.DebugException: 读取启动配置文件 F:\code\vibe_project\rollerball\M55\libraries\components\mtb-device-support-pse8xxgp\make\make\scripts\interface_version_3\eclipse\CM33\ram\virgin\KitProg3\any\&&_PRJ_NAME&& Attach RAM (KitProg3_MiniProg4).launch 时发生了 org.xml.sax.SAXParseException; lineNumber: 3; columnNumber: 66; 在实体引用中, 实体名称必须紧跟在 '&' 后面。。
	at org.eclipse.debug.internal.core.LaunchManager.createDebugException(LaunchManager.java:886)
	at org.eclipse.debug.internal.core.LaunchManager.throwException(LaunchManager.java:2448)
	at org.eclipse.debug.internal.core.LaunchManager.getInfo(LaunchManager.java:1366)
	at org.eclipse.debug.internal.core.LaunchConfiguration.getInfo(LaunchConfiguration.java:490)
	at org.eclipse.debug.internal.core.LaunchConfiguration.getType(LaunchConfiguration.java:645)
	at org.eclipse.debug.internal.core.LaunchManager.isValid(LaunchManager.java:2091)
	at org.eclipse.debug.internal.core.LaunchManager.verifyConfigurations(LaunchManager.java:2462)
	at org.eclipse.debug.internal.core.LaunchManager.getAllLaunchConfigurations(LaunchManager.java:1140)
	at org.eclipse.debug.internal.core.LaunchManager.getLaunchConfigurations(LaunchManager.java:1444)
	at org.eclipse.debug.internal.core.LaunchManager.getLaunchConfigurations(LaunchManager.java:1439)
	at org.eclipse.launchbar.core.internal.LaunchBarManager.init(LaunchBarManager.java:130)
	at org.eclipse.launchbar.core.internal.LaunchBarManager$1.run(LaunchBarManager.java:96)
	at org.eclipse.core.internal.jobs.Worker.run(Worker.java:63)
Caused by: org.xml.sax.SAXParseException; lineNumber: 3; columnNumber: 66; 在实体引用中, 实体名称必须紧跟在 '&' 后面。
	at com.sun.org.apache.xerces.internal.util.ErrorHandlerWrapper.createSAXParseException(ErrorHandlerWrapper.java:203)
	at com.sun.org.apache.xerces.internal.util.ErrorHandlerWrapper.fatalError(ErrorHandlerWrapper.java:177)
	at com.sun.org.apache.xerces.internal.impl.XMLErrorReporter.reportError(XMLErrorReporter.java:400)
	at com.sun.org.apache.xerces.internal.impl.XMLErrorReporter.reportError(XMLErrorReporter.java:327)
	at com.sun.org.apache.xerces.internal.impl.XMLScanner.reportFatalError(XMLScanner.java:1472)
	at com.sun.org.apache.xerces.internal.impl.XMLScanner.scanAttributeValue(XMLScanner.java:908)
	at com.sun.org.apache.xerces.internal.impl.XMLDocumentFragmentScannerImpl.scanAttribute(XMLDocumentFragmentScannerImpl.java:1548)
	at com.sun.org.apache.xerces.internal.impl.XMLDocumentFragmentScannerImpl.scanStartElement(XMLDocumentFragmentScannerImpl.java:1315)
	at com.sun.org.apache.xerces.internal.impl.XMLDocumentFragmentScannerImpl$FragmentContentDriver.next(XMLDocumentFragmentScannerImpl.java:2784)
	at com.sun.org.apache.xerces.internal.impl.XMLDocumentScannerImpl.next(XMLDocumentScannerImpl.java:602)
	at com.sun.org.apache.xerces.internal.impl.XMLDocumentFragmentScannerImpl.scanDocument(XMLDocumentFragmentScannerImpl.java:505)
	at com.sun.org.apache.xerces.internal.parsers.XML11Configuration.parse(XML11Configuration.java:841)
	at com.sun.org.apache.xerces.internal.parsers.XML11Configuration.parse(XML11Configuration.java:770)
	at com.sun.org.apache.xerces.internal.parsers.XMLParser.parse(XMLParser.java:141)
	at com.sun.org.apache.xerces.internal.parsers.DOMParser.parse(DOMParser.java:243)
	at com.sun.org.apache.xerces.internal.jaxp.DocumentBuilderImpl.parse(DocumentBuilderImpl.java:339)
	at org.eclipse.debug.internal.core.LaunchManager.createInfoFromXML(LaunchManager.java:935)
	at org.eclipse.debug.internal.core.LaunchManager.getInfo(LaunchManager.java:1359)
	... 10 more
!SUBENTRY 1 org.eclipse.debug.core 4 5012 2026-07-28 11:20:41.300
!MESSAGE 读取启动配置文件 F:\code\vibe_project\rollerball\M55\libraries\components\mtb-device-support-pse8xxgp\make\make\scripts\interface_version_3\eclipse\CM33\ram\virgin\KitProg3\any\&&_PRJ_NAME&& Attach RAM (KitProg3_MiniProg4).launch 时发生了 org.xml.sax.SAXParseException; lineNumber: 3; columnNumber: 66; 在实体引用中, 实体名称必须紧跟在 '&' 后面。。
!STACK 0
org.xml.sax.SAXParseException; lineNumber: 3; columnNumber: 66; 在实体引用中, 实体名称必须紧跟在 '&' 后面。
	at com.sun.org.apache.xerces.internal.util.ErrorHandlerWrapper.createSAXParseException(ErrorHandlerWrapper.java:203)
	at com.sun.org.apache.xerces.internal.util.ErrorHandlerWrapper.fatalError(ErrorHandlerWrapper.java:177)
	at com.sun.org.apache.xerces.internal.impl.XMLErrorReporter.reportError(XMLErrorReporter.java:400)
	at com.sun.org.apache.xerces.internal.impl.XMLErrorReporter.reportError(XMLErrorReporter.java:327)
	at com.sun.org.apache.xerces.internal.impl.XMLScanner.reportFatalError(XMLScanner.java:1472)
	at com.sun.org.apache.xerces.internal.impl.XMLScanner.scanAttributeValue(XMLScanner.java:908)
	at com.sun.org.apache.xerces.internal.impl.XMLDocumentFragmentScannerImpl.scanAttribute(XMLDocumentFragmentScannerImpl.java:1548)
	at com.sun.org.apache.xerces.internal.impl.XMLDocumentFragmentScannerImpl.scanStartElement(XMLDocumentFragmentScannerImpl.java:1315)
	at com.sun.org.apache.xerces.internal.impl.XMLDocumentFragmentScannerImpl$FragmentContentDriver.next(XMLDocumentFragmentScannerImpl.java:2784)
	at com.sun.org.apache.xerces.internal.impl.XMLDocumentScannerImpl.next(XMLDocumentScannerImpl.java:602)
	at com.sun.org.apache.xerces.internal.impl.XMLDocumentFragmentScannerImpl.scanDocument(XMLDocumentFragmentScannerImpl.java:505)
	at com.sun.org.apache.xerces.internal.parsers.XML11Configuration.parse(XML11Configuration.java:841)
	at com.sun.org.apache.xerces.internal.parsers.XML11Configuration.parse(XML11Configuration.java:770)
	at com.sun.org.apache.xerces.internal.parsers.XMLParser.parse(XMLParser.java:141)
	at com.sun.org.apache.xerces.internal.parsers.DOMParser.parse(DOMParser.java:243)
	at com.sun.org.apache.xerces.internal.jaxp.DocumentBuilderImpl.parse(DocumentBuilderImpl.java:339)
	at org.eclipse.debug.internal.core.LaunchManager.createInfoFromXML(LaunchManager.java:935)
	at org.eclipse.debug.internal.core.LaunchManager.getInfo(LaunchManager.java:1359)
	at org.eclipse.debug.internal.core.LaunchConfiguration.getInfo(LaunchConfiguration.java:490)
	at org.eclipse.debug.internal.core.LaunchConfiguration.getType(LaunchConfiguration.java:645)
	at org.eclipse.debug.internal.core.LaunchManager.isValid(LaunchManager.java:2091)
	at org.eclipse.debug.internal.core.LaunchManager.verifyConfigurations(LaunchManager.java:2462)
	at org.eclipse.debug.internal.core.LaunchManager.getAllLaunchConfigurations(LaunchManager.java:1140)
	at org.eclipse.debug.internal.core.LaunchManager.getLaunchConfigurations(LaunchManager.java:1444)
	at org.eclipse.debug.internal.core.LaunchManager.getLaunchConfigurations(LaunchManager.java:1439)
	at org.eclipse.launchbar.core.internal.LaunchBarManager.init(LaunchBarManager.java:130)
	at org.eclipse.launchbar.core.internal.LaunchBarManager$1.run(LaunchBarManager.java:96)
	at org.eclipse.core.internal.jobs.Worker.run(Worker.java:63)

!ENTRY org.eclipse.debug.core 4 125 2026-07-28 11:20:41.300
!MESSAGE 调试核心所记录的错误：
!STACK 1
org.eclipse.debug.core.DebugException: 读取启动配置文件 F:\code\vibe_project\rollerball\M55\libraries\components\mtb-device-support-pse8xxgp\make\make\scripts\interface_version_3\eclipse\CM33\ram\virgin\KitProg3\any\&&_PRJ_NAME&& Program RAM (KitProg3_MiniProg4).launch 时发生了 org.xml.sax.SAXParseException; lineNumber: 3; columnNumber: 66; 在实体引用中, 实体名称必须紧跟在 '&' 后面。。
	at org.eclipse.debug.internal.core.LaunchManager.createDebugException(LaunchManager.java:886)
	at org.eclipse.debug.internal.core.LaunchManager.throwException(LaunchManager.java:2448)
	at org.eclipse.debug.internal.core.LaunchManager.getInfo(LaunchManager.java:1366)
	at org.eclipse.debug.internal.core.LaunchConfiguration.getInfo(LaunchConfiguration.java:490)
	at org.eclipse.debug.internal.core.LaunchConfiguration.getType(LaunchConfiguration.java:645)
	at org.eclipse.debug.internal.core.LaunchManager.isValid(LaunchManager.java:2091)
	at org.eclipse.debug.internal.core.LaunchManager.verifyConfigurations(LaunchManager.java:2462)
	at org.eclipse.debug.internal.core.LaunchManager.getAllLaunchConfigurations(LaunchManager.java:1140)
	at org.eclipse.debug.internal.core.LaunchManager.getLaunchConfigurations(LaunchManager.java:1444)
	at org.eclipse.debug.internal.core.LaunchManager.getLaunchConfigurations(LaunchManager.java:1439)
	at org.eclipse.launchbar.core.internal.LaunchBarManager.init(LaunchBarManager.java:130)
	at org.eclipse.launchbar.core.internal.LaunchBarManager$1.run(LaunchBarManager.java:96)
	at org.eclipse.core.internal.jobs.Worker.run(Worker.java:63)
Caused by: org.xml.sax.SAXParseException; lineNumber: 3; columnNumber: 66; 在实体引用中, 实体名称必须紧跟在 '&' 后面。
	at com.sun.org.apache.xerces.internal.util.ErrorHandlerWrapper.createSAXParseException(ErrorHandlerWrapper.java:203)
	at com.sun.org.apache.xerces.internal.util.ErrorHandlerWrapper.fatalError(ErrorHandlerWrapper.java:177)
	at com.sun.org.apache.xerces.internal.impl.XMLErrorReporter.reportError(XMLErrorReporter.java:400)
	at com.sun.org.apache.xerces.internal.impl.XMLErrorReporter.reportError(XMLErrorReporter.java:327)
	at com.sun.org.apache.xerces.internal.impl.XMLScanner.reportFatalError(XMLScanner.java:1472)
	at com.sun.org.apache.xerces.internal.impl.XMLScanner.scanAttributeValue(XMLScanner.java:908)
	at com.sun.org.apache.xerces.internal.impl.XMLDocumentFragmentScannerImpl.scanAttribute(XMLDocumentFragmentScannerImpl.java:1548)
	at com.sun.org.apache.xerces.internal.impl.XMLDocumentFragmentScannerImpl.scanStartElement(XMLDocumentFragmentScannerImpl.java:1315)
	at com.sun.org.apache.xerces.internal.impl.XMLDocumentFragmentScannerImpl$FragmentContentDriver.next(XMLDocumentFragmentScannerImpl.java:2784)
	at com.sun.org.apache.xerces.internal.impl.XMLDocumentScannerImpl.next(XMLDocumentScannerImpl.java:602)
	at com.sun.org.apache.xerces.internal.impl.XMLDocumentFragmentScannerImpl.scanDocument(XMLDocumentFragmentScannerImpl.java:505)
	at com.sun.org.apache.xerces.internal.parsers.XML11Configuration.parse(XML11Configuration.java:841)
	at com.sun.org.apache.xerces.internal.parsers.XML11Configuration.parse(XML11Configuration.java:770)
	at com.sun.org.apache.xerces.internal.parsers.XMLParser.parse(XMLParser.java:141)
	at com.sun.org.apache.xerces.internal.parsers.DOMParser.parse(DOMParser.java:243)
	at com.sun.org.apache.xerces.internal.jaxp.DocumentBuilderImpl.parse(DocumentBuilderImpl.java:339)
	at org.eclipse.debug.internal.core.LaunchManager.createInfoFromXML(LaunchManager.java:935)
	at org.eclipse.debug.internal.core.LaunchManager.getInfo(LaunchManager.java:1359)
	... 10 more
!SUBENTRY 1 org.eclipse.debug.core 4 5012 2026-07-28 11:20:41.300
!MESSAGE 读取启动配置文件 F:\code\vibe_project\rollerball\M55\libraries\components\mtb-device-support-pse8xxgp\make\make\scripts\interface_version_3\eclipse\CM33\ram\virgin\KitProg3\any\&&_PRJ_NAME&& Program RAM (KitProg3_MiniProg4).launch 时发生了 org.xml.sax.SAXParseException; lineNumber: 3; columnNumber: 66; 在实体引用中, 实体名称必须紧跟在 '&' 后面。。
!STACK 0
org.xml.sax.SAXParseException; lineNumber: 3; columnNumber: 66; 在实体引用中, 实体名称必须紧跟在 '&' 后面。
	at com.sun.org.apache.xerces.internal.util.ErrorHandlerWrapper.createSAXParseException(ErrorHandlerWrapper.java:203)
	at com.sun.org.apache.xerces.internal.util.ErrorHandlerWrapper.fatalError(ErrorHandlerWrapper.java:177)
	at com.sun.org.apache.xerces.internal.impl.XMLErrorReporter.reportError(XMLErrorReporter.java:400)
	at com.sun.org.apache.xerces.internal.impl.XMLErrorReporter.reportError(XMLErrorReporter.java:327)
	at com.sun.org.apache.xerces.internal.impl.XMLScanner.reportFatalError(XMLScanner.java:1472)
	at com.sun.org.apache.xerces.internal.impl.XMLScanner.scanAttributeValue(XMLScanner.java:908)
	at com.sun.org.apache.xerces.internal.impl.XMLDocumentFragmentScannerImpl.scanAttribute(XMLDocumentFragmentScannerImpl.java:1548)
	at com.sun.org.apache.xerces.internal.impl.XMLDocumentFragmentScannerImpl.scanStartElement(XMLDocumentFragmentScannerImpl.java:1315)
	at com.sun.org.apache.xerces.internal.impl.XMLDocumentFragmentScannerImpl$FragmentContentDriver.next(XMLDocumentFragmentScannerImpl.java:2784)
	at com.sun.org.apache.xerces.internal.impl.XMLDocumentScannerImpl.next(XMLDocumentScannerImpl.java:602)
	at com.sun.org.apache.xerces.internal.impl.XMLDocumentFragmentScannerImpl.scanDocument(XMLDocumentFragmentScannerImpl.java:505)
	at com.sun.org.apache.xerces.internal.parsers.XML11Configuration.parse(XML11Configuration.java:841)
	at com.sun.org.apache.xerces.internal.parsers.XML11Configuration.parse(XML11Configuration.java:770)
	at com.sun.org.apache.xerces.internal.parsers.XMLParser.parse(XMLParser.java:141)
	at com.sun.org.apache.xerces.internal.parsers.DOMParser.parse(DOMParser.java:243)
	at com.sun.org.apache.xerces.internal.jaxp.DocumentBuilderImpl.parse(DocumentBuilderImpl.java:339)
	at org.eclipse.debug.internal.core.LaunchManager.createInfoFromXML(LaunchManager.java:935)
	at org.eclipse.debug.internal.core.LaunchManager.getInfo(LaunchManager.java:1359)
	at org.eclipse.debug.internal.core.LaunchConfiguration.getInfo(LaunchConfiguration.java:490)
	at org.eclipse.debug.internal.core.LaunchConfiguration.getType(LaunchConfiguration.java:645)
	at org.eclipse.debug.internal.core.LaunchManager.isValid(LaunchManager.java:2091)
	at org.eclipse.debug.internal.core.LaunchManager.verifyConfigurations(LaunchManager.java:2462)
	at org.eclipse.debug.internal.core.LaunchManager.getAllLaunchConfigurations(LaunchManager.java:1140)
	at org.eclipse.debug.internal.core.LaunchManager.getLaunchConfigurations(LaunchManager.java:1444)
	at org.eclipse.debug.internal.core.LaunchManager.getLaunchConfigurations(LaunchManager.java:1439)
	at org.eclipse.launchbar.core.internal.LaunchBarManager.init(LaunchBarManager.java:130)
	at org.eclipse.launchbar.core.internal.LaunchBarManager$1.run(LaunchBarManager.java:96)
	at org.eclipse.core.internal.jobs.Worker.run(Worker.java:63)

!ENTRY org.eclipse.debug.core 4 125 2026-07-28 11:20:41.300
!MESSAGE 调试核心所记录的错误：
!STACK 1
org.eclipse.debug.core.DebugException: 读取启动配置文件 F:\code\vibe_project\rollerball\M55\libraries\components\mtb-device-support-pse8xxgp\make\make\scripts\interface_version_3\eclipse\CM55\flash\_normal\JLink\any\&&_PRJ_NAME&& Attach RAM (JLink).launch 时发生了 org.xml.sax.SAXParseException; lineNumber: 3; columnNumber: 66; 在实体引用中, 实体名称必须紧跟在 '&' 后面。。
	at org.eclipse.debug.internal.core.LaunchManager.createDebugException(LaunchManager.java:886)
	at org.eclipse.debug.internal.core.LaunchManager.throwException(LaunchManager.java:2448)
	at org.eclipse.debug.internal.core.LaunchManager.getInfo(LaunchManager.java:1366)
	at org.eclipse.debug.internal.core.LaunchConfiguration.getInfo(LaunchConfiguration.java:490)
	at org.eclipse.debug.internal.core.LaunchConfiguration.getType(LaunchConfiguration.java:645)
	at org.eclipse.debug.internal.core.LaunchManager.isValid(LaunchManager.java:2091)
	at org.eclipse.debug.internal.core.LaunchManager.verifyConfigurations(LaunchManager.java:2462)
	at org.eclipse.debug.internal.core.LaunchManager.getAllLaunchConfigurations(LaunchManager.java:1140)
	at org.eclipse.debug.internal.core.LaunchManager.getLaunchConfigurations(LaunchManager.java:1444)
	at org.eclipse.debug.internal.core.LaunchManager.getLaunchConfigurations(LaunchManager.java:1439)
	at org.eclipse.launchbar.core.internal.LaunchBarManager.init(LaunchBarManager.java:130)
	at org.eclipse.launchbar.core.internal.LaunchBarManager$1.run(LaunchBarManager.java:96)
	at org.eclipse.core.internal.jobs.Worker.run(Worker.java:63)
Caused by: org.xml.sax.SAXParseException; lineNumber: 3; columnNumber: 66; 在实体引用中, 实体名称必须紧跟在 '&' 后面。
	at com.sun.org.apache.xerces.internal.util.ErrorHandlerWrapper.createSAXParseException(ErrorHandlerWrapper.java:203)
	at com.sun.org.apache.xerces.internal.util.ErrorHandlerWrapper.fatalError(ErrorHandlerWrapper.java:177)
	at com.sun.org.apache.xerces.internal.impl.XMLErrorReporter.reportError(XMLErrorReporter.java:400)
	at com.sun.org.apache.xerces.internal.impl.XMLErrorReporter.reportError(XMLErrorReporter.java:327)
	at com.sun.org.apache.xerces.internal.impl.XMLScanner.reportFatalError(XMLScanner.java:1472)
	at com.sun.org.apache.xerces.internal.impl.XMLScanner.scanAttributeValue(XMLScanner.java:908)
	at com.sun.org.apache.xerces.internal.impl.XMLDocumentFragmentScannerImpl.scanAttribute(XMLDocumentFragmentScannerImpl.java:1548)
	at com.sun.org.apache.xerces.internal.impl.XMLDocumentFragmentScannerImpl.scanStartElement(XMLDocumentFragmentScannerImpl.java:1315)
	at com.sun.org.apache.xerces.internal.impl.XMLDocumentFragmentScannerImpl$FragmentContentDriver.next(XMLDocumentFragmentScannerImpl.java:2784)
	at com.sun.org.apache.xerces.internal.impl.XMLDocumentScannerImpl.next(XMLDocumentScannerImpl.java:602)
	at com.sun.org.apache.xerces.internal.impl.XMLDocumentFragmentScannerImpl.scanDocument(XMLDocumentFragmentScannerImpl.java:505)
	at com.sun.org.apache.xerces.internal.parsers.XML11Configuration.parse(XML11Configuration.java:841)
	at com.sun.org.apache.xerces.internal.parsers.XML11Configuration.parse(XML11Configuration.java:770)
	at com.sun.org.apache.xerces.internal.parsers.XMLParser.parse(XMLParser.java:141)
	at com.sun.org.apache.xerces.internal.parsers.DOMParser.parse(DOMParser.java:243)
	at com.sun.org.apache.xerces.internal.jaxp.DocumentBuilderImpl.parse(DocumentBuilderImpl.java:339)
	at org.eclipse.debug.internal.core.LaunchManager.createInfoFromXML(LaunchManager.java:935)
	at org.eclipse.debug.internal.core.LaunchManager.getInfo(LaunchManager.java:1359)
	... 10 more
!SUBENTRY 1 org.eclipse.debug.core 4 5012 2026-07-28 11:20:41.300
!MESSAGE 读取启动配置文件 F:\code\vibe_project\rollerball\M55\libraries\components\mtb-device-support-pse8xxgp\make\make\scripts\interface_version_3\eclipse\CM55\flash\_normal\JLink\any\&&_PRJ_NAME&& Attach RAM (JLink).launch 时发生了 org.xml.sax.SAXParseException; lineNumber: 3; columnNumber: 66; 在实体引用中, 实体名称必须紧跟在 '&' 后面。。
!STACK 0
org.xml.sax.SAXParseException; lineNumber: 3; columnNumber: 66; 在实体引用中, 实体名称必须紧跟在 '&' 后面。
	at com.sun.org.apache.xerces.internal.util.ErrorHandlerWrapper.createSAXParseException(ErrorHandlerWrapper.java:203)
	at com.sun.org.apache.xerces.internal.util.ErrorHandlerWrapper.fatalError(ErrorHandlerWrapper.java:177)
	at com.sun.org.apache.xerces.internal.impl.XMLErrorReporter.reportError(XMLErrorReporter.java:400)
	at com.sun.org.apache.xerces.internal.impl.XMLErrorReporter.reportError(XMLErrorReporter.java:327)
	at com.sun.org.apache.xerces.internal.impl.XMLScanner.reportFatalError(XMLScanner.java:1472)
	at com.sun.org.apache.xerces.internal.impl.XMLScanner.scanAttributeValue(XMLScanner.java:908)
	at com.sun.org.apache.xerces.internal.impl.XMLDocumentFragmentScannerImpl.scanAttribute(XMLDocumentFragmentScannerImpl.java:1548)
	at com.sun.org.apache.xerces.internal.impl.XMLDocumentFragmentScannerImpl.scanStartElement(XMLDocumentFragmentScannerImpl.java:1315)
	at com.sun.org.apache.xerces.internal.impl.XMLDocumentFragmentScannerImpl$FragmentContentDriver.next(XMLDocumentFragmentScannerImpl.java:2784)
	at com.sun.org.apache.xerces.internal.impl.XMLDocumentScannerImpl.next(XMLDocumentScannerImpl.java:602)
	at com.sun.org.apache.xerces.internal.impl.XMLDocumentFragmentScannerImpl.scanDocument(XMLDocumentFragmentScannerImpl.java:505)
	at com.sun.org.apache.xerces.internal.parsers.XML11Configuration.parse(XML11Configuration.java:841)
	at com.sun.org.apache.xerces.internal.parsers.XML11Configuration.parse(XML11Configuration.java:770)
	at com.sun.org.apache.xerces.internal.parsers.XMLParser.parse(XMLParser.java:141)
	at com.sun.org.apache.xerces.internal.parsers.DOMParser.parse(DOMParser.java:243)
	at com.sun.org.apache.xerces.internal.jaxp.DocumentBuilderImpl.parse(DocumentBuilderImpl.java:339)
	at org.eclipse.debug.internal.core.LaunchManager.createInfoFromXML(LaunchManager.java:935)
	at org.eclipse.debug.internal.core.LaunchManager.getInfo(LaunchManager.java:1359)
	at org.eclipse.debug.internal.core.LaunchConfiguration.getInfo(LaunchConfiguration.java:490)
	at org.eclipse.debug.internal.core.LaunchConfiguration.getType(LaunchConfiguration.java:645)
	at org.eclipse.debug.internal.core.LaunchManager.isValid(LaunchManager.java:2091)
	at org.eclipse.debug.internal.core.LaunchManager.verifyConfigurations(LaunchManager.java:2462)
	at org.eclipse.debug.internal.core.LaunchManager.getAllLaunchConfigurations(LaunchManager.java:1140)
	at org.eclipse.debug.internal.core.LaunchManager.getLaunchConfigurations(LaunchManager.java:1444)
	at org.eclipse.debug.internal.core.LaunchManager.getLaunchConfigurations(LaunchManager.java:1439)
	at org.eclipse.launchbar.core.internal.LaunchBarManager.init(LaunchBarManager.java:130)
	at org.eclipse.launchbar.core.internal.LaunchBarManager$1.run(LaunchBarManager.java:96)
	at org.eclipse.core.internal.jobs.Worker.run(Worker.java:63)

!ENTRY org.eclipse.debug.core 4 125 2026-07-28 11:20:41.304
!MESSAGE 调试核心所记录的错误：
!STACK 1
org.eclipse.debug.core.DebugException: 读取启动配置文件 F:\code\vibe_project\rollerball\M55\libraries\components\mtb-device-support-pse8xxgp\make\make\scripts\interface_version_3\eclipse\CM55\flash\_normal\JLink\any\&&_PRJ_NAME&& Program RAM (JLink).launch 时发生了 org.xml.sax.SAXParseException; lineNumber: 3; columnNumber: 66; 在实体引用中, 实体名称必须紧跟在 '&' 后面。。
	at org.eclipse.debug.internal.core.LaunchManager.createDebugException(LaunchManager.java:886)
	at org.eclipse.debug.internal.core.LaunchManager.throwException(LaunchManager.java:2448)
	at org.eclipse.debug.internal.core.LaunchManager.getInfo(LaunchManager.java:1366)
	at org.eclipse.debug.internal.core.LaunchConfiguration.getInfo(LaunchConfiguration.java:490)
	at org.eclipse.debug.internal.core.LaunchConfiguration.getType(LaunchConfiguration.java:645)
	at org.eclipse.debug.internal.core.LaunchManager.isValid(LaunchManager.java:2091)
	at org.eclipse.debug.internal.core.LaunchManager.verifyConfigurations(LaunchManager.java:2462)
	at org.eclipse.debug.internal.core.LaunchManager.getAllLaunchConfigurations(LaunchManager.java:1140)
	at org.eclipse.debug.internal.core.LaunchManager.getLaunchConfigurations(LaunchManager.java:1444)
	at org.eclipse.debug.internal.core.LaunchManager.getLaunchConfigurations(LaunchManager.java:1439)
	at org.eclipse.launchbar.core.internal.LaunchBarManager.init(LaunchBarManager.java:130)
	at org.eclipse.launchbar.core.internal.LaunchBarManager$1.run(LaunchBarManager.java:96)
	at org.eclipse.core.internal.jobs.Worker.run(Worker.java:63)
Caused by: org.xml.sax.SAXParseException; lineNumber: 3; columnNumber: 66; 在实体引用中, 实体名称必须紧跟在 '&' 后面。
	at com.sun.org.apache.xerces.internal.util.ErrorHandlerWrapper.createSAXParseException(ErrorHandlerWrapper.java:203)
	at com.sun.org.apache.xerces.internal.util.ErrorHandlerWrapper.fatalError(ErrorHandlerWrapper.java:177)
	at com.sun.org.apache.xerces.internal.impl.XMLErrorReporter.reportError(XMLErrorReporter.java:400)
	at com.sun.org.apache.xerces.internal.impl.XMLErrorReporter.reportError(XMLErrorReporter.java:327)
	at com.sun.org.apache.xerces.internal.impl.XMLScanner.reportFatalError(XMLScanner.java:1472)
	at com.sun.org.apache.xerces.internal.impl.XMLScanner.scanAttributeValue(XMLScanner.java:908)
	at com.sun.org.apache.xerces.internal.impl.XMLDocumentFragmentScannerImpl.scanAttribute(XMLDocumentFragmentScannerImpl.java:1548)
	at com.sun.org.apache.xerces.internal.impl.XMLDocumentFragmentScannerImpl.scanStartElement(XMLDocumentFragmentScannerImpl.java:1315)
	at com.sun.org.apache.xerces.internal.impl.XMLDocumentFragmentScannerImpl$FragmentContentDriver.next(XMLDocumentFragmentScannerImpl.java:2784)
	at com.sun.org.apache.xerces.internal.impl.XMLDocumentScannerImpl.next(XMLDocumentScannerImpl.java:602)
	at com.sun.org.apache.xerces.internal.impl.XMLDocumentFragmentScannerImpl.scanDocument(XMLDocumentFragmentScannerImpl.java:505)
	at com.sun.org.apache.xerces.internal.parsers.XML11Configuration.parse(XML11Configuration.java:841)
	at com.sun.org.apache.xerces.internal.parsers.XML11Configuration.parse(XML11Configuration.java:770)
	at com.sun.org.apache.xerces.internal.parsers.XMLParser.parse(XMLParser.java:141)
	at com.sun.org.apache.xerces.internal.parsers.DOMParser.parse(DOMParser.java:243)
	at com.sun.org.apache.xerces.internal.jaxp.DocumentBuilderImpl.parse(DocumentBuilderImpl.java:339)
	at org.eclipse.debug.internal.core.LaunchManager.createInfoFromXML(LaunchManager.java:935)
	at org.eclipse.debug.internal.core.LaunchManager.getInfo(LaunchManager.java:1359)
	... 10 more
!SUBENTRY 1 org.eclipse.debug.core 4 5012 2026-07-28 11:20:41.304
!MESSAGE 读取启动配置文件 F:\code\vibe_project\rollerball\M55\libraries\components\mtb-device-support-pse8xxgp\make\make\scripts\interface_version_3\eclipse\CM55\flash\_normal\JLink\any\&&_PRJ_NAME&& Program RAM (JLink).launch 时发生了 org.xml.sax.SAXParseException; lineNumber: 3; columnNumber: 66; 在实体引用中, 实体名称必须紧跟在 '&' 后面。。
!STACK 0
org.xml.sax.SAXParseException; lineNumber: 3; columnNumber: 66; 在实体引用中, 实体名称必须紧跟在 '&' 后面。
	at com.sun.org.apache.xerces.internal.util.ErrorHandlerWrapper.createSAXParseException(ErrorHandlerWrapper.java:203)
	at com.sun.org.apache.xerces.internal.util.ErrorHandlerWrapper.fatalError(ErrorHandlerWrapper.java:177)
	at com.sun.org.apache.xerces.internal.impl.XMLErrorReporter.reportError(XMLErrorReporter.java:400)
	at com.sun.org.apache.xerces.internal.impl.XMLErrorReporter.reportError(XMLErrorReporter.java:327)
	at com.sun.org.apache.xerces.internal.impl.XMLScanner.reportFatalError(XMLScanner.java:1472)
	at com.sun.org.apache.xerces.internal.impl.XMLScanner.scanAttributeValue(XMLScanner.java:908)
	at com.sun.org.apache.xerces.internal.impl.XMLDocumentFragmentScannerImpl.scanAttribute(XMLDocumentFragmentScannerImpl.java:1548)
	at com.sun.org.apache.xerces.internal.impl.XMLDocumentFragmentScannerImpl.scanStartElement(XMLDocumentFragmentScannerImpl.java:1315)
	at com.sun.org.apache.xerces.internal.impl.XMLDocumentFragmentScannerImpl$FragmentContentDriver.next(XMLDocumentFragmentScannerImpl.java:2784)
	at com.sun.org.apache.xerces.internal.impl.XMLDocumentScannerImpl.next(XMLDocumentScannerImpl.java:602)
	at com.sun.org.apache.xerces.internal.impl.XMLDocumentFragmentScannerImpl.scanDocument(XMLDocumentFragmentScannerImpl.java:505)
	at com.sun.org.apache.xerces.internal.parsers.XML11Configuration.parse(XML11Configuration.java:841)
	at com.sun.org.apache.xerces.internal.parsers.XML11Configuration.parse(XML11Configuration.java:770)
	at com.sun.org.apache.xerces.internal.parsers.XMLParser.parse(XMLParser.java:141)
	at com.sun.org.apache.xerces.internal.parsers.DOMParser.parse(DOMParser.java:243)
	at com.sun.org.apache.xerces.internal.jaxp.DocumentBuilderImpl.parse(DocumentBuilderImpl.java:339)
	at org.eclipse.debug.internal.core.LaunchManager.createInfoFromXML(LaunchManager.java:935)
	at org.eclipse.debug.internal.core.LaunchManager.getInfo(LaunchManager.java:1359)
	at org.eclipse.debug.internal.core.LaunchConfiguration.getInfo(LaunchConfiguration.java:490)
	at org.eclipse.debug.internal.core.LaunchConfiguration.getType(LaunchConfiguration.java:645)
	at org.eclipse.debug.internal.core.LaunchManager.isValid(LaunchManager.java:2091)
	at org.eclipse.debug.internal.core.LaunchManager.verifyConfigurations(LaunchManager.java:2462)
	at org.eclipse.debug.internal.core.LaunchManager.getAllLaunchConfigurations(LaunchManager.java:1140)
	at org.eclipse.debug.internal.core.LaunchManager.getLaunchConfigurations(LaunchManager.java:1444)
	at org.eclipse.debug.internal.core.LaunchManager.getLaunchConfigurations(LaunchManager.java:1439)
	at org.eclipse.launchbar.core.internal.LaunchBarManager.init(LaunchBarManager.java:130)
	at org.eclipse.launchbar.core.internal.LaunchBarManager$1.run(LaunchBarManager.java:96)
	at org.eclipse.core.internal.jobs.Worker.run(Worker.java:63)

!ENTRY org.eclipse.debug.core 4 125 2026-07-28 11:20:41.304
!MESSAGE 调试核心所记录的错误：
!STACK 1
org.eclipse.debug.core.DebugException: 读取启动配置文件 F:\code\vibe_project\rollerball\M55\libraries\components\mtb-device-support-pse8xxgp\make\make\scripts\interface_version_3\eclipse\CM55\flash\_normal\KitProg3\any\&&_PRJ_NAME&& Attach (KitProg3_MiniProg4).launch 时发生了 org.xml.sax.SAXParseException; lineNumber: 3; columnNumber: 66; 在实体引用中, 实体名称必须紧跟在 '&' 后面。。
	at org.eclipse.debug.internal.core.LaunchManager.createDebugException(LaunchManager.java:886)
	at org.eclipse.debug.internal.core.LaunchManager.throwException(LaunchManager.java:2448)
	at org.eclipse.debug.internal.core.LaunchManager.getInfo(LaunchManager.java:1366)
	at org.eclipse.debug.internal.core.LaunchConfiguration.getInfo(LaunchConfiguration.java:490)
	at org.eclipse.debug.internal.core.LaunchConfiguration.getType(LaunchConfiguration.java:645)
	at org.eclipse.debug.internal.core.LaunchManager.isValid(LaunchManager.java:2091)
	at org.eclipse.debug.internal.core.LaunchManager.verifyConfigurations(LaunchManager.java:2462)
	at org.eclipse.debug.internal.core.LaunchManager.getAllLaunchConfigurations(LaunchManager.java:1140)
	at org.eclipse.debug.internal.core.LaunchManager.getLaunchConfigurations(LaunchManager.java:1444)
	at org.eclipse.debug.internal.core.LaunchManager.getLaunchConfigurations(LaunchManager.java:1439)
	at org.eclipse.launchbar.core.internal.LaunchBarManager.init(LaunchBarManager.java:130)
	at org.eclipse.launchbar.core.internal.LaunchBarManager$1.run(LaunchBarManager.java:96)
	at org.eclipse.core.internal.jobs.Worker.run(Worker.java:63)
Caused by: org.xml.sax.SAXParseException; lineNumber: 3; columnNumber: 66; 在实体引用中, 实体名称必须紧跟在 '&' 后面。
	at com.sun.org.apache.xerces.internal.util.ErrorHandlerWrapper.createSAXParseException(ErrorHandlerWrapper.java:203)
	at com.sun.org.apache.xerces.internal.util.ErrorHandlerWrapper.fatalError(ErrorHandlerWrapper.java:177)
	at com.sun.org.apache.xerces.internal.impl.XMLErrorReporter.reportError(XMLErrorReporter.java:400)
	at com.sun.org.apache.xerces.internal.impl.XMLErrorReporter.reportError(XMLErrorReporter.java:327)
	at com.sun.org.apache.xerces.internal.impl.XMLScanner.reportFatalError(XMLScanner.java:1472)
	at com.sun.org.apache.xerces.internal.impl.XMLScanner.scanAttributeValue(XMLScanner.java:908)
	at com.sun.org.apache.xerces.internal.impl.XMLDocumentFragmentScannerImpl.scanAttribute(XMLDocumentFragmentScannerImpl.java:1548)
	at com.sun.org.apache.xerces.internal.impl.XMLDocumentFragmentScannerImpl.scanStartElement(XMLDocumentFragmentScannerImpl.java:1315)
	at com.sun.org.apache.xerces.internal.impl.XMLDocumentFragmentScannerImpl$FragmentContentDriver.next(XMLDocumentFragmentScannerImpl.java:2784)
	at com.sun.org.apache.xerces.internal.impl.XMLDocumentScannerImpl.next(XMLDocumentScannerImpl.java:602)
	at com.sun.org.apache.xerces.internal.impl.XMLDocumentFragmentScannerImpl.scanDocument(XMLDocumentFragmentScannerImpl.java:505)
	at com.sun.org.apache.xerces.internal.parsers.XML11Configuration.parse(XML11Configuration.java:841)
	at com.sun.org.apache.xerces.internal.parsers.XML11Configuration.parse(XML11Configuration.java:770)
	at com.sun.org.apache.xerces.internal.parsers.XMLParser.parse(XMLParser.java:141)
	at com.sun.org.apache.xerces.internal.parsers.DOMParser.parse(DOMParser.java:243)
	at com.sun.org.apache.xerces.internal.jaxp.DocumentBuilderImpl.parse(DocumentBuilderImpl.java:339)
	at org.eclipse.debug.internal.core.LaunchManager.createInfoFromXML(LaunchManager.java:935)
	at org.eclipse.debug.internal.core.LaunchManager.getInfo(LaunchManager.java:1359)
	... 10 more
!SUBENTRY 1 org.eclipse.debug.core 4 5012 2026-07-28 11:20:41.304
!MESSAGE 读取启动配置文件 F:\code\vibe_project\rollerball\M55\libraries\components\mtb-device-support-pse8xxgp\make\make\scripts\interface_version_3\eclipse\CM55\flash\_normal\KitProg3\any\&&_PRJ_NAME&& Attach (KitProg3_MiniProg4).launch 时发生了 org.xml.sax.SAXParseException; lineNumber: 3; columnNumber: 66; 在实体引用中, 实体名称必须紧跟在 '&' 后面。。
!STACK 0
org.xml.sax.SAXParseException; lineNumber: 3; columnNumber: 66; 在实体引用中, 实体名称必须紧跟在 '&' 后面。
	at com.sun.org.apache.xerces.internal.util.ErrorHandlerWrapper.createSAXParseException(ErrorHandlerWrapper.java:203)
	at com.sun.org.apache.xerces.internal.util.ErrorHandlerWrapper.fatalError(ErrorHandlerWrapper.java:177)
	at com.sun.org.apache.xerces.internal.impl.XMLErrorReporter.reportError(XMLErrorReporter.java:400)
	at com.sun.org.apache.xerces.internal.impl.XMLErrorReporter.reportError(XMLErrorReporter.java:327)
	at com.sun.org.apache.xerces.internal.impl.XMLScanner.reportFatalError(XMLScanner.java:1472)
	at com.sun.org.apache.xerces.internal.impl.XMLScanner.scanAttributeValue(XMLScanner.java:908)
	at com.sun.org.apache.xerces.internal.impl.XMLDocumentFragmentScannerImpl.scanAttribute(XMLDocumentFragmentScannerImpl.java:1548)
	at com.sun.org.apache.xerces.internal.impl.XMLDocumentFragmentScannerImpl.scanStartElement(XMLDocumentFragmentScannerImpl.java:1315)
	at com.sun.org.apache.xerces.internal.impl.XMLDocumentFragmentScannerImpl$FragmentContentDriver.next(XMLDocumentFragmentScannerImpl.java:2784)
	at com.sun.org.apache.xerces.internal.impl.XMLDocumentScannerImpl.next(XMLDocumentScannerImpl.java:602)
	at com.sun.org.apache.xerces.internal.impl.XMLDocumentFragmentScannerImpl.scanDocument(XMLDocumentFragmentScannerImpl.java:505)
	at com.sun.org.apache.xerces.internal.parsers.XML11Configuration.parse(XML11Configuration.java:841)
	at com.sun.org.apache.xerces.internal.parsers.XML11Configuration.parse(XML11Configuration.java:770)
	at com.sun.org.apache.xerces.internal.parsers.XMLParser.parse(XMLParser.java:141)
	at com.sun.org.apache.xerces.internal.parsers.DOMParser.parse(DOMParser.java:243)
	at com.sun.org.apache.xerces.internal.jaxp.DocumentBuilderImpl.parse(DocumentBuilderImpl.java:339)
	at org.eclipse.debug.internal.core.LaunchManager.createInfoFromXML(LaunchManager.java:935)
	at org.eclipse.debug.internal.core.LaunchManager.getInfo(LaunchManager.java:1359)
	at org.eclipse.debug.internal.core.LaunchConfiguration.getInfo(LaunchConfiguration.java:490)
	at org.eclipse.debug.internal.core.LaunchConfiguration.getType(LaunchConfiguration.java:645)
	at org.eclipse.debug.internal.core.LaunchManager.isValid(LaunchManager.java:2091)
	at org.eclipse.debug.internal.core.LaunchManager.verifyConfigurations(LaunchManager.java:2462)
	at org.eclipse.debug.internal.core.LaunchManager.getAllLaunchConfigurations(LaunchManager.java:1140)
	at org.eclipse.debug.internal.core.LaunchManager.getLaunchConfigurations(LaunchManager.java:1444)
	at org.eclipse.debug.internal.core.LaunchManager.getLaunchConfigurations(LaunchManager.java:1439)
	at org.eclipse.launchbar.core.internal.LaunchBarManager.init(LaunchBarManager.java:130)
	at org.eclipse.launchbar.core.internal.LaunchBarManager$1.run(LaunchBarManager.java:96)
	at org.eclipse.core.internal.jobs.Worker.run(Worker.java:63)

!ENTRY org.eclipse.debug.core 4 125 2026-07-28 11:20:41.309
!MESSAGE 调试核心所记录的错误：
!STACK 1
org.eclipse.debug.core.DebugException: 读取启动配置文件 F:\code\vibe_project\rollerball\M55\libraries\components\mtb-device-support-pse8xxgp\make\make\scripts\interface_version_3\eclipse\CM55\flash\_normal\KitProg3\any\&&_PRJ_NAME&& Program (KitProg3_MiniProg4).launch 时发生了 org.xml.sax.SAXParseException; lineNumber: 3; columnNumber: 66; 在实体引用中, 实体名称必须紧跟在 '&' 后面。。
	at org.eclipse.debug.internal.core.LaunchManager.createDebugException(LaunchManager.java:886)
	at org.eclipse.debug.internal.core.LaunchManager.throwException(LaunchManager.java:2448)
	at org.eclipse.debug.internal.core.LaunchManager.getInfo(LaunchManager.java:1366)
	at org.eclipse.debug.internal.core.LaunchConfiguration.getInfo(LaunchConfiguration.java:490)
	at org.eclipse.debug.internal.core.LaunchConfiguration.getType(LaunchConfiguration.java:645)
	at org.eclipse.debug.internal.core.LaunchManager.isValid(LaunchManager.java:2091)
	at org.eclipse.debug.internal.core.LaunchManager.verifyConfigurations(LaunchManager.java:2462)
	at org.eclipse.debug.internal.core.LaunchManager.getAllLaunchConfigurations(LaunchManager.java:1140)
	at org.eclipse.debug.internal.core.LaunchManager.getLaunchConfigurations(LaunchManager.java:1444)
	at org.eclipse.debug.internal.core.LaunchManager.getLaunchConfigurations(LaunchManager.java:1439)
	at org.eclipse.launchbar.core.internal.LaunchBarManager.init(LaunchBarManager.java:130)
	at org.eclipse.launchbar.core.internal.LaunchBarManager$1.run(LaunchBarManager.java:96)
	at org.eclipse.core.internal.jobs.Worker.run(Worker.java:63)
Caused by: org.xml.sax.SAXParseException; lineNumber: 3; columnNumber: 66; 在实体引用中, 实体名称必须紧跟在 '&' 后面。
	at com.sun.org.apache.xerces.internal.util.ErrorHandlerWrapper.createSAXParseException(ErrorHandlerWrapper.java:203)
	at com.sun.org.apache.xerces.internal.util.ErrorHandlerWrapper.fatalError(ErrorHandlerWrapper.java:177)
	at com.sun.org.apache.xerces.internal.impl.XMLErrorReporter.reportError(XMLErrorReporter.java:400)
	at com.sun.org.apache.xerces.internal.impl.XMLErrorReporter.reportError(XMLErrorReporter.java:327)
	at com.sun.org.apache.xerces.internal.impl.XMLScanner.reportFatalError(XMLScanner.java:1472)
	at com.sun.org.apache.xerces.internal.impl.XMLScanner.scanAttributeValue(XMLScanner.java:908)
	at com.sun.org.apache.xerces.internal.impl.XMLDocumentFragmentScannerImpl.scanAttribute(XMLDocumentFragmentScannerImpl.java:1548)
	at com.sun.org.apache.xerces.internal.impl.XMLDocumentFragmentScannerImpl.scanStartElement(XMLDocumentFragmentScannerImpl.java:1315)
	at com.sun.org.apache.xerces.internal.impl.XMLDocumentFragmentScannerImpl$FragmentContentDriver.next(XMLDocumentFragmentScannerImpl.java:2784)
	at com.sun.org.apache.xerces.internal.impl.XMLDocumentScannerImpl.next(XMLDocumentScannerImpl.java:602)
	at com.sun.org.apache.xerces.internal.impl.XMLDocumentFragmentScannerImpl.scanDocument(XMLDocumentFragmentScannerImpl.java:505)
	at com.sun.org.apache.xerces.internal.parsers.XML11Configuration.parse(XML11Configuration.java:841)
	at com.sun.org.apache.xerces.internal.parsers.XML11Configuration.parse(XML11Configuration.java:770)
	at com.sun.org.apache.xerces.internal.parsers.XMLParser.parse(XMLParser.java:141)
	at com.sun.org.apache.xerces.internal.parsers.DOMParser.parse(DOMParser.java:243)
	at com.sun.org.apache.xerces.internal.jaxp.DocumentBuilderImpl.parse(DocumentBuilderImpl.java:339)
	at org.eclipse.debug.internal.core.LaunchManager.createInfoFromXML(LaunchManager.java:935)
	at org.eclipse.debug.internal.core.LaunchManager.getInfo(LaunchManager.java:1359)
	... 10 more
!SUBENTRY 1 org.eclipse.debug.core 4 5012 2026-07-28 11:20:41.309
!MESSAGE 读取启动配置文件 F:\code\vibe_project\rollerball\M55\libraries\components\mtb-device-support-pse8xxgp\make\make\scripts\interface_version_3\eclipse\CM55\flash\_normal\KitProg3\any\&&_PRJ_NAME&& Program (KitProg3_MiniProg4).launch 时发生了 org.xml.sax.SAXParseException; lineNumber: 3; columnNumber: 66; 在实体引用中, 实体名称必须紧跟在 '&' 后面。。
!STACK 0
org.xml.sax.SAXParseException; lineNumber: 3; columnNumber: 66; 在实体引用中, 实体名称必须紧跟在 '&' 后面。
	at com.sun.org.apache.xerces.internal.util.ErrorHandlerWrapper.createSAXParseException(ErrorHandlerWrapper.java:203)
	at com.sun.org.apache.xerces.internal.util.ErrorHandlerWrapper.fatalError(ErrorHandlerWrapper.java:177)
	at com.sun.org.apache.xerces.internal.impl.XMLErrorReporter.reportError(XMLErrorReporter.java:400)
	at com.sun.org.apache.xerces.internal.impl.XMLErrorReporter.reportError(XMLErrorReporter.java:327)
	at com.sun.org.apache.xerces.internal.impl.XMLScanner.reportFatalError(XMLScanner.java:1472)
	at com.sun.org.apache.xerces.internal.impl.XMLScanner.scanAttributeValue(XMLScanner.java:908)
	at com.sun.org.apache.xerces.internal.impl.XMLDocumentFragmentScannerImpl.scanAttribute(XMLDocumentFragmentScannerImpl.java:1548)
	at com.sun.org.apache.xerces.internal.impl.XMLDocumentFragmentScannerImpl.scanStartElement(XMLDocumentFragmentScannerImpl.java:1315)
	at com.sun.org.apache.xerces.internal.impl.XMLDocumentFragmentScannerImpl$FragmentContentDriver.next(XMLDocumentFragmentScannerImpl.java:2784)
	at com.sun.org.apache.xerces.internal.impl.XMLDocumentScannerImpl.next(XMLDocumentScannerImpl.java:602)
	at com.sun.org.apache.xerces.internal.impl.XMLDocumentFragmentScannerImpl.scanDocument(XMLDocumentFragmentScannerImpl.java:505)
	at com.sun.org.apache.xerces.internal.parsers.XML11Configuration.parse(XML11Configuration.java:841)
	at com.sun.org.apache.xerces.internal.parsers.XML11Configuration.parse(XML11Configuration.java:770)
	at com.sun.org.apache.xerces.internal.parsers.XMLParser.parse(XMLParser.java:141)
	at com.sun.org.apache.xerces.internal.parsers.DOMParser.parse(DOMParser.java:243)
	at com.sun.org.apache.xerces.internal.jaxp.DocumentBuilderImpl.parse(DocumentBuilderImpl.java:339)
	at org.eclipse.debug.internal.core.LaunchManager.createInfoFromXML(LaunchManager.java:935)
	at org.eclipse.debug.internal.core.LaunchManager.getInfo(LaunchManager.java:1359)
	at org.eclipse.debug.internal.core.LaunchConfiguration.getInfo(LaunchConfiguration.java:490)
	at org.eclipse.debug.internal.core.LaunchConfiguration.getType(LaunchConfiguration.java:645)
	at org.eclipse.debug.internal.core.LaunchManager.isValid(LaunchManager.java:2091)
	at org.eclipse.debug.internal.core.LaunchManager.verifyConfigurations(LaunchManager.java:2462)
	at org.eclipse.debug.internal.core.LaunchManager.getAllLaunchConfigurations(LaunchManager.java:1140)
	at org.eclipse.debug.internal.core.LaunchManager.getLaunchConfigurations(LaunchManager.java:1444)
	at org.eclipse.debug.internal.core.LaunchManager.getLaunchConfigurations(LaunchManager.java:1439)
	at org.eclipse.launchbar.core.internal.LaunchBarManager.init(LaunchBarManager.java:130)
	at org.eclipse.launchbar.core.internal.LaunchBarManager$1.run(LaunchBarManager.java:96)
	at org.eclipse.core.internal.jobs.Worker.run(Worker.java:63)

!ENTRY org.eclipse.debug.core 4 125 2026-07-28 11:20:41.309
!MESSAGE 调试核心所记录的错误：
!STACK 1
org.eclipse.debug.core.DebugException: 读取启动配置文件 F:\code\vibe_project\rollerball\M55\libraries\components\mtb-device-support-pse8xxgp\make\make\scripts\interface_version_3\eclipse\CM55\flash\_normal\KitProg3\multi\&&_PRJ_NAME&& Add CM55 to CM33 (KitProg3_MiniProg4).launch 时发生了 org.xml.sax.SAXParseException; lineNumber: 3; columnNumber: 66; 在实体引用中, 实体名称必须紧跟在 '&' 后面。。
	at org.eclipse.debug.internal.core.LaunchManager.createDebugException(LaunchManager.java:886)
	at org.eclipse.debug.internal.core.LaunchManager.throwException(LaunchManager.java:2448)
	at org.eclipse.debug.internal.core.LaunchManager.getInfo(LaunchManager.java:1366)
	at org.eclipse.debug.internal.core.LaunchConfiguration.getInfo(LaunchConfiguration.java:490)
	at org.eclipse.debug.internal.core.LaunchConfiguration.getType(LaunchConfiguration.java:645)
	at org.eclipse.debug.internal.core.LaunchManager.isValid(LaunchManager.java:2091)
	at org.eclipse.debug.internal.core.LaunchManager.verifyConfigurations(LaunchManager.java:2462)
	at org.eclipse.debug.internal.core.LaunchManager.getAllLaunchConfigurations(LaunchManager.java:1140)
	at org.eclipse.debug.internal.core.LaunchManager.getLaunchConfigurations(LaunchManager.java:1444)
	at org.eclipse.debug.internal.core.LaunchManager.getLaunchConfigurations(LaunchManager.java:1439)
	at org.eclipse.launchbar.core.internal.LaunchBarManager.init(LaunchBarManager.java:130)
	at org.eclipse.launchbar.core.internal.LaunchBarManager$1.run(LaunchBarManager.java:96)
	at org.eclipse.core.internal.jobs.Worker.run(Worker.java:63)
Caused by: org.xml.sax.SAXParseException; lineNumber: 3; columnNumber: 66; 在实体引用中, 实体名称必须紧跟在 '&' 后面。
	at com.sun.org.apache.xerces.internal.util.ErrorHandlerWrapper.createSAXParseException(ErrorHandlerWrapper.java:203)
	at com.sun.org.apache.xerces.internal.util.ErrorHandlerWrapper.fatalError(ErrorHandlerWrapper.java:177)
	at com.sun.org.apache.xerces.internal.impl.XMLErrorReporter.reportError(XMLErrorReporter.java:400)
	at com.sun.org.apache.xerces.internal.impl.XMLErrorReporter.reportError(XMLErrorReporter.java:327)
	at com.sun.org.apache.xerces.internal.impl.XMLScanner.reportFatalError(XMLScanner.java:1472)
	at com.sun.org.apache.xerces.internal.impl.XMLScanner.scanAttributeValue(XMLScanner.java:908)
	at com.sun.org.apache.xerces.internal.impl.XMLDocumentFragmentScannerImpl.scanAttribute(XMLDocumentFragmentScannerImpl.java:1548)
	at com.sun.org.apache.xerces.internal.impl.XMLDocumentFragmentScannerImpl.scanStartElement(XMLDocumentFragmentScannerImpl.java:1315)
	at com.sun.org.apache.xerces.internal.impl.XMLDocumentFragmentScannerImpl$FragmentContentDriver.next(XMLDocumentFragmentScannerImpl.java:2784)
	at com.sun.org.apache.xerces.internal.impl.XMLDocumentScannerImpl.next(XMLDocumentScannerImpl.java:602)
	at com.sun.org.apache.xerces.internal.impl.XMLDocumentFragmentScannerImpl.scanDocument(XMLDocumentFragmentScannerImpl.java:505)
	at com.sun.org.apache.xerces.internal.parsers.XML11Configuration.parse(XML11Configuration.java:841)
	at com.sun.org.apache.xerces.internal.parsers.XML11Configuration.parse(XML11Configuration.java:770)
	at com.sun.org.apache.xerces.internal.parsers.XMLParser.parse(XMLParser.java:141)
	at com.sun.org.apache.xerces.internal.parsers.DOMParser.parse(DOMParser.java:243)
	at com.sun.org.apache.xerces.internal.jaxp.DocumentBuilderImpl.parse(DocumentBuilderImpl.java:339)
	at org.eclipse.debug.internal.core.LaunchManager.createInfoFromXML(LaunchManager.java:935)
	at org.eclipse.debug.internal.core.LaunchManager.getInfo(LaunchManager.java:1359)
	... 10 more
!SUBENTRY 1 org.eclipse.debug.core 4 5012 2026-07-28 11:20:41.309
!MESSAGE 读取启动配置文件 F:\code\vibe_project\rollerball\M55\libraries\components\mtb-device-support-pse8xxgp\make\make\scripts\interface_version_3\eclipse\CM55\flash\_normal\KitProg3\multi\&&_PRJ_NAME&& Add CM55 to CM33 (KitProg3_MiniProg4).launch 时发生了 org.xml.sax.SAXParseException; lineNumber: 3; columnNumber: 66; 在实体引用中, 实体名称必须紧跟在 '&' 后面。。
!STACK 0
org.xml.sax.SAXParseException; lineNumber: 3; columnNumber: 66; 在实体引用中, 实体名称必须紧跟在 '&' 后面。
	at com.sun.org.apache.xerces.internal.util.ErrorHandlerWrapper.createSAXParseException(ErrorHandlerWrapper.java:203)
	at com.sun.org.apache.xerces.internal.util.ErrorHandlerWrapper.fatalError(ErrorHandlerWrapper.java:177)
	at com.sun.org.apache.xerces.internal.impl.XMLErrorReporter.reportError(XMLErrorReporter.java:400)
	at com.sun.org.apache.xerces.internal.impl.XMLErrorReporter.reportError(XMLErrorReporter.java:327)
	at com.sun.org.apache.xerces.internal.impl.XMLScanner.reportFatalError(XMLScanner.java:1472)
	at com.sun.org.apache.xerces.internal.impl.XMLScanner.scanAttributeValue(XMLScanner.java:908)
	at com.sun.org.apache.xerces.internal.impl.XMLDocumentFragmentScannerImpl.scanAttribute(XMLDocumentFragmentScannerImpl.java:1548)
	at com.sun.org.apache.xerces.internal.impl.XMLDocumentFragmentScannerImpl.scanStartElement(XMLDocumentFragmentScannerImpl.java:1315)
	at com.sun.org.apache.xerces.internal.impl.XMLDocumentFragmentScannerImpl$FragmentContentDriver.next(XMLDocumentFragmentScannerImpl.java:2784)
	at com.sun.org.apache.xerces.internal.impl.XMLDocumentScannerImpl.next(XMLDocumentScannerImpl.java:602)
	at com.sun.org.apache.xerces.internal.impl.XMLDocumentFragmentScannerImpl.scanDocument(XMLDocumentFragmentScannerImpl.java:505)
	at com.sun.org.apache.xerces.internal.parsers.XML11Configuration.parse(XML11Configuration.java:841)
	at com.sun.org.apache.xerces.internal.parsers.XML11Configuration.parse(XML11Configuration.java:770)
	at com.sun.org.apache.xerces.internal.parsers.XMLParser.parse(XMLParser.java:141)
	at com.sun.org.apache.xerces.internal.parsers.DOMParser.parse(DOMParser.java:243)
	at com.sun.org.apache.xerces.internal.jaxp.DocumentBuilderImpl.parse(DocumentBuilderImpl.java:339)
	at org.eclipse.debug.internal.core.LaunchManager.createInfoFromXML(LaunchManager.java:935)
	at org.eclipse.debug.internal.core.LaunchManager.getInfo(LaunchManager.java:1359)
	at org.eclipse.debug.internal.core.LaunchConfiguration.getInfo(LaunchConfiguration.java:490)
	at org.eclipse.debug.internal.core.LaunchConfiguration.getType(LaunchConfiguration.java:645)
	at org.eclipse.debug.internal.core.LaunchManager.isValid(LaunchManager.java:2091)
	at org.eclipse.debug.internal.core.LaunchManager.verifyConfigurations(LaunchManager.java:2462)
	at org.eclipse.debug.internal.core.LaunchManager.getAllLaunchConfigurations(LaunchManager.java:1140)
	at org.eclipse.debug.internal.core.LaunchManager.getLaunchConfigurations(LaunchManager.java:1444)
	at org.eclipse.debug.internal.core.LaunchManager.getLaunchConfigurations(LaunchManager.java:1439)
	at org.eclipse.launchbar.core.internal.LaunchBarManager.init(LaunchBarManager.java:130)
	at org.eclipse.launchbar.core.internal.LaunchBarManager$1.run(LaunchBarManager.java:96)
	at org.eclipse.core.internal.jobs.Worker.run(Worker.java:63)

!ENTRY org.eclipse.debug.core 4 125 2026-07-28 11:20:41.309
!MESSAGE 调试核心所记录的错误：
!STACK 1
org.eclipse.debug.core.DebugException: 读取启动配置文件 F:\code\vibe_project\rollerball\M55\libraries\components\mtb-device-support-pse8xxgp\make\make\scripts\interface_version_3\eclipse\CM55\flash\normal\JLink\any\&&_PRJ_NAME&& Attach (JLink).launch 时发生了 org.xml.sax.SAXParseException; lineNumber: 3; columnNumber: 66; 在实体引用中, 实体名称必须紧跟在 '&' 后面。。
	at org.eclipse.debug.internal.core.LaunchManager.createDebugException(LaunchManager.java:886)
	at org.eclipse.debug.internal.core.LaunchManager.throwException(LaunchManager.java:2448)
	at org.eclipse.debug.internal.core.LaunchManager.getInfo(LaunchManager.java:1366)
	at org.eclipse.debug.internal.core.LaunchConfiguration.getInfo(LaunchConfiguration.java:490)
	at org.eclipse.debug.internal.core.LaunchConfiguration.getType(LaunchConfiguration.java:645)
	at org.eclipse.debug.internal.core.LaunchManager.isValid(LaunchManager.java:2091)
	at org.eclipse.debug.internal.core.LaunchManager.verifyConfigurations(LaunchManager.java:2462)
	at org.eclipse.debug.internal.core.LaunchManager.getAllLaunchConfigurations(LaunchManager.java:1140)
	at org.eclipse.debug.internal.core.LaunchManager.getLaunchConfigurations(LaunchManager.java:1444)
	at org.eclipse.debug.internal.core.LaunchManager.getLaunchConfigurations(LaunchManager.java:1439)
	at org.eclipse.launchbar.core.internal.LaunchBarManager.init(LaunchBarManager.java:130)
	at org.eclipse.launchbar.core.internal.LaunchBarManager$1.run(LaunchBarManager.java:96)
	at org.eclipse.core.internal.jobs.Worker.run(Worker.java:63)
Caused by: org.xml.sax.SAXParseException; lineNumber: 3; columnNumber: 66; 在实体引用中, 实体名称必须紧跟在 '&' 后面。
	at com.sun.org.apache.xerces.internal.util.ErrorHandlerWrapper.createSAXParseException(ErrorHandlerWrapper.java:203)
	at com.sun.org.apache.xerces.internal.util.ErrorHandlerWrapper.fatalError(ErrorHandlerWrapper.java:177)
	at com.sun.org.apache.xerces.internal.impl.XMLErrorReporter.reportError(XMLErrorReporter.java:400)
	at com.sun.org.apache.xerces.internal.impl.XMLErrorReporter.reportError(XMLErrorReporter.java:327)
	at com.sun.org.apache.xerces.internal.impl.XMLScanner.reportFatalError(XMLScanner.java:1472)
	at com.sun.org.apache.xerces.internal.impl.XMLScanner.scanAttributeValue(XMLScanner.java:908)
	at com.sun.org.apache.xerces.internal.impl.XMLDocumentFragmentScannerImpl.scanAttribute(XMLDocumentFragmentScannerImpl.java:1548)
	at com.sun.org.apache.xerces.internal.impl.XMLDocumentFragmentScannerImpl.scanStartElement(XMLDocumentFragmentScannerImpl.java:1315)
	at com.sun.org.apache.xerces.internal.impl.XMLDocumentFragmentScannerImpl$FragmentContentDriver.next(XMLDocumentFragmentScannerImpl.java:2784)
	at com.sun.org.apache.xerces.internal.impl.XMLDocumentScannerImpl.next(XMLDocumentScannerImpl.java:602)
	at com.sun.org.apache.xerces.internal.impl.XMLDocumentFragmentScannerImpl.scanDocument(XMLDocumentFragmentScannerImpl.java:505)
	at com.sun.org.apache.xerces.internal.parsers.XML11Configuration.parse(XML11Configuration.java:841)
	at com.sun.org.apache.xerces.internal.parsers.XML11Configuration.parse(XML11Configuration.java:770)
	at com.sun.org.apache.xerces.internal.parsers.XMLParser.parse(XMLParser.java:141)
	at com.sun.org.apache.xerces.internal.parsers.DOMParser.parse(DOMParser.java:243)
	at com.sun.org.apache.xerces.internal.jaxp.DocumentBuilderImpl.parse(DocumentBuilderImpl.java:339)
	at org.eclipse.debug.internal.core.LaunchManager.createInfoFromXML(LaunchManager.java:935)
	at org.eclipse.debug.internal.core.LaunchManager.getInfo(LaunchManager.java:1359)
	... 10 more
!SUBENTRY 1 org.eclipse.debug.core 4 5012 2026-07-28 11:20:41.309
!MESSAGE 读取启动配置文件 F:\code\vibe_project\rollerball\M55\libraries\components\mtb-device-support-pse8xxgp\make\make\scripts\interface_version_3\eclipse\CM55\flash\normal\JLink\any\&&_PRJ_NAME&& Attach (JLink).launch 时发生了 org.xml.sax.SAXParseException; lineNumber: 3; columnNumber: 66; 在实体引用中, 实体名称必须紧跟在 '&' 后面。。
!STACK 0
org.xml.sax.SAXParseException; lineNumber: 3; columnNumber: 66; 在实体引用中, 实体名称必须紧跟在 '&' 后面。
	at com.sun.org.apache.xerces.internal.util.ErrorHandlerWrapper.createSAXParseException(ErrorHandlerWrapper.java:203)
	at com.sun.org.apache.xerces.internal.util.ErrorHandlerWrapper.fatalError(ErrorHandlerWrapper.java:177)
	at com.sun.org.apache.xerces.internal.impl.XMLErrorReporter.reportError(XMLErrorReporter.java:400)
	at com.sun.org.apache.xerces.internal.impl.XMLErrorReporter.reportError(XMLErrorReporter.java:327)
	at com.sun.org.apache.xerces.internal.impl.XMLScanner.reportFatalError(XMLScanner.java:1472)
	at com.sun.org.apache.xerces.internal.impl.XMLScanner.scanAttributeValue(XMLScanner.java:908)
	at com.sun.org.apache.xerces.internal.impl.XMLDocumentFragmentScannerImpl.scanAttribute(XMLDocumentFragmentScannerImpl.java:1548)
	at com.sun.org.apache.xerces.internal.impl.XMLDocumentFragmentScannerImpl.scanStartElement(XMLDocumentFragmentScannerImpl.java:1315)
	at com.sun.org.apache.xerces.internal.impl.XMLDocumentFragmentScannerImpl$FragmentContentDriver.next(XMLDocumentFragmentScannerImpl.java:2784)
	at com.sun.org.apache.xerces.internal.impl.XMLDocumentScannerImpl.next(XMLDocumentScannerImpl.java:602)
	at com.sun.org.apache.xerces.internal.impl.XMLDocumentFragmentScannerImpl.scanDocument(XMLDocumentFragmentScannerImpl.java:505)
	at com.sun.org.apache.xerces.internal.parsers.XML11Configuration.parse(XML11Configuration.java:841)
	at com.sun.org.apache.xerces.internal.parsers.XML11Configuration.parse(XML11Configuration.java:770)
	at com.sun.org.apache.xerces.internal.parsers.XMLParser.parse(XMLParser.java:141)
	at com.sun.org.apache.xerces.internal.parsers.DOMParser.parse(DOMParser.java:243)
	at com.sun.org.apache.xerces.internal.jaxp.DocumentBuilderImpl.parse(DocumentBuilderImpl.java:339)
	at org.eclipse.debug.internal.core.LaunchManager.createInfoFromXML(LaunchManager.java:935)
	at org.eclipse.debug.internal.core.LaunchManager.getInfo(LaunchManager.java:1359)
	at org.eclipse.debug.internal.core.LaunchConfiguration.getInfo(LaunchConfiguration.java:490)
	at org.eclipse.debug.internal.core.LaunchConfiguration.getType(LaunchConfiguration.java:645)
	at org.eclipse.debug.internal.core.LaunchManager.isValid(LaunchManager.java:2091)
	at org.eclipse.debug.internal.core.LaunchManager.verifyConfigurations(LaunchManager.java:2462)
	at org.eclipse.debug.internal.core.LaunchManager.getAllLaunchConfigurations(LaunchManager.java:1140)
	at org.eclipse.debug.internal.core.LaunchManager.getLaunchConfigurations(LaunchManager.java:1444)
	at org.eclipse.debug.internal.core.LaunchManager.getLaunchConfigurations(LaunchManager.java:1439)
	at org.eclipse.launchbar.core.internal.LaunchBarManager.init(LaunchBarManager.java:130)
	at org.eclipse.launchbar.core.internal.LaunchBarManager$1.run(LaunchBarManager.java:96)
	at org.eclipse.core.internal.jobs.Worker.run(Worker.java:63)

!ENTRY org.eclipse.debug.core 4 125 2026-07-28 11:20:41.313
!MESSAGE 调试核心所记录的错误：
!STACK 1
org.eclipse.debug.core.DebugException: 读取启动配置文件 F:\code\vibe_project\rollerball\M55\libraries\components\mtb-device-support-pse8xxgp\make\make\scripts\interface_version_3\eclipse\CM55\flash\normal\JLink\any\&&_PRJ_NAME&& Debug (JLink).launch 时发生了 org.xml.sax.SAXParseException; lineNumber: 3; columnNumber: 66; 在实体引用中, 实体名称必须紧跟在 '&' 后面。。
	at org.eclipse.debug.internal.core.LaunchManager.createDebugException(LaunchManager.java:886)
	at org.eclipse.debug.internal.core.LaunchManager.throwException(LaunchManager.java:2448)
	at org.eclipse.debug.internal.core.LaunchManager.getInfo(LaunchManager.java:1366)
	at org.eclipse.debug.internal.core.LaunchConfiguration.getInfo(LaunchConfiguration.java:490)
	at org.eclipse.debug.internal.core.LaunchConfiguration.getType(LaunchConfiguration.java:645)
	at org.eclipse.debug.internal.core.LaunchManager.isValid(LaunchManager.java:2091)
	at org.eclipse.debug.internal.core.LaunchManager.verifyConfigurations(LaunchManager.java:2462)
	at org.eclipse.debug.internal.core.LaunchManager.getAllLaunchConfigurations(LaunchManager.java:1140)
	at org.eclipse.debug.internal.core.LaunchManager.getLaunchConfigurations(LaunchManager.java:1444)
	at org.eclipse.debug.internal.core.LaunchManager.getLaunchConfigurations(LaunchManager.java:1439)
	at org.eclipse.launchbar.core.internal.LaunchBarManager.init(LaunchBarManager.java:130)
	at org.eclipse.launchbar.core.internal.LaunchBarManager$1.run(LaunchBarManager.java:96)
	at org.eclipse.core.internal.jobs.Worker.run(Worker.java:63)
Caused by: org.xml.sax.SAXParseException; lineNumber: 3; columnNumber: 66; 在实体引用中, 实体名称必须紧跟在 '&' 后面。
	at com.sun.org.apache.xerces.internal.util.ErrorHandlerWrapper.createSAXParseException(ErrorHandlerWrapper.java:203)
	at com.sun.org.apache.xerces.internal.util.ErrorHandlerWrapper.fatalError(ErrorHandlerWrapper.java:177)
	at com.sun.org.apache.xerces.internal.impl.XMLErrorReporter.reportError(XMLErrorReporter.java:400)
	at com.sun.org.apache.xerces.internal.impl.XMLErrorReporter.reportError(XMLErrorReporter.java:327)
	at com.sun.org.apache.xerces.internal.impl.XMLScanner.reportFatalError(XMLScanner.java:1472)
	at com.sun.org.apache.xerces.internal.impl.XMLScanner.scanAttributeValue(XMLScanner.java:908)
	at com.sun.org.apache.xerces.internal.impl.XMLDocumentFragmentScannerImpl.scanAttribute(XMLDocumentFragmentScannerImpl.java:1548)
	at com.sun.org.apache.xerces.internal.impl.XMLDocumentFragmentScannerImpl.scanStartElement(XMLDocumentFragmentScannerImpl.java:1315)
	at com.sun.org.apache.xerces.internal.impl.XMLDocumentFragmentScannerImpl$FragmentContentDriver.next(XMLDocumentFragmentScannerImpl.java:2784)
	at com.sun.org.apache.xerces.internal.impl.XMLDocumentScannerImpl.next(XMLDocumentScannerImpl.java:602)
	at com.sun.org.apache.xerces.internal.impl.XMLDocumentFragmentScannerImpl.scanDocument(XMLDocumentFragmentScannerImpl.java:505)
	at com.sun.org.apache.xerces.internal.parsers.XML11Configuration.parse(XML11Configuration.java:841)
	at com.sun.org.apache.xerces.internal.parsers.XML11Configuration.parse(XML11Configuration.java:770)
	at com.sun.org.apache.xerces.internal.parsers.XMLParser.parse(XMLParser.java:141)
	at com.sun.org.apache.xerces.internal.parsers.DOMParser.parse(DOMParser.java:243)
	at com.sun.org.apache.xerces.internal.jaxp.DocumentBuilderImpl.parse(DocumentBuilderImpl.java:339)
	at org.eclipse.debug.internal.core.LaunchManager.createInfoFromXML(LaunchManager.java:935)
	at org.eclipse.debug.internal.core.LaunchManager.getInfo(LaunchManager.java:1359)
	... 10 more
!SUBENTRY 1 org.eclipse.debug.core 4 5012 2026-07-28 11:20:41.313
!MESSAGE 读取启动配置文件 F:\code\vibe_project\rollerball\M55\libraries\components\mtb-device-support-pse8xxgp\make\make\scripts\interface_version_3\eclipse\CM55\flash\normal\JLink\any\&&_PRJ_NAME&& Debug (JLink).launch 时发生了 org.xml.sax.SAXParseException; lineNumber: 3; columnNumber: 66; 在实体引用中, 实体名称必须紧跟在 '&' 后面。。
!STACK 0
org.xml.sax.SAXParseException; lineNumber: 3; columnNumber: 66; 在实体引用中, 实体名称必须紧跟在 '&' 后面。
	at com.sun.org.apache.xerces.internal.util.ErrorHandlerWrapper.createSAXParseException(ErrorHandlerWrapper.java:203)
	at com.sun.org.apache.xerces.internal.util.ErrorHandlerWrapper.fatalError(ErrorHandlerWrapper.java:177)
	at com.sun.org.apache.xerces.internal.impl.XMLErrorReporter.reportError(XMLErrorReporter.java:400)
	at com.sun.org.apache.xerces.internal.impl.XMLErrorReporter.reportError(XMLErrorReporter.java:327)
	at com.sun.org.apache.xerces.internal.impl.XMLScanner.reportFatalError(XMLScanner.java:1472)
	at com.sun.org.apache.xerces.internal.impl.XMLScanner.scanAttributeValue(XMLScanner.java:908)
	at com.sun.org.apache.xerces.internal.impl.XMLDocumentFragmentScannerImpl.scanAttribute(XMLDocumentFragmentScannerImpl.java:1548)
	at com.sun.org.apache.xerces.internal.impl.XMLDocumentFragmentScannerImpl.scanStartElement(XMLDocumentFragmentScannerImpl.java:1315)
	at com.sun.org.apache.xerces.internal.impl.XMLDocumentFragmentScannerImpl$FragmentContentDriver.next(XMLDocumentFragmentScannerImpl.java:2784)
	at com.sun.org.apache.xerces.internal.impl.XMLDocumentScannerImpl.next(XMLDocumentScannerImpl.java:602)
	at com.sun.org.apache.xerces.internal.impl.XMLDocumentFragmentScannerImpl.scanDocument(XMLDocumentFragmentScannerImpl.java:505)
	at com.sun.org.apache.xerces.internal.parsers.XML11Configuration.parse(XML11Configuration.java:841)
	at com.sun.org.apache.xerces.internal.parsers.XML11Configuration.parse(XML11Configuration.java:770)
	at com.sun.org.apache.xerces.internal.parsers.XMLParser.parse(XMLParser.java:141)
	at com.sun.org.apache.xerces.internal.parsers.DOMParser.parse(DOMParser.java:243)
	at com.sun.org.apache.xerces.internal.jaxp.DocumentBuilderImpl.parse(DocumentBuilderImpl.java:339)
	at org.eclipse.debug.internal.core.LaunchManager.createInfoFromXML(LaunchManager.java:935)
	at org.eclipse.debug.internal.core.LaunchManager.getInfo(LaunchManager.java:1359)
	at org.eclipse.debug.internal.core.LaunchConfiguration.getInfo(LaunchConfiguration.java:490)
	at org.eclipse.debug.internal.core.LaunchConfiguration.getType(LaunchConfiguration.java:645)
	at org.eclipse.debug.internal.core.LaunchManager.isValid(LaunchManager.java:2091)
	at org.eclipse.debug.internal.core.LaunchManager.verifyConfigurations(LaunchManager.java:2462)
	at org.eclipse.debug.internal.core.LaunchManager.getAllLaunchConfigurations(LaunchManager.java:1140)
	at org.eclipse.debug.internal.core.LaunchManager.getLaunchConfigurations(LaunchManager.java:1444)
	at org.eclipse.debug.internal.core.LaunchManager.getLaunchConfigurations(LaunchManager.java:1439)
	at org.eclipse.launchbar.core.internal.LaunchBarManager.init(LaunchBarManager.java:130)
	at org.eclipse.launchbar.core.internal.LaunchBarManager$1.run(LaunchBarManager.java:96)
	at org.eclipse.core.internal.jobs.Worker.run(Worker.java:63)

!ENTRY org.eclipse.debug.core 4 125 2026-07-28 11:20:41.313
!MESSAGE 调试核心所记录的错误：
!STACK 1
org.eclipse.debug.core.DebugException: 读取启动配置文件 F:\code\vibe_project\rollerball\M55\libraries\components\mtb-device-support-pse8xxgp\make\make\scripts\interface_version_3\eclipse\CM55\flash\normal\JLink\combine_sign\Attach.launch 时发生了 org.xml.sax.SAXParseException; lineNumber: 3; columnNumber: 66; 在实体引用中, 实体名称必须紧跟在 '&' 后面。。
	at org.eclipse.debug.internal.core.LaunchManager.createDebugException(LaunchManager.java:886)
	at org.eclipse.debug.internal.core.LaunchManager.throwException(LaunchManager.java:2448)
	at org.eclipse.debug.internal.core.LaunchManager.getInfo(LaunchManager.java:1366)
	at org.eclipse.debug.internal.core.LaunchConfiguration.getInfo(LaunchConfiguration.java:490)
	at org.eclipse.debug.internal.core.LaunchConfiguration.getType(LaunchConfiguration.java:645)
	at org.eclipse.debug.internal.core.LaunchManager.isValid(LaunchManager.java:2091)
	at org.eclipse.debug.internal.core.LaunchManager.verifyConfigurations(LaunchManager.java:2462)
	at org.eclipse.debug.internal.core.LaunchManager.getAllLaunchConfigurations(LaunchManager.java:1140)
	at org.eclipse.debug.internal.core.LaunchManager.getLaunchConfigurations(LaunchManager.java:1444)
	at org.eclipse.debug.internal.core.LaunchManager.getLaunchConfigurations(LaunchManager.java:1439)
	at org.eclipse.launchbar.core.internal.LaunchBarManager.init(LaunchBarManager.java:130)
	at org.eclipse.launchbar.core.internal.LaunchBarManager$1.run(LaunchBarManager.java:96)
	at org.eclipse.core.internal.jobs.Worker.run(Worker.java:63)
Caused by: org.xml.sax.SAXParseException; lineNumber: 3; columnNumber: 66; 在实体引用中, 实体名称必须紧跟在 '&' 后面。
	at com.sun.org.apache.xerces.internal.util.ErrorHandlerWrapper.createSAXParseException(ErrorHandlerWrapper.java:203)
	at com.sun.org.apache.xerces.internal.util.ErrorHandlerWrapper.fatalError(ErrorHandlerWrapper.java:177)
	at com.sun.org.apache.xerces.internal.impl.XMLErrorReporter.reportError(XMLErrorReporter.java:400)
	at com.sun.org.apache.xerces.internal.impl.XMLErrorReporter.reportError(XMLErrorReporter.java:327)
	at com.sun.org.apache.xerces.internal.impl.XMLScanner.reportFatalError(XMLScanner.java:1472)
	at com.sun.org.apache.xerces.internal.impl.XMLScanner.scanAttributeValue(XMLScanner.java:908)
	at com.sun.org.apache.xerces.internal.impl.XMLDocumentFragmentScannerImpl.scanAttribute(XMLDocumentFragmentScannerImpl.java:1548)
	at com.sun.org.apache.xerces.internal.impl.XMLDocumentFragmentScannerImpl.scanStartElement(XMLDocumentFragmentScannerImpl.java:1315)
	at com.sun.org.apache.xerces.internal.impl.XMLDocumentFragmentScannerImpl$FragmentContentDriver.next(XMLDocumentFragmentScannerImpl.java:2784)
	at com.sun.org.apache.xerces.internal.impl.XMLDocumentScannerImpl.next(XMLDocumentScannerImpl.java:602)
	at com.sun.org.apache.xerces.internal.impl.XMLDocumentFragmentScannerImpl.scanDocument(XMLDocumentFragmentScannerImpl.java:505)
	at com.sun.org.apache.xerces.internal.parsers.XML11Configuration.parse(XML11Configuration.java:841)
	at com.sun.org.apache.xerces.internal.parsers.XML11Configuration.parse(XML11Configuration.java:770)
	at com.sun.org.apache.xerces.internal.parsers.XMLParser.parse(XMLParser.java:141)
	at com.sun.org.apache.xerces.internal.parsers.DOMParser.parse(DOMParser.java:243)
	at com.sun.org.apache.xerces.internal.jaxp.DocumentBuilderImpl.parse(DocumentBuilderImpl.java:339)
	at org.eclipse.debug.internal.core.LaunchManager.createInfoFromXML(LaunchManager.java:935)
	at org.eclipse.debug.internal.core.LaunchManager.getInfo(LaunchManager.java:1359)
	... 10 more
!SUBENTRY 1 org.eclipse.debug.core 4 5012 2026-07-28 11:20:41.313
!MESSAGE 读取启动配置文件 F:\code\vibe_project\rollerball\M55\libraries\components\mtb-device-support-pse8xxgp\make\make\scripts\interface_version_3\eclipse\CM55\flash\normal\JLink\combine_sign\Attach.launch 时发生了 org.xml.sax.SAXParseException; lineNumber: 3; columnNumber: 66; 在实体引用中, 实体名称必须紧跟在 '&' 后面。。
!STACK 0
org.xml.sax.SAXParseException; lineNumber: 3; columnNumber: 66; 在实体引用中, 实体名称必须紧跟在 '&' 后面。
	at com.sun.org.apache.xerces.internal.util.ErrorHandlerWrapper.createSAXParseException(ErrorHandlerWrapper.java:203)
	at com.sun.org.apache.xerces.internal.util.ErrorHandlerWrapper.fatalError(ErrorHandlerWrapper.java:177)
	at com.sun.org.apache.xerces.internal.impl.XMLErrorReporter.reportError(XMLErrorReporter.java:400)
	at com.sun.org.apache.xerces.internal.impl.XMLErrorReporter.reportError(XMLErrorReporter.java:327)
	at com.sun.org.apache.xerces.internal.impl.XMLScanner.reportFatalError(XMLScanner.java:1472)
	at com.sun.org.apache.xerces.internal.impl.XMLScanner.scanAttributeValue(XMLScanner.java:908)
	at com.sun.org.apache.xerces.internal.impl.XMLDocumentFragmentScannerImpl.scanAttribute(XMLDocumentFragmentScannerImpl.java:1548)
	at com.sun.org.apache.xerces.internal.impl.XMLDocumentFragmentScannerImpl.scanStartElement(XMLDocumentFragmentScannerImpl.java:1315)
	at com.sun.org.apache.xerces.internal.impl.XMLDocumentFragmentScannerImpl$FragmentContentDriver.next(XMLDocumentFragmentScannerImpl.java:2784)
	at com.sun.org.apache.xerces.internal.impl.XMLDocumentScannerImpl.next(XMLDocumentScannerImpl.java:602)
	at com.sun.org.apache.xerces.internal.impl.XMLDocumentFragmentScannerImpl.scanDocument(XMLDocumentFragmentScannerImpl.java:505)
	at com.sun.org.apache.xerces.internal.parsers.XML11Configuration.parse(XML11Configuration.java:841)
	at com.sun.org.apache.xerces.internal.parsers.XML11Configuration.parse(XML11Configuration.java:770)
	at com.sun.org.apache.xerces.internal.parsers.XMLParser.parse(XMLParser.java:141)
	at com.sun.org.apache.xerces.internal.parsers.DOMParser.parse(DOMParser.java:243)
	at com.sun.org.apache.xerces.internal.jaxp.DocumentBuilderImpl.parse(DocumentBuilderImpl.java:339)
	at org.eclipse.debug.internal.core.LaunchManager.createInfoFromXML(LaunchManager.java:935)
	at org.eclipse.debug.internal.core.LaunchManager.getInfo(LaunchManager.java:1359)
	at org.eclipse.debug.internal.core.LaunchConfiguration.getInfo(LaunchConfiguration.java:490)
	at org.eclipse.debug.internal.core.LaunchConfiguration.getType(LaunchConfiguration.java:645)
	at org.eclipse.debug.internal.core.LaunchManager.isValid(LaunchManager.java:2091)
	at org.eclipse.debug.internal.core.LaunchManager.verifyConfigurations(LaunchManager.java:2462)
	at org.eclipse.debug.internal.core.LaunchManager.getAllLaunchConfigurations(LaunchManager.java:1140)
	at org.eclipse.debug.internal.core.LaunchManager.getLaunchConfigurations(LaunchManager.java:1444)
	at org.eclipse.debug.internal.core.LaunchManager.getLaunchConfigurations(LaunchManager.java:1439)
	at org.eclipse.launchbar.core.internal.LaunchBarManager.init(LaunchBarManager.java:130)
	at org.eclipse.launchbar.core.internal.LaunchBarManager$1.run(LaunchBarManager.java:96)
	at org.eclipse.core.internal.jobs.Worker.run(Worker.java:63)

!ENTRY org.eclipse.debug.core 4 125 2026-07-28 11:20:41.317
!MESSAGE 调试核心所记录的错误：
!STACK 1
org.eclipse.debug.core.DebugException: 读取启动配置文件 F:\code\vibe_project\rollerball\M55\libraries\components\mtb-device-support-pse8xxgp\make\make\scripts\interface_version_3\eclipse\CM55\flash\normal\JLink\combine_sign\Debug.launch 时发生了 org.xml.sax.SAXParseException; lineNumber: 3; columnNumber: 66; 在实体引用中, 实体名称必须紧跟在 '&' 后面。。
	at org.eclipse.debug.internal.core.LaunchManager.createDebugException(LaunchManager.java:886)
	at org.eclipse.debug.internal.core.LaunchManager.throwException(LaunchManager.java:2448)
	at org.eclipse.debug.internal.core.LaunchManager.getInfo(LaunchManager.java:1366)
	at org.eclipse.debug.internal.core.LaunchConfiguration.getInfo(LaunchConfiguration.java:490)
	at org.eclipse.debug.internal.core.LaunchConfiguration.getType(LaunchConfiguration.java:645)
	at org.eclipse.debug.internal.core.LaunchManager.isValid(LaunchManager.java:2091)
	at org.eclipse.debug.internal.core.LaunchManager.verifyConfigurations(LaunchManager.java:2462)
	at org.eclipse.debug.internal.core.LaunchManager.getAllLaunchConfigurations(LaunchManager.java:1140)
	at org.eclipse.debug.internal.core.LaunchManager.getLaunchConfigurations(LaunchManager.java:1444)
	at org.eclipse.debug.internal.core.LaunchManager.getLaunchConfigurations(LaunchManager.java:1439)
	at org.eclipse.launchbar.core.internal.LaunchBarManager.init(LaunchBarManager.java:130)
	at org.eclipse.launchbar.core.internal.LaunchBarManager$1.run(LaunchBarManager.java:96)
	at org.eclipse.core.internal.jobs.Worker.run(Worker.java:63)
Caused by: org.xml.sax.SAXParseException; lineNumber: 3; columnNumber: 66; 在实体引用中, 实体名称必须紧跟在 '&' 后面。
	at com.sun.org.apache.xerces.internal.util.ErrorHandlerWrapper.createSAXParseException(ErrorHandlerWrapper.java:203)
	at com.sun.org.apache.xerces.internal.util.ErrorHandlerWrapper.fatalError(ErrorHandlerWrapper.java:177)
	at com.sun.org.apache.xerces.internal.impl.XMLErrorReporter.reportError(XMLErrorReporter.java:400)
	at com.sun.org.apache.xerces.internal.impl.XMLErrorReporter.reportError(XMLErrorReporter.java:327)
	at com.sun.org.apache.xerces.internal.impl.XMLScanner.reportFatalError(XMLScanner.java:1472)
	at com.sun.org.apache.xerces.internal.impl.XMLScanner.scanAttributeValue(XMLScanner.java:908)
	at com.sun.org.apache.xerces.internal.impl.XMLDocumentFragmentScannerImpl.scanAttribute(XMLDocumentFragmentScannerImpl.java:1548)
	at com.sun.org.apache.xerces.internal.impl.XMLDocumentFragmentScannerImpl.scanStartElement(XMLDocumentFragmentScannerImpl.java:1315)
	at com.sun.org.apache.xerces.internal.impl.XMLDocumentFragmentScannerImpl$FragmentContentDriver.next(XMLDocumentFragmentScannerImpl.java:2784)
	at com.sun.org.apache.xerces.internal.impl.XMLDocumentScannerImpl.next(XMLDocumentScannerImpl.java:602)
	at com.sun.org.apache.xerces.internal.impl.XMLDocumentFragmentScannerImpl.scanDocument(XMLDocumentFragmentScannerImpl.java:505)
	at com.sun.org.apache.xerces.internal.parsers.XML11Configuration.parse(XML11Configuration.java:841)
	at com.sun.org.apache.xerces.internal.parsers.XML11Configuration.parse(XML11Configuration.java:770)
	at com.sun.org.apache.xerces.internal.parsers.XMLParser.parse(XMLParser.java:141)
	at com.sun.org.apache.xerces.internal.parsers.DOMParser.parse(DOMParser.java:243)
	at com.sun.org.apache.xerces.internal.jaxp.DocumentBuilderImpl.parse(DocumentBuilderImpl.java:339)
	at org.eclipse.debug.internal.core.LaunchManager.createInfoFromXML(LaunchManager.java:935)
	at org.eclipse.debug.internal.core.LaunchManager.getInfo(LaunchManager.java:1359)
	... 10 more
!SUBENTRY 1 org.eclipse.debug.core 4 5012 2026-07-28 11:20:41.317
!MESSAGE 读取启动配置文件 F:\code\vibe_project\rollerball\M55\libraries\components\mtb-device-support-pse8xxgp\make\make\scripts\interface_version_3\eclipse\CM55\flash\normal\JLink\combine_sign\Debug.launch 时发生了 org.xml.sax.SAXParseException; lineNumber: 3; columnNumber: 66; 在实体引用中, 实体名称必须紧跟在 '&' 后面。。
!STACK 0
org.xml.sax.SAXParseException; lineNumber: 3; columnNumber: 66; 在实体引用中, 实体名称必须紧跟在 '&' 后面。
	at com.sun.org.apache.xerces.internal.util.ErrorHandlerWrapper.createSAXParseException(ErrorHandlerWrapper.java:203)
	at com.sun.org.apache.xerces.internal.util.ErrorHandlerWrapper.fatalError(ErrorHandlerWrapper.java:177)
	at com.sun.org.apache.xerces.internal.impl.XMLErrorReporter.reportError(XMLErrorReporter.java:400)
	at com.sun.org.apache.xerces.internal.impl.XMLErrorReporter.reportError(XMLErrorReporter.java:327)
	at com.sun.org.apache.xerces.internal.impl.XMLScanner.reportFatalError(XMLScanner.java:1472)
	at com.sun.org.apache.xerces.internal.impl.XMLScanner.scanAttributeValue(XMLScanner.java:908)
	at com.sun.org.apache.xerces.internal.impl.XMLDocumentFragmentScannerImpl.scanAttribute(XMLDocumentFragmentScannerImpl.java:1548)
	at com.sun.org.apache.xerces.internal.impl.XMLDocumentFragmentScannerImpl.scanStartElement(XMLDocumentFragmentScannerImpl.java:1315)
	at com.sun.org.apache.xerces.internal.impl.XMLDocumentFragmentScannerImpl$FragmentContentDriver.next(XMLDocumentFragmentScannerImpl.java:2784)
	at com.sun.org.apache.xerces.internal.impl.XMLDocumentScannerImpl.next(XMLDocumentScannerImpl.java:602)
	at com.sun.org.apache.xerces.internal.impl.XMLDocumentFragmentScannerImpl.scanDocument(XMLDocumentFragmentScannerImpl.java:505)
	at com.sun.org.apache.xerces.internal.parsers.XML11Configuration.parse(XML11Configuration.java:841)
	at com.sun.org.apache.xerces.internal.parsers.XML11Configuration.parse(XML11Configuration.java:770)
	at com.sun.org.apache.xerces.internal.parsers.XMLParser.parse(XMLParser.java:141)
	at com.sun.org.apache.xerces.internal.parsers.DOMParser.parse(DOMParser.java:243)
	at com.sun.org.apache.xerces.internal.jaxp.DocumentBuilderImpl.parse(DocumentBuilderImpl.java:339)
	at org.eclipse.debug.internal.core.LaunchManager.createInfoFromXML(LaunchManager.java:935)
	at org.eclipse.debug.internal.core.LaunchManager.getInfo(LaunchManager.java:1359)
	at org.eclipse.debug.internal.core.LaunchConfiguration.getInfo(LaunchConfiguration.java:490)
	at org.eclipse.debug.internal.core.LaunchConfiguration.getType(LaunchConfiguration.java:645)
	at org.eclipse.debug.internal.core.LaunchManager.isValid(LaunchManager.java:2091)
	at org.eclipse.debug.internal.core.LaunchManager.verifyConfigurations(LaunchManager.java:2462)
	at org.eclipse.debug.internal.core.LaunchManager.getAllLaunchConfigurations(LaunchManager.java:1140)
	at org.eclipse.debug.internal.core.LaunchManager.getLaunchConfigurations(LaunchManager.java:1444)
	at org.eclipse.debug.internal.core.LaunchManager.getLaunchConfigurations(LaunchManager.java:1439)
	at org.eclipse.launchbar.core.internal.LaunchBarManager.init(LaunchBarManager.java:130)
	at org.eclipse.launchbar.core.internal.LaunchBarManager$1.run(LaunchBarManager.java:96)
	at org.eclipse.core.internal.jobs.Worker.run(Worker.java:63)

!ENTRY org.eclipse.debug.core 4 125 2026-07-28 11:20:41.317
!MESSAGE 调试核心所记录的错误：
!STACK 1
org.eclipse.debug.core.DebugException: 读取启动配置文件 F:\code\vibe_project\rollerball\M55\libraries\components\mtb-device-support-pse8xxgp\make\make\scripts\interface_version_3\eclipse\CM55\flash\normal\KitProg3\any\&&_PRJ_NAME&& Attach (KitProg3_MiniProg4).launch 时发生了 org.xml.sax.SAXParseException; lineNumber: 3; columnNumber: 66; 在实体引用中, 实体名称必须紧跟在 '&' 后面。。
	at org.eclipse.debug.internal.core.LaunchManager.createDebugException(LaunchManager.java:886)
	at org.eclipse.debug.internal.core.LaunchManager.throwException(LaunchManager.java:2448)
	at org.eclipse.debug.internal.core.LaunchManager.getInfo(LaunchManager.java:1366)
	at org.eclipse.debug.internal.core.LaunchConfiguration.getInfo(LaunchConfiguration.java:490)
	at org.eclipse.debug.internal.core.LaunchConfiguration.getType(LaunchConfiguration.java:645)
	at org.eclipse.debug.internal.core.LaunchManager.isValid(LaunchManager.java:2091)
	at org.eclipse.debug.internal.core.LaunchManager.verifyConfigurations(LaunchManager.java:2462)
	at org.eclipse.debug.internal.core.LaunchManager.getAllLaunchConfigurations(LaunchManager.java:1140)
	at org.eclipse.debug.internal.core.LaunchManager.getLaunchConfigurations(LaunchManager.java:1444)
	at org.eclipse.debug.internal.core.LaunchManager.getLaunchConfigurations(LaunchManager.java:1439)
	at org.eclipse.launchbar.core.internal.LaunchBarManager.init(LaunchBarManager.java:130)
	at org.eclipse.launchbar.core.internal.LaunchBarManager$1.run(LaunchBarManager.java:96)
	at org.eclipse.core.internal.jobs.Worker.run(Worker.java:63)
Caused by: org.xml.sax.SAXParseException; lineNumber: 3; columnNumber: 66; 在实体引用中, 实体名称必须紧跟在 '&' 后面。
	at com.sun.org.apache.xerces.internal.util.ErrorHandlerWrapper.createSAXParseException(ErrorHandlerWrapper.java:203)
	at com.sun.org.apache.xerces.internal.util.ErrorHandlerWrapper.fatalError(ErrorHandlerWrapper.java:177)
	at com.sun.org.apache.xerces.internal.impl.XMLErrorReporter.reportError(XMLErrorReporter.java:400)
	at com.sun.org.apache.xerces.internal.impl.XMLErrorReporter.reportError(XMLErrorReporter.java:327)
	at com.sun.org.apache.xerces.internal.impl.XMLScanner.reportFatalError(XMLScanner.java:1472)
	at com.sun.org.apache.xerces.internal.impl.XMLScanner.scanAttributeValue(XMLScanner.java:908)
	at com.sun.org.apache.xerces.internal.impl.XMLDocumentFragmentScannerImpl.scanAttribute(XMLDocumentFragmentScannerImpl.java:1548)
	at com.sun.org.apache.xerces.internal.impl.XMLDocumentFragmentScannerImpl.scanStartElement(XMLDocumentFragmentScannerImpl.java:1315)
	at com.sun.org.apache.xerces.internal.impl.XMLDocumentFragmentScannerImpl$FragmentContentDriver.next(XMLDocumentFragmentScannerImpl.java:2784)
	at com.sun.org.apache.xerces.internal.impl.XMLDocumentScannerImpl.next(XMLDocumentScannerImpl.java:602)
	at com.sun.org.apache.xerces.internal.impl.XMLDocumentFragmentScannerImpl.scanDocument(XMLDocumentFragmentScannerImpl.java:505)
	at com.sun.org.apache.xerces.internal.parsers.XML11Configuration.parse(XML11Configuration.java:841)
	at com.sun.org.apache.xerces.internal.parsers.XML11Configuration.parse(XML11Configuration.java:770)
	at com.sun.org.apache.xerces.internal.parsers.XMLParser.parse(XMLParser.java:141)
	at com.sun.org.apache.xerces.internal.parsers.DOMParser.parse(DOMParser.java:243)
	at com.sun.org.apache.xerces.internal.jaxp.DocumentBuilderImpl.parse(DocumentBuilderImpl.java:339)
	at org.eclipse.debug.internal.core.LaunchManager.createInfoFromXML(LaunchManager.java:935)
	at org.eclipse.debug.internal.core.LaunchManager.getInfo(LaunchManager.java:1359)
	... 10 more
!SUBENTRY 1 org.eclipse.debug.core 4 5012 2026-07-28 11:20:41.317
!MESSAGE 读取启动配置文件 F:\code\vibe_project\rollerball\M55\libraries\components\mtb-device-support-pse8xxgp\make\make\scripts\interface_version_3\eclipse\CM55\flash\normal\KitProg3\any\&&_PRJ_NAME&& Attach (KitProg3_MiniProg4).launch 时发生了 org.xml.sax.SAXParseException; lineNumber: 3; columnNumber: 66; 在实体引用中, 实体名称必须紧跟在 '&' 后面。。
!STACK 0
org.xml.sax.SAXParseException; lineNumber: 3; columnNumber: 66; 在实体引用中, 实体名称必须紧跟在 '&' 后面。
	at com.sun.org.apache.xerces.internal.util.ErrorHandlerWrapper.createSAXParseException(ErrorHandlerWrapper.java:203)
	at com.sun.org.apache.xerces.internal.util.ErrorHandlerWrapper.fatalError(ErrorHandlerWrapper.java:177)
	at com.sun.org.apache.xerces.internal.impl.XMLErrorReporter.reportError(XMLErrorReporter.java:400)
	at com.sun.org.apache.xerces.internal.impl.XMLErrorReporter.reportError(XMLErrorReporter.java:327)
	at com.sun.org.apache.xerces.internal.impl.XMLScanner.reportFatalError(XMLScanner.java:1472)
	at com.sun.org.apache.xerces.internal.impl.XMLScanner.scanAttributeValue(XMLScanner.java:908)
	at com.sun.org.apache.xerces.internal.impl.XMLDocumentFragmentScannerImpl.scanAttribute(XMLDocumentFragmentScannerImpl.java:1548)
	at com.sun.org.apache.xerces.internal.impl.XMLDocumentFragmentScannerImpl.scanStartElement(XMLDocumentFragmentScannerImpl.java:1315)
	at com.sun.org.apache.xerces.internal.impl.XMLDocumentFragmentScannerImpl$FragmentContentDriver.next(XMLDocumentFragmentScannerImpl.java:2784)
	at com.sun.org.apache.xerces.internal.impl.XMLDocumentScannerImpl.next(XMLDocumentScannerImpl.java:602)
	at com.sun.org.apache.xerces.internal.impl.XMLDocumentFragmentScannerImpl.scanDocument(XMLDocumentFragmentScannerImpl.java:505)
	at com.sun.org.apache.xerces.internal.parsers.XML11Configuration.parse(XML11Configuration.java:841)
	at com.sun.org.apache.xerces.internal.parsers.XML11Configuration.parse(XML11Configuration.java:770)
	at com.sun.org.apache.xerces.internal.parsers.XMLParser.parse(XMLParser.java:141)
	at com.sun.org.apache.xerces.internal.parsers.DOMParser.parse(DOMParser.java:243)
	at com.sun.org.apache.xerces.internal.jaxp.DocumentBuilderImpl.parse(DocumentBuilderImpl.java:339)
	at org.eclipse.debug.internal.core.LaunchManager.createInfoFromXML(LaunchManager.java:935)
	at org.eclipse.debug.internal.core.LaunchManager.getInfo(LaunchManager.java:1359)
	at org.eclipse.debug.internal.core.LaunchConfiguration.getInfo(LaunchConfiguration.java:490)
	at org.eclipse.debug.internal.core.LaunchConfiguration.getType(LaunchConfiguration.java:645)
	at org.eclipse.debug.internal.core.LaunchManager.isValid(LaunchManager.java:2091)
	at org.eclipse.debug.internal.core.LaunchManager.verifyConfigurations(LaunchManager.java:2462)
	at org.eclipse.debug.internal.core.LaunchManager.getAllLaunchConfigurations(LaunchManager.java:1140)
	at org.eclipse.debug.internal.core.LaunchManager.getLaunchConfigurations(LaunchManager.java:1444)
	at org.eclipse.debug.internal.core.LaunchManager.getLaunchConfigurations(LaunchManager.java:1439)
	at org.eclipse.launchbar.core.internal.LaunchBarManager.init(LaunchBarManager.java:130)
	at org.eclipse.launchbar.core.internal.LaunchBarManager$1.run(LaunchBarManager.java:96)
	at org.eclipse.core.internal.jobs.Worker.run(Worker.java:63)

!ENTRY org.eclipse.debug.core 4 125 2026-07-28 11:20:41.317
!MESSAGE 调试核心所记录的错误：
!STACK 1
org.eclipse.debug.core.DebugException: 读取启动配置文件 F:\code\vibe_project\rollerball\M55\libraries\components\mtb-device-support-pse8xxgp\make\make\scripts\interface_version_3\eclipse\CM55\flash\normal\KitProg3\any\&&_PRJ_NAME&& Debug (KitProg3_MiniProg4).launch 时发生了 org.xml.sax.SAXParseException; lineNumber: 3; columnNumber: 66; 在实体引用中, 实体名称必须紧跟在 '&' 后面。。
	at org.eclipse.debug.internal.core.LaunchManager.createDebugException(LaunchManager.java:886)
	at org.eclipse.debug.internal.core.LaunchManager.throwException(LaunchManager.java:2448)
	at org.eclipse.debug.internal.core.LaunchManager.getInfo(LaunchManager.java:1366)
	at org.eclipse.debug.internal.core.LaunchConfiguration.getInfo(LaunchConfiguration.java:490)
	at org.eclipse.debug.internal.core.LaunchConfiguration.getType(LaunchConfiguration.java:645)
	at org.eclipse.debug.internal.core.LaunchManager.isValid(LaunchManager.java:2091)
	at org.eclipse.debug.internal.core.LaunchManager.verifyConfigurations(LaunchManager.java:2462)
	at org.eclipse.debug.internal.core.LaunchManager.getAllLaunchConfigurations(LaunchManager.java:1140)
	at org.eclipse.debug.internal.core.LaunchManager.getLaunchConfigurations(LaunchManager.java:1444)
	at org.eclipse.debug.internal.core.LaunchManager.getLaunchConfigurations(LaunchManager.java:1439)
	at org.eclipse.launchbar.core.internal.LaunchBarManager.init(LaunchBarManager.java:130)
	at org.eclipse.launchbar.core.internal.LaunchBarManager$1.run(LaunchBarManager.java:96)
	at org.eclipse.core.internal.jobs.Worker.run(Worker.java:63)
Caused by: org.xml.sax.SAXParseException; lineNumber: 3; columnNumber: 66; 在实体引用中, 实体名称必须紧跟在 '&' 后面。
	at com.sun.org.apache.xerces.internal.util.ErrorHandlerWrapper.createSAXParseException(ErrorHandlerWrapper.java:203)
	at com.sun.org.apache.xerces.internal.util.ErrorHandlerWrapper.fatalError(ErrorHandlerWrapper.java:177)
	at com.sun.org.apache.xerces.internal.impl.XMLErrorReporter.reportError(XMLErrorReporter.java:400)
	at com.sun.org.apache.xerces.internal.impl.XMLErrorReporter.reportError(XMLErrorReporter.java:327)
	at com.sun.org.apache.xerces.internal.impl.XMLScanner.reportFatalError(XMLScanner.java:1472)
	at com.sun.org.apache.xerces.internal.impl.XMLScanner.scanAttributeValue(XMLScanner.java:908)
	at com.sun.org.apache.xerces.internal.impl.XMLDocumentFragmentScannerImpl.scanAttribute(XMLDocumentFragmentScannerImpl.java:1548)
	at com.sun.org.apache.xerces.internal.impl.XMLDocumentFragmentScannerImpl.scanStartElement(XMLDocumentFragmentScannerImpl.java:1315)
	at com.sun.org.apache.xerces.internal.impl.XMLDocumentFragmentScannerImpl$FragmentContentDriver.next(XMLDocumentFragmentScannerImpl.java:2784)
	at com.sun.org.apache.xerces.internal.impl.XMLDocumentScannerImpl.next(XMLDocumentScannerImpl.java:602)
	at com.sun.org.apache.xerces.internal.impl.XMLDocumentFragmentScannerImpl.scanDocument(XMLDocumentFragmentScannerImpl.java:505)
	at com.sun.org.apache.xerces.internal.parsers.XML11Configuration.parse(XML11Configuration.java:841)
	at com.sun.org.apache.xerces.internal.parsers.XML11Configuration.parse(XML11Configuration.java:770)
	at com.sun.org.apache.xerces.internal.parsers.XMLParser.parse(XMLParser.java:141)
	at com.sun.org.apache.xerces.internal.parsers.DOMParser.parse(DOMParser.java:243)
	at com.sun.org.apache.xerces.internal.jaxp.DocumentBuilderImpl.parse(DocumentBuilderImpl.java:339)
	at org.eclipse.debug.internal.core.LaunchManager.createInfoFromXML(LaunchManager.java:935)
	at org.eclipse.debug.internal.core.LaunchManager.getInfo(LaunchManager.java:1359)
	... 10 more
!SUBENTRY 1 org.eclipse.debug.core 4 5012 2026-07-28 11:20:41.317
!MESSAGE 读取启动配置文件 F:\code\vibe_project\rollerball\M55\libraries\components\mtb-device-support-pse8xxgp\make\make\scripts\interface_version_3\eclipse\CM55\flash\normal\KitProg3\any\&&_PRJ_NAME&& Debug (KitProg3_MiniProg4).launch 时发生了 org.xml.sax.SAXParseException; lineNumber: 3; columnNumber: 66; 在实体引用中, 实体名称必须紧跟在 '&' 后面。。
!STACK 0
org.xml.sax.SAXParseException; lineNumber: 3; columnNumber: 66; 在实体引用中, 实体名称必须紧跟在 '&' 后面。
	at com.sun.org.apache.xerces.internal.util.ErrorHandlerWrapper.createSAXParseException(ErrorHandlerWrapper.java:203)
	at com.sun.org.apache.xerces.internal.util.ErrorHandlerWrapper.fatalError(ErrorHandlerWrapper.java:177)
	at com.sun.org.apache.xerces.internal.impl.XMLErrorReporter.reportError(XMLErrorReporter.java:400)
	at com.sun.org.apache.xerces.internal.impl.XMLErrorReporter.reportError(XMLErrorReporter.java:327)
	at com.sun.org.apache.xerces.internal.impl.XMLScanner.reportFatalError(XMLScanner.java:1472)
	at com.sun.org.apache.xerces.internal.impl.XMLScanner.scanAttributeValue(XMLScanner.java:908)
	at com.sun.org.apache.xerces.internal.impl.XMLDocumentFragmentScannerImpl.scanAttribute(XMLDocumentFragmentScannerImpl.java:1548)
	at com.sun.org.apache.xerces.internal.impl.XMLDocumentFragmentScannerImpl.scanStartElement(XMLDocumentFragmentScannerImpl.java:1315)
	at com.sun.org.apache.xerces.internal.impl.XMLDocumentFragmentScannerImpl$FragmentContentDriver.next(XMLDocumentFragmentScannerImpl.java:2784)
	at com.sun.org.apache.xerces.internal.impl.XMLDocumentScannerImpl.next(XMLDocumentScannerImpl.java:602)
	at com.sun.org.apache.xerces.internal.impl.XMLDocumentFragmentScannerImpl.scanDocument(XMLDocumentFragmentScannerImpl.java:505)
	at com.sun.org.apache.xerces.internal.parsers.XML11Configuration.parse(XML11Configuration.java:841)
	at com.sun.org.apache.xerces.internal.parsers.XML11Configuration.parse(XML11Configuration.java:770)
	at com.sun.org.apache.xerces.internal.parsers.XMLParser.parse(XMLParser.java:141)
	at com.sun.org.apache.xerces.internal.parsers.DOMParser.parse(DOMParser.java:243)
	at com.sun.org.apache.xerces.internal.jaxp.DocumentBuilderImpl.parse(DocumentBuilderImpl.java:339)
	at org.eclipse.debug.internal.core.LaunchManager.createInfoFromXML(LaunchManager.java:935)
	at org.eclipse.debug.internal.core.LaunchManager.getInfo(LaunchManager.java:1359)
	at org.eclipse.debug.internal.core.LaunchConfiguration.getInfo(LaunchConfiguration.java:490)
	at org.eclipse.debug.internal.core.LaunchConfiguration.getType(LaunchConfiguration.java:645)
	at org.eclipse.debug.internal.core.LaunchManager.isValid(LaunchManager.java:2091)
	at org.eclipse.debug.internal.core.LaunchManager.verifyConfigurations(LaunchManager.java:2462)
	at org.eclipse.debug.internal.core.LaunchManager.getAllLaunchConfigurations(LaunchManager.java:1140)
	at org.eclipse.debug.internal.core.LaunchManager.getLaunchConfigurations(LaunchManager.java:1444)
	at org.eclipse.debug.internal.core.LaunchManager.getLaunchConfigurations(LaunchManager.java:1439)
	at org.eclipse.launchbar.core.internal.LaunchBarManager.init(LaunchBarManager.java:130)
	at org.eclipse.launchbar.core.internal.LaunchBarManager$1.run(LaunchBarManager.java:96)
	at org.eclipse.core.internal.jobs.Worker.run(Worker.java:63)

!ENTRY org.eclipse.debug.core 4 125 2026-07-28 11:20:41.321
!MESSAGE 调试核心所记录的错误：
!STACK 1
org.eclipse.debug.core.DebugException: 读取启动配置文件 F:\code\vibe_project\rollerball\M55\libraries\components\mtb-device-support-pse8xxgp\make\make\scripts\interface_version_3\eclipse\CM55\flash\normal\KitProg3\combine_sign\Debug.launch 时发生了 org.xml.sax.SAXParseException; lineNumber: 3; columnNumber: 66; 在实体引用中, 实体名称必须紧跟在 '&' 后面。。
	at org.eclipse.debug.internal.core.LaunchManager.createDebugException(LaunchManager.java:886)
	at org.eclipse.debug.internal.core.LaunchManager.throwException(LaunchManager.java:2448)
	at org.eclipse.debug.internal.core.LaunchManager.getInfo(LaunchManager.java:1366)
	at org.eclipse.debug.internal.core.LaunchConfiguration.getInfo(LaunchConfiguration.java:490)
	at org.eclipse.debug.internal.core.LaunchConfiguration.getType(LaunchConfiguration.java:645)
	at org.eclipse.debug.internal.core.LaunchManager.isValid(LaunchManager.java:2091)
	at org.eclipse.debug.internal.core.LaunchManager.verifyConfigurations(LaunchManager.java:2462)
	at org.eclipse.debug.internal.core.LaunchManager.getAllLaunchConfigurations(LaunchManager.java:1140)
	at org.eclipse.debug.internal.core.LaunchManager.getLaunchConfigurations(LaunchManager.java:1444)
	at org.eclipse.debug.internal.core.LaunchManager.getLaunchConfigurations(LaunchManager.java:1439)
	at org.eclipse.launchbar.core.internal.LaunchBarManager.init(LaunchBarManager.java:130)
	at org.eclipse.launchbar.core.internal.LaunchBarManager$1.run(LaunchBarManager.java:96)
	at org.eclipse.core.internal.jobs.Worker.run(Worker.java:63)
Caused by: org.xml.sax.SAXParseException; lineNumber: 3; columnNumber: 66; 在实体引用中, 实体名称必须紧跟在 '&' 后面。
	at com.sun.org.apache.xerces.internal.util.ErrorHandlerWrapper.createSAXParseException(ErrorHandlerWrapper.java:203)
	at com.sun.org.apache.xerces.internal.util.ErrorHandlerWrapper.fatalError(ErrorHandlerWrapper.java:177)
	at com.sun.org.apache.xerces.internal.impl.XMLErrorReporter.reportError(XMLErrorReporter.java:400)
	at com.sun.org.apache.xerces.internal.impl.XMLErrorReporter.reportError(XMLErrorReporter.java:327)
	at com.sun.org.apache.xerces.internal.impl.XMLScanner.reportFatalError(XMLScanner.java:1472)
	at com.sun.org.apache.xerces.internal.impl.XMLScanner.scanAttributeValue(XMLScanner.java:908)
	at com.sun.org.apache.xerces.internal.impl.XMLDocumentFragmentScannerImpl.scanAttribute(XMLDocumentFragmentScannerImpl.java:1548)
	at com.sun.org.apache.xerces.internal.impl.XMLDocumentFragmentScannerImpl.scanStartElement(XMLDocumentFragmentScannerImpl.java:1315)
	at com.sun.org.apache.xerces.internal.impl.XMLDocumentFragmentScannerImpl$FragmentContentDriver.next(XMLDocumentFragmentScannerImpl.java:2784)
	at com.sun.org.apache.xerces.internal.impl.XMLDocumentScannerImpl.next(XMLDocumentScannerImpl.java:602)
	at com.sun.org.apache.xerces.internal.impl.XMLDocumentFragmentScannerImpl.scanDocument(XMLDocumentFragmentScannerImpl.java:505)
	at com.sun.org.apache.xerces.internal.parsers.XML11Configuration.parse(XML11Configuration.java:841)
	at com.sun.org.apache.xerces.internal.parsers.XML11Configuration.parse(XML11Configuration.java:770)
	at com.sun.org.apache.xerces.internal.parsers.XMLParser.parse(XMLParser.java:141)
	at com.sun.org.apache.xerces.internal.parsers.DOMParser.parse(DOMParser.java:243)
	at com.sun.org.apache.xerces.internal.jaxp.DocumentBuilderImpl.parse(DocumentBuilderImpl.java:339)
	at org.eclipse.debug.internal.core.LaunchManager.createInfoFromXML(LaunchManager.java:935)
	at org.eclipse.debug.internal.core.LaunchManager.getInfo(LaunchManager.java:1359)
	... 10 more
!SUBENTRY 1 org.eclipse.debug.core 4 5012 2026-07-28 11:20:41.321
!MESSAGE 读取启动配置文件 F:\code\vibe_project\rollerball\M55\libraries\components\mtb-device-support-pse8xxgp\make\make\scripts\interface_version_3\eclipse\CM55\flash\normal\KitProg3\combine_sign\Debug.launch 时发生了 org.xml.sax.SAXParseException; lineNumber: 3; columnNumber: 66; 在实体引用中, 实体名称必须紧跟在 '&' 后面。。
!STACK 0
org.xml.sax.SAXParseException; lineNumber: 3; columnNumber: 66; 在实体引用中, 实体名称必须紧跟在 '&' 后面。
	at com.sun.org.apache.xerces.internal.util.ErrorHandlerWrapper.createSAXParseException(ErrorHandlerWrapper.java:203)
	at com.sun.org.apache.xerces.internal.util.ErrorHandlerWrapper.fatalError(ErrorHandlerWrapper.java:177)
	at com.sun.org.apache.xerces.internal.impl.XMLErrorReporter.reportError(XMLErrorReporter.java:400)
	at com.sun.org.apache.xerces.internal.impl.XMLErrorReporter.reportError(XMLErrorReporter.java:327)
	at com.sun.org.apache.xerces.internal.impl.XMLScanner.reportFatalError(XMLScanner.java:1472)
	at com.sun.org.apache.xerces.internal.impl.XMLScanner.scanAttributeValue(XMLScanner.java:908)
	at com.sun.org.apache.xerces.internal.impl.XMLDocumentFragmentScannerImpl.scanAttribute(XMLDocumentFragmentScannerImpl.java:1548)
	at com.sun.org.apache.xerces.internal.impl.XMLDocumentFragmentScannerImpl.scanStartElement(XMLDocumentFragmentScannerImpl.java:1315)
	at com.sun.org.apache.xerces.internal.impl.XMLDocumentFragmentScannerImpl$FragmentContentDriver.next(XMLDocumentFragmentScannerImpl.java:2784)
	at com.sun.org.apache.xerces.internal.impl.XMLDocumentScannerImpl.next(XMLDocumentScannerImpl.java:602)
	at com.sun.org.apache.xerces.internal.impl.XMLDocumentFragmentScannerImpl.scanDocument(XMLDocumentFragmentScannerImpl.java:505)
	at com.sun.org.apache.xerces.internal.parsers.XML11Configuration.parse(XML11Configuration.java:841)
	at com.sun.org.apache.xerces.internal.parsers.XML11Configuration.parse(XML11Configuration.java:770)
	at com.sun.org.apache.xerces.internal.parsers.XMLParser.parse(XMLParser.java:141)
	at com.sun.org.apache.xerces.internal.parsers.DOMParser.parse(DOMParser.java:243)
	at com.sun.org.apache.xerces.internal.jaxp.DocumentBuilderImpl.parse(DocumentBuilderImpl.java:339)
	at org.eclipse.debug.internal.core.LaunchManager.createInfoFromXML(LaunchManager.java:935)
	at org.eclipse.debug.internal.core.LaunchManager.getInfo(LaunchManager.java:1359)
	at org.eclipse.debug.internal.core.LaunchConfiguration.getInfo(LaunchConfiguration.java:490)
	at org.eclipse.debug.internal.core.LaunchConfiguration.getType(LaunchConfiguration.java:645)
	at org.eclipse.debug.internal.core.LaunchManager.isValid(LaunchManager.java:2091)
	at org.eclipse.debug.internal.core.LaunchManager.verifyConfigurations(LaunchManager.java:2462)
	at org.eclipse.debug.internal.core.LaunchManager.getAllLaunchConfigurations(LaunchManager.java:1140)
	at org.eclipse.debug.internal.core.LaunchManager.getLaunchConfigurations(LaunchManager.java:1444)
	at org.eclipse.debug.internal.core.LaunchManager.getLaunchConfigurations(LaunchManager.java:1439)
	at org.eclipse.launchbar.core.internal.LaunchBarManager.init(LaunchBarManager.java:130)
	at org.eclipse.launchbar.core.internal.LaunchBarManager$1.run(LaunchBarManager.java:96)
	at org.eclipse.core.internal.jobs.Worker.run(Worker.java:63)

!ENTRY org.eclipse.debug.core 4 125 2026-07-28 11:20:41.321
!MESSAGE 调试核心所记录的错误：
!STACK 1
org.eclipse.debug.core.DebugException: 读取启动配置文件 F:\code\vibe_project\rollerball\M55\libraries\components\mtb-device-support-pse8xxgp\make\make\scripts\interface_version_3\eclipse\CM55\flash\normal\KitProg3\multi\&&_PRJ_NAME&& Add CM55 to CM33 (KitProg3_MiniProg4).launch 时发生了 org.xml.sax.SAXParseException; lineNumber: 3; columnNumber: 66; 在实体引用中, 实体名称必须紧跟在 '&' 后面。。
	at org.eclipse.debug.internal.core.LaunchManager.createDebugException(LaunchManager.java:886)
	at org.eclipse.debug.internal.core.LaunchManager.throwException(LaunchManager.java:2448)
	at org.eclipse.debug.internal.core.LaunchManager.getInfo(LaunchManager.java:1366)
	at org.eclipse.debug.internal.core.LaunchConfiguration.getInfo(LaunchConfiguration.java:490)
	at org.eclipse.debug.internal.core.LaunchConfiguration.getType(LaunchConfiguration.java:645)
	at org.eclipse.debug.internal.core.LaunchManager.isValid(LaunchManager.java:2091)
	at org.eclipse.debug.internal.core.LaunchManager.verifyConfigurations(LaunchManager.java:2462)
	at org.eclipse.debug.internal.core.LaunchManager.getAllLaunchConfigurations(LaunchManager.java:1140)
	at org.eclipse.debug.internal.core.LaunchManager.getLaunchConfigurations(LaunchManager.java:1444)
	at org.eclipse.debug.internal.core.LaunchManager.getLaunchConfigurations(LaunchManager.java:1439)
	at org.eclipse.launchbar.core.internal.LaunchBarManager.init(LaunchBarManager.java:130)
	at org.eclipse.launchbar.core.internal.LaunchBarManager$1.run(LaunchBarManager.java:96)
	at org.eclipse.core.internal.jobs.Worker.run(Worker.java:63)
Caused by: org.xml.sax.SAXParseException; lineNumber: 3; columnNumber: 66; 在实体引用中, 实体名称必须紧跟在 '&' 后面。
	at com.sun.org.apache.xerces.internal.util.ErrorHandlerWrapper.createSAXParseException(ErrorHandlerWrapper.java:203)
	at com.sun.org.apache.xerces.internal.util.ErrorHandlerWrapper.fatalError(ErrorHandlerWrapper.java:177)
	at com.sun.org.apache.xerces.internal.impl.XMLErrorReporter.reportError(XMLErrorReporter.java:400)
	at com.sun.org.apache.xerces.internal.impl.XMLErrorReporter.reportError(XMLErrorReporter.java:327)
	at com.sun.org.apache.xerces.internal.impl.XMLScanner.reportFatalError(XMLScanner.java:1472)
	at com.sun.org.apache.xerces.internal.impl.XMLScanner.scanAttributeValue(XMLScanner.java:908)
	at com.sun.org.apache.xerces.internal.impl.XMLDocumentFragmentScannerImpl.scanAttribute(XMLDocumentFragmentScannerImpl.java:1548)
	at com.sun.org.apache.xerces.internal.impl.XMLDocumentFragmentScannerImpl.scanStartElement(XMLDocumentFragmentScannerImpl.java:1315)
	at com.sun.org.apache.xerces.internal.impl.XMLDocumentFragmentScannerImpl$FragmentContentDriver.next(XMLDocumentFragmentScannerImpl.java:2784)
	at com.sun.org.apache.xerces.internal.impl.XMLDocumentScannerImpl.next(XMLDocumentScannerImpl.java:602)
	at com.sun.org.apache.xerces.internal.impl.XMLDocumentFragmentScannerImpl.scanDocument(XMLDocumentFragmentScannerImpl.java:505)
	at com.sun.org.apache.xerces.internal.parsers.XML11Configuration.parse(XML11Configuration.java:841)
	at com.sun.org.apache.xerces.internal.parsers.XML11Configuration.parse(XML11Configuration.java:770)
	at com.sun.org.apache.xerces.internal.parsers.XMLParser.parse(XMLParser.java:141)
	at com.sun.org.apache.xerces.internal.parsers.DOMParser.parse(DOMParser.java:243)
	at com.sun.org.apache.xerces.internal.jaxp.DocumentBuilderImpl.parse(DocumentBuilderImpl.java:339)
	at org.eclipse.debug.internal.core.LaunchManager.createInfoFromXML(LaunchManager.java:935)
	at org.eclipse.debug.internal.core.LaunchManager.getInfo(LaunchManager.java:1359)
	... 10 more
!SUBENTRY 1 org.eclipse.debug.core 4 5012 2026-07-28 11:20:41.321
!MESSAGE 读取启动配置文件 F:\code\vibe_project\rollerball\M55\libraries\components\mtb-device-support-pse8xxgp\make\make\scripts\interface_version_3\eclipse\CM55\flash\normal\KitProg3\multi\&&_PRJ_NAME&& Add CM55 to CM33 (KitProg3_MiniProg4).launch 时发生了 org.xml.sax.SAXParseException; lineNumber: 3; columnNumber: 66; 在实体引用中, 实体名称必须紧跟在 '&' 后面。。
!STACK 0
org.xml.sax.SAXParseException; lineNumber: 3; columnNumber: 66; 在实体引用中, 实体名称必须紧跟在 '&' 后面。
	at com.sun.org.apache.xerces.internal.util.ErrorHandlerWrapper.createSAXParseException(ErrorHandlerWrapper.java:203)
	at com.sun.org.apache.xerces.internal.util.ErrorHandlerWrapper.fatalError(ErrorHandlerWrapper.java:177)
	at com.sun.org.apache.xerces.internal.impl.XMLErrorReporter.reportError(XMLErrorReporter.java:400)
	at com.sun.org.apache.xerces.internal.impl.XMLErrorReporter.reportError(XMLErrorReporter.java:327)
	at com.sun.org.apache.xerces.internal.impl.XMLScanner.reportFatalError(XMLScanner.java:1472)
	at com.sun.org.apache.xerces.internal.impl.XMLScanner.scanAttributeValue(XMLScanner.java:908)
	at com.sun.org.apache.xerces.internal.impl.XMLDocumentFragmentScannerImpl.scanAttribute(XMLDocumentFragmentScannerImpl.java:1548)
	at com.sun.org.apache.xerces.internal.impl.XMLDocumentFragmentScannerImpl.scanStartElement(XMLDocumentFragmentScannerImpl.java:1315)
	at com.sun.org.apache.xerces.internal.impl.XMLDocumentFragmentScannerImpl$FragmentContentDriver.next(XMLDocumentFragmentScannerImpl.java:2784)
	at com.sun.org.apache.xerces.internal.impl.XMLDocumentScannerImpl.next(XMLDocumentScannerImpl.java:602)
	at com.sun.org.apache.xerces.internal.impl.XMLDocumentFragmentScannerImpl.scanDocument(XMLDocumentFragmentScannerImpl.java:505)
	at com.sun.org.apache.xerces.internal.parsers.XML11Configuration.parse(XML11Configuration.java:841)
	at com.sun.org.apache.xerces.internal.parsers.XML11Configuration.parse(XML11Configuration.java:770)
	at com.sun.org.apache.xerces.internal.parsers.XMLParser.parse(XMLParser.java:141)
	at com.sun.org.apache.xerces.internal.parsers.DOMParser.parse(DOMParser.java:243)
	at com.sun.org.apache.xerces.internal.jaxp.DocumentBuilderImpl.parse(DocumentBuilderImpl.java:339)
	at org.eclipse.debug.internal.core.LaunchManager.createInfoFromXML(LaunchManager.java:935)
	at org.eclipse.debug.internal.core.LaunchManager.getInfo(LaunchManager.java:1359)
	at org.eclipse.debug.internal.core.LaunchConfiguration.getInfo(LaunchConfiguration.java:490)
	at org.eclipse.debug.internal.core.LaunchConfiguration.getType(LaunchConfiguration.java:645)
	at org.eclipse.debug.internal.core.LaunchManager.isValid(LaunchManager.java:2091)
	at org.eclipse.debug.internal.core.LaunchManager.verifyConfigurations(LaunchManager.java:2462)
	at org.eclipse.debug.internal.core.LaunchManager.getAllLaunchConfigurations(LaunchManager.java:1140)
	at org.eclipse.debug.internal.core.LaunchManager.getLaunchConfigurations(LaunchManager.java:1444)
	at org.eclipse.debug.internal.core.LaunchManager.getLaunchConfigurations(LaunchManager.java:1439)
	at org.eclipse.launchbar.core.internal.LaunchBarManager.init(LaunchBarManager.java:130)
	at org.eclipse.launchbar.core.internal.LaunchBarManager$1.run(LaunchBarManager.java:96)
	at org.eclipse.core.internal.jobs.Worker.run(Worker.java:63)

!ENTRY org.eclipse.debug.core 4 125 2026-07-28 11:20:41.325
!MESSAGE 调试核心所记录的错误：
!STACK 1
org.eclipse.debug.core.DebugException: 读取启动配置文件 F:\code\vibe_project\rollerball\M55\libraries\components\mtb-device-support-pse8xxgp\make\make\scripts\interface_version_3\eclipse\CM55\flash\virgin\JLink\any\&&_PRJ_NAME&& Attach (JLink).launch 时发生了 org.xml.sax.SAXParseException; lineNumber: 3; columnNumber: 66; 在实体引用中, 实体名称必须紧跟在 '&' 后面。。
	at org.eclipse.debug.internal.core.LaunchManager.createDebugException(LaunchManager.java:886)
	at org.eclipse.debug.internal.core.LaunchManager.throwException(LaunchManager.java:2448)
	at org.eclipse.debug.internal.core.LaunchManager.getInfo(LaunchManager.java:1366)
	at org.eclipse.debug.internal.core.LaunchConfiguration.getInfo(LaunchConfiguration.java:490)
	at org.eclipse.debug.internal.core.LaunchConfiguration.getType(LaunchConfiguration.java:645)
	at org.eclipse.debug.internal.core.LaunchManager.isValid(LaunchManager.java:2091)
	at org.eclipse.debug.internal.core.LaunchManager.verifyConfigurations(LaunchManager.java:2462)
	at org.eclipse.debug.internal.core.LaunchManager.getAllLaunchConfigurations(LaunchManager.java:1140)
	at org.eclipse.debug.internal.core.LaunchManager.getLaunchConfigurations(LaunchManager.java:1444)
	at org.eclipse.debug.internal.core.LaunchManager.getLaunchConfigurations(LaunchManager.java:1439)
	at org.eclipse.launchbar.core.internal.LaunchBarManager.init(LaunchBarManager.java:130)
	at org.eclipse.launchbar.core.internal.LaunchBarManager$1.run(LaunchBarManager.java:96)
	at org.eclipse.core.internal.jobs.Worker.run(Worker.java:63)
Caused by: org.xml.sax.SAXParseException; lineNumber: 3; columnNumber: 66; 在实体引用中, 实体名称必须紧跟在 '&' 后面。
	at com.sun.org.apache.xerces.internal.util.ErrorHandlerWrapper.createSAXParseException(ErrorHandlerWrapper.java:203)
	at com.sun.org.apache.xerces.internal.util.ErrorHandlerWrapper.fatalError(ErrorHandlerWrapper.java:177)
	at com.sun.org.apache.xerces.internal.impl.XMLErrorReporter.reportError(XMLErrorReporter.java:400)
	at com.sun.org.apache.xerces.internal.impl.XMLErrorReporter.reportError(XMLErrorReporter.java:327)
	at com.sun.org.apache.xerces.internal.impl.XMLScanner.reportFatalError(XMLScanner.java:1472)
	at com.sun.org.apache.xerces.internal.impl.XMLScanner.scanAttributeValue(XMLScanner.java:908)
	at com.sun.org.apache.xerces.internal.impl.XMLDocumentFragmentScannerImpl.scanAttribute(XMLDocumentFragmentScannerImpl.java:1548)
	at com.sun.org.apache.xerces.internal.impl.XMLDocumentFragmentScannerImpl.scanStartElement(XMLDocumentFragmentScannerImpl.java:1315)
	at com.sun.org.apache.xerces.internal.impl.XMLDocumentFragmentScannerImpl$FragmentContentDriver.next(XMLDocumentFragmentScannerImpl.java:2784)
	at com.sun.org.apache.xerces.internal.impl.XMLDocumentScannerImpl.next(XMLDocumentScannerImpl.java:602)
	at com.sun.org.apache.xerces.internal.impl.XMLDocumentFragmentScannerImpl.scanDocument(XMLDocumentFragmentScannerImpl.java:505)
	at com.sun.org.apache.xerces.internal.parsers.XML11Configuration.parse(XML11Configuration.java:841)
	at com.sun.org.apache.xerces.internal.parsers.XML11Configuration.parse(XML11Configuration.java:770)
	at com.sun.org.apache.xerces.internal.parsers.XMLParser.parse(XMLParser.java:141)
	at com.sun.org.apache.xerces.internal.parsers.DOMParser.parse(DOMParser.java:243)
	at com.sun.org.apache.xerces.internal.jaxp.DocumentBuilderImpl.parse(DocumentBuilderImpl.java:339)
	at org.eclipse.debug.internal.core.LaunchManager.createInfoFromXML(LaunchManager.java:935)
	at org.eclipse.debug.internal.core.LaunchManager.getInfo(LaunchManager.java:1359)
	... 10 more
!SUBENTRY 1 org.eclipse.debug.core 4 5012 2026-07-28 11:20:41.325
!MESSAGE 读取启动配置文件 F:\code\vibe_project\rollerball\M55\libraries\components\mtb-device-support-pse8xxgp\make\make\scripts\interface_version_3\eclipse\CM55\flash\virgin\JLink\any\&&_PRJ_NAME&& Attach (JLink).launch 时发生了 org.xml.sax.SAXParseException; lineNumber: 3; columnNumber: 66; 在实体引用中, 实体名称必须紧跟在 '&' 后面。。
!STACK 0
org.xml.sax.SAXParseException; lineNumber: 3; columnNumber: 66; 在实体引用中, 实体名称必须紧跟在 '&' 后面。
	at com.sun.org.apache.xerces.internal.util.ErrorHandlerWrapper.createSAXParseException(ErrorHandlerWrapper.java:203)
	at com.sun.org.apache.xerces.internal.util.ErrorHandlerWrapper.fatalError(ErrorHandlerWrapper.java:177)
	at com.sun.org.apache.xerces.internal.impl.XMLErrorReporter.reportError(XMLErrorReporter.java:400)
	at com.sun.org.apache.xerces.internal.impl.XMLErrorReporter.reportError(XMLErrorReporter.java:327)
	at com.sun.org.apache.xerces.internal.impl.XMLScanner.reportFatalError(XMLScanner.java:1472)
	at com.sun.org.apache.xerces.internal.impl.XMLScanner.scanAttributeValue(XMLScanner.java:908)
	at com.sun.org.apache.xerces.internal.impl.XMLDocumentFragmentScannerImpl.scanAttribute(XMLDocumentFragmentScannerImpl.java:1548)
	at com.sun.org.apache.xerces.internal.impl.XMLDocumentFragmentScannerImpl.scanStartElement(XMLDocumentFragmentScannerImpl.java:1315)
	at com.sun.org.apache.xerces.internal.impl.XMLDocumentFragmentScannerImpl$FragmentContentDriver.next(XMLDocumentFragmentScannerImpl.java:2784)
	at com.sun.org.apache.xerces.internal.impl.XMLDocumentScannerImpl.next(XMLDocumentScannerImpl.java:602)
	at com.sun.org.apache.xerces.internal.impl.XMLDocumentFragmentScannerImpl.scanDocument(XMLDocumentFragmentScannerImpl.java:505)
	at com.sun.org.apache.xerces.internal.parsers.XML11Configuration.parse(XML11Configuration.java:841)
	at com.sun.org.apache.xerces.internal.parsers.XML11Configuration.parse(XML11Configuration.java:770)
	at com.sun.org.apache.xerces.internal.parsers.XMLParser.parse(XMLParser.java:141)
	at com.sun.org.apache.xerces.internal.parsers.DOMParser.parse(DOMParser.java:243)
	at com.sun.org.apache.xerces.internal.jaxp.DocumentBuilderImpl.parse(DocumentBuilderImpl.java:339)
	at org.eclipse.debug.internal.core.LaunchManager.createInfoFromXML(LaunchManager.java:935)
	at org.eclipse.debug.internal.core.LaunchManager.getInfo(LaunchManager.java:1359)
	at org.eclipse.debug.internal.core.LaunchConfiguration.getInfo(LaunchConfiguration.java:490)
	at org.eclipse.debug.internal.core.LaunchConfiguration.getType(LaunchConfiguration.java:645)
	at org.eclipse.debug.internal.core.LaunchManager.isValid(LaunchManager.java:2091)
	at org.eclipse.debug.internal.core.LaunchManager.verifyConfigurations(LaunchManager.java:2462)
	at org.eclipse.debug.internal.core.LaunchManager.getAllLaunchConfigurations(LaunchManager.java:1140)
	at org.eclipse.debug.internal.core.LaunchManager.getLaunchConfigurations(LaunchManager.java:1444)
	at org.eclipse.debug.internal.core.LaunchManager.getLaunchConfigurations(LaunchManager.java:1439)
	at org.eclipse.launchbar.core.internal.LaunchBarManager.init(LaunchBarManager.java:130)
	at org.eclipse.launchbar.core.internal.LaunchBarManager$1.run(LaunchBarManager.java:96)
	at org.eclipse.core.internal.jobs.Worker.run(Worker.java:63)

!ENTRY org.eclipse.debug.core 4 125 2026-07-28 11:20:41.325
!MESSAGE 调试核心所记录的错误：
!STACK 1
org.eclipse.debug.core.DebugException: 读取启动配置文件 F:\code\vibe_project\rollerball\M55\libraries\components\mtb-device-support-pse8xxgp\make\make\scripts\interface_version_3\eclipse\CM55\flash\virgin\JLink\any\&&_PRJ_NAME&& Debug (JLink).launch 时发生了 org.xml.sax.SAXParseException; lineNumber: 3; columnNumber: 66; 在实体引用中, 实体名称必须紧跟在 '&' 后面。。
	at org.eclipse.debug.internal.core.LaunchManager.createDebugException(LaunchManager.java:886)
	at org.eclipse.debug.internal.core.LaunchManager.throwException(LaunchManager.java:2448)
	at org.eclipse.debug.internal.core.LaunchManager.getInfo(LaunchManager.java:1366)
	at org.eclipse.debug.internal.core.LaunchConfiguration.getInfo(LaunchConfiguration.java:490)
	at org.eclipse.debug.internal.core.LaunchConfiguration.getType(LaunchConfiguration.java:645)
	at org.eclipse.debug.internal.core.LaunchManager.isValid(LaunchManager.java:2091)
	at org.eclipse.debug.internal.core.LaunchManager.verifyConfigurations(LaunchManager.java:2462)
	at org.eclipse.debug.internal.core.LaunchManager.getAllLaunchConfigurations(LaunchManager.java:1140)
	at org.eclipse.debug.internal.core.LaunchManager.getLaunchConfigurations(LaunchManager.java:1444)
	at org.eclipse.debug.internal.core.LaunchManager.getLaunchConfigurations(LaunchManager.java:1439)
	at org.eclipse.launchbar.core.internal.LaunchBarManager.init(LaunchBarManager.java:130)
	at org.eclipse.launchbar.core.internal.LaunchBarManager$1.run(LaunchBarManager.java:96)
	at org.eclipse.core.internal.jobs.Worker.run(Worker.java:63)
Caused by: org.xml.sax.SAXParseException; lineNumber: 3; columnNumber: 66; 在实体引用中, 实体名称必须紧跟在 '&' 后面。
	at com.sun.org.apache.xerces.internal.util.ErrorHandlerWrapper.createSAXParseException(ErrorHandlerWrapper.java:203)
	at com.sun.org.apache.xerces.internal.util.ErrorHandlerWrapper.fatalError(ErrorHandlerWrapper.java:177)
	at com.sun.org.apache.xerces.internal.impl.XMLErrorReporter.reportError(XMLErrorReporter.java:400)
	at com.sun.org.apache.xerces.internal.impl.XMLErrorReporter.reportError(XMLErrorReporter.java:327)
	at com.sun.org.apache.xerces.internal.impl.XMLScanner.reportFatalError(XMLScanner.java:1472)
	at com.sun.org.apache.xerces.internal.impl.XMLScanner.scanAttributeValue(XMLScanner.java:908)
	at com.sun.org.apache.xerces.internal.impl.XMLDocumentFragmentScannerImpl.scanAttribute(XMLDocumentFragmentScannerImpl.java:1548)
	at com.sun.org.apache.xerces.internal.impl.XMLDocumentFragmentScannerImpl.scanStartElement(XMLDocumentFragmentScannerImpl.java:1315)
	at com.sun.org.apache.xerces.internal.impl.XMLDocumentFragmentScannerImpl$FragmentContentDriver.next(XMLDocumentFragmentScannerImpl.java:2784)
	at com.sun.org.apache.xerces.internal.impl.XMLDocumentScannerImpl.next(XMLDocumentScannerImpl.java:602)
	at com.sun.org.apache.xerces.internal.impl.XMLDocumentFragmentScannerImpl.scanDocument(XMLDocumentFragmentScannerImpl.java:505)
	at com.sun.org.apache.xerces.internal.parsers.XML11Configuration.parse(XML11Configuration.java:841)
	at com.sun.org.apache.xerces.internal.parsers.XML11Configuration.parse(XML11Configuration.java:770)
	at com.sun.org.apache.xerces.internal.parsers.XMLParser.parse(XMLParser.java:141)
	at com.sun.org.apache.xerces.internal.parsers.DOMParser.parse(DOMParser.java:243)
	at com.sun.org.apache.xerces.internal.jaxp.DocumentBuilderImpl.parse(DocumentBuilderImpl.java:339)
	at org.eclipse.debug.internal.core.LaunchManager.createInfoFromXML(LaunchManager.java:935)
	at org.eclipse.debug.internal.core.LaunchManager.getInfo(LaunchManager.java:1359)
	... 10 more
!SUBENTRY 1 org.eclipse.debug.core 4 5012 2026-07-28 11:20:41.325
!MESSAGE 读取启动配置文件 F:\code\vibe_project\rollerball\M55\libraries\components\mtb-device-support-pse8xxgp\make\make\scripts\interface_version_3\eclipse\CM55\flash\virgin\JLink\any\&&_PRJ_NAME&& Debug (JLink).launch 时发生了 org.xml.sax.SAXParseException; lineNumber: 3; columnNumber: 66; 在实体引用中, 实体名称必须紧跟在 '&' 后面。。
!STACK 0
org.xml.sax.SAXParseException; lineNumber: 3; columnNumber: 66; 在实体引用中, 实体名称必须紧跟在 '&' 后面。
	at com.sun.org.apache.xerces.internal.util.ErrorHandlerWrapper.createSAXParseException(ErrorHandlerWrapper.java:203)
	at com.sun.org.apache.xerces.internal.util.ErrorHandlerWrapper.fatalError(ErrorHandlerWrapper.java:177)
	at com.sun.org.apache.xerces.internal.impl.XMLErrorReporter.reportError(XMLErrorReporter.java:400)
	at com.sun.org.apache.xerces.internal.impl.XMLErrorReporter.reportError(XMLErrorReporter.java:327)
	at com.sun.org.apache.xerces.internal.impl.XMLScanner.reportFatalError(XMLScanner.java:1472)
	at com.sun.org.apache.xerces.internal.impl.XMLScanner.scanAttributeValue(XMLScanner.java:908)
	at com.sun.org.apache.xerces.internal.impl.XMLDocumentFragmentScannerImpl.scanAttribute(XMLDocumentFragmentScannerImpl.java:1548)
	at com.sun.org.apache.xerces.internal.impl.XMLDocumentFragmentScannerImpl.scanStartElement(XMLDocumentFragmentScannerImpl.java:1315)
	at com.sun.org.apache.xerces.internal.impl.XMLDocumentFragmentScannerImpl$FragmentContentDriver.next(XMLDocumentFragmentScannerImpl.java:2784)
	at com.sun.org.apache.xerces.internal.impl.XMLDocumentScannerImpl.next(XMLDocumentScannerImpl.java:602)
	at com.sun.org.apache.xerces.internal.impl.XMLDocumentFragmentScannerImpl.scanDocument(XMLDocumentFragmentScannerImpl.java:505)
	at com.sun.org.apache.xerces.internal.parsers.XML11Configuration.parse(XML11Configuration.java:841)
	at com.sun.org.apache.xerces.internal.parsers.XML11Configuration.parse(XML11Configuration.java:770)
	at com.sun.org.apache.xerces.internal.parsers.XMLParser.parse(XMLParser.java:141)
	at com.sun.org.apache.xerces.internal.parsers.DOMParser.parse(DOMParser.java:243)
	at com.sun.org.apache.xerces.internal.jaxp.DocumentBuilderImpl.parse(DocumentBuilderImpl.java:339)
	at org.eclipse.debug.internal.core.LaunchManager.createInfoFromXML(LaunchManager.java:935)
	at org.eclipse.debug.internal.core.LaunchManager.getInfo(LaunchManager.java:1359)
	at org.eclipse.debug.internal.core.LaunchConfiguration.getInfo(LaunchConfiguration.java:490)
	at org.eclipse.debug.internal.core.LaunchConfiguration.getType(LaunchConfiguration.java:645)
	at org.eclipse.debug.internal.core.LaunchManager.isValid(LaunchManager.java:2091)
	at org.eclipse.debug.internal.core.LaunchManager.verifyConfigurations(LaunchManager.java:2462)
	at org.eclipse.debug.internal.core.LaunchManager.getAllLaunchConfigurations(LaunchManager.java:1140)
	at org.eclipse.debug.internal.core.LaunchManager.getLaunchConfigurations(LaunchManager.java:1444)
	at org.eclipse.debug.internal.core.LaunchManager.getLaunchConfigurations(LaunchManager.java:1439)
	at org.eclipse.launchbar.core.internal.LaunchBarManager.init(LaunchBarManager.java:130)
	at org.eclipse.launchbar.core.internal.LaunchBarManager$1.run(LaunchBarManager.java:96)
	at org.eclipse.core.internal.jobs.Worker.run(Worker.java:63)

!ENTRY org.eclipse.debug.core 4 125 2026-07-28 11:20:41.325
!MESSAGE 调试核心所记录的错误：
!STACK 1
org.eclipse.debug.core.DebugException: 读取启动配置文件 F:\code\vibe_project\rollerball\M55\libraries\components\mtb-device-support-pse8xxgp\make\make\scripts\interface_version_3\eclipse\CM55\flash\virgin\JLink\any\&&_PRJ_NAME&& Program (JLink).launch 时发生了 org.xml.sax.SAXParseException; lineNumber: 3; columnNumber: 66; 在实体引用中, 实体名称必须紧跟在 '&' 后面。。
	at org.eclipse.debug.internal.core.LaunchManager.createDebugException(LaunchManager.java:886)
	at org.eclipse.debug.internal.core.LaunchManager.throwException(LaunchManager.java:2448)
	at org.eclipse.debug.internal.core.LaunchManager.getInfo(LaunchManager.java:1366)
	at org.eclipse.debug.internal.core.LaunchConfiguration.getInfo(LaunchConfiguration.java:490)
	at org.eclipse.debug.internal.core.LaunchConfiguration.getType(LaunchConfiguration.java:645)
	at org.eclipse.debug.internal.core.LaunchManager.isValid(LaunchManager.java:2091)
	at org.eclipse.debug.internal.core.LaunchManager.verifyConfigurations(LaunchManager.java:2462)
	at org.eclipse.debug.internal.core.LaunchManager.getAllLaunchConfigurations(LaunchManager.java:1140)
	at org.eclipse.debug.internal.core.LaunchManager.getLaunchConfigurations(LaunchManager.java:1444)
	at org.eclipse.debug.internal.core.LaunchManager.getLaunchConfigurations(LaunchManager.java:1439)
	at org.eclipse.launchbar.core.internal.LaunchBarManager.init(LaunchBarManager.java:130)
	at org.eclipse.launchbar.core.internal.LaunchBarManager$1.run(LaunchBarManager.java:96)
	at org.eclipse.core.internal.jobs.Worker.run(Worker.java:63)
Caused by: org.xml.sax.SAXParseException; lineNumber: 3; columnNumber: 66; 在实体引用中, 实体名称必须紧跟在 '&' 后面。
	at com.sun.org.apache.xerces.internal.util.ErrorHandlerWrapper.createSAXParseException(ErrorHandlerWrapper.java:203)
	at com.sun.org.apache.xerces.internal.util.ErrorHandlerWrapper.fatalError(ErrorHandlerWrapper.java:177)
	at com.sun.org.apache.xerces.internal.impl.XMLErrorReporter.reportError(XMLErrorReporter.java:400)
	at com.sun.org.apache.xerces.internal.impl.XMLErrorReporter.reportError(XMLErrorReporter.java:327)
	at com.sun.org.apache.xerces.internal.impl.XMLScanner.reportFatalError(XMLScanner.java:1472)
	at com.sun.org.apache.xerces.internal.impl.XMLScanner.scanAttributeValue(XMLScanner.java:908)
	at com.sun.org.apache.xerces.internal.impl.XMLDocumentFragmentScannerImpl.scanAttribute(XMLDocumentFragmentScannerImpl.java:1548)
	at com.sun.org.apache.xerces.internal.impl.XMLDocumentFragmentScannerImpl.scanStartElement(XMLDocumentFragmentScannerImpl.java:1315)
	at com.sun.org.apache.xerces.internal.impl.XMLDocumentFragmentScannerImpl$FragmentContentDriver.next(XMLDocumentFragmentScannerImpl.java:2784)
	at com.sun.org.apache.xerces.internal.impl.XMLDocumentScannerImpl.next(XMLDocumentScannerImpl.java:602)
	at com.sun.org.apache.xerces.internal.impl.XMLDocumentFragmentScannerImpl.scanDocument(XMLDocumentFragmentScannerImpl.java:505)
	at com.sun.org.apache.xerces.internal.parsers.XML11Configuration.parse(XML11Configuration.java:841)
	at com.sun.org.apache.xerces.internal.parsers.XML11Configuration.parse(XML11Configuration.java:770)
	at com.sun.org.apache.xerces.internal.parsers.XMLParser.parse(XMLParser.java:141)
	at com.sun.org.apache.xerces.internal.parsers.DOMParser.parse(DOMParser.java:243)
	at com.sun.org.apache.xerces.internal.jaxp.DocumentBuilderImpl.parse(DocumentBuilderImpl.java:339)
	at org.eclipse.debug.internal.core.LaunchManager.createInfoFromXML(LaunchManager.java:935)
	at org.eclipse.debug.internal.core.LaunchManager.getInfo(LaunchManager.java:1359)
	... 10 more
!SUBENTRY 1 org.eclipse.debug.core 4 5012 2026-07-28 11:20:41.325
!MESSAGE 读取启动配置文件 F:\code\vibe_project\rollerball\M55\libraries\components\mtb-device-support-pse8xxgp\make\make\scripts\interface_version_3\eclipse\CM55\flash\virgin\JLink\any\&&_PRJ_NAME&& Program (JLink).launch 时发生了 org.xml.sax.SAXParseException; lineNumber: 3; columnNumber: 66; 在实体引用中, 实体名称必须紧跟在 '&' 后面。。
!STACK 0
org.xml.sax.SAXParseException; lineNumber: 3; columnNumber: 66; 在实体引用中, 实体名称必须紧跟在 '&' 后面。
	at com.sun.org.apache.xerces.internal.util.ErrorHandlerWrapper.createSAXParseException(ErrorHandlerWrapper.java:203)
	at com.sun.org.apache.xerces.internal.util.ErrorHandlerWrapper.fatalError(ErrorHandlerWrapper.java:177)
	at com.sun.org.apache.xerces.internal.impl.XMLErrorReporter.reportError(XMLErrorReporter.java:400)
	at com.sun.org.apache.xerces.internal.impl.XMLErrorReporter.reportError(XMLErrorReporter.java:327)
	at com.sun.org.apache.xerces.internal.impl.XMLScanner.reportFatalError(XMLScanner.java:1472)
	at com.sun.org.apache.xerces.internal.impl.XMLScanner.scanAttributeValue(XMLScanner.java:908)
	at com.sun.org.apache.xerces.internal.impl.XMLDocumentFragmentScannerImpl.scanAttribute(XMLDocumentFragmentScannerImpl.java:1548)
	at com.sun.org.apache.xerces.internal.impl.XMLDocumentFragmentScannerImpl.scanStartElement(XMLDocumentFragmentScannerImpl.java:1315)
	at com.sun.org.apache.xerces.internal.impl.XMLDocumentFragmentScannerImpl$FragmentContentDriver.next(XMLDocumentFragmentScannerImpl.java:2784)
	at com.sun.org.apache.xerces.internal.impl.XMLDocumentScannerImpl.next(XMLDocumentScannerImpl.java:602)
	at com.sun.org.apache.xerces.internal.impl.XMLDocumentFragmentScannerImpl.scanDocument(XMLDocumentFragmentScannerImpl.java:505)
	at com.sun.org.apache.xerces.internal.parsers.XML11Configuration.parse(XML11Configuration.java:841)
	at com.sun.org.apache.xerces.internal.parsers.XML11Configuration.parse(XML11Configuration.java:770)
	at com.sun.org.apache.xerces.internal.parsers.XMLParser.parse(XMLParser.java:141)
	at com.sun.org.apache.xerces.internal.parsers.DOMParser.parse(DOMParser.java:243)
	at com.sun.org.apache.xerces.internal.jaxp.DocumentBuilderImpl.parse(DocumentBuilderImpl.java:339)
	at org.eclipse.debug.internal.core.LaunchManager.createInfoFromXML(LaunchManager.java:935)
	at org.eclipse.debug.internal.core.LaunchManager.getInfo(LaunchManager.java:1359)
	at org.eclipse.debug.internal.core.LaunchConfiguration.getInfo(LaunchConfiguration.java:490)
	at org.eclipse.debug.internal.core.LaunchConfiguration.getType(LaunchConfiguration.java:645)
	at org.eclipse.debug.internal.core.LaunchManager.isValid(LaunchManager.java:2091)
	at org.eclipse.debug.internal.core.LaunchManager.verifyConfigurations(LaunchManager.java:2462)
	at org.eclipse.debug.internal.core.LaunchManager.getAllLaunchConfigurations(LaunchManager.java:1140)
	at org.eclipse.debug.internal.core.LaunchManager.getLaunchConfigurations(LaunchManager.java:1444)
	at org.eclipse.debug.internal.core.LaunchManager.getLaunchConfigurations(LaunchManager.java:1439)
	at org.eclipse.launchbar.core.internal.LaunchBarManager.init(LaunchBarManager.java:130)
	at org.eclipse.launchbar.core.internal.LaunchBarManager$1.run(LaunchBarManager.java:96)
	at org.eclipse.core.internal.jobs.Worker.run(Worker.java:63)

!ENTRY org.eclipse.debug.core 4 125 2026-07-28 11:20:41.330
!MESSAGE 调试核心所记录的错误：
!STACK 1
org.eclipse.debug.core.DebugException: 读取启动配置文件 F:\code\vibe_project\rollerball\M55\libraries\components\mtb-device-support-pse8xxgp\make\make\scripts\interface_version_3\eclipse\CM55\flash\virgin\JLink\combine_sign\Debug.launch 时发生了 org.xml.sax.SAXParseException; lineNumber: 3; columnNumber: 66; 在实体引用中, 实体名称必须紧跟在 '&' 后面。。
	at org.eclipse.debug.internal.core.LaunchManager.createDebugException(LaunchManager.java:886)
	at org.eclipse.debug.internal.core.LaunchManager.throwException(LaunchManager.java:2448)
	at org.eclipse.debug.internal.core.LaunchManager.getInfo(LaunchManager.java:1366)
	at org.eclipse.debug.internal.core.LaunchConfiguration.getInfo(LaunchConfiguration.java:490)
	at org.eclipse.debug.internal.core.LaunchConfiguration.getType(LaunchConfiguration.java:645)
	at org.eclipse.debug.internal.core.LaunchManager.isValid(LaunchManager.java:2091)
	at org.eclipse.debug.internal.core.LaunchManager.verifyConfigurations(LaunchManager.java:2462)
	at org.eclipse.debug.internal.core.LaunchManager.getAllLaunchConfigurations(LaunchManager.java:1140)
	at org.eclipse.debug.internal.core.LaunchManager.getLaunchConfigurations(LaunchManager.java:1444)
	at org.eclipse.debug.internal.core.LaunchManager.getLaunchConfigurations(LaunchManager.java:1439)
	at org.eclipse.launchbar.core.internal.LaunchBarManager.init(LaunchBarManager.java:130)
	at org.eclipse.launchbar.core.internal.LaunchBarManager$1.run(LaunchBarManager.java:96)
	at org.eclipse.core.internal.jobs.Worker.run(Worker.java:63)
Caused by: org.xml.sax.SAXParseException; lineNumber: 3; columnNumber: 66; 在实体引用中, 实体名称必须紧跟在 '&' 后面。
	at com.sun.org.apache.xerces.internal.util.ErrorHandlerWrapper.createSAXParseException(ErrorHandlerWrapper.java:203)
	at com.sun.org.apache.xerces.internal.util.ErrorHandlerWrapper.fatalError(ErrorHandlerWrapper.java:177)
	at com.sun.org.apache.xerces.internal.impl.XMLErrorReporter.reportError(XMLErrorReporter.java:400)
	at com.sun.org.apache.xerces.internal.impl.XMLErrorReporter.reportError(XMLErrorReporter.java:327)
	at com.sun.org.apache.xerces.internal.impl.XMLScanner.reportFatalError(XMLScanner.java:1472)
	at com.sun.org.apache.xerces.internal.impl.XMLScanner.scanAttributeValue(XMLScanner.java:908)
	at com.sun.org.apache.xerces.internal.impl.XMLDocumentFragmentScannerImpl.scanAttribute(XMLDocumentFragmentScannerImpl.java:1548)
	at com.sun.org.apache.xerces.internal.impl.XMLDocumentFragmentScannerImpl.scanStartElement(XMLDocumentFragmentScannerImpl.java:1315)
	at com.sun.org.apache.xerces.internal.impl.XMLDocumentFragmentScannerImpl$FragmentContentDriver.next(XMLDocumentFragmentScannerImpl.java:2784)
	at com.sun.org.apache.xerces.internal.impl.XMLDocumentScannerImpl.next(XMLDocumentScannerImpl.java:602)
	at com.sun.org.apache.xerces.internal.impl.XMLDocumentFragmentScannerImpl.scanDocument(XMLDocumentFragmentScannerImpl.java:505)
	at com.sun.org.apache.xerces.internal.parsers.XML11Configuration.parse(XML11Configuration.java:841)
	at com.sun.org.apache.xerces.internal.parsers.XML11Configuration.parse(XML11Configuration.java:770)
	at com.sun.org.apache.xerces.internal.parsers.XMLParser.parse(XMLParser.java:141)
	at com.sun.org.apache.xerces.internal.parsers.DOMParser.parse(DOMParser.java:243)
	at com.sun.org.apache.xerces.internal.jaxp.DocumentBuilderImpl.parse(DocumentBuilderImpl.java:339)
	at org.eclipse.debug.internal.core.LaunchManager.createInfoFromXML(LaunchManager.java:935)
	at org.eclipse.debug.internal.core.LaunchManager.getInfo(LaunchManager.java:1359)
	... 10 more
!SUBENTRY 1 org.eclipse.debug.core 4 5012 2026-07-28 11:20:41.330
!MESSAGE 读取启动配置文件 F:\code\vibe_project\rollerball\M55\libraries\components\mtb-device-support-pse8xxgp\make\make\scripts\interface_version_3\eclipse\CM55\flash\virgin\JLink\combine_sign\Debug.launch 时发生了 org.xml.sax.SAXParseException; lineNumber: 3; columnNumber: 66; 在实体引用中, 实体名称必须紧跟在 '&' 后面。。
!STACK 0
org.xml.sax.SAXParseException; lineNumber: 3; columnNumber: 66; 在实体引用中, 实体名称必须紧跟在 '&' 后面。
	at com.sun.org.apache.xerces.internal.util.ErrorHandlerWrapper.createSAXParseException(ErrorHandlerWrapper.java:203)
	at com.sun.org.apache.xerces.internal.util.ErrorHandlerWrapper.fatalError(ErrorHandlerWrapper.java:177)
	at com.sun.org.apache.xerces.internal.impl.XMLErrorReporter.reportError(XMLErrorReporter.java:400)
	at com.sun.org.apache.xerces.internal.impl.XMLErrorReporter.reportError(XMLErrorReporter.java:327)
	at com.sun.org.apache.xerces.internal.impl.XMLScanner.reportFatalError(XMLScanner.java:1472)
	at com.sun.org.apache.xerces.internal.impl.XMLScanner.scanAttributeValue(XMLScanner.java:908)
	at com.sun.org.apache.xerces.internal.impl.XMLDocumentFragmentScannerImpl.scanAttribute(XMLDocumentFragmentScannerImpl.java:1548)
	at com.sun.org.apache.xerces.internal.impl.XMLDocumentFragmentScannerImpl.scanStartElement(XMLDocumentFragmentScannerImpl.java:1315)
	at com.sun.org.apache.xerces.internal.impl.XMLDocumentFragmentScannerImpl$FragmentContentDriver.next(XMLDocumentFragmentScannerImpl.java:2784)
	at com.sun.org.apache.xerces.internal.impl.XMLDocumentScannerImpl.next(XMLDocumentScannerImpl.java:602)
	at com.sun.org.apache.xerces.internal.impl.XMLDocumentFragmentScannerImpl.scanDocument(XMLDocumentFragmentScannerImpl.java:505)
	at com.sun.org.apache.xerces.internal.parsers.XML11Configuration.parse(XML11Configuration.java:841)
	at com.sun.org.apache.xerces.internal.parsers.XML11Configuration.parse(XML11Configuration.java:770)
	at com.sun.org.apache.xerces.internal.parsers.XMLParser.parse(XMLParser.java:141)
	at com.sun.org.apache.xerces.internal.parsers.DOMParser.parse(DOMParser.java:243)
	at com.sun.org.apache.xerces.internal.jaxp.DocumentBuilderImpl.parse(DocumentBuilderImpl.java:339)
	at org.eclipse.debug.internal.core.LaunchManager.createInfoFromXML(LaunchManager.java:935)
	at org.eclipse.debug.internal.core.LaunchManager.getInfo(LaunchManager.java:1359)
	at org.eclipse.debug.internal.core.LaunchConfiguration.getInfo(LaunchConfiguration.java:490)
	at org.eclipse.debug.internal.core.LaunchConfiguration.getType(LaunchConfiguration.java:645)
	at org.eclipse.debug.internal.core.LaunchManager.isValid(LaunchManager.java:2091)
	at org.eclipse.debug.internal.core.LaunchManager.verifyConfigurations(LaunchManager.java:2462)
	at org.eclipse.debug.internal.core.LaunchManager.getAllLaunchConfigurations(LaunchManager.java:1140)
	at org.eclipse.debug.internal.core.LaunchManager.getLaunchConfigurations(LaunchManager.java:1444)
	at org.eclipse.debug.internal.core.LaunchManager.getLaunchConfigurations(LaunchManager.java:1439)
	at org.eclipse.launchbar.core.internal.LaunchBarManager.init(LaunchBarManager.java:130)
	at org.eclipse.launchbar.core.internal.LaunchBarManager$1.run(LaunchBarManager.java:96)
	at org.eclipse.core.internal.jobs.Worker.run(Worker.java:63)

!ENTRY org.eclipse.debug.core 4 125 2026-07-28 11:20:41.330
!MESSAGE 调试核心所记录的错误：
!STACK 1
org.eclipse.debug.core.DebugException: 读取启动配置文件 F:\code\vibe_project\rollerball\M55\libraries\components\mtb-device-support-pse8xxgp\make\make\scripts\interface_version_3\eclipse\CM55\flash\virgin\JLink\single\&&_PRJ_NAME&& Erase All (JLink).launch 时发生了 org.xml.sax.SAXParseException; lineNumber: 3; columnNumber: 66; 在实体引用中, 实体名称必须紧跟在 '&' 后面。。
	at org.eclipse.debug.internal.core.LaunchManager.createDebugException(LaunchManager.java:886)
	at org.eclipse.debug.internal.core.LaunchManager.throwException(LaunchManager.java:2448)
	at org.eclipse.debug.internal.core.LaunchManager.getInfo(LaunchManager.java:1366)
	at org.eclipse.debug.internal.core.LaunchConfiguration.getInfo(LaunchConfiguration.java:490)
	at org.eclipse.debug.internal.core.LaunchConfiguration.getType(LaunchConfiguration.java:645)
	at org.eclipse.debug.internal.core.LaunchManager.isValid(LaunchManager.java:2091)
	at org.eclipse.debug.internal.core.LaunchManager.verifyConfigurations(LaunchManager.java:2462)
	at org.eclipse.debug.internal.core.LaunchManager.getAllLaunchConfigurations(LaunchManager.java:1140)
	at org.eclipse.debug.internal.core.LaunchManager.getLaunchConfigurations(LaunchManager.java:1444)
	at org.eclipse.debug.internal.core.LaunchManager.getLaunchConfigurations(LaunchManager.java:1439)
	at org.eclipse.launchbar.core.internal.LaunchBarManager.init(LaunchBarManager.java:130)
	at org.eclipse.launchbar.core.internal.LaunchBarManager$1.run(LaunchBarManager.java:96)
	at org.eclipse.core.internal.jobs.Worker.run(Worker.java:63)
Caused by: org.xml.sax.SAXParseException; lineNumber: 3; columnNumber: 66; 在实体引用中, 实体名称必须紧跟在 '&' 后面。
	at com.sun.org.apache.xerces.internal.util.ErrorHandlerWrapper.createSAXParseException(ErrorHandlerWrapper.java:203)
	at com.sun.org.apache.xerces.internal.util.ErrorHandlerWrapper.fatalError(ErrorHandlerWrapper.java:177)
	at com.sun.org.apache.xerces.internal.impl.XMLErrorReporter.reportError(XMLErrorReporter.java:400)
	at com.sun.org.apache.xerces.internal.impl.XMLErrorReporter.reportError(XMLErrorReporter.java:327)
	at com.sun.org.apache.xerces.internal.impl.XMLScanner.reportFatalError(XMLScanner.java:1472)
	at com.sun.org.apache.xerces.internal.impl.XMLScanner.scanAttributeValue(XMLScanner.java:908)
	at com.sun.org.apache.xerces.internal.impl.XMLDocumentFragmentScannerImpl.scanAttribute(XMLDocumentFragmentScannerImpl.java:1548)
	at com.sun.org.apache.xerces.internal.impl.XMLDocumentFragmentScannerImpl.scanStartElement(XMLDocumentFragmentScannerImpl.java:1315)
	at com.sun.org.apache.xerces.internal.impl.XMLDocumentFragmentScannerImpl$FragmentContentDriver.next(XMLDocumentFragmentScannerImpl.java:2784)
	at com.sun.org.apache.xerces.internal.impl.XMLDocumentScannerImpl.next(XMLDocumentScannerImpl.java:602)
	at com.sun.org.apache.xerces.internal.impl.XMLDocumentFragmentScannerImpl.scanDocument(XMLDocumentFragmentScannerImpl.java:505)
	at com.sun.org.apache.xerces.internal.parsers.XML11Configuration.parse(XML11Configuration.java:841)
	at com.sun.org.apache.xerces.internal.parsers.XML11Configuration.parse(XML11Configuration.java:770)
	at com.sun.org.apache.xerces.internal.parsers.XMLParser.parse(XMLParser.java:141)
	at com.sun.org.apache.xerces.internal.parsers.DOMParser.parse(DOMParser.java:243)
	at com.sun.org.apache.xerces.internal.jaxp.DocumentBuilderImpl.parse(DocumentBuilderImpl.java:339)
	at org.eclipse.debug.internal.core.LaunchManager.createInfoFromXML(LaunchManager.java:935)
	at org.eclipse.debug.internal.core.LaunchManager.getInfo(LaunchManager.java:1359)
	... 10 more
!SUBENTRY 1 org.eclipse.debug.core 4 5012 2026-07-28 11:20:41.330
!MESSAGE 读取启动配置文件 F:\code\vibe_project\rollerball\M55\libraries\components\mtb-device-support-pse8xxgp\make\make\scripts\interface_version_3\eclipse\CM55\flash\virgin\JLink\single\&&_PRJ_NAME&& Erase All (JLink).launch 时发生了 org.xml.sax.SAXParseException; lineNumber: 3; columnNumber: 66; 在实体引用中, 实体名称必须紧跟在 '&' 后面。。
!STACK 0
org.xml.sax.SAXParseException; lineNumber: 3; columnNumber: 66; 在实体引用中, 实体名称必须紧跟在 '&' 后面。
	at com.sun.org.apache.xerces.internal.util.ErrorHandlerWrapper.createSAXParseException(ErrorHandlerWrapper.java:203)
	at com.sun.org.apache.xerces.internal.util.ErrorHandlerWrapper.fatalError(ErrorHandlerWrapper.java:177)
	at com.sun.org.apache.xerces.internal.impl.XMLErrorReporter.reportError(XMLErrorReporter.java:400)
	at com.sun.org.apache.xerces.internal.impl.XMLErrorReporter.reportError(XMLErrorReporter.java:327)
	at com.sun.org.apache.xerces.internal.impl.XMLScanner.reportFatalError(XMLScanner.java:1472)
	at com.sun.org.apache.xerces.internal.impl.XMLScanner.scanAttributeValue(XMLScanner.java:908)
	at com.sun.org.apache.xerces.internal.impl.XMLDocumentFragmentScannerImpl.scanAttribute(XMLDocumentFragmentScannerImpl.java:1548)
	at com.sun.org.apache.xerces.internal.impl.XMLDocumentFragmentScannerImpl.scanStartElement(XMLDocumentFragmentScannerImpl.java:1315)
	at com.sun.org.apache.xerces.internal.impl.XMLDocumentFragmentScannerImpl$FragmentContentDriver.next(XMLDocumentFragmentScannerImpl.java:2784)
	at com.sun.org.apache.xerces.internal.impl.XMLDocumentScannerImpl.next(XMLDocumentScannerImpl.java:602)
	at com.sun.org.apache.xerces.internal.impl.XMLDocumentFragmentScannerImpl.scanDocument(XMLDocumentFragmentScannerImpl.java:505)
	at com.sun.org.apache.xerces.internal.parsers.XML11Configuration.parse(XML11Configuration.java:841)
	at com.sun.org.apache.xerces.internal.parsers.XML11Configuration.parse(XML11Configuration.java:770)
	at com.sun.org.apache.xerces.internal.parsers.XMLParser.parse(XMLParser.java:141)
	at com.sun.org.apache.xerces.internal.parsers.DOMParser.parse(DOMParser.java:243)
	at com.sun.org.apache.xerces.internal.jaxp.DocumentBuilderImpl.parse(DocumentBuilderImpl.java:339)
	at org.eclipse.debug.internal.core.LaunchManager.createInfoFromXML(LaunchManager.java:935)
	at org.eclipse.debug.internal.core.LaunchManager.getInfo(LaunchManager.java:1359)
	at org.eclipse.debug.internal.core.LaunchConfiguration.getInfo(LaunchConfiguration.java:490)
	at org.eclipse.debug.internal.core.LaunchConfiguration.getType(LaunchConfiguration.java:645)
	at org.eclipse.debug.internal.core.LaunchManager.isValid(LaunchManager.java:2091)
	at org.eclipse.debug.internal.core.LaunchManager.verifyConfigurations(LaunchManager.java:2462)
	at org.eclipse.debug.internal.core.LaunchManager.getAllLaunchConfigurations(LaunchManager.java:1140)
	at org.eclipse.debug.internal.core.LaunchManager.getLaunchConfigurations(LaunchManager.java:1444)
	at org.eclipse.debug.internal.core.LaunchManager.getLaunchConfigurations(LaunchManager.java:1439)
	at org.eclipse.launchbar.core.internal.LaunchBarManager.init(LaunchBarManager.java:130)
	at org.eclipse.launchbar.core.internal.LaunchBarManager$1.run(LaunchBarManager.java:96)
	at org.eclipse.core.internal.jobs.Worker.run(Worker.java:63)

!ENTRY org.eclipse.debug.core 4 125 2026-07-28 11:20:41.330
!MESSAGE 调试核心所记录的错误：
!STACK 1
org.eclipse.debug.core.DebugException: 读取启动配置文件 F:\code\vibe_project\rollerball\M55\libraries\components\mtb-device-support-pse8xxgp\make\make\scripts\interface_version_3\eclipse\CM55\flash\virgin\JLink\single\&&_PRJ_NAME&& Erase Device (JLink).launch 时发生了 org.xml.sax.SAXParseException; lineNumber: 3; columnNumber: 66; 在实体引用中, 实体名称必须紧跟在 '&' 后面。。
	at org.eclipse.debug.internal.core.LaunchManager.createDebugException(LaunchManager.java:886)
	at org.eclipse.debug.internal.core.LaunchManager.throwException(LaunchManager.java:2448)
	at org.eclipse.debug.internal.core.LaunchManager.getInfo(LaunchManager.java:1366)
	at org.eclipse.debug.internal.core.LaunchConfiguration.getInfo(LaunchConfiguration.java:490)
	at org.eclipse.debug.internal.core.LaunchConfiguration.getType(LaunchConfiguration.java:645)
	at org.eclipse.debug.internal.core.LaunchManager.isValid(LaunchManager.java:2091)
	at org.eclipse.debug.internal.core.LaunchManager.verifyConfigurations(LaunchManager.java:2462)
	at org.eclipse.debug.internal.core.LaunchManager.getAllLaunchConfigurations(LaunchManager.java:1140)
	at org.eclipse.debug.internal.core.LaunchManager.getLaunchConfigurations(LaunchManager.java:1444)
	at org.eclipse.debug.internal.core.LaunchManager.getLaunchConfigurations(LaunchManager.java:1439)
	at org.eclipse.launchbar.core.internal.LaunchBarManager.init(LaunchBarManager.java:130)
	at org.eclipse.launchbar.core.internal.LaunchBarManager$1.run(LaunchBarManager.java:96)
	at org.eclipse.core.internal.jobs.Worker.run(Worker.java:63)
Caused by: org.xml.sax.SAXParseException; lineNumber: 3; columnNumber: 66; 在实体引用中, 实体名称必须紧跟在 '&' 后面。
	at com.sun.org.apache.xerces.internal.util.ErrorHandlerWrapper.createSAXParseException(ErrorHandlerWrapper.java:203)
	at com.sun.org.apache.xerces.internal.util.ErrorHandlerWrapper.fatalError(ErrorHandlerWrapper.java:177)
	at com.sun.org.apache.xerces.internal.impl.XMLErrorReporter.reportError(XMLErrorReporter.java:400)
	at com.sun.org.apache.xerces.internal.impl.XMLErrorReporter.reportError(XMLErrorReporter.java:327)
	at com.sun.org.apache.xerces.internal.impl.XMLScanner.reportFatalError(XMLScanner.java:1472)
	at com.sun.org.apache.xerces.internal.impl.XMLScanner.scanAttributeValue(XMLScanner.java:908)
	at com.sun.org.apache.xerces.internal.impl.XMLDocumentFragmentScannerImpl.scanAttribute(XMLDocumentFragmentScannerImpl.java:1548)
	at com.sun.org.apache.xerces.internal.impl.XMLDocumentFragmentScannerImpl.scanStartElement(XMLDocumentFragmentScannerImpl.java:1315)
	at com.sun.org.apache.xerces.internal.impl.XMLDocumentFragmentScannerImpl$FragmentContentDriver.next(XMLDocumentFragmentScannerImpl.java:2784)
	at com.sun.org.apache.xerces.internal.impl.XMLDocumentScannerImpl.next(XMLDocumentScannerImpl.java:602)
	at com.sun.org.apache.xerces.internal.impl.XMLDocumentFragmentScannerImpl.scanDocument(XMLDocumentFragmentScannerImpl.java:505)
	at com.sun.org.apache.xerces.internal.parsers.XML11Configuration.parse(XML11Configuration.java:841)
	at com.sun.org.apache.xerces.internal.parsers.XML11Configuration.parse(XML11Configuration.java:770)
	at com.sun.org.apache.xerces.internal.parsers.XMLParser.parse(XMLParser.java:141)
	at com.sun.org.apache.xerces.internal.parsers.DOMParser.parse(DOMParser.java:243)
	at com.sun.org.apache.xerces.internal.jaxp.DocumentBuilderImpl.parse(DocumentBuilderImpl.java:339)
	at org.eclipse.debug.internal.core.LaunchManager.createInfoFromXML(LaunchManager.java:935)
	at org.eclipse.debug.internal.core.LaunchManager.getInfo(LaunchManager.java:1359)
	... 10 more
!SUBENTRY 1 org.eclipse.debug.core 4 5012 2026-07-28 11:20:41.330
!MESSAGE 读取启动配置文件 F:\code\vibe_project\rollerball\M55\libraries\components\mtb-device-support-pse8xxgp\make\make\scripts\interface_version_3\eclipse\CM55\flash\virgin\JLink\single\&&_PRJ_NAME&& Erase Device (JLink).launch 时发生了 org.xml.sax.SAXParseException; lineNumber: 3; columnNumber: 66; 在实体引用中, 实体名称必须紧跟在 '&' 后面。。
!STACK 0
org.xml.sax.SAXParseException; lineNumber: 3; columnNumber: 66; 在实体引用中, 实体名称必须紧跟在 '&' 后面。
	at com.sun.org.apache.xerces.internal.util.ErrorHandlerWrapper.createSAXParseException(ErrorHandlerWrapper.java:203)
	at com.sun.org.apache.xerces.internal.util.ErrorHandlerWrapper.fatalError(ErrorHandlerWrapper.java:177)
	at com.sun.org.apache.xerces.internal.impl.XMLErrorReporter.reportError(XMLErrorReporter.java:400)
	at com.sun.org.apache.xerces.internal.impl.XMLErrorReporter.reportError(XMLErrorReporter.java:327)
	at com.sun.org.apache.xerces.internal.impl.XMLScanner.reportFatalError(XMLScanner.java:1472)
	at com.sun.org.apache.xerces.internal.impl.XMLScanner.scanAttributeValue(XMLScanner.java:908)
	at com.sun.org.apache.xerces.internal.impl.XMLDocumentFragmentScannerImpl.scanAttribute(XMLDocumentFragmentScannerImpl.java:1548)
	at com.sun.org.apache.xerces.internal.impl.XMLDocumentFragmentScannerImpl.scanStartElement(XMLDocumentFragmentScannerImpl.java:1315)
	at com.sun.org.apache.xerces.internal.impl.XMLDocumentFragmentScannerImpl$FragmentContentDriver.next(XMLDocumentFragmentScannerImpl.java:2784)
	at com.sun.org.apache.xerces.internal.impl.XMLDocumentScannerImpl.next(XMLDocumentScannerImpl.java:602)
	at com.sun.org.apache.xerces.internal.impl.XMLDocumentFragmentScannerImpl.scanDocument(XMLDocumentFragmentScannerImpl.java:505)
	at com.sun.org.apache.xerces.internal.parsers.XML11Configuration.parse(XML11Configuration.java:841)
	at com.sun.org.apache.xerces.internal.parsers.XML11Configuration.parse(XML11Configuration.java:770)
	at com.sun.org.apache.xerces.internal.parsers.XMLParser.parse(XMLParser.java:141)
	at com.sun.org.apache.xerces.internal.parsers.DOMParser.parse(DOMParser.java:243)
	at com.sun.org.apache.xerces.internal.jaxp.DocumentBuilderImpl.parse(DocumentBuilderImpl.java:339)
	at org.eclipse.debug.internal.core.LaunchManager.createInfoFromXML(LaunchManager.java:935)
	at org.eclipse.debug.internal.core.LaunchManager.getInfo(LaunchManager.java:1359)
	at org.eclipse.debug.internal.core.LaunchConfiguration.getInfo(LaunchConfiguration.java:490)
	at org.eclipse.debug.internal.core.LaunchConfiguration.getType(LaunchConfiguration.java:645)
	at org.eclipse.debug.internal.core.LaunchManager.isValid(LaunchManager.java:2091)
	at org.eclipse.debug.internal.core.LaunchManager.verifyConfigurations(LaunchManager.java:2462)
	at org.eclipse.debug.internal.core.LaunchManager.getAllLaunchConfigurations(LaunchManager.java:1140)
	at org.eclipse.debug.internal.core.LaunchManager.getLaunchConfigurations(LaunchManager.java:1444)
	at org.eclipse.debug.internal.core.LaunchManager.getLaunchConfigurations(LaunchManager.java:1439)
	at org.eclipse.launchbar.core.internal.LaunchBarManager.init(LaunchBarManager.java:130)
	at org.eclipse.launchbar.core.internal.LaunchBarManager$1.run(LaunchBarManager.java:96)
	at org.eclipse.core.internal.jobs.Worker.run(Worker.java:63)

!ENTRY org.eclipse.debug.core 4 125 2026-07-28 11:20:41.334
!MESSAGE 调试核心所记录的错误：
!STACK 1
org.eclipse.debug.core.DebugException: 读取启动配置文件 F:\code\vibe_project\rollerball\M55\libraries\components\mtb-device-support-pse8xxgp\make\make\scripts\interface_version_3\eclipse\CM55\flash\virgin\KitProg3\any\&&_PRJ_NAME&& Attach (KitProg3_MiniProg4).launch 时发生了 org.xml.sax.SAXParseException; lineNumber: 3; columnNumber: 66; 在实体引用中, 实体名称必须紧跟在 '&' 后面。。
	at org.eclipse.debug.internal.core.LaunchManager.createDebugException(LaunchManager.java:886)
	at org.eclipse.debug.internal.core.LaunchManager.throwException(LaunchManager.java:2448)
	at org.eclipse.debug.internal.core.LaunchManager.getInfo(LaunchManager.java:1366)
	at org.eclipse.debug.internal.core.LaunchConfiguration.getInfo(LaunchConfiguration.java:490)
	at org.eclipse.debug.internal.core.LaunchConfiguration.getType(LaunchConfiguration.java:645)
	at org.eclipse.debug.internal.core.LaunchManager.isValid(LaunchManager.java:2091)
	at org.eclipse.debug.internal.core.LaunchManager.verifyConfigurations(LaunchManager.java:2462)
	at org.eclipse.debug.internal.core.LaunchManager.getAllLaunchConfigurations(LaunchManager.java:1140)
	at org.eclipse.debug.internal.core.LaunchManager.getLaunchConfigurations(LaunchManager.java:1444)
	at org.eclipse.debug.internal.core.LaunchManager.getLaunchConfigurations(LaunchManager.java:1439)
	at org.eclipse.launchbar.core.internal.LaunchBarManager.init(LaunchBarManager.java:130)
	at org.eclipse.launchbar.core.internal.LaunchBarManager$1.run(LaunchBarManager.java:96)
	at org.eclipse.core.internal.jobs.Worker.run(Worker.java:63)
Caused by: org.xml.sax.SAXParseException; lineNumber: 3; columnNumber: 66; 在实体引用中, 实体名称必须紧跟在 '&' 后面。
	at com.sun.org.apache.xerces.internal.util.ErrorHandlerWrapper.createSAXParseException(ErrorHandlerWrapper.java:203)
	at com.sun.org.apache.xerces.internal.util.ErrorHandlerWrapper.fatalError(ErrorHandlerWrapper.java:177)
	at com.sun.org.apache.xerces.internal.impl.XMLErrorReporter.reportError(XMLErrorReporter.java:400)
	at com.sun.org.apache.xerces.internal.impl.XMLErrorReporter.reportError(XMLErrorReporter.java:327)
	at com.sun.org.apache.xerces.internal.impl.XMLScanner.reportFatalError(XMLScanner.java:1472)
	at com.sun.org.apache.xerces.internal.impl.XMLScanner.scanAttributeValue(XMLScanner.java:908)
	at com.sun.org.apache.xerces.internal.impl.XMLDocumentFragmentScannerImpl.scanAttribute(XMLDocumentFragmentScannerImpl.java:1548)
	at com.sun.org.apache.xerces.internal.impl.XMLDocumentFragmentScannerImpl.scanStartElement(XMLDocumentFragmentScannerImpl.java:1315)
	at com.sun.org.apache.xerces.internal.impl.XMLDocumentFragmentScannerImpl$FragmentContentDriver.next(XMLDocumentFragmentScannerImpl.java:2784)
	at com.sun.org.apache.xerces.internal.impl.XMLDocumentScannerImpl.next(XMLDocumentScannerImpl.java:602)
	at com.sun.org.apache.xerces.internal.impl.XMLDocumentFragmentScannerImpl.scanDocument(XMLDocumentFragmentScannerImpl.java:505)
	at com.sun.org.apache.xerces.internal.parsers.XML11Configuration.parse(XML11Configuration.java:841)
	at com.sun.org.apache.xerces.internal.parsers.XML11Configuration.parse(XML11Configuration.java:770)
	at com.sun.org.apache.xerces.internal.parsers.XMLParser.parse(XMLParser.java:141)
	at com.sun.org.apache.xerces.internal.parsers.DOMParser.parse(DOMParser.java:243)
	at com.sun.org.apache.xerces.internal.jaxp.DocumentBuilderImpl.parse(DocumentBuilderImpl.java:339)
	at org.eclipse.debug.internal.core.LaunchManager.createInfoFromXML(LaunchManager.java:935)
	at org.eclipse.debug.internal.core.LaunchManager.getInfo(LaunchManager.java:1359)
	... 10 more
!SUBENTRY 1 org.eclipse.debug.core 4 5012 2026-07-28 11:20:41.334
!MESSAGE 读取启动配置文件 F:\code\vibe_project\rollerball\M55\libraries\components\mtb-device-support-pse8xxgp\make\make\scripts\interface_version_3\eclipse\CM55\flash\virgin\KitProg3\any\&&_PRJ_NAME&& Attach (KitProg3_MiniProg4).launch 时发生了 org.xml.sax.SAXParseException; lineNumber: 3; columnNumber: 66; 在实体引用中, 实体名称必须紧跟在 '&' 后面。。
!STACK 0
org.xml.sax.SAXParseException; lineNumber: 3; columnNumber: 66; 在实体引用中, 实体名称必须紧跟在 '&' 后面。
	at com.sun.org.apache.xerces.internal.util.ErrorHandlerWrapper.createSAXParseException(ErrorHandlerWrapper.java:203)
	at com.sun.org.apache.xerces.internal.util.ErrorHandlerWrapper.fatalError(ErrorHandlerWrapper.java:177)
	at com.sun.org.apache.xerces.internal.impl.XMLErrorReporter.reportError(XMLErrorReporter.java:400)
	at com.sun.org.apache.xerces.internal.impl.XMLErrorReporter.reportError(XMLErrorReporter.java:327)
	at com.sun.org.apache.xerces.internal.impl.XMLScanner.reportFatalError(XMLScanner.java:1472)
	at com.sun.org.apache.xerces.internal.impl.XMLScanner.scanAttributeValue(XMLScanner.java:908)
	at com.sun.org.apache.xerces.internal.impl.XMLDocumentFragmentScannerImpl.scanAttribute(XMLDocumentFragmentScannerImpl.java:1548)
	at com.sun.org.apache.xerces.internal.impl.XMLDocumentFragmentScannerImpl.scanStartElement(XMLDocumentFragmentScannerImpl.java:1315)
	at com.sun.org.apache.xerces.internal.impl.XMLDocumentFragmentScannerImpl$FragmentContentDriver.next(XMLDocumentFragmentScannerImpl.java:2784)
	at com.sun.org.apache.xerces.internal.impl.XMLDocumentScannerImpl.next(XMLDocumentScannerImpl.java:602)
	at com.sun.org.apache.xerces.internal.impl.XMLDocumentFragmentScannerImpl.scanDocument(XMLDocumentFragmentScannerImpl.java:505)
	at com.sun.org.apache.xerces.internal.parsers.XML11Configuration.parse(XML11Configuration.java:841)
	at com.sun.org.apache.xerces.internal.parsers.XML11Configuration.parse(XML11Configuration.java:770)
	at com.sun.org.apache.xerces.internal.parsers.XMLParser.parse(XMLParser.java:141)
	at com.sun.org.apache.xerces.internal.parsers.DOMParser.parse(DOMParser.java:243)
	at com.sun.org.apache.xerces.internal.jaxp.DocumentBuilderImpl.parse(DocumentBuilderImpl.java:339)
	at org.eclipse.debug.internal.core.LaunchManager.createInfoFromXML(LaunchManager.java:935)
	at org.eclipse.debug.internal.core.LaunchManager.getInfo(LaunchManager.java:1359)
	at org.eclipse.debug.internal.core.LaunchConfiguration.getInfo(LaunchConfiguration.java:490)
	at org.eclipse.debug.internal.core.LaunchConfiguration.getType(LaunchConfiguration.java:645)
	at org.eclipse.debug.internal.core.LaunchManager.isValid(LaunchManager.java:2091)
	at org.eclipse.debug.internal.core.LaunchManager.verifyConfigurations(LaunchManager.java:2462)
	at org.eclipse.debug.internal.core.LaunchManager.getAllLaunchConfigurations(LaunchManager.java:1140)
	at org.eclipse.debug.internal.core.LaunchManager.getLaunchConfigurations(LaunchManager.java:1444)
	at org.eclipse.debug.internal.core.LaunchManager.getLaunchConfigurations(LaunchManager.java:1439)
	at org.eclipse.launchbar.core.internal.LaunchBarManager.init(LaunchBarManager.java:130)
	at org.eclipse.launchbar.core.internal.LaunchBarManager$1.run(LaunchBarManager.java:96)
	at org.eclipse.core.internal.jobs.Worker.run(Worker.java:63)

!ENTRY org.eclipse.debug.core 4 125 2026-07-28 11:20:41.334
!MESSAGE 调试核心所记录的错误：
!STACK 1
org.eclipse.debug.core.DebugException: 读取启动配置文件 F:\code\vibe_project\rollerball\M55\libraries\components\mtb-device-support-pse8xxgp\make\make\scripts\interface_version_3\eclipse\CM55\flash\virgin\KitProg3\any\&&_PRJ_NAME&& Program (KitProg3_MiniProg4).launch 时发生了 org.xml.sax.SAXParseException; lineNumber: 3; columnNumber: 66; 在实体引用中, 实体名称必须紧跟在 '&' 后面。。
	at org.eclipse.debug.internal.core.LaunchManager.createDebugException(LaunchManager.java:886)
	at org.eclipse.debug.internal.core.LaunchManager.throwException(LaunchManager.java:2448)
	at org.eclipse.debug.internal.core.LaunchManager.getInfo(LaunchManager.java:1366)
	at org.eclipse.debug.internal.core.LaunchConfiguration.getInfo(LaunchConfiguration.java:490)
	at org.eclipse.debug.internal.core.LaunchConfiguration.getType(LaunchConfiguration.java:645)
	at org.eclipse.debug.internal.core.LaunchManager.isValid(LaunchManager.java:2091)
	at org.eclipse.debug.internal.core.LaunchManager.verifyConfigurations(LaunchManager.java:2462)
	at org.eclipse.debug.internal.core.LaunchManager.getAllLaunchConfigurations(LaunchManager.java:1140)
	at org.eclipse.debug.internal.core.LaunchManager.getLaunchConfigurations(LaunchManager.java:1444)
	at org.eclipse.debug.internal.core.LaunchManager.getLaunchConfigurations(LaunchManager.java:1439)
	at org.eclipse.launchbar.core.internal.LaunchBarManager.init(LaunchBarManager.java:130)
	at org.eclipse.launchbar.core.internal.LaunchBarManager$1.run(LaunchBarManager.java:96)
	at org.eclipse.core.internal.jobs.Worker.run(Worker.java:63)
Caused by: org.xml.sax.SAXParseException; lineNumber: 3; columnNumber: 66; 在实体引用中, 实体名称必须紧跟在 '&' 后面。
	at com.sun.org.apache.xerces.internal.util.ErrorHandlerWrapper.createSAXParseException(ErrorHandlerWrapper.java:203)
	at com.sun.org.apache.xerces.internal.util.ErrorHandlerWrapper.fatalError(ErrorHandlerWrapper.java:177)
	at com.sun.org.apache.xerces.internal.impl.XMLErrorReporter.reportError(XMLErrorReporter.java:400)
	at com.sun.org.apache.xerces.internal.impl.XMLErrorReporter.reportError(XMLErrorReporter.java:327)
	at com.sun.org.apache.xerces.internal.impl.XMLScanner.reportFatalError(XMLScanner.java:1472)
	at com.sun.org.apache.xerces.internal.impl.XMLScanner.scanAttributeValue(XMLScanner.java:908)
	at com.sun.org.apache.xerces.internal.impl.XMLDocumentFragmentScannerImpl.scanAttribute(XMLDocumentFragmentScannerImpl.java:1548)
	at com.sun.org.apache.xerces.internal.impl.XMLDocumentFragmentScannerImpl.scanStartElement(XMLDocumentFragmentScannerImpl.java:1315)
	at com.sun.org.apache.xerces.internal.impl.XMLDocumentFragmentScannerImpl$FragmentContentDriver.next(XMLDocumentFragmentScannerImpl.java:2784)
	at com.sun.org.apache.xerces.internal.impl.XMLDocumentScannerImpl.next(XMLDocumentScannerImpl.java:602)
	at com.sun.org.apache.xerces.internal.impl.XMLDocumentFragmentScannerImpl.scanDocument(XMLDocumentFragmentScannerImpl.java:505)
	at com.sun.org.apache.xerces.internal.parsers.XML11Configuration.parse(XML11Configuration.java:841)
	at com.sun.org.apache.xerces.internal.parsers.XML11Configuration.parse(XML11Configuration.java:770)
	at com.sun.org.apache.xerces.internal.parsers.XMLParser.parse(XMLParser.java:141)
	at com.sun.org.apache.xerces.internal.parsers.DOMParser.parse(DOMParser.java:243)
	at com.sun.org.apache.xerces.internal.jaxp.DocumentBuilderImpl.parse(DocumentBuilderImpl.java:339)
	at org.eclipse.debug.internal.core.LaunchManager.createInfoFromXML(LaunchManager.java:935)
	at org.eclipse.debug.internal.core.LaunchManager.getInfo(LaunchManager.java:1359)
	... 10 more
!SUBENTRY 1 org.eclipse.debug.core 4 5012 2026-07-28 11:20:41.334
!MESSAGE 读取启动配置文件 F:\code\vibe_project\rollerball\M55\libraries\components\mtb-device-support-pse8xxgp\make\make\scripts\interface_version_3\eclipse\CM55\flash\virgin\KitProg3\any\&&_PRJ_NAME&& Program (KitProg3_MiniProg4).launch 时发生了 org.xml.sax.SAXParseException; lineNumber: 3; columnNumber: 66; 在实体引用中, 实体名称必须紧跟在 '&' 后面。。
!STACK 0
org.xml.sax.SAXParseException; lineNumber: 3; columnNumber: 66; 在实体引用中, 实体名称必须紧跟在 '&' 后面。
	at com.sun.org.apache.xerces.internal.util.ErrorHandlerWrapper.createSAXParseException(ErrorHandlerWrapper.java:203)
	at com.sun.org.apache.xerces.internal.util.ErrorHandlerWrapper.fatalError(ErrorHandlerWrapper.java:177)
	at com.sun.org.apache.xerces.internal.impl.XMLErrorReporter.reportError(XMLErrorReporter.java:400)
	at com.sun.org.apache.xerces.internal.impl.XMLErrorReporter.reportError(XMLErrorReporter.java:327)
	at com.sun.org.apache.xerces.internal.impl.XMLScanner.reportFatalError(XMLScanner.java:1472)
	at com.sun.org.apache.xerces.internal.impl.XMLScanner.scanAttributeValue(XMLScanner.java:908)
	at com.sun.org.apache.xerces.internal.impl.XMLDocumentFragmentScannerImpl.scanAttribute(XMLDocumentFragmentScannerImpl.java:1548)
	at com.sun.org.apache.xerces.internal.impl.XMLDocumentFragmentScannerImpl.scanStartElement(XMLDocumentFragmentScannerImpl.java:1315)
	at com.sun.org.apache.xerces.internal.impl.XMLDocumentFragmentScannerImpl$FragmentContentDriver.next(XMLDocumentFragmentScannerImpl.java:2784)
	at com.sun.org.apache.xerces.internal.impl.XMLDocumentScannerImpl.next(XMLDocumentScannerImpl.java:602)
	at com.sun.org.apache.xerces.internal.impl.XMLDocumentFragmentScannerImpl.scanDocument(XMLDocumentFragmentScannerImpl.java:505)
	at com.sun.org.apache.xerces.internal.parsers.XML11Configuration.parse(XML11Configuration.java:841)
	at com.sun.org.apache.xerces.internal.parsers.XML11Configuration.parse(XML11Configuration.java:770)
	at com.sun.org.apache.xerces.internal.parsers.XMLParser.parse(XMLParser.java:141)
	at com.sun.org.apache.xerces.internal.parsers.DOMParser.parse(DOMParser.java:243)
	at com.sun.org.apache.xerces.internal.jaxp.DocumentBuilderImpl.parse(DocumentBuilderImpl.java:339)
	at org.eclipse.debug.internal.core.LaunchManager.createInfoFromXML(LaunchManager.java:935)
	at org.eclipse.debug.internal.core.LaunchManager.getInfo(LaunchManager.java:1359)
	at org.eclipse.debug.internal.core.LaunchConfiguration.getInfo(LaunchConfiguration.java:490)
	at org.eclipse.debug.internal.core.LaunchConfiguration.getType(LaunchConfiguration.java:645)
	at org.eclipse.debug.internal.core.LaunchManager.isValid(LaunchManager.java:2091)
	at org.eclipse.debug.internal.core.LaunchManager.verifyConfigurations(LaunchManager.java:2462)
	at org.eclipse.debug.internal.core.LaunchManager.getAllLaunchConfigurations(LaunchManager.java:1140)
	at org.eclipse.debug.internal.core.LaunchManager.getLaunchConfigurations(LaunchManager.java:1444)
	at org.eclipse.debug.internal.core.LaunchManager.getLaunchConfigurations(LaunchManager.java:1439)
	at org.eclipse.launchbar.core.internal.LaunchBarManager.init(LaunchBarManager.java:130)
	at org.eclipse.launchbar.core.internal.LaunchBarManager$1.run(LaunchBarManager.java:96)
	at org.eclipse.core.internal.jobs.Worker.run(Worker.java:63)

!ENTRY org.eclipse.debug.core 4 125 2026-07-28 11:20:41.338
!MESSAGE 调试核心所记录的错误：
!STACK 1
org.eclipse.debug.core.DebugException: 读取启动配置文件 F:\code\vibe_project\rollerball\M55\libraries\components\mtb-device-support-pse8xxgp\make\make\scripts\interface_version_3\eclipse\CM55\flash\virgin\KitProg3\multi\&&_PRJ_NAME&& Add CM55 to CM33 (KitProg3_MiniProg4).launch 时发生了 org.xml.sax.SAXParseException; lineNumber: 3; columnNumber: 66; 在实体引用中, 实体名称必须紧跟在 '&' 后面。。
	at org.eclipse.debug.internal.core.LaunchManager.createDebugException(LaunchManager.java:886)
	at org.eclipse.debug.internal.core.LaunchManager.throwException(LaunchManager.java:2448)
	at org.eclipse.debug.internal.core.LaunchManager.getInfo(LaunchManager.java:1366)
	at org.eclipse.debug.internal.core.LaunchConfiguration.getInfo(LaunchConfiguration.java:490)
	at org.eclipse.debug.internal.core.LaunchConfiguration.getType(LaunchConfiguration.java:645)
	at org.eclipse.debug.internal.core.LaunchManager.isValid(LaunchManager.java:2091)
	at org.eclipse.debug.internal.core.LaunchManager.verifyConfigurations(LaunchManager.java:2462)
	at org.eclipse.debug.internal.core.LaunchManager.getAllLaunchConfigurations(LaunchManager.java:1140)
	at org.eclipse.debug.internal.core.LaunchManager.getLaunchConfigurations(LaunchManager.java:1444)
	at org.eclipse.debug.internal.core.LaunchManager.getLaunchConfigurations(LaunchManager.java:1439)
	at org.eclipse.launchbar.core.internal.LaunchBarManager.init(LaunchBarManager.java:130)
	at org.eclipse.launchbar.core.internal.LaunchBarManager$1.run(LaunchBarManager.java:96)
	at org.eclipse.core.internal.jobs.Worker.run(Worker.java:63)
Caused by: org.xml.sax.SAXParseException; lineNumber: 3; columnNumber: 66; 在实体引用中, 实体名称必须紧跟在 '&' 后面。
	at com.sun.org.apache.xerces.internal.util.ErrorHandlerWrapper.createSAXParseException(ErrorHandlerWrapper.java:203)
	at com.sun.org.apache.xerces.internal.util.ErrorHandlerWrapper.fatalError(ErrorHandlerWrapper.java:177)
	at com.sun.org.apache.xerces.internal.impl.XMLErrorReporter.reportError(XMLErrorReporter.java:400)
	at com.sun.org.apache.xerces.internal.impl.XMLErrorReporter.reportError(XMLErrorReporter.java:327)
	at com.sun.org.apache.xerces.internal.impl.XMLScanner.reportFatalError(XMLScanner.java:1472)
	at com.sun.org.apache.xerces.internal.impl.XMLScanner.scanAttributeValue(XMLScanner.java:908)
	at com.sun.org.apache.xerces.internal.impl.XMLDocumentFragmentScannerImpl.scanAttribute(XMLDocumentFragmentScannerImpl.java:1548)
	at com.sun.org.apache.xerces.internal.impl.XMLDocumentFragmentScannerImpl.scanStartElement(XMLDocumentFragmentScannerImpl.java:1315)
	at com.sun.org.apache.xerces.internal.impl.XMLDocumentFragmentScannerImpl$FragmentContentDriver.next(XMLDocumentFragmentScannerImpl.java:2784)
	at com.sun.org.apache.xerces.internal.impl.XMLDocumentScannerImpl.next(XMLDocumentScannerImpl.java:602)
	at com.sun.org.apache.xerces.internal.impl.XMLDocumentFragmentScannerImpl.scanDocument(XMLDocumentFragmentScannerImpl.java:505)
	at com.sun.org.apache.xerces.internal.parsers.XML11Configuration.parse(XML11Configuration.java:841)
	at com.sun.org.apache.xerces.internal.parsers.XML11Configuration.parse(XML11Configuration.java:770)
	at com.sun.org.apache.xerces.internal.parsers.XMLParser.parse(XMLParser.java:141)
	at com.sun.org.apache.xerces.internal.parsers.DOMParser.parse(DOMParser.java:243)
	at com.sun.org.apache.xerces.internal.jaxp.DocumentBuilderImpl.parse(DocumentBuilderImpl.java:339)
	at org.eclipse.debug.internal.core.LaunchManager.createInfoFromXML(LaunchManager.java:935)
	at org.eclipse.debug.internal.core.LaunchManager.getInfo(LaunchManager.java:1359)
	... 10 more
!SUBENTRY 1 org.eclipse.debug.core 4 5012 2026-07-28 11:20:41.338
!MESSAGE 读取启动配置文件 F:\code\vibe_project\rollerball\M55\libraries\components\mtb-device-support-pse8xxgp\make\make\scripts\interface_version_3\eclipse\CM55\flash\virgin\KitProg3\multi\&&_PRJ_NAME&& Add CM55 to CM33 (KitProg3_MiniProg4).launch 时发生了 org.xml.sax.SAXParseException; lineNumber: 3; columnNumber: 66; 在实体引用中, 实体名称必须紧跟在 '&' 后面。。
!STACK 0
org.xml.sax.SAXParseException; lineNumber: 3; columnNumber: 66; 在实体引用中, 实体名称必须紧跟在 '&' 后面。
	at com.sun.org.apache.xerces.internal.util.ErrorHandlerWrapper.createSAXParseException(ErrorHandlerWrapper.java:203)
	at com.sun.org.apache.xerces.internal.util.ErrorHandlerWrapper.fatalError(ErrorHandlerWrapper.java:177)
	at com.sun.org.apache.xerces.internal.impl.XMLErrorReporter.reportError(XMLErrorReporter.java:400)
	at com.sun.org.apache.xerces.internal.impl.XMLErrorReporter.reportError(XMLErrorReporter.java:327)
	at com.sun.org.apache.xerces.internal.impl.XMLScanner.reportFatalError(XMLScanner.java:1472)
	at com.sun.org.apache.xerces.internal.impl.XMLScanner.scanAttributeValue(XMLScanner.java:908)
	at com.sun.org.apache.xerces.internal.impl.XMLDocumentFragmentScannerImpl.scanAttribute(XMLDocumentFragmentScannerImpl.java:1548)
	at com.sun.org.apache.xerces.internal.impl.XMLDocumentFragmentScannerImpl.scanStartElement(XMLDocumentFragmentScannerImpl.java:1315)
	at com.sun.org.apache.xerces.internal.impl.XMLDocumentFragmentScannerImpl$FragmentContentDriver.next(XMLDocumentFragmentScannerImpl.java:2784)
	at com.sun.org.apache.xerces.internal.impl.XMLDocumentScannerImpl.next(XMLDocumentScannerImpl.java:602)
	at com.sun.org.apache.xerces.internal.impl.XMLDocumentFragmentScannerImpl.scanDocument(XMLDocumentFragmentScannerImpl.java:505)
	at com.sun.org.apache.xerces.internal.parsers.XML11Configuration.parse(XML11Configuration.java:841)
	at com.sun.org.apache.xerces.internal.parsers.XML11Configuration.parse(XML11Configuration.java:770)
	at com.sun.org.apache.xerces.internal.parsers.XMLParser.parse(XMLParser.java:141)
	at com.sun.org.apache.xerces.internal.parsers.DOMParser.parse(DOMParser.java:243)
	at com.sun.org.apache.xerces.internal.jaxp.DocumentBuilderImpl.parse(DocumentBuilderImpl.java:339)
	at org.eclipse.debug.internal.core.LaunchManager.createInfoFromXML(LaunchManager.java:935)
	at org.eclipse.debug.internal.core.LaunchManager.getInfo(LaunchManager.java:1359)
	at org.eclipse.debug.internal.core.LaunchConfiguration.getInfo(LaunchConfiguration.java:490)
	at org.eclipse.debug.internal.core.LaunchConfiguration.getType(LaunchConfiguration.java:645)
	at org.eclipse.debug.internal.core.LaunchManager.isValid(LaunchManager.java:2091)
	at org.eclipse.debug.internal.core.LaunchManager.verifyConfigurations(LaunchManager.java:2462)
	at org.eclipse.debug.internal.core.LaunchManager.getAllLaunchConfigurations(LaunchManager.java:1140)
	at org.eclipse.debug.internal.core.LaunchManager.getLaunchConfigurations(LaunchManager.java:1444)
	at org.eclipse.debug.internal.core.LaunchManager.getLaunchConfigurations(LaunchManager.java:1439)
	at org.eclipse.launchbar.core.internal.LaunchBarManager.init(LaunchBarManager.java:130)
	at org.eclipse.launchbar.core.internal.LaunchBarManager$1.run(LaunchBarManager.java:96)
	at org.eclipse.core.internal.jobs.Worker.run(Worker.java:63)

!ENTRY org.eclipse.debug.core 4 125 2026-07-28 11:20:41.338
!MESSAGE 调试核心所记录的错误：
!STACK 1
org.eclipse.debug.core.DebugException: 读取启动配置文件 F:\code\vibe_project\rollerball\M55\libraries\components\mtb-device-support-pse8xxgp\make\make\scripts\interface_version_3\eclipse\CM55\flash\virgin\KitProg3\single\&&_PRJ_NAME&& Erase All (KitProg3_MiniProg4).launch 时发生了 org.xml.sax.SAXParseException; lineNumber: 3; columnNumber: 66; 在实体引用中, 实体名称必须紧跟在 '&' 后面。。
	at org.eclipse.debug.internal.core.LaunchManager.createDebugException(LaunchManager.java:886)
	at org.eclipse.debug.internal.core.LaunchManager.throwException(LaunchManager.java:2448)
	at org.eclipse.debug.internal.core.LaunchManager.getInfo(LaunchManager.java:1366)
	at org.eclipse.debug.internal.core.LaunchConfiguration.getInfo(LaunchConfiguration.java:490)
	at org.eclipse.debug.internal.core.LaunchConfiguration.getType(LaunchConfiguration.java:645)
	at org.eclipse.debug.internal.core.LaunchManager.isValid(LaunchManager.java:2091)
	at org.eclipse.debug.internal.core.LaunchManager.verifyConfigurations(LaunchManager.java:2462)
	at org.eclipse.debug.internal.core.LaunchManager.getAllLaunchConfigurations(LaunchManager.java:1140)
	at org.eclipse.debug.internal.core.LaunchManager.getLaunchConfigurations(LaunchManager.java:1444)
	at org.eclipse.debug.internal.core.LaunchManager.getLaunchConfigurations(LaunchManager.java:1439)
	at org.eclipse.launchbar.core.internal.LaunchBarManager.init(LaunchBarManager.java:130)
	at org.eclipse.launchbar.core.internal.LaunchBarManager$1.run(LaunchBarManager.java:96)
	at org.eclipse.core.internal.jobs.Worker.run(Worker.java:63)
Caused by: org.xml.sax.SAXParseException; lineNumber: 3; columnNumber: 66; 在实体引用中, 实体名称必须紧跟在 '&' 后面。
	at com.sun.org.apache.xerces.internal.util.ErrorHandlerWrapper.createSAXParseException(ErrorHandlerWrapper.java:203)
	at com.sun.org.apache.xerces.internal.util.ErrorHandlerWrapper.fatalError(ErrorHandlerWrapper.java:177)
	at com.sun.org.apache.xerces.internal.impl.XMLErrorReporter.reportError(XMLErrorReporter.java:400)
	at com.sun.org.apache.xerces.internal.impl.XMLErrorReporter.reportError(XMLErrorReporter.java:327)
	at com.sun.org.apache.xerces.internal.impl.XMLScanner.reportFatalError(XMLScanner.java:1472)
	at com.sun.org.apache.xerces.internal.impl.XMLScanner.scanAttributeValue(XMLScanner.java:908)
	at com.sun.org.apache.xerces.internal.impl.XMLDocumentFragmentScannerImpl.scanAttribute(XMLDocumentFragmentScannerImpl.java:1548)
	at com.sun.org.apache.xerces.internal.impl.XMLDocumentFragmentScannerImpl.scanStartElement(XMLDocumentFragmentScannerImpl.java:1315)
	at com.sun.org.apache.xerces.internal.impl.XMLDocumentFragmentScannerImpl$FragmentContentDriver.next(XMLDocumentFragmentScannerImpl.java:2784)
	at com.sun.org.apache.xerces.internal.impl.XMLDocumentScannerImpl.next(XMLDocumentScannerImpl.java:602)
	at com.sun.org.apache.xerces.internal.impl.XMLDocumentFragmentScannerImpl.scanDocument(XMLDocumentFragmentScannerImpl.java:505)
	at com.sun.org.apache.xerces.internal.parsers.XML11Configuration.parse(XML11Configuration.java:841)
	at com.sun.org.apache.xerces.internal.parsers.XML11Configuration.parse(XML11Configuration.java:770)
	at com.sun.org.apache.xerces.internal.parsers.XMLParser.parse(XMLParser.java:141)
	at com.sun.org.apache.xerces.internal.parsers.DOMParser.parse(DOMParser.java:243)
	at com.sun.org.apache.xerces.internal.jaxp.DocumentBuilderImpl.parse(DocumentBuilderImpl.java:339)
	at org.eclipse.debug.internal.core.LaunchManager.createInfoFromXML(LaunchManager.java:935)
	at org.eclipse.debug.internal.core.LaunchManager.getInfo(LaunchManager.java:1359)
	... 10 more
!SUBENTRY 1 org.eclipse.debug.core 4 5012 2026-07-28 11:20:41.338
!MESSAGE 读取启动配置文件 F:\code\vibe_project\rollerball\M55\libraries\components\mtb-device-support-pse8xxgp\make\make\scripts\interface_version_3\eclipse\CM55\flash\virgin\KitProg3\single\&&_PRJ_NAME&& Erase All (KitProg3_MiniProg4).launch 时发生了 org.xml.sax.SAXParseException; lineNumber: 3; columnNumber: 66; 在实体引用中, 实体名称必须紧跟在 '&' 后面。。
!STACK 0
org.xml.sax.SAXParseException; lineNumber: 3; columnNumber: 66; 在实体引用中, 实体名称必须紧跟在 '&' 后面。
	at com.sun.org.apache.xerces.internal.util.ErrorHandlerWrapper.createSAXParseException(ErrorHandlerWrapper.java:203)
	at com.sun.org.apache.xerces.internal.util.ErrorHandlerWrapper.fatalError(ErrorHandlerWrapper.java:177)
	at com.sun.org.apache.xerces.internal.impl.XMLErrorReporter.reportError(XMLErrorReporter.java:400)
	at com.sun.org.apache.xerces.internal.impl.XMLErrorReporter.reportError(XMLErrorReporter.java:327)
	at com.sun.org.apache.xerces.internal.impl.XMLScanner.reportFatalError(XMLScanner.java:1472)
	at com.sun.org.apache.xerces.internal.impl.XMLScanner.scanAttributeValue(XMLScanner.java:908)
	at com.sun.org.apache.xerces.internal.impl.XMLDocumentFragmentScannerImpl.scanAttribute(XMLDocumentFragmentScannerImpl.java:1548)
	at com.sun.org.apache.xerces.internal.impl.XMLDocumentFragmentScannerImpl.scanStartElement(XMLDocumentFragmentScannerImpl.java:1315)
	at com.sun.org.apache.xerces.internal.impl.XMLDocumentFragmentScannerImpl$FragmentContentDriver.next(XMLDocumentFragmentScannerImpl.java:2784)
	at com.sun.org.apache.xerces.internal.impl.XMLDocumentScannerImpl.next(XMLDocumentScannerImpl.java:602)
	at com.sun.org.apache.xerces.internal.impl.XMLDocumentFragmentScannerImpl.scanDocument(XMLDocumentFragmentScannerImpl.java:505)
	at com.sun.org.apache.xerces.internal.parsers.XML11Configuration.parse(XML11Configuration.java:841)
	at com.sun.org.apache.xerces.internal.parsers.XML11Configuration.parse(XML11Configuration.java:770)
	at com.sun.org.apache.xerces.internal.parsers.XMLParser.parse(XMLParser.java:141)
	at com.sun.org.apache.xerces.internal.parsers.DOMParser.parse(DOMParser.java:243)
	at com.sun.org.apache.xerces.internal.jaxp.DocumentBuilderImpl.parse(DocumentBuilderImpl.java:339)
	at org.eclipse.debug.internal.core.LaunchManager.createInfoFromXML(LaunchManager.java:935)
	at org.eclipse.debug.internal.core.LaunchManager.getInfo(LaunchManager.java:1359)
	at org.eclipse.debug.internal.core.LaunchConfiguration.getInfo(LaunchConfiguration.java:490)
	at org.eclipse.debug.internal.core.LaunchConfiguration.getType(LaunchConfiguration.java:645)
	at org.eclipse.debug.internal.core.LaunchManager.isValid(LaunchManager.java:2091)
	at org.eclipse.debug.internal.core.LaunchManager.verifyConfigurations(LaunchManager.java:2462)
	at org.eclipse.debug.internal.core.LaunchManager.getAllLaunchConfigurations(LaunchManager.java:1140)
	at org.eclipse.debug.internal.core.LaunchManager.getLaunchConfigurations(LaunchManager.java:1444)
	at org.eclipse.debug.internal.core.LaunchManager.getLaunchConfigurations(LaunchManager.java:1439)
	at org.eclipse.launchbar.core.internal.LaunchBarManager.init(LaunchBarManager.java:130)
	at org.eclipse.launchbar.core.internal.LaunchBarManager$1.run(LaunchBarManager.java:96)
	at org.eclipse.core.internal.jobs.Worker.run(Worker.java:63)

!ENTRY org.eclipse.debug.core 4 125 2026-07-28 11:20:41.338
!MESSAGE 调试核心所记录的错误：
!STACK 1
org.eclipse.debug.core.DebugException: 读取启动配置文件 F:\code\vibe_project\rollerball\M55\libraries\components\mtb-device-support-pse8xxgp\make\make\scripts\interface_version_3\eclipse\CM55\flash\virgin\KitProg3\single\&&_PRJ_NAME&& Erase Device (KitProg3_MiniProg4).launch 时发生了 org.xml.sax.SAXParseException; lineNumber: 3; columnNumber: 66; 在实体引用中, 实体名称必须紧跟在 '&' 后面。。
	at org.eclipse.debug.internal.core.LaunchManager.createDebugException(LaunchManager.java:886)
	at org.eclipse.debug.internal.core.LaunchManager.throwException(LaunchManager.java:2448)
	at org.eclipse.debug.internal.core.LaunchManager.getInfo(LaunchManager.java:1366)
	at org.eclipse.debug.internal.core.LaunchConfiguration.getInfo(LaunchConfiguration.java:490)
	at org.eclipse.debug.internal.core.LaunchConfiguration.getType(LaunchConfiguration.java:645)
	at org.eclipse.debug.internal.core.LaunchManager.isValid(LaunchManager.java:2091)
	at org.eclipse.debug.internal.core.LaunchManager.verifyConfigurations(LaunchManager.java:2462)
	at org.eclipse.debug.internal.core.LaunchManager.getAllLaunchConfigurations(LaunchManager.java:1140)
	at org.eclipse.debug.internal.core.LaunchManager.getLaunchConfigurations(LaunchManager.java:1444)
	at org.eclipse.debug.internal.core.LaunchManager.getLaunchConfigurations(LaunchManager.java:1439)
	at org.eclipse.launchbar.core.internal.LaunchBarManager.init(LaunchBarManager.java:130)
	at org.eclipse.launchbar.core.internal.LaunchBarManager$1.run(LaunchBarManager.java:96)
	at org.eclipse.core.internal.jobs.Worker.run(Worker.java:63)
Caused by: org.xml.sax.SAXParseException; lineNumber: 3; columnNumber: 66; 在实体引用中, 实体名称必须紧跟在 '&' 后面。
	at com.sun.org.apache.xerces.internal.util.ErrorHandlerWrapper.createSAXParseException(ErrorHandlerWrapper.java:203)
	at com.sun.org.apache.xerces.internal.util.ErrorHandlerWrapper.fatalError(ErrorHandlerWrapper.java:177)
	at com.sun.org.apache.xerces.internal.impl.XMLErrorReporter.reportError(XMLErrorReporter.java:400)
	at com.sun.org.apache.xerces.internal.impl.XMLErrorReporter.reportError(XMLErrorReporter.java:327)
	at com.sun.org.apache.xerces.internal.impl.XMLScanner.reportFatalError(XMLScanner.java:1472)
	at com.sun.org.apache.xerces.internal.impl.XMLScanner.scanAttributeValue(XMLScanner.java:908)
	at com.sun.org.apache.xerces.internal.impl.XMLDocumentFragmentScannerImpl.scanAttribute(XMLDocumentFragmentScannerImpl.java:1548)
	at com.sun.org.apache.xerces.internal.impl.XMLDocumentFragmentScannerImpl.scanStartElement(XMLDocumentFragmentScannerImpl.java:1315)
	at com.sun.org.apache.xerces.internal.impl.XMLDocumentFragmentScannerImpl$FragmentContentDriver.next(XMLDocumentFragmentScannerImpl.java:2784)
	at com.sun.org.apache.xerces.internal.impl.XMLDocumentScannerImpl.next(XMLDocumentScannerImpl.java:602)
	at com.sun.org.apache.xerces.internal.impl.XMLDocumentFragmentScannerImpl.scanDocument(XMLDocumentFragmentScannerImpl.java:505)
	at com.sun.org.apache.xerces.internal.parsers.XML11Configuration.parse(XML11Configuration.java:841)
	at com.sun.org.apache.xerces.internal.parsers.XML11Configuration.parse(XML11Configuration.java:770)
	at com.sun.org.apache.xerces.internal.parsers.XMLParser.parse(XMLParser.java:141)
	at com.sun.org.apache.xerces.internal.parsers.DOMParser.parse(DOMParser.java:243)
	at com.sun.org.apache.xerces.internal.jaxp.DocumentBuilderImpl.parse(DocumentBuilderImpl.java:339)
	at org.eclipse.debug.internal.core.LaunchManager.createInfoFromXML(LaunchManager.java:935)
	at org.eclipse.debug.internal.core.LaunchManager.getInfo(LaunchManager.java:1359)
	... 10 more
!SUBENTRY 1 org.eclipse.debug.core 4 5012 2026-07-28 11:20:41.338
!MESSAGE 读取启动配置文件 F:\code\vibe_project\rollerball\M55\libraries\components\mtb-device-support-pse8xxgp\make\make\scripts\interface_version_3\eclipse\CM55\flash\virgin\KitProg3\single\&&_PRJ_NAME&& Erase Device (KitProg3_MiniProg4).launch 时发生了 org.xml.sax.SAXParseException; lineNumber: 3; columnNumber: 66; 在实体引用中, 实体名称必须紧跟在 '&' 后面。。
!STACK 0
org.xml.sax.SAXParseException; lineNumber: 3; columnNumber: 66; 在实体引用中, 实体名称必须紧跟在 '&' 后面。
	at com.sun.org.apache.xerces.internal.util.ErrorHandlerWrapper.createSAXParseException(ErrorHandlerWrapper.java:203)
	at com.sun.org.apache.xerces.internal.util.ErrorHandlerWrapper.fatalError(ErrorHandlerWrapper.java:177)
	at com.sun.org.apache.xerces.internal.impl.XMLErrorReporter.reportError(XMLErrorReporter.java:400)
	at com.sun.org.apache.xerces.internal.impl.XMLErrorReporter.reportError(XMLErrorReporter.java:327)
	at com.sun.org.apache.xerces.internal.impl.XMLScanner.reportFatalError(XMLScanner.java:1472)
	at com.sun.org.apache.xerces.internal.impl.XMLScanner.scanAttributeValue(XMLScanner.java:908)
	at com.sun.org.apache.xerces.internal.impl.XMLDocumentFragmentScannerImpl.scanAttribute(XMLDocumentFragmentScannerImpl.java:1548)
	at com.sun.org.apache.xerces.internal.impl.XMLDocumentFragmentScannerImpl.scanStartElement(XMLDocumentFragmentScannerImpl.java:1315)
	at com.sun.org.apache.xerces.internal.impl.XMLDocumentFragmentScannerImpl$FragmentContentDriver.next(XMLDocumentFragmentScannerImpl.java:2784)
	at com.sun.org.apache.xerces.internal.impl.XMLDocumentScannerImpl.next(XMLDocumentScannerImpl.java:602)
	at com.sun.org.apache.xerces.internal.impl.XMLDocumentFragmentScannerImpl.scanDocument(XMLDocumentFragmentScannerImpl.java:505)
	at com.sun.org.apache.xerces.internal.parsers.XML11Configuration.parse(XML11Configuration.java:841)
	at com.sun.org.apache.xerces.internal.parsers.XML11Configuration.parse(XML11Configuration.java:770)
	at com.sun.org.apache.xerces.internal.parsers.XMLParser.parse(XMLParser.java:141)
	at com.sun.org.apache.xerces.internal.parsers.DOMParser.parse(DOMParser.java:243)
	at com.sun.org.apache.xerces.internal.jaxp.DocumentBuilderImpl.parse(DocumentBuilderImpl.java:339)
	at org.eclipse.debug.internal.core.LaunchManager.createInfoFromXML(LaunchManager.java:935)
	at org.eclipse.debug.internal.core.LaunchManager.getInfo(LaunchManager.java:1359)
	at org.eclipse.debug.internal.core.LaunchConfiguration.getInfo(LaunchConfiguration.java:490)
	at org.eclipse.debug.internal.core.LaunchConfiguration.getType(LaunchConfiguration.java:645)
	at org.eclipse.debug.internal.core.LaunchManager.isValid(LaunchManager.java:2091)
	at org.eclipse.debug.internal.core.LaunchManager.verifyConfigurations(LaunchManager.java:2462)
	at org.eclipse.debug.internal.core.LaunchManager.getAllLaunchConfigurations(LaunchManager.java:1140)
	at org.eclipse.debug.internal.core.LaunchManager.getLaunchConfigurations(LaunchManager.java:1444)
	at org.eclipse.debug.internal.core.LaunchManager.getLaunchConfigurations(LaunchManager.java:1439)
	at org.eclipse.launchbar.core.internal.LaunchBarManager.init(LaunchBarManager.java:130)
	at org.eclipse.launchbar.core.internal.LaunchBarManager$1.run(LaunchBarManager.java:96)
	at org.eclipse.core.internal.jobs.Worker.run(Worker.java:63)

!ENTRY org.eclipse.debug.core 4 125 2026-07-28 11:20:41.342
!MESSAGE 调试核心所记录的错误：
!STACK 1
org.eclipse.debug.core.DebugException: 读取启动配置文件 F:\code\vibe_project\rollerball\M55\libraries\components\mtb-device-support-pse8xxgp\make\make\scripts\interface_version_3\eclipse\CM55\flash\virgin\KitProg3\single\&&_PRJ_NAME&& Start App (KitProg3_MiniProg4).launch 时发生了 org.xml.sax.SAXParseException; lineNumber: 3; columnNumber: 66; 在实体引用中, 实体名称必须紧跟在 '&' 后面。。
	at org.eclipse.debug.internal.core.LaunchManager.createDebugException(LaunchManager.java:886)
	at org.eclipse.debug.internal.core.LaunchManager.throwException(LaunchManager.java:2448)
	at org.eclipse.debug.internal.core.LaunchManager.getInfo(LaunchManager.java:1366)
	at org.eclipse.debug.internal.core.LaunchConfiguration.getInfo(LaunchConfiguration.java:490)
	at org.eclipse.debug.internal.core.LaunchConfiguration.getType(LaunchConfiguration.java:645)
	at org.eclipse.debug.internal.core.LaunchManager.isValid(LaunchManager.java:2091)
	at org.eclipse.debug.internal.core.LaunchManager.verifyConfigurations(LaunchManager.java:2462)
	at org.eclipse.debug.internal.core.LaunchManager.getAllLaunchConfigurations(LaunchManager.java:1140)
	at org.eclipse.debug.internal.core.LaunchManager.getLaunchConfigurations(LaunchManager.java:1444)
	at org.eclipse.debug.internal.core.LaunchManager.getLaunchConfigurations(LaunchManager.java:1439)
	at org.eclipse.launchbar.core.internal.LaunchBarManager.init(LaunchBarManager.java:130)
	at org.eclipse.launchbar.core.internal.LaunchBarManager$1.run(LaunchBarManager.java:96)
	at org.eclipse.core.internal.jobs.Worker.run(Worker.java:63)
Caused by: org.xml.sax.SAXParseException; lineNumber: 3; columnNumber: 66; 在实体引用中, 实体名称必须紧跟在 '&' 后面。
	at com.sun.org.apache.xerces.internal.util.ErrorHandlerWrapper.createSAXParseException(ErrorHandlerWrapper.java:203)
	at com.sun.org.apache.xerces.internal.util.ErrorHandlerWrapper.fatalError(ErrorHandlerWrapper.java:177)
	at com.sun.org.apache.xerces.internal.impl.XMLErrorReporter.reportError(XMLErrorReporter.java:400)
	at com.sun.org.apache.xerces.internal.impl.XMLErrorReporter.reportError(XMLErrorReporter.java:327)
	at com.sun.org.apache.xerces.internal.impl.XMLScanner.reportFatalError(XMLScanner.java:1472)
	at com.sun.org.apache.xerces.internal.impl.XMLScanner.scanAttributeValue(XMLScanner.java:908)
	at com.sun.org.apache.xerces.internal.impl.XMLDocumentFragmentScannerImpl.scanAttribute(XMLDocumentFragmentScannerImpl.java:1548)
	at com.sun.org.apache.xerces.internal.impl.XMLDocumentFragmentScannerImpl.scanStartElement(XMLDocumentFragmentScannerImpl.java:1315)
	at com.sun.org.apache.xerces.internal.impl.XMLDocumentFragmentScannerImpl$FragmentContentDriver.next(XMLDocumentFragmentScannerImpl.java:2784)
	at com.sun.org.apache.xerces.internal.impl.XMLDocumentScannerImpl.next(XMLDocumentScannerImpl.java:602)
	at com.sun.org.apache.xerces.internal.impl.XMLDocumentFragmentScannerImpl.scanDocument(XMLDocumentFragmentScannerImpl.java:505)
	at com.sun.org.apache.xerces.internal.parsers.XML11Configuration.parse(XML11Configuration.java:841)
	at com.sun.org.apache.xerces.internal.parsers.XML11Configuration.parse(XML11Configuration.java:770)
	at com.sun.org.apache.xerces.internal.parsers.XMLParser.parse(XMLParser.java:141)
	at com.sun.org.apache.xerces.internal.parsers.DOMParser.parse(DOMParser.java:243)
	at com.sun.org.apache.xerces.internal.jaxp.DocumentBuilderImpl.parse(DocumentBuilderImpl.java:339)
	at org.eclipse.debug.internal.core.LaunchManager.createInfoFromXML(LaunchManager.java:935)
	at org.eclipse.debug.internal.core.LaunchManager.getInfo(LaunchManager.java:1359)
	... 10 more
!SUBENTRY 1 org.eclipse.debug.core 4 5012 2026-07-28 11:20:41.342
!MESSAGE 读取启动配置文件 F:\code\vibe_project\rollerball\M55\libraries\components\mtb-device-support-pse8xxgp\make\make\scripts\interface_version_3\eclipse\CM55\flash\virgin\KitProg3\single\&&_PRJ_NAME&& Start App (KitProg3_MiniProg4).launch 时发生了 org.xml.sax.SAXParseException; lineNumber: 3; columnNumber: 66; 在实体引用中, 实体名称必须紧跟在 '&' 后面。。
!STACK 0
org.xml.sax.SAXParseException; lineNumber: 3; columnNumber: 66; 在实体引用中, 实体名称必须紧跟在 '&' 后面。
	at com.sun.org.apache.xerces.internal.util.ErrorHandlerWrapper.createSAXParseException(ErrorHandlerWrapper.java:203)
	at com.sun.org.apache.xerces.internal.util.ErrorHandlerWrapper.fatalError(ErrorHandlerWrapper.java:177)
	at com.sun.org.apache.xerces.internal.impl.XMLErrorReporter.reportError(XMLErrorReporter.java:400)
	at com.sun.org.apache.xerces.internal.impl.XMLErrorReporter.reportError(XMLErrorReporter.java:327)
	at com.sun.org.apache.xerces.internal.impl.XMLScanner.reportFatalError(XMLScanner.java:1472)
	at com.sun.org.apache.xerces.internal.impl.XMLScanner.scanAttributeValue(XMLScanner.java:908)
	at com.sun.org.apache.xerces.internal.impl.XMLDocumentFragmentScannerImpl.scanAttribute(XMLDocumentFragmentScannerImpl.java:1548)
	at com.sun.org.apache.xerces.internal.impl.XMLDocumentFragmentScannerImpl.scanStartElement(XMLDocumentFragmentScannerImpl.java:1315)
	at com.sun.org.apache.xerces.internal.impl.XMLDocumentFragmentScannerImpl$FragmentContentDriver.next(XMLDocumentFragmentScannerImpl.java:2784)
	at com.sun.org.apache.xerces.internal.impl.XMLDocumentScannerImpl.next(XMLDocumentScannerImpl.java:602)
	at com.sun.org.apache.xerces.internal.impl.XMLDocumentFragmentScannerImpl.scanDocument(XMLDocumentFragmentScannerImpl.java:505)
	at com.sun.org.apache.xerces.internal.parsers.XML11Configuration.parse(XML11Configuration.java:841)
	at com.sun.org.apache.xerces.internal.parsers.XML11Configuration.parse(XML11Configuration.java:770)
	at com.sun.org.apache.xerces.internal.parsers.XMLParser.parse(XMLParser.java:141)
	at com.sun.org.apache.xerces.internal.parsers.DOMParser.parse(DOMParser.java:243)
	at com.sun.org.apache.xerces.internal.jaxp.DocumentBuilderImpl.parse(DocumentBuilderImpl.java:339)
	at org.eclipse.debug.internal.core.LaunchManager.createInfoFromXML(LaunchManager.java:935)
	at org.eclipse.debug.internal.core.LaunchManager.getInfo(LaunchManager.java:1359)
	at org.eclipse.debug.internal.core.LaunchConfiguration.getInfo(LaunchConfiguration.java:490)
	at org.eclipse.debug.internal.core.LaunchConfiguration.getType(LaunchConfiguration.java:645)
	at org.eclipse.debug.internal.core.LaunchManager.isValid(LaunchManager.java:2091)
	at org.eclipse.debug.internal.core.LaunchManager.verifyConfigurations(LaunchManager.java:2462)
	at org.eclipse.debug.internal.core.LaunchManager.getAllLaunchConfigurations(LaunchManager.java:1140)
	at org.eclipse.debug.internal.core.LaunchManager.getLaunchConfigurations(LaunchManager.java:1444)
	at org.eclipse.debug.internal.core.LaunchManager.getLaunchConfigurations(LaunchManager.java:1439)
	at org.eclipse.launchbar.core.internal.LaunchBarManager.init(LaunchBarManager.java:130)
	at org.eclipse.launchbar.core.internal.LaunchBarManager$1.run(LaunchBarManager.java:96)
	at org.eclipse.core.internal.jobs.Worker.run(Worker.java:63)

!ENTRY org.eclipse.debug.core 4 125 2026-07-28 11:20:41.342
!MESSAGE 调试核心所记录的错误：
!STACK 1
org.eclipse.debug.core.DebugException: 读取启动配置文件 F:\code\vibe_project\rollerball\M55\libraries\components\mtb-device-support-pse8xxgp\make\make\scripts\interface_version_3\eclipse\CM55\ram\_normal\JLink\any\&&_PRJ_NAME&& Attach RAM (JLink).launch 时发生了 org.xml.sax.SAXParseException; lineNumber: 3; columnNumber: 66; 在实体引用中, 实体名称必须紧跟在 '&' 后面。。
	at org.eclipse.debug.internal.core.LaunchManager.createDebugException(LaunchManager.java:886)
	at org.eclipse.debug.internal.core.LaunchManager.throwException(LaunchManager.java:2448)
	at org.eclipse.debug.internal.core.LaunchManager.getInfo(LaunchManager.java:1366)
	at org.eclipse.debug.internal.core.LaunchConfiguration.getInfo(LaunchConfiguration.java:490)
	at org.eclipse.debug.internal.core.LaunchConfiguration.getType(LaunchConfiguration.java:645)
	at org.eclipse.debug.internal.core.LaunchManager.isValid(LaunchManager.java:2091)
	at org.eclipse.debug.internal.core.LaunchManager.verifyConfigurations(LaunchManager.java:2462)
	at org.eclipse.debug.internal.core.LaunchManager.getAllLaunchConfigurations(LaunchManager.java:1140)
	at org.eclipse.debug.internal.core.LaunchManager.getLaunchConfigurations(LaunchManager.java:1444)
	at org.eclipse.debug.internal.core.LaunchManager.getLaunchConfigurations(LaunchManager.java:1439)
	at org.eclipse.launchbar.core.internal.LaunchBarManager.init(LaunchBarManager.java:130)
	at org.eclipse.launchbar.core.internal.LaunchBarManager$1.run(LaunchBarManager.java:96)
	at org.eclipse.core.internal.jobs.Worker.run(Worker.java:63)
Caused by: org.xml.sax.SAXParseException; lineNumber: 3; columnNumber: 66; 在实体引用中, 实体名称必须紧跟在 '&' 后面。
	at com.sun.org.apache.xerces.internal.util.ErrorHandlerWrapper.createSAXParseException(ErrorHandlerWrapper.java:203)
	at com.sun.org.apache.xerces.internal.util.ErrorHandlerWrapper.fatalError(ErrorHandlerWrapper.java:177)
	at com.sun.org.apache.xerces.internal.impl.XMLErrorReporter.reportError(XMLErrorReporter.java:400)
	at com.sun.org.apache.xerces.internal.impl.XMLErrorReporter.reportError(XMLErrorReporter.java:327)
	at com.sun.org.apache.xerces.internal.impl.XMLScanner.reportFatalError(XMLScanner.java:1472)
	at com.sun.org.apache.xerces.internal.impl.XMLScanner.scanAttributeValue(XMLScanner.java:908)
	at com.sun.org.apache.xerces.internal.impl.XMLDocumentFragmentScannerImpl.scanAttribute(XMLDocumentFragmentScannerImpl.java:1548)
	at com.sun.org.apache.xerces.internal.impl.XMLDocumentFragmentScannerImpl.scanStartElement(XMLDocumentFragmentScannerImpl.java:1315)
	at com.sun.org.apache.xerces.internal.impl.XMLDocumentFragmentScannerImpl$FragmentContentDriver.next(XMLDocumentFragmentScannerImpl.java:2784)
	at com.sun.org.apache.xerces.internal.impl.XMLDocumentScannerImpl.next(XMLDocumentScannerImpl.java:602)
	at com.sun.org.apache.xerces.internal.impl.XMLDocumentFragmentScannerImpl.scanDocument(XMLDocumentFragmentScannerImpl.java:505)
	at com.sun.org.apache.xerces.internal.parsers.XML11Configuration.parse(XML11Configuration.java:841)
	at com.sun.org.apache.xerces.internal.parsers.XML11Configuration.parse(XML11Configuration.java:770)
	at com.sun.org.apache.xerces.internal.parsers.XMLParser.parse(XMLParser.java:141)
	at com.sun.org.apache.xerces.internal.parsers.DOMParser.parse(DOMParser.java:243)
	at com.sun.org.apache.xerces.internal.jaxp.DocumentBuilderImpl.parse(DocumentBuilderImpl.java:339)
	at org.eclipse.debug.internal.core.LaunchManager.createInfoFromXML(LaunchManager.java:935)
	at org.eclipse.debug.internal.core.LaunchManager.getInfo(LaunchManager.java:1359)
	... 10 more
!SUBENTRY 1 org.eclipse.debug.core 4 5012 2026-07-28 11:20:41.342
!MESSAGE 读取启动配置文件 F:\code\vibe_project\rollerball\M55\libraries\components\mtb-device-support-pse8xxgp\make\make\scripts\interface_version_3\eclipse\CM55\ram\_normal\JLink\any\&&_PRJ_NAME&& Attach RAM (JLink).launch 时发生了 org.xml.sax.SAXParseException; lineNumber: 3; columnNumber: 66; 在实体引用中, 实体名称必须紧跟在 '&' 后面。。
!STACK 0
org.xml.sax.SAXParseException; lineNumber: 3; columnNumber: 66; 在实体引用中, 实体名称必须紧跟在 '&' 后面。
	at com.sun.org.apache.xerces.internal.util.ErrorHandlerWrapper.createSAXParseException(ErrorHandlerWrapper.java:203)
	at com.sun.org.apache.xerces.internal.util.ErrorHandlerWrapper.fatalError(ErrorHandlerWrapper.java:177)
	at com.sun.org.apache.xerces.internal.impl.XMLErrorReporter.reportError(XMLErrorReporter.java:400)
	at com.sun.org.apache.xerces.internal.impl.XMLErrorReporter.reportError(XMLErrorReporter.java:327)
	at com.sun.org.apache.xerces.internal.impl.XMLScanner.reportFatalError(XMLScanner.java:1472)
	at com.sun.org.apache.xerces.internal.impl.XMLScanner.scanAttributeValue(XMLScanner.java:908)
	at com.sun.org.apache.xerces.internal.impl.XMLDocumentFragmentScannerImpl.scanAttribute(XMLDocumentFragmentScannerImpl.java:1548)
	at com.sun.org.apache.xerces.internal.impl.XMLDocumentFragmentScannerImpl.scanStartElement(XMLDocumentFragmentScannerImpl.java:1315)
	at com.sun.org.apache.xerces.internal.impl.XMLDocumentFragmentScannerImpl$FragmentContentDriver.next(XMLDocumentFragmentScannerImpl.java:2784)
	at com.sun.org.apache.xerces.internal.impl.XMLDocumentScannerImpl.next(XMLDocumentScannerImpl.java:602)
	at com.sun.org.apache.xerces.internal.impl.XMLDocumentFragmentScannerImpl.scanDocument(XMLDocumentFragmentScannerImpl.java:505)
	at com.sun.org.apache.xerces.internal.parsers.XML11Configuration.parse(XML11Configuration.java:841)
	at com.sun.org.apache.xerces.internal.parsers.XML11Configuration.parse(XML11Configuration.java:770)
	at com.sun.org.apache.xerces.internal.parsers.XMLParser.parse(XMLParser.java:141)
	at com.sun.org.apache.xerces.internal.parsers.DOMParser.parse(DOMParser.java:243)
	at com.sun.org.apache.xerces.internal.jaxp.DocumentBuilderImpl.parse(DocumentBuilderImpl.java:339)
	at org.eclipse.debug.internal.core.LaunchManager.createInfoFromXML(LaunchManager.java:935)
	at org.eclipse.debug.internal.core.LaunchManager.getInfo(LaunchManager.java:1359)
	at org.eclipse.debug.internal.core.LaunchConfiguration.getInfo(LaunchConfiguration.java:490)
	at org.eclipse.debug.internal.core.LaunchConfiguration.getType(LaunchConfiguration.java:645)
	at org.eclipse.debug.internal.core.LaunchManager.isValid(LaunchManager.java:2091)
	at org.eclipse.debug.internal.core.LaunchManager.verifyConfigurations(LaunchManager.java:2462)
	at org.eclipse.debug.internal.core.LaunchManager.getAllLaunchConfigurations(LaunchManager.java:1140)
	at org.eclipse.debug.internal.core.LaunchManager.getLaunchConfigurations(LaunchManager.java:1444)
	at org.eclipse.debug.internal.core.LaunchManager.getLaunchConfigurations(LaunchManager.java:1439)
	at org.eclipse.launchbar.core.internal.LaunchBarManager.init(LaunchBarManager.java:130)
	at org.eclipse.launchbar.core.internal.LaunchBarManager$1.run(LaunchBarManager.java:96)
	at org.eclipse.core.internal.jobs.Worker.run(Worker.java:63)

!ENTRY org.eclipse.debug.core 4 125 2026-07-28 11:20:41.346
!MESSAGE 调试核心所记录的错误：
!STACK 1
org.eclipse.debug.core.DebugException: 读取启动配置文件 F:\code\vibe_project\rollerball\M55\libraries\components\mtb-device-support-pse8xxgp\make\make\scripts\interface_version_3\eclipse\CM55\ram\_normal\JLink\any\&&_PRJ_NAME&& Program RAM (JLink).launch 时发生了 org.xml.sax.SAXParseException; lineNumber: 3; columnNumber: 66; 在实体引用中, 实体名称必须紧跟在 '&' 后面。。
	at org.eclipse.debug.internal.core.LaunchManager.createDebugException(LaunchManager.java:886)
	at org.eclipse.debug.internal.core.LaunchManager.throwException(LaunchManager.java:2448)
	at org.eclipse.debug.internal.core.LaunchManager.getInfo(LaunchManager.java:1366)
	at org.eclipse.debug.internal.core.LaunchConfiguration.getInfo(LaunchConfiguration.java:490)
	at org.eclipse.debug.internal.core.LaunchConfiguration.getType(LaunchConfiguration.java:645)
	at org.eclipse.debug.internal.core.LaunchManager.isValid(LaunchManager.java:2091)
	at org.eclipse.debug.internal.core.LaunchManager.verifyConfigurations(LaunchManager.java:2462)
	at org.eclipse.debug.internal.core.LaunchManager.getAllLaunchConfigurations(LaunchManager.java:1140)
	at org.eclipse.debug.internal.core.LaunchManager.getLaunchConfigurations(LaunchManager.java:1444)
	at org.eclipse.debug.internal.core.LaunchManager.getLaunchConfigurations(LaunchManager.java:1439)
	at org.eclipse.launchbar.core.internal.LaunchBarManager.init(LaunchBarManager.java:130)
	at org.eclipse.launchbar.core.internal.LaunchBarManager$1.run(LaunchBarManager.java:96)
	at org.eclipse.core.internal.jobs.Worker.run(Worker.java:63)
Caused by: org.xml.sax.SAXParseException; lineNumber: 3; columnNumber: 66; 在实体引用中, 实体名称必须紧跟在 '&' 后面。
	at com.sun.org.apache.xerces.internal.util.ErrorHandlerWrapper.createSAXParseException(ErrorHandlerWrapper.java:203)
	at com.sun.org.apache.xerces.internal.util.ErrorHandlerWrapper.fatalError(ErrorHandlerWrapper.java:177)
	at com.sun.org.apache.xerces.internal.impl.XMLErrorReporter.reportError(XMLErrorReporter.java:400)
	at com.sun.org.apache.xerces.internal.impl.XMLErrorReporter.reportError(XMLErrorReporter.java:327)
	at com.sun.org.apache.xerces.internal.impl.XMLScanner.reportFatalError(XMLScanner.java:1472)
	at com.sun.org.apache.xerces.internal.impl.XMLScanner.scanAttributeValue(XMLScanner.java:908)
	at com.sun.org.apache.xerces.internal.impl.XMLDocumentFragmentScannerImpl.scanAttribute(XMLDocumentFragmentScannerImpl.java:1548)
	at com.sun.org.apache.xerces.internal.impl.XMLDocumentFragmentScannerImpl.scanStartElement(XMLDocumentFragmentScannerImpl.java:1315)
	at com.sun.org.apache.xerces.internal.impl.XMLDocumentFragmentScannerImpl$FragmentContentDriver.next(XMLDocumentFragmentScannerImpl.java:2784)
	at com.sun.org.apache.xerces.internal.impl.XMLDocumentScannerImpl.next(XMLDocumentScannerImpl.java:602)
	at com.sun.org.apache.xerces.internal.impl.XMLDocumentFragmentScannerImpl.scanDocument(XMLDocumentFragmentScannerImpl.java:505)
	at com.sun.org.apache.xerces.internal.parsers.XML11Configuration.parse(XML11Configuration.java:841)
	at com.sun.org.apache.xerces.internal.parsers.XML11Configuration.parse(XML11Configuration.java:770)
	at com.sun.org.apache.xerces.internal.parsers.XMLParser.parse(XMLParser.java:141)
	at com.sun.org.apache.xerces.internal.parsers.DOMParser.parse(DOMParser.java:243)
	at com.sun.org.apache.xerces.internal.jaxp.DocumentBuilderImpl.parse(DocumentBuilderImpl.java:339)
	at org.eclipse.debug.internal.core.LaunchManager.createInfoFromXML(LaunchManager.java:935)
	at org.eclipse.debug.internal.core.LaunchManager.getInfo(LaunchManager.java:1359)
	... 10 more
!SUBENTRY 1 org.eclipse.debug.core 4 5012 2026-07-28 11:20:41.346
!MESSAGE 读取启动配置文件 F:\code\vibe_project\rollerball\M55\libraries\components\mtb-device-support-pse8xxgp\make\make\scripts\interface_version_3\eclipse\CM55\ram\_normal\JLink\any\&&_PRJ_NAME&& Program RAM (JLink).launch 时发生了 org.xml.sax.SAXParseException; lineNumber: 3; columnNumber: 66; 在实体引用中, 实体名称必须紧跟在 '&' 后面。。
!STACK 0
org.xml.sax.SAXParseException; lineNumber: 3; columnNumber: 66; 在实体引用中, 实体名称必须紧跟在 '&' 后面。
	at com.sun.org.apache.xerces.internal.util.ErrorHandlerWrapper.createSAXParseException(ErrorHandlerWrapper.java:203)
	at com.sun.org.apache.xerces.internal.util.ErrorHandlerWrapper.fatalError(ErrorHandlerWrapper.java:177)
	at com.sun.org.apache.xerces.internal.impl.XMLErrorReporter.reportError(XMLErrorReporter.java:400)
	at com.sun.org.apache.xerces.internal.impl.XMLErrorReporter.reportError(XMLErrorReporter.java:327)
	at com.sun.org.apache.xerces.internal.impl.XMLScanner.reportFatalError(XMLScanner.java:1472)
	at com.sun.org.apache.xerces.internal.impl.XMLScanner.scanAttributeValue(XMLScanner.java:908)
	at com.sun.org.apache.xerces.internal.impl.XMLDocumentFragmentScannerImpl.scanAttribute(XMLDocumentFragmentScannerImpl.java:1548)
	at com.sun.org.apache.xerces.internal.impl.XMLDocumentFragmentScannerImpl.scanStartElement(XMLDocumentFragmentScannerImpl.java:1315)
	at com.sun.org.apache.xerces.internal.impl.XMLDocumentFragmentScannerImpl$FragmentContentDriver.next(XMLDocumentFragmentScannerImpl.java:2784)
	at com.sun.org.apache.xerces.internal.impl.XMLDocumentScannerImpl.next(XMLDocumentScannerImpl.java:602)
	at com.sun.org.apache.xerces.internal.impl.XMLDocumentFragmentScannerImpl.scanDocument(XMLDocumentFragmentScannerImpl.java:505)
	at com.sun.org.apache.xerces.internal.parsers.XML11Configuration.parse(XML11Configuration.java:841)
	at com.sun.org.apache.xerces.internal.parsers.XML11Configuration.parse(XML11Configuration.java:770)
	at com.sun.org.apache.xerces.internal.parsers.XMLParser.parse(XMLParser.java:141)
	at com.sun.org.apache.xerces.internal.parsers.DOMParser.parse(DOMParser.java:243)
	at com.sun.org.apache.xerces.internal.jaxp.DocumentBuilderImpl.parse(DocumentBuilderImpl.java:339)
	at org.eclipse.debug.internal.core.LaunchManager.createInfoFromXML(LaunchManager.java:935)
	at org.eclipse.debug.internal.core.LaunchManager.getInfo(LaunchManager.java:1359)
	at org.eclipse.debug.internal.core.LaunchConfiguration.getInfo(LaunchConfiguration.java:490)
	at org.eclipse.debug.internal.core.LaunchConfiguration.getType(LaunchConfiguration.java:645)
	at org.eclipse.debug.internal.core.LaunchManager.isValid(LaunchManager.java:2091)
	at org.eclipse.debug.internal.core.LaunchManager.verifyConfigurations(LaunchManager.java:2462)
	at org.eclipse.debug.internal.core.LaunchManager.getAllLaunchConfigurations(LaunchManager.java:1140)
	at org.eclipse.debug.internal.core.LaunchManager.getLaunchConfigurations(LaunchManager.java:1444)
	at org.eclipse.debug.internal.core.LaunchManager.getLaunchConfigurations(LaunchManager.java:1439)
	at org.eclipse.launchbar.core.internal.LaunchBarManager.init(LaunchBarManager.java:130)
	at org.eclipse.launchbar.core.internal.LaunchBarManager$1.run(LaunchBarManager.java:96)
	at org.eclipse.core.internal.jobs.Worker.run(Worker.java:63)

!ENTRY org.eclipse.debug.core 4 125 2026-07-28 11:20:41.346
!MESSAGE 调试核心所记录的错误：
!STACK 1
org.eclipse.debug.core.DebugException: 读取启动配置文件 F:\code\vibe_project\rollerball\M55\libraries\components\mtb-device-support-pse8xxgp\make\make\scripts\interface_version_3\eclipse\CM55\ram\_normal\KitProg3\any\&&_PRJ_NAME&& Attach (KitProg3_MiniProg4).launch 时发生了 org.xml.sax.SAXParseException; lineNumber: 3; columnNumber: 66; 在实体引用中, 实体名称必须紧跟在 '&' 后面。。
	at org.eclipse.debug.internal.core.LaunchManager.createDebugException(LaunchManager.java:886)
	at org.eclipse.debug.internal.core.LaunchManager.throwException(LaunchManager.java:2448)
	at org.eclipse.debug.internal.core.LaunchManager.getInfo(LaunchManager.java:1366)
	at org.eclipse.debug.internal.core.LaunchConfiguration.getInfo(LaunchConfiguration.java:490)
	at org.eclipse.debug.internal.core.LaunchConfiguration.getType(LaunchConfiguration.java:645)
	at org.eclipse.debug.internal.core.LaunchManager.isValid(LaunchManager.java:2091)
	at org.eclipse.debug.internal.core.LaunchManager.verifyConfigurations(LaunchManager.java:2462)
	at org.eclipse.debug.internal.core.LaunchManager.getAllLaunchConfigurations(LaunchManager.java:1140)
	at org.eclipse.debug.internal.core.LaunchManager.getLaunchConfigurations(LaunchManager.java:1444)
	at org.eclipse.debug.internal.core.LaunchManager.getLaunchConfigurations(LaunchManager.java:1439)
	at org.eclipse.launchbar.core.internal.LaunchBarManager.init(LaunchBarManager.java:130)
	at org.eclipse.launchbar.core.internal.LaunchBarManager$1.run(LaunchBarManager.java:96)
	at org.eclipse.core.internal.jobs.Worker.run(Worker.java:63)
Caused by: org.xml.sax.SAXParseException; lineNumber: 3; columnNumber: 66; 在实体引用中, 实体名称必须紧跟在 '&' 后面。
	at com.sun.org.apache.xerces.internal.util.ErrorHandlerWrapper.createSAXParseException(ErrorHandlerWrapper.java:203)
	at com.sun.org.apache.xerces.internal.util.ErrorHandlerWrapper.fatalError(ErrorHandlerWrapper.java:177)
	at com.sun.org.apache.xerces.internal.impl.XMLErrorReporter.reportError(XMLErrorReporter.java:400)
	at com.sun.org.apache.xerces.internal.impl.XMLErrorReporter.reportError(XMLErrorReporter.java:327)
	at com.sun.org.apache.xerces.internal.impl.XMLScanner.reportFatalError(XMLScanner.java:1472)
	at com.sun.org.apache.xerces.internal.impl.XMLScanner.scanAttributeValue(XMLScanner.java:908)
	at com.sun.org.apache.xerces.internal.impl.XMLDocumentFragmentScannerImpl.scanAttribute(XMLDocumentFragmentScannerImpl.java:1548)
	at com.sun.org.apache.xerces.internal.impl.XMLDocumentFragmentScannerImpl.scanStartElement(XMLDocumentFragmentScannerImpl.java:1315)
	at com.sun.org.apache.xerces.internal.impl.XMLDocumentFragmentScannerImpl$FragmentContentDriver.next(XMLDocumentFragmentScannerImpl.java:2784)
	at com.sun.org.apache.xerces.internal.impl.XMLDocumentScannerImpl.next(XMLDocumentScannerImpl.java:602)
	at com.sun.org.apache.xerces.internal.impl.XMLDocumentFragmentScannerImpl.scanDocument(XMLDocumentFragmentScannerImpl.java:505)
	at com.sun.org.apache.xerces.internal.parsers.XML11Configuration.parse(XML11Configuration.java:841)
	at com.sun.org.apache.xerces.internal.parsers.XML11Configuration.parse(XML11Configuration.java:770)
	at com.sun.org.apache.xerces.internal.parsers.XMLParser.parse(XMLParser.java:141)
	at com.sun.org.apache.xerces.internal.parsers.DOMParser.parse(DOMParser.java:243)
	at com.sun.org.apache.xerces.internal.jaxp.DocumentBuilderImpl.parse(DocumentBuilderImpl.java:339)
	at org.eclipse.debug.internal.core.LaunchManager.createInfoFromXML(LaunchManager.java:935)
	at org.eclipse.debug.internal.core.LaunchManager.getInfo(LaunchManager.java:1359)
	... 10 more
!SUBENTRY 1 org.eclipse.debug.core 4 5012 2026-07-28 11:20:41.346
!MESSAGE 读取启动配置文件 F:\code\vibe_project\rollerball\M55\libraries\components\mtb-device-support-pse8xxgp\make\make\scripts\interface_version_3\eclipse\CM55\ram\_normal\KitProg3\any\&&_PRJ_NAME&& Attach (KitProg3_MiniProg4).launch 时发生了 org.xml.sax.SAXParseException; lineNumber: 3; columnNumber: 66; 在实体引用中, 实体名称必须紧跟在 '&' 后面。。
!STACK 0
org.xml.sax.SAXParseException; lineNumber: 3; columnNumber: 66; 在实体引用中, 实体名称必须紧跟在 '&' 后面。
	at com.sun.org.apache.xerces.internal.util.ErrorHandlerWrapper.createSAXParseException(ErrorHandlerWrapper.java:203)
	at com.sun.org.apache.xerces.internal.util.ErrorHandlerWrapper.fatalError(ErrorHandlerWrapper.java:177)
	at com.sun.org.apache.xerces.internal.impl.XMLErrorReporter.reportError(XMLErrorReporter.java:400)
	at com.sun.org.apache.xerces.internal.impl.XMLErrorReporter.reportError(XMLErrorReporter.java:327)
	at com.sun.org.apache.xerces.internal.impl.XMLScanner.reportFatalError(XMLScanner.java:1472)
	at com.sun.org.apache.xerces.internal.impl.XMLScanner.scanAttributeValue(XMLScanner.java:908)
	at com.sun.org.apache.xerces.internal.impl.XMLDocumentFragmentScannerImpl.scanAttribute(XMLDocumentFragmentScannerImpl.java:1548)
	at com.sun.org.apache.xerces.internal.impl.XMLDocumentFragmentScannerImpl.scanStartElement(XMLDocumentFragmentScannerImpl.java:1315)
	at com.sun.org.apache.xerces.internal.impl.XMLDocumentFragmentScannerImpl$FragmentContentDriver.next(XMLDocumentFragmentScannerImpl.java:2784)
	at com.sun.org.apache.xerces.internal.impl.XMLDocumentScannerImpl.next(XMLDocumentScannerImpl.java:602)
	at com.sun.org.apache.xerces.internal.impl.XMLDocumentFragmentScannerImpl.scanDocument(XMLDocumentFragmentScannerImpl.java:505)
	at com.sun.org.apache.xerces.internal.parsers.XML11Configuration.parse(XML11Configuration.java:841)
	at com.sun.org.apache.xerces.internal.parsers.XML11Configuration.parse(XML11Configuration.java:770)
	at com.sun.org.apache.xerces.internal.parsers.XMLParser.parse(XMLParser.java:141)
	at com.sun.org.apache.xerces.internal.parsers.DOMParser.parse(DOMParser.java:243)
	at com.sun.org.apache.xerces.internal.jaxp.DocumentBuilderImpl.parse(DocumentBuilderImpl.java:339)
	at org.eclipse.debug.internal.core.LaunchManager.createInfoFromXML(LaunchManager.java:935)
	at org.eclipse.debug.internal.core.LaunchManager.getInfo(LaunchManager.java:1359)
	at org.eclipse.debug.internal.core.LaunchConfiguration.getInfo(LaunchConfiguration.java:490)
	at org.eclipse.debug.internal.core.LaunchConfiguration.getType(LaunchConfiguration.java:645)
	at org.eclipse.debug.internal.core.LaunchManager.isValid(LaunchManager.java:2091)
	at org.eclipse.debug.internal.core.LaunchManager.verifyConfigurations(LaunchManager.java:2462)
	at org.eclipse.debug.internal.core.LaunchManager.getAllLaunchConfigurations(LaunchManager.java:1140)
	at org.eclipse.debug.internal.core.LaunchManager.getLaunchConfigurations(LaunchManager.java:1444)
	at org.eclipse.debug.internal.core.LaunchManager.getLaunchConfigurations(LaunchManager.java:1439)
	at org.eclipse.launchbar.core.internal.LaunchBarManager.init(LaunchBarManager.java:130)
	at org.eclipse.launchbar.core.internal.LaunchBarManager$1.run(LaunchBarManager.java:96)
	at org.eclipse.core.internal.jobs.Worker.run(Worker.java:63)

!ENTRY org.eclipse.debug.core 4 125 2026-07-28 11:20:41.346
!MESSAGE 调试核心所记录的错误：
!STACK 1
org.eclipse.debug.core.DebugException: 读取启动配置文件 F:\code\vibe_project\rollerball\M55\libraries\components\mtb-device-support-pse8xxgp\make\make\scripts\interface_version_3\eclipse\CM55\ram\_normal\KitProg3\any\&&_PRJ_NAME&& Program (KitProg3_MiniProg4).launch 时发生了 org.xml.sax.SAXParseException; lineNumber: 3; columnNumber: 66; 在实体引用中, 实体名称必须紧跟在 '&' 后面。。
	at org.eclipse.debug.internal.core.LaunchManager.createDebugException(LaunchManager.java:886)
	at org.eclipse.debug.internal.core.LaunchManager.throwException(LaunchManager.java:2448)
	at org.eclipse.debug.internal.core.LaunchManager.getInfo(LaunchManager.java:1366)
	at org.eclipse.debug.internal.core.LaunchConfiguration.getInfo(LaunchConfiguration.java:490)
	at org.eclipse.debug.internal.core.LaunchConfiguration.getType(LaunchConfiguration.java:645)
	at org.eclipse.debug.internal.core.LaunchManager.isValid(LaunchManager.java:2091)
	at org.eclipse.debug.internal.core.LaunchManager.verifyConfigurations(LaunchManager.java:2462)
	at org.eclipse.debug.internal.core.LaunchManager.getAllLaunchConfigurations(LaunchManager.java:1140)
	at org.eclipse.debug.internal.core.LaunchManager.getLaunchConfigurations(LaunchManager.java:1444)
	at org.eclipse.debug.internal.core.LaunchManager.getLaunchConfigurations(LaunchManager.java:1439)
	at org.eclipse.launchbar.core.internal.LaunchBarManager.init(LaunchBarManager.java:130)
	at org.eclipse.launchbar.core.internal.LaunchBarManager$1.run(LaunchBarManager.java:96)
	at org.eclipse.core.internal.jobs.Worker.run(Worker.java:63)
Caused by: org.xml.sax.SAXParseException; lineNumber: 3; columnNumber: 66; 在实体引用中, 实体名称必须紧跟在 '&' 后面。
	at com.sun.org.apache.xerces.internal.util.ErrorHandlerWrapper.createSAXParseException(ErrorHandlerWrapper.java:203)
	at com.sun.org.apache.xerces.internal.util.ErrorHandlerWrapper.fatalError(ErrorHandlerWrapper.java:177)
	at com.sun.org.apache.xerces.internal.impl.XMLErrorReporter.reportError(XMLErrorReporter.java:400)
	at com.sun.org.apache.xerces.internal.impl.XMLErrorReporter.reportError(XMLErrorReporter.java:327)
	at com.sun.org.apache.xerces.internal.impl.XMLScanner.reportFatalError(XMLScanner.java:1472)
	at com.sun.org.apache.xerces.internal.impl.XMLScanner.scanAttributeValue(XMLScanner.java:908)
	at com.sun.org.apache.xerces.internal.impl.XMLDocumentFragmentScannerImpl.scanAttribute(XMLDocumentFragmentScannerImpl.java:1548)
	at com.sun.org.apache.xerces.internal.impl.XMLDocumentFragmentScannerImpl.scanStartElement(XMLDocumentFragmentScannerImpl.java:1315)
	at com.sun.org.apache.xerces.internal.impl.XMLDocumentFragmentScannerImpl$FragmentContentDriver.next(XMLDocumentFragmentScannerImpl.java:2784)
	at com.sun.org.apache.xerces.internal.impl.XMLDocumentScannerImpl.next(XMLDocumentScannerImpl.java:602)
	at com.sun.org.apache.xerces.internal.impl.XMLDocumentFragmentScannerImpl.scanDocument(XMLDocumentFragmentScannerImpl.java:505)
	at com.sun.org.apache.xerces.internal.parsers.XML11Configuration.parse(XML11Configuration.java:841)
	at com.sun.org.apache.xerces.internal.parsers.XML11Configuration.parse(XML11Configuration.java:770)
	at com.sun.org.apache.xerces.internal.parsers.XMLParser.parse(XMLParser.java:141)
	at com.sun.org.apache.xerces.internal.parsers.DOMParser.parse(DOMParser.java:243)
	at com.sun.org.apache.xerces.internal.jaxp.DocumentBuilderImpl.parse(DocumentBuilderImpl.java:339)
	at org.eclipse.debug.internal.core.LaunchManager.createInfoFromXML(LaunchManager.java:935)
	at org.eclipse.debug.internal.core.LaunchManager.getInfo(LaunchManager.java:1359)
	... 10 more
!SUBENTRY 1 org.eclipse.debug.core 4 5012 2026-07-28 11:20:41.346
!MESSAGE 读取启动配置文件 F:\code\vibe_project\rollerball\M55\libraries\components\mtb-device-support-pse8xxgp\make\make\scripts\interface_version_3\eclipse\CM55\ram\_normal\KitProg3\any\&&_PRJ_NAME&& Program (KitProg3_MiniProg4).launch 时发生了 org.xml.sax.SAXParseException; lineNumber: 3; columnNumber: 66; 在实体引用中, 实体名称必须紧跟在 '&' 后面。。
!STACK 0
org.xml.sax.SAXParseException; lineNumber: 3; columnNumber: 66; 在实体引用中, 实体名称必须紧跟在 '&' 后面。
	at com.sun.org.apache.xerces.internal.util.ErrorHandlerWrapper.createSAXParseException(ErrorHandlerWrapper.java:203)
	at com.sun.org.apache.xerces.internal.util.ErrorHandlerWrapper.fatalError(ErrorHandlerWrapper.java:177)
	at com.sun.org.apache.xerces.internal.impl.XMLErrorReporter.reportError(XMLErrorReporter.java:400)
	at com.sun.org.apache.xerces.internal.impl.XMLErrorReporter.reportError(XMLErrorReporter.java:327)
	at com.sun.org.apache.xerces.internal.impl.XMLScanner.reportFatalError(XMLScanner.java:1472)
	at com.sun.org.apache.xerces.internal.impl.XMLScanner.scanAttributeValue(XMLScanner.java:908)
	at com.sun.org.apache.xerces.internal.impl.XMLDocumentFragmentScannerImpl.scanAttribute(XMLDocumentFragmentScannerImpl.java:1548)
	at com.sun.org.apache.xerces.internal.impl.XMLDocumentFragmentScannerImpl.scanStartElement(XMLDocumentFragmentScannerImpl.java:1315)
	at com.sun.org.apache.xerces.internal.impl.XMLDocumentFragmentScannerImpl$FragmentContentDriver.next(XMLDocumentFragmentScannerImpl.java:2784)
	at com.sun.org.apache.xerces.internal.impl.XMLDocumentScannerImpl.next(XMLDocumentScannerImpl.java:602)
	at com.sun.org.apache.xerces.internal.impl.XMLDocumentFragmentScannerImpl.scanDocument(XMLDocumentFragmentScannerImpl.java:505)
	at com.sun.org.apache.xerces.internal.parsers.XML11Configuration.parse(XML11Configuration.java:841)
	at com.sun.org.apache.xerces.internal.parsers.XML11Configuration.parse(XML11Configuration.java:770)
	at com.sun.org.apache.xerces.internal.parsers.XMLParser.parse(XMLParser.java:141)
	at com.sun.org.apache.xerces.internal.parsers.DOMParser.parse(DOMParser.java:243)
	at com.sun.org.apache.xerces.internal.jaxp.DocumentBuilderImpl.parse(DocumentBuilderImpl.java:339)
	at org.eclipse.debug.internal.core.LaunchManager.createInfoFromXML(LaunchManager.java:935)
	at org.eclipse.debug.internal.core.LaunchManager.getInfo(LaunchManager.java:1359)
	at org.eclipse.debug.internal.core.LaunchConfiguration.getInfo(LaunchConfiguration.java:490)
	at org.eclipse.debug.internal.core.LaunchConfiguration.getType(LaunchConfiguration.java:645)
	at org.eclipse.debug.internal.core.LaunchManager.isValid(LaunchManager.java:2091)
	at org.eclipse.debug.internal.core.LaunchManager.verifyConfigurations(LaunchManager.java:2462)
	at org.eclipse.debug.internal.core.LaunchManager.getAllLaunchConfigurations(LaunchManager.java:1140)
	at org.eclipse.debug.internal.core.LaunchManager.getLaunchConfigurations(LaunchManager.java:1444)
	at org.eclipse.debug.internal.core.LaunchManager.getLaunchConfigurations(LaunchManager.java:1439)
	at org.eclipse.launchbar.core.internal.LaunchBarManager.init(LaunchBarManager.java:130)
	at org.eclipse.launchbar.core.internal.LaunchBarManager$1.run(LaunchBarManager.java:96)
	at org.eclipse.core.internal.jobs.Worker.run(Worker.java:63)

!ENTRY org.eclipse.debug.core 4 125 2026-07-28 11:20:41.351
!MESSAGE 调试核心所记录的错误：
!STACK 1
org.eclipse.debug.core.DebugException: 读取启动配置文件 F:\code\vibe_project\rollerball\M55\libraries\components\mtb-device-support-pse8xxgp\make\make\scripts\interface_version_3\eclipse\CM55\ram\_normal\KitProg3\multi\&&_PRJ_NAME&& Add CM55 to CM33 (KitProg3_MiniProg4).launch 时发生了 org.xml.sax.SAXParseException; lineNumber: 3; columnNumber: 66; 在实体引用中, 实体名称必须紧跟在 '&' 后面。。
	at org.eclipse.debug.internal.core.LaunchManager.createDebugException(LaunchManager.java:886)
	at org.eclipse.debug.internal.core.LaunchManager.throwException(LaunchManager.java:2448)
	at org.eclipse.debug.internal.core.LaunchManager.getInfo(LaunchManager.java:1366)
	at org.eclipse.debug.internal.core.LaunchConfiguration.getInfo(LaunchConfiguration.java:490)
	at org.eclipse.debug.internal.core.LaunchConfiguration.getType(LaunchConfiguration.java:645)
	at org.eclipse.debug.internal.core.LaunchManager.isValid(LaunchManager.java:2091)
	at org.eclipse.debug.internal.core.LaunchManager.verifyConfigurations(LaunchManager.java:2462)
	at org.eclipse.debug.internal.core.LaunchManager.getAllLaunchConfigurations(LaunchManager.java:1140)
	at org.eclipse.debug.internal.core.LaunchManager.getLaunchConfigurations(LaunchManager.java:1444)
	at org.eclipse.debug.internal.core.LaunchManager.getLaunchConfigurations(LaunchManager.java:1439)
	at org.eclipse.launchbar.core.internal.LaunchBarManager.init(LaunchBarManager.java:130)
	at org.eclipse.launchbar.core.internal.LaunchBarManager$1.run(LaunchBarManager.java:96)
	at org.eclipse.core.internal.jobs.Worker.run(Worker.java:63)
Caused by: org.xml.sax.SAXParseException; lineNumber: 3; columnNumber: 66; 在实体引用中, 实体名称必须紧跟在 '&' 后面。
	at com.sun.org.apache.xerces.internal.util.ErrorHandlerWrapper.createSAXParseException(ErrorHandlerWrapper.java:203)
	at com.sun.org.apache.xerces.internal.util.ErrorHandlerWrapper.fatalError(ErrorHandlerWrapper.java:177)
	at com.sun.org.apache.xerces.internal.impl.XMLErrorReporter.reportError(XMLErrorReporter.java:400)
	at com.sun.org.apache.xerces.internal.impl.XMLErrorReporter.reportError(XMLErrorReporter.java:327)
	at com.sun.org.apache.xerces.internal.impl.XMLScanner.reportFatalError(XMLScanner.java:1472)
	at com.sun.org.apache.xerces.internal.impl.XMLScanner.scanAttributeValue(XMLScanner.java:908)
	at com.sun.org.apache.xerces.internal.impl.XMLDocumentFragmentScannerImpl.scanAttribute(XMLDocumentFragmentScannerImpl.java:1548)
	at com.sun.org.apache.xerces.internal.impl.XMLDocumentFragmentScannerImpl.scanStartElement(XMLDocumentFragmentScannerImpl.java:1315)
	at com.sun.org.apache.xerces.internal.impl.XMLDocumentFragmentScannerImpl$FragmentContentDriver.next(XMLDocumentFragmentScannerImpl.java:2784)
	at com.sun.org.apache.xerces.internal.impl.XMLDocumentScannerImpl.next(XMLDocumentScannerImpl.java:602)
	at com.sun.org.apache.xerces.internal.impl.XMLDocumentFragmentScannerImpl.scanDocument(XMLDocumentFragmentScannerImpl.java:505)
	at com.sun.org.apache.xerces.internal.parsers.XML11Configuration.parse(XML11Configuration.java:841)
	at com.sun.org.apache.xerces.internal.parsers.XML11Configuration.parse(XML11Configuration.java:770)
	at com.sun.org.apache.xerces.internal.parsers.XMLParser.parse(XMLParser.java:141)
	at com.sun.org.apache.xerces.internal.parsers.DOMParser.parse(DOMParser.java:243)
	at com.sun.org.apache.xerces.internal.jaxp.DocumentBuilderImpl.parse(DocumentBuilderImpl.java:339)
	at org.eclipse.debug.internal.core.LaunchManager.createInfoFromXML(LaunchManager.java:935)
	at org.eclipse.debug.internal.core.LaunchManager.getInfo(LaunchManager.java:1359)
	... 10 more
!SUBENTRY 1 org.eclipse.debug.core 4 5012 2026-07-28 11:20:41.351
!MESSAGE 读取启动配置文件 F:\code\vibe_project\rollerball\M55\libraries\components\mtb-device-support-pse8xxgp\make\make\scripts\interface_version_3\eclipse\CM55\ram\_normal\KitProg3\multi\&&_PRJ_NAME&& Add CM55 to CM33 (KitProg3_MiniProg4).launch 时发生了 org.xml.sax.SAXParseException; lineNumber: 3; columnNumber: 66; 在实体引用中, 实体名称必须紧跟在 '&' 后面。。
!STACK 0
org.xml.sax.SAXParseException; lineNumber: 3; columnNumber: 66; 在实体引用中, 实体名称必须紧跟在 '&' 后面。
	at com.sun.org.apache.xerces.internal.util.ErrorHandlerWrapper.createSAXParseException(ErrorHandlerWrapper.java:203)
	at com.sun.org.apache.xerces.internal.util.ErrorHandlerWrapper.fatalError(ErrorHandlerWrapper.java:177)
	at com.sun.org.apache.xerces.internal.impl.XMLErrorReporter.reportError(XMLErrorReporter.java:400)
	at com.sun.org.apache.xerces.internal.impl.XMLErrorReporter.reportError(XMLErrorReporter.java:327)
	at com.sun.org.apache.xerces.internal.impl.XMLScanner.reportFatalError(XMLScanner.java:1472)
	at com.sun.org.apache.xerces.internal.impl.XMLScanner.scanAttributeValue(XMLScanner.java:908)
	at com.sun.org.apache.xerces.internal.impl.XMLDocumentFragmentScannerImpl.scanAttribute(XMLDocumentFragmentScannerImpl.java:1548)
	at com.sun.org.apache.xerces.internal.impl.XMLDocumentFragmentScannerImpl.scanStartElement(XMLDocumentFragmentScannerImpl.java:1315)
	at com.sun.org.apache.xerces.internal.impl.XMLDocumentFragmentScannerImpl$FragmentContentDriver.next(XMLDocumentFragmentScannerImpl.java:2784)
	at com.sun.org.apache.xerces.internal.impl.XMLDocumentScannerImpl.next(XMLDocumentScannerImpl.java:602)
	at com.sun.org.apache.xerces.internal.impl.XMLDocumentFragmentScannerImpl.scanDocument(XMLDocumentFragmentScannerImpl.java:505)
	at com.sun.org.apache.xerces.internal.parsers.XML11Configuration.parse(XML11Configuration.java:841)
	at com.sun.org.apache.xerces.internal.parsers.XML11Configuration.parse(XML11Configuration.java:770)
	at com.sun.org.apache.xerces.internal.parsers.XMLParser.parse(XMLParser.java:141)
	at com.sun.org.apache.xerces.internal.parsers.DOMParser.parse(DOMParser.java:243)
	at com.sun.org.apache.xerces.internal.jaxp.DocumentBuilderImpl.parse(DocumentBuilderImpl.java:339)
	at org.eclipse.debug.internal.core.LaunchManager.createInfoFromXML(LaunchManager.java:935)
	at org.eclipse.debug.internal.core.LaunchManager.getInfo(LaunchManager.java:1359)
	at org.eclipse.debug.internal.core.LaunchConfiguration.getInfo(LaunchConfiguration.java:490)
	at org.eclipse.debug.internal.core.LaunchConfiguration.getType(LaunchConfiguration.java:645)
	at org.eclipse.debug.internal.core.LaunchManager.isValid(LaunchManager.java:2091)
	at org.eclipse.debug.internal.core.LaunchManager.verifyConfigurations(LaunchManager.java:2462)
	at org.eclipse.debug.internal.core.LaunchManager.getAllLaunchConfigurations(LaunchManager.java:1140)
	at org.eclipse.debug.internal.core.LaunchManager.getLaunchConfigurations(LaunchManager.java:1444)
	at org.eclipse.debug.internal.core.LaunchManager.getLaunchConfigurations(LaunchManager.java:1439)
	at org.eclipse.launchbar.core.internal.LaunchBarManager.init(LaunchBarManager.java:130)
	at org.eclipse.launchbar.core.internal.LaunchBarManager$1.run(LaunchBarManager.java:96)
	at org.eclipse.core.internal.jobs.Worker.run(Worker.java:63)

!ENTRY org.eclipse.debug.core 4 125 2026-07-28 11:20:41.353
!MESSAGE 调试核心所记录的错误：
!STACK 1
org.eclipse.debug.core.DebugException: 读取启动配置文件 F:\code\vibe_project\rollerball\M55\libraries\components\mtb-device-support-pse8xxgp\make\make\scripts\interface_version_3\eclipse\CM55\ram\virgin\JLink\any\&&_PRJ_NAME&& Attach RAM (JLink).launch 时发生了 org.xml.sax.SAXParseException; lineNumber: 3; columnNumber: 66; 在实体引用中, 实体名称必须紧跟在 '&' 后面。。
	at org.eclipse.debug.internal.core.LaunchManager.createDebugException(LaunchManager.java:886)
	at org.eclipse.debug.internal.core.LaunchManager.throwException(LaunchManager.java:2448)
	at org.eclipse.debug.internal.core.LaunchManager.getInfo(LaunchManager.java:1366)
	at org.eclipse.debug.internal.core.LaunchConfiguration.getInfo(LaunchConfiguration.java:490)
	at org.eclipse.debug.internal.core.LaunchConfiguration.getType(LaunchConfiguration.java:645)
	at org.eclipse.debug.internal.core.LaunchManager.isValid(LaunchManager.java:2091)
	at org.eclipse.debug.internal.core.LaunchManager.verifyConfigurations(LaunchManager.java:2462)
	at org.eclipse.debug.internal.core.LaunchManager.getAllLaunchConfigurations(LaunchManager.java:1140)
	at org.eclipse.debug.internal.core.LaunchManager.getLaunchConfigurations(LaunchManager.java:1444)
	at org.eclipse.debug.internal.core.LaunchManager.getLaunchConfigurations(LaunchManager.java:1439)
	at org.eclipse.launchbar.core.internal.LaunchBarManager.init(LaunchBarManager.java:130)
	at org.eclipse.launchbar.core.internal.LaunchBarManager$1.run(LaunchBarManager.java:96)
	at org.eclipse.core.internal.jobs.Worker.run(Worker.java:63)
Caused by: org.xml.sax.SAXParseException; lineNumber: 3; columnNumber: 66; 在实体引用中, 实体名称必须紧跟在 '&' 后面。
	at com.sun.org.apache.xerces.internal.util.ErrorHandlerWrapper.createSAXParseException(ErrorHandlerWrapper.java:203)
	at com.sun.org.apache.xerces.internal.util.ErrorHandlerWrapper.fatalError(ErrorHandlerWrapper.java:177)
	at com.sun.org.apache.xerces.internal.impl.XMLErrorReporter.reportError(XMLErrorReporter.java:400)
	at com.sun.org.apache.xerces.internal.impl.XMLErrorReporter.reportError(XMLErrorReporter.java:327)
	at com.sun.org.apache.xerces.internal.impl.XMLScanner.reportFatalError(XMLScanner.java:1472)
	at com.sun.org.apache.xerces.internal.impl.XMLScanner.scanAttributeValue(XMLScanner.java:908)
	at com.sun.org.apache.xerces.internal.impl.XMLDocumentFragmentScannerImpl.scanAttribute(XMLDocumentFragmentScannerImpl.java:1548)
	at com.sun.org.apache.xerces.internal.impl.XMLDocumentFragmentScannerImpl.scanStartElement(XMLDocumentFragmentScannerImpl.java:1315)
	at com.sun.org.apache.xerces.internal.impl.XMLDocumentFragmentScannerImpl$FragmentContentDriver.next(XMLDocumentFragmentScannerImpl.java:2784)
	at com.sun.org.apache.xerces.internal.impl.XMLDocumentScannerImpl.next(XMLDocumentScannerImpl.java:602)
	at com.sun.org.apache.xerces.internal.impl.XMLDocumentFragmentScannerImpl.scanDocument(XMLDocumentFragmentScannerImpl.java:505)
	at com.sun.org.apache.xerces.internal.parsers.XML11Configuration.parse(XML11Configuration.java:841)
	at com.sun.org.apache.xerces.internal.parsers.XML11Configuration.parse(XML11Configuration.java:770)
	at com.sun.org.apache.xerces.internal.parsers.XMLParser.parse(XMLParser.java:141)
	at com.sun.org.apache.xerces.internal.parsers.DOMParser.parse(DOMParser.java:243)
	at com.sun.org.apache.xerces.internal.jaxp.DocumentBuilderImpl.parse(DocumentBuilderImpl.java:339)
	at org.eclipse.debug.internal.core.LaunchManager.createInfoFromXML(LaunchManager.java:935)
	at org.eclipse.debug.internal.core.LaunchManager.getInfo(LaunchManager.java:1359)
	... 10 more
!SUBENTRY 1 org.eclipse.debug.core 4 5012 2026-07-28 11:20:41.353
!MESSAGE 读取启动配置文件 F:\code\vibe_project\rollerball\M55\libraries\components\mtb-device-support-pse8xxgp\make\make\scripts\interface_version_3\eclipse\CM55\ram\virgin\JLink\any\&&_PRJ_NAME&& Attach RAM (JLink).launch 时发生了 org.xml.sax.SAXParseException; lineNumber: 3; columnNumber: 66; 在实体引用中, 实体名称必须紧跟在 '&' 后面。。
!STACK 0
org.xml.sax.SAXParseException; lineNumber: 3; columnNumber: 66; 在实体引用中, 实体名称必须紧跟在 '&' 后面。
	at com.sun.org.apache.xerces.internal.util.ErrorHandlerWrapper.createSAXParseException(ErrorHandlerWrapper.java:203)
	at com.sun.org.apache.xerces.internal.util.ErrorHandlerWrapper.fatalError(ErrorHandlerWrapper.java:177)
	at com.sun.org.apache.xerces.internal.impl.XMLErrorReporter.reportError(XMLErrorReporter.java:400)
	at com.sun.org.apache.xerces.internal.impl.XMLErrorReporter.reportError(XMLErrorReporter.java:327)
	at com.sun.org.apache.xerces.internal.impl.XMLScanner.reportFatalError(XMLScanner.java:1472)
	at com.sun.org.apache.xerces.internal.impl.XMLScanner.scanAttributeValue(XMLScanner.java:908)
	at com.sun.org.apache.xerces.internal.impl.XMLDocumentFragmentScannerImpl.scanAttribute(XMLDocumentFragmentScannerImpl.java:1548)
	at com.sun.org.apache.xerces.internal.impl.XMLDocumentFragmentScannerImpl.scanStartElement(XMLDocumentFragmentScannerImpl.java:1315)
	at com.sun.org.apache.xerces.internal.impl.XMLDocumentFragmentScannerImpl$FragmentContentDriver.next(XMLDocumentFragmentScannerImpl.java:2784)
	at com.sun.org.apache.xerces.internal.impl.XMLDocumentScannerImpl.next(XMLDocumentScannerImpl.java:602)
	at com.sun.org.apache.xerces.internal.impl.XMLDocumentFragmentScannerImpl.scanDocument(XMLDocumentFragmentScannerImpl.java:505)
	at com.sun.org.apache.xerces.internal.parsers.XML11Configuration.parse(XML11Configuration.java:841)
	at com.sun.org.apache.xerces.internal.parsers.XML11Configuration.parse(XML11Configuration.java:770)
	at com.sun.org.apache.xerces.internal.parsers.XMLParser.parse(XMLParser.java:141)
	at com.sun.org.apache.xerces.internal.parsers.DOMParser.parse(DOMParser.java:243)
	at com.sun.org.apache.xerces.internal.jaxp.DocumentBuilderImpl.parse(DocumentBuilderImpl.java:339)
	at org.eclipse.debug.internal.core.LaunchManager.createInfoFromXML(LaunchManager.java:935)
	at org.eclipse.debug.internal.core.LaunchManager.getInfo(LaunchManager.java:1359)
	at org.eclipse.debug.internal.core.LaunchConfiguration.getInfo(LaunchConfiguration.java:490)
	at org.eclipse.debug.internal.core.LaunchConfiguration.getType(LaunchConfiguration.java:645)
	at org.eclipse.debug.internal.core.LaunchManager.isValid(LaunchManager.java:2091)
	at org.eclipse.debug.internal.core.LaunchManager.verifyConfigurations(LaunchManager.java:2462)
	at org.eclipse.debug.internal.core.LaunchManager.getAllLaunchConfigurations(LaunchManager.java:1140)
	at org.eclipse.debug.internal.core.LaunchManager.getLaunchConfigurations(LaunchManager.java:1444)
	at org.eclipse.debug.internal.core.LaunchManager.getLaunchConfigurations(LaunchManager.java:1439)
	at org.eclipse.launchbar.core.internal.LaunchBarManager.init(LaunchBarManager.java:130)
	at org.eclipse.launchbar.core.internal.LaunchBarManager$1.run(LaunchBarManager.java:96)
	at org.eclipse.core.internal.jobs.Worker.run(Worker.java:63)

!ENTRY org.eclipse.debug.core 4 125 2026-07-28 11:20:41.355
!MESSAGE 调试核心所记录的错误：
!STACK 1
org.eclipse.debug.core.DebugException: 读取启动配置文件 F:\code\vibe_project\rollerball\M55\libraries\components\mtb-device-support-pse8xxgp\make\make\scripts\interface_version_3\eclipse\CM55\ram\virgin\JLink\any\&&_PRJ_NAME&& Program RAM (JLink).launch 时发生了 org.xml.sax.SAXParseException; lineNumber: 3; columnNumber: 66; 在实体引用中, 实体名称必须紧跟在 '&' 后面。。
	at org.eclipse.debug.internal.core.LaunchManager.createDebugException(LaunchManager.java:886)
	at org.eclipse.debug.internal.core.LaunchManager.throwException(LaunchManager.java:2448)
	at org.eclipse.debug.internal.core.LaunchManager.getInfo(LaunchManager.java:1366)
	at org.eclipse.debug.internal.core.LaunchConfiguration.getInfo(LaunchConfiguration.java:490)
	at org.eclipse.debug.internal.core.LaunchConfiguration.getType(LaunchConfiguration.java:645)
	at org.eclipse.debug.internal.core.LaunchManager.isValid(LaunchManager.java:2091)
	at org.eclipse.debug.internal.core.LaunchManager.verifyConfigurations(LaunchManager.java:2462)
	at org.eclipse.debug.internal.core.LaunchManager.getAllLaunchConfigurations(LaunchManager.java:1140)
	at org.eclipse.debug.internal.core.LaunchManager.getLaunchConfigurations(LaunchManager.java:1444)
	at org.eclipse.debug.internal.core.LaunchManager.getLaunchConfigurations(LaunchManager.java:1439)
	at org.eclipse.launchbar.core.internal.LaunchBarManager.init(LaunchBarManager.java:130)
	at org.eclipse.launchbar.core.internal.LaunchBarManager$1.run(LaunchBarManager.java:96)
	at org.eclipse.core.internal.jobs.Worker.run(Worker.java:63)
Caused by: org.xml.sax.SAXParseException; lineNumber: 3; columnNumber: 66; 在实体引用中, 实体名称必须紧跟在 '&' 后面。
	at com.sun.org.apache.xerces.internal.util.ErrorHandlerWrapper.createSAXParseException(ErrorHandlerWrapper.java:203)
	at com.sun.org.apache.xerces.internal.util.ErrorHandlerWrapper.fatalError(ErrorHandlerWrapper.java:177)
	at com.sun.org.apache.xerces.internal.impl.XMLErrorReporter.reportError(XMLErrorReporter.java:400)
	at com.sun.org.apache.xerces.internal.impl.XMLErrorReporter.reportError(XMLErrorReporter.java:327)
	at com.sun.org.apache.xerces.internal.impl.XMLScanner.reportFatalError(XMLScanner.java:1472)
	at com.sun.org.apache.xerces.internal.impl.XMLScanner.scanAttributeValue(XMLScanner.java:908)
	at com.sun.org.apache.xerces.internal.impl.XMLDocumentFragmentScannerImpl.scanAttribute(XMLDocumentFragmentScannerImpl.java:1548)
	at com.sun.org.apache.xerces.internal.impl.XMLDocumentFragmentScannerImpl.scanStartElement(XMLDocumentFragmentScannerImpl.java:1315)
	at com.sun.org.apache.xerces.internal.impl.XMLDocumentFragmentScannerImpl$FragmentContentDriver.next(XMLDocumentFragmentScannerImpl.java:2784)
	at com.sun.org.apache.xerces.internal.impl.XMLDocumentScannerImpl.next(XMLDocumentScannerImpl.java:602)
	at com.sun.org.apache.xerces.internal.impl.XMLDocumentFragmentScannerImpl.scanDocument(XMLDocumentFragmentScannerImpl.java:505)
	at com.sun.org.apache.xerces.internal.parsers.XML11Configuration.parse(XML11Configuration.java:841)
	at com.sun.org.apache.xerces.internal.parsers.XML11Configuration.parse(XML11Configuration.java:770)
	at com.sun.org.apache.xerces.internal.parsers.XMLParser.parse(XMLParser.java:141)
	at com.sun.org.apache.xerces.internal.parsers.DOMParser.parse(DOMParser.java:243)
	at com.sun.org.apache.xerces.internal.jaxp.DocumentBuilderImpl.parse(DocumentBuilderImpl.java:339)
	at org.eclipse.debug.internal.core.LaunchManager.createInfoFromXML(LaunchManager.java:935)
	at org.eclipse.debug.internal.core.LaunchManager.getInfo(LaunchManager.java:1359)
	... 10 more
!SUBENTRY 1 org.eclipse.debug.core 4 5012 2026-07-28 11:20:41.355
!MESSAGE 读取启动配置文件 F:\code\vibe_project\rollerball\M55\libraries\components\mtb-device-support-pse8xxgp\make\make\scripts\interface_version_3\eclipse\CM55\ram\virgin\JLink\any\&&_PRJ_NAME&& Program RAM (JLink).launch 时发生了 org.xml.sax.SAXParseException; lineNumber: 3; columnNumber: 66; 在实体引用中, 实体名称必须紧跟在 '&' 后面。。
!STACK 0
org.xml.sax.SAXParseException; lineNumber: 3; columnNumber: 66; 在实体引用中, 实体名称必须紧跟在 '&' 后面。
	at com.sun.org.apache.xerces.internal.util.ErrorHandlerWrapper.createSAXParseException(ErrorHandlerWrapper.java:203)
	at com.sun.org.apache.xerces.internal.util.ErrorHandlerWrapper.fatalError(ErrorHandlerWrapper.java:177)
	at com.sun.org.apache.xerces.internal.impl.XMLErrorReporter.reportError(XMLErrorReporter.java:400)
	at com.sun.org.apache.xerces.internal.impl.XMLErrorReporter.reportError(XMLErrorReporter.java:327)
	at com.sun.org.apache.xerces.internal.impl.XMLScanner.reportFatalError(XMLScanner.java:1472)
	at com.sun.org.apache.xerces.internal.impl.XMLScanner.scanAttributeValue(XMLScanner.java:908)
	at com.sun.org.apache.xerces.internal.impl.XMLDocumentFragmentScannerImpl.scanAttribute(XMLDocumentFragmentScannerImpl.java:1548)
	at com.sun.org.apache.xerces.internal.impl.XMLDocumentFragmentScannerImpl.scanStartElement(XMLDocumentFragmentScannerImpl.java:1315)
	at com.sun.org.apache.xerces.internal.impl.XMLDocumentFragmentScannerImpl$FragmentContentDriver.next(XMLDocumentFragmentScannerImpl.java:2784)
	at com.sun.org.apache.xerces.internal.impl.XMLDocumentScannerImpl.next(XMLDocumentScannerImpl.java:602)
	at com.sun.org.apache.xerces.internal.impl.XMLDocumentFragmentScannerImpl.scanDocument(XMLDocumentFragmentScannerImpl.java:505)
	at com.sun.org.apache.xerces.internal.parsers.XML11Configuration.parse(XML11Configuration.java:841)
	at com.sun.org.apache.xerces.internal.parsers.XML11Configuration.parse(XML11Configuration.java:770)
	at com.sun.org.apache.xerces.internal.parsers.XMLParser.parse(XMLParser.java:141)
	at com.sun.org.apache.xerces.internal.parsers.DOMParser.parse(DOMParser.java:243)
	at com.sun.org.apache.xerces.internal.jaxp.DocumentBuilderImpl.parse(DocumentBuilderImpl.java:339)
	at org.eclipse.debug.internal.core.LaunchManager.createInfoFromXML(LaunchManager.java:935)
	at org.eclipse.debug.internal.core.LaunchManager.getInfo(LaunchManager.java:1359)
	at org.eclipse.debug.internal.core.LaunchConfiguration.getInfo(LaunchConfiguration.java:490)
	at org.eclipse.debug.internal.core.LaunchConfiguration.getType(LaunchConfiguration.java:645)
	at org.eclipse.debug.internal.core.LaunchManager.isValid(LaunchManager.java:2091)
	at org.eclipse.debug.internal.core.LaunchManager.verifyConfigurations(LaunchManager.java:2462)
	at org.eclipse.debug.internal.core.LaunchManager.getAllLaunchConfigurations(LaunchManager.java:1140)
	at org.eclipse.debug.internal.core.LaunchManager.getLaunchConfigurations(LaunchManager.java:1444)
	at org.eclipse.debug.internal.core.LaunchManager.getLaunchConfigurations(LaunchManager.java:1439)
	at org.eclipse.launchbar.core.internal.LaunchBarManager.init(LaunchBarManager.java:130)
	at org.eclipse.launchbar.core.internal.LaunchBarManager$1.run(LaunchBarManager.java:96)
	at org.eclipse.core.internal.jobs.Worker.run(Worker.java:63)

!ENTRY org.eclipse.debug.core 4 125 2026-07-28 11:20:41.355
!MESSAGE 调试核心所记录的错误：
!STACK 1
org.eclipse.debug.core.DebugException: 读取启动配置文件 F:\code\vibe_project\rollerball\M55\libraries\components\mtb-device-support-pse8xxgp\make\make\scripts\interface_version_3\eclipse\CM55\ram\virgin\KitProg3\any\&&_PRJ_NAME&& Attach RAM (KitProg3_MiniProg4).launch 时发生了 org.xml.sax.SAXParseException; lineNumber: 3; columnNumber: 66; 在实体引用中, 实体名称必须紧跟在 '&' 后面。。
	at org.eclipse.debug.internal.core.LaunchManager.createDebugException(LaunchManager.java:886)
	at org.eclipse.debug.internal.core.LaunchManager.throwException(LaunchManager.java:2448)
	at org.eclipse.debug.internal.core.LaunchManager.getInfo(LaunchManager.java:1366)
	at org.eclipse.debug.internal.core.LaunchConfiguration.getInfo(LaunchConfiguration.java:490)
	at org.eclipse.debug.internal.core.LaunchConfiguration.getType(LaunchConfiguration.java:645)
	at org.eclipse.debug.internal.core.LaunchManager.isValid(LaunchManager.java:2091)
	at org.eclipse.debug.internal.core.LaunchManager.verifyConfigurations(LaunchManager.java:2462)
	at org.eclipse.debug.internal.core.LaunchManager.getAllLaunchConfigurations(LaunchManager.java:1140)
	at org.eclipse.debug.internal.core.LaunchManager.getLaunchConfigurations(LaunchManager.java:1444)
	at org.eclipse.debug.internal.core.LaunchManager.getLaunchConfigurations(LaunchManager.java:1439)
	at org.eclipse.launchbar.core.internal.LaunchBarManager.init(LaunchBarManager.java:130)
	at org.eclipse.launchbar.core.internal.LaunchBarManager$1.run(LaunchBarManager.java:96)
	at org.eclipse.core.internal.jobs.Worker.run(Worker.java:63)
Caused by: org.xml.sax.SAXParseException; lineNumber: 3; columnNumber: 66; 在实体引用中, 实体名称必须紧跟在 '&' 后面。
	at com.sun.org.apache.xerces.internal.util.ErrorHandlerWrapper.createSAXParseException(ErrorHandlerWrapper.java:203)
	at com.sun.org.apache.xerces.internal.util.ErrorHandlerWrapper.fatalError(ErrorHandlerWrapper.java:177)
	at com.sun.org.apache.xerces.internal.impl.XMLErrorReporter.reportError(XMLErrorReporter.java:400)
	at com.sun.org.apache.xerces.internal.impl.XMLErrorReporter.reportError(XMLErrorReporter.java:327)
	at com.sun.org.apache.xerces.internal.impl.XMLScanner.reportFatalError(XMLScanner.java:1472)
	at com.sun.org.apache.xerces.internal.impl.XMLScanner.scanAttributeValue(XMLScanner.java:908)
	at com.sun.org.apache.xerces.internal.impl.XMLDocumentFragmentScannerImpl.scanAttribute(XMLDocumentFragmentScannerImpl.java:1548)
	at com.sun.org.apache.xerces.internal.impl.XMLDocumentFragmentScannerImpl.scanStartElement(XMLDocumentFragmentScannerImpl.java:1315)
	at com.sun.org.apache.xerces.internal.impl.XMLDocumentFragmentScannerImpl$FragmentContentDriver.next(XMLDocumentFragmentScannerImpl.java:2784)
	at com.sun.org.apache.xerces.internal.impl.XMLDocumentScannerImpl.next(XMLDocumentScannerImpl.java:602)
	at com.sun.org.apache.xerces.internal.impl.XMLDocumentFragmentScannerImpl.scanDocument(XMLDocumentFragmentScannerImpl.java:505)
	at com.sun.org.apache.xerces.internal.parsers.XML11Configuration.parse(XML11Configuration.java:841)
	at com.sun.org.apache.xerces.internal.parsers.XML11Configuration.parse(XML11Configuration.java:770)
	at com.sun.org.apache.xerces.internal.parsers.XMLParser.parse(XMLParser.java:141)
	at com.sun.org.apache.xerces.internal.parsers.DOMParser.parse(DOMParser.java:243)
	at com.sun.org.apache.xerces.internal.jaxp.DocumentBuilderImpl.parse(DocumentBuilderImpl.java:339)
	at org.eclipse.debug.internal.core.LaunchManager.createInfoFromXML(LaunchManager.java:935)
	at org.eclipse.debug.internal.core.LaunchManager.getInfo(LaunchManager.java:1359)
	... 10 more
!SUBENTRY 1 org.eclipse.debug.core 4 5012 2026-07-28 11:20:41.355
!MESSAGE 读取启动配置文件 F:\code\vibe_project\rollerball\M55\libraries\components\mtb-device-support-pse8xxgp\make\make\scripts\interface_version_3\eclipse\CM55\ram\virgin\KitProg3\any\&&_PRJ_NAME&& Attach RAM (KitProg3_MiniProg4).launch 时发生了 org.xml.sax.SAXParseException; lineNumber: 3; columnNumber: 66; 在实体引用中, 实体名称必须紧跟在 '&' 后面。。
!STACK 0
org.xml.sax.SAXParseException; lineNumber: 3; columnNumber: 66; 在实体引用中, 实体名称必须紧跟在 '&' 后面。
	at com.sun.org.apache.xerces.internal.util.ErrorHandlerWrapper.createSAXParseException(ErrorHandlerWrapper.java:203)
	at com.sun.org.apache.xerces.internal.util.ErrorHandlerWrapper.fatalError(ErrorHandlerWrapper.java:177)
	at com.sun.org.apache.xerces.internal.impl.XMLErrorReporter.reportError(XMLErrorReporter.java:400)
	at com.sun.org.apache.xerces.internal.impl.XMLErrorReporter.reportError(XMLErrorReporter.java:327)
	at com.sun.org.apache.xerces.internal.impl.XMLScanner.reportFatalError(XMLScanner.java:1472)
	at com.sun.org.apache.xerces.internal.impl.XMLScanner.scanAttributeValue(XMLScanner.java:908)
	at com.sun.org.apache.xerces.internal.impl.XMLDocumentFragmentScannerImpl.scanAttribute(XMLDocumentFragmentScannerImpl.java:1548)
	at com.sun.org.apache.xerces.internal.impl.XMLDocumentFragmentScannerImpl.scanStartElement(XMLDocumentFragmentScannerImpl.java:1315)
	at com.sun.org.apache.xerces.internal.impl.XMLDocumentFragmentScannerImpl$FragmentContentDriver.next(XMLDocumentFragmentScannerImpl.java:2784)
	at com.sun.org.apache.xerces.internal.impl.XMLDocumentScannerImpl.next(XMLDocumentScannerImpl.java:602)
	at com.sun.org.apache.xerces.internal.impl.XMLDocumentFragmentScannerImpl.scanDocument(XMLDocumentFragmentScannerImpl.java:505)
	at com.sun.org.apache.xerces.internal.parsers.XML11Configuration.parse(XML11Configuration.java:841)
	at com.sun.org.apache.xerces.internal.parsers.XML11Configuration.parse(XML11Configuration.java:770)
	at com.sun.org.apache.xerces.internal.parsers.XMLParser.parse(XMLParser.java:141)
	at com.sun.org.apache.xerces.internal.parsers.DOMParser.parse(DOMParser.java:243)
	at com.sun.org.apache.xerces.internal.jaxp.DocumentBuilderImpl.parse(DocumentBuilderImpl.java:339)
	at org.eclipse.debug.internal.core.LaunchManager.createInfoFromXML(LaunchManager.java:935)
	at org.eclipse.debug.internal.core.LaunchManager.getInfo(LaunchManager.java:1359)
	at org.eclipse.debug.internal.core.LaunchConfiguration.getInfo(LaunchConfiguration.java:490)
	at org.eclipse.debug.internal.core.LaunchConfiguration.getType(LaunchConfiguration.java:645)
	at org.eclipse.debug.internal.core.LaunchManager.isValid(LaunchManager.java:2091)
	at org.eclipse.debug.internal.core.LaunchManager.verifyConfigurations(LaunchManager.java:2462)
	at org.eclipse.debug.internal.core.LaunchManager.getAllLaunchConfigurations(LaunchManager.java:1140)
	at org.eclipse.debug.internal.core.LaunchManager.getLaunchConfigurations(LaunchManager.java:1444)
	at org.eclipse.debug.internal.core.LaunchManager.getLaunchConfigurations(LaunchManager.java:1439)
	at org.eclipse.launchbar.core.internal.LaunchBarManager.init(LaunchBarManager.java:130)
	at org.eclipse.launchbar.core.internal.LaunchBarManager$1.run(LaunchBarManager.java:96)
	at org.eclipse.core.internal.jobs.Worker.run(Worker.java:63)

!ENTRY org.eclipse.debug.core 4 125 2026-07-28 11:20:41.355
!MESSAGE 调试核心所记录的错误：
!STACK 1
org.eclipse.debug.core.DebugException: 读取启动配置文件 F:\code\vibe_project\rollerball\M55\libraries\components\mtb-device-support-pse8xxgp\make\make\scripts\interface_version_3\eclipse\CM55\ram\virgin\KitProg3\any\&&_PRJ_NAME&& Program RAM (KitProg3_MiniProg4).launch 时发生了 org.xml.sax.SAXParseException; lineNumber: 3; columnNumber: 66; 在实体引用中, 实体名称必须紧跟在 '&' 后面。。
	at org.eclipse.debug.internal.core.LaunchManager.createDebugException(LaunchManager.java:886)
	at org.eclipse.debug.internal.core.LaunchManager.throwException(LaunchManager.java:2448)
	at org.eclipse.debug.internal.core.LaunchManager.getInfo(LaunchManager.java:1366)
	at org.eclipse.debug.internal.core.LaunchConfiguration.getInfo(LaunchConfiguration.java:490)
	at org.eclipse.debug.internal.core.LaunchConfiguration.getType(LaunchConfiguration.java:645)
	at org.eclipse.debug.internal.core.LaunchManager.isValid(LaunchManager.java:2091)
	at org.eclipse.debug.internal.core.LaunchManager.verifyConfigurations(LaunchManager.java:2462)
	at org.eclipse.debug.internal.core.LaunchManager.getAllLaunchConfigurations(LaunchManager.java:1140)
	at org.eclipse.debug.internal.core.LaunchManager.getLaunchConfigurations(LaunchManager.java:1444)
	at org.eclipse.debug.internal.core.LaunchManager.getLaunchConfigurations(LaunchManager.java:1439)
	at org.eclipse.launchbar.core.internal.LaunchBarManager.init(LaunchBarManager.java:130)
	at org.eclipse.launchbar.core.internal.LaunchBarManager$1.run(LaunchBarManager.java:96)
	at org.eclipse.core.internal.jobs.Worker.run(Worker.java:63)
Caused by: org.xml.sax.SAXParseException; lineNumber: 3; columnNumber: 66; 在实体引用中, 实体名称必须紧跟在 '&' 后面。
	at com.sun.org.apache.xerces.internal.util.ErrorHandlerWrapper.createSAXParseException(ErrorHandlerWrapper.java:203)
	at com.sun.org.apache.xerces.internal.util.ErrorHandlerWrapper.fatalError(ErrorHandlerWrapper.java:177)
	at com.sun.org.apache.xerces.internal.impl.XMLErrorReporter.reportError(XMLErrorReporter.java:400)
	at com.sun.org.apache.xerces.internal.impl.XMLErrorReporter.reportError(XMLErrorReporter.java:327)
	at com.sun.org.apache.xerces.internal.impl.XMLScanner.reportFatalError(XMLScanner.java:1472)
	at com.sun.org.apache.xerces.internal.impl.XMLScanner.scanAttributeValue(XMLScanner.java:908)
	at com.sun.org.apache.xerces.internal.impl.XMLDocumentFragmentScannerImpl.scanAttribute(XMLDocumentFragmentScannerImpl.java:1548)
	at com.sun.org.apache.xerces.internal.impl.XMLDocumentFragmentScannerImpl.scanStartElement(XMLDocumentFragmentScannerImpl.java:1315)
	at com.sun.org.apache.xerces.internal.impl.XMLDocumentFragmentScannerImpl$FragmentContentDriver.next(XMLDocumentFragmentScannerImpl.java:2784)
	at com.sun.org.apache.xerces.internal.impl.XMLDocumentScannerImpl.next(XMLDocumentScannerImpl.java:602)
	at com.sun.org.apache.xerces.internal.impl.XMLDocumentFragmentScannerImpl.scanDocument(XMLDocumentFragmentScannerImpl.java:505)
	at com.sun.org.apache.xerces.internal.parsers.XML11Configuration.parse(XML11Configuration.java:841)
	at com.sun.org.apache.xerces.internal.parsers.XML11Configuration.parse(XML11Configuration.java:770)
	at com.sun.org.apache.xerces.internal.parsers.XMLParser.parse(XMLParser.java:141)
	at com.sun.org.apache.xerces.internal.parsers.DOMParser.parse(DOMParser.java:243)
	at com.sun.org.apache.xerces.internal.jaxp.DocumentBuilderImpl.parse(DocumentBuilderImpl.java:339)
	at org.eclipse.debug.internal.core.LaunchManager.createInfoFromXML(LaunchManager.java:935)
	at org.eclipse.debug.internal.core.LaunchManager.getInfo(LaunchManager.java:1359)
	... 10 more
!SUBENTRY 1 org.eclipse.debug.core 4 5012 2026-07-28 11:20:41.355
!MESSAGE 读取启动配置文件 F:\code\vibe_project\rollerball\M55\libraries\components\mtb-device-support-pse8xxgp\make\make\scripts\interface_version_3\eclipse\CM55\ram\virgin\KitProg3\any\&&_PRJ_NAME&& Program RAM (KitProg3_MiniProg4).launch 时发生了 org.xml.sax.SAXParseException; lineNumber: 3; columnNumber: 66; 在实体引用中, 实体名称必须紧跟在 '&' 后面。。
!STACK 0
org.xml.sax.SAXParseException; lineNumber: 3; columnNumber: 66; 在实体引用中, 实体名称必须紧跟在 '&' 后面。
	at com.sun.org.apache.xerces.internal.util.ErrorHandlerWrapper.createSAXParseException(ErrorHandlerWrapper.java:203)
	at com.sun.org.apache.xerces.internal.util.ErrorHandlerWrapper.fatalError(ErrorHandlerWrapper.java:177)
	at com.sun.org.apache.xerces.internal.impl.XMLErrorReporter.reportError(XMLErrorReporter.java:400)
	at com.sun.org.apache.xerces.internal.impl.XMLErrorReporter.reportError(XMLErrorReporter.java:327)
	at com.sun.org.apache.xerces.internal.impl.XMLScanner.reportFatalError(XMLScanner.java:1472)
	at com.sun.org.apache.xerces.internal.impl.XMLScanner.scanAttributeValue(XMLScanner.java:908)
	at com.sun.org.apache.xerces.internal.impl.XMLDocumentFragmentScannerImpl.scanAttribute(XMLDocumentFragmentScannerImpl.java:1548)
	at com.sun.org.apache.xerces.internal.impl.XMLDocumentFragmentScannerImpl.scanStartElement(XMLDocumentFragmentScannerImpl.java:1315)
	at com.sun.org.apache.xerces.internal.impl.XMLDocumentFragmentScannerImpl$FragmentContentDriver.next(XMLDocumentFragmentScannerImpl.java:2784)
	at com.sun.org.apache.xerces.internal.impl.XMLDocumentScannerImpl.next(XMLDocumentScannerImpl.java:602)
	at com.sun.org.apache.xerces.internal.impl.XMLDocumentFragmentScannerImpl.scanDocument(XMLDocumentFragmentScannerImpl.java:505)
	at com.sun.org.apache.xerces.internal.parsers.XML11Configuration.parse(XML11Configuration.java:841)
	at com.sun.org.apache.xerces.internal.parsers.XML11Configuration.parse(XML11Configuration.java:770)
	at com.sun.org.apache.xerces.internal.parsers.XMLParser.parse(XMLParser.java:141)
	at com.sun.org.apache.xerces.internal.parsers.DOMParser.parse(DOMParser.java:243)
	at com.sun.org.apache.xerces.internal.jaxp.DocumentBuilderImpl.parse(DocumentBuilderImpl.java:339)
	at org.eclipse.debug.internal.core.LaunchManager.createInfoFromXML(LaunchManager.java:935)
	at org.eclipse.debug.internal.core.LaunchManager.getInfo(LaunchManager.java:1359)
	at org.eclipse.debug.internal.core.LaunchConfiguration.getInfo(LaunchConfiguration.java:490)
	at org.eclipse.debug.internal.core.LaunchConfiguration.getType(LaunchConfiguration.java:645)
	at org.eclipse.debug.internal.core.LaunchManager.isValid(LaunchManager.java:2091)
	at org.eclipse.debug.internal.core.LaunchManager.verifyConfigurations(LaunchManager.java:2462)
	at org.eclipse.debug.internal.core.LaunchManager.getAllLaunchConfigurations(LaunchManager.java:1140)
	at org.eclipse.debug.internal.core.LaunchManager.getLaunchConfigurations(LaunchManager.java:1444)
	at org.eclipse.debug.internal.core.LaunchManager.getLaunchConfigurations(LaunchManager.java:1439)
	at org.eclipse.launchbar.core.internal.LaunchBarManager.init(LaunchBarManager.java:130)
	at org.eclipse.launchbar.core.internal.LaunchBarManager$1.run(LaunchBarManager.java:96)
	at org.eclipse.core.internal.jobs.Worker.run(Worker.java:63)

!ENTRY org.eclipse.debug.core 4 125 2026-07-28 11:20:41.359
!MESSAGE 调试核心所记录的错误：
!STACK 1
org.eclipse.debug.core.DebugException: 读取启动配置文件 F:\code\vibe_project\rollerball\M55\libraries\components\mtb-device-support-pse8xxgp\make\make\scripts\interface_version_3\eclipse\CM55\ram\virgin\KitProg3\multi\&&_PRJ_NAME&& Add CM55 to CM33 RAM (KitProg3_MiniProg4).launch 时发生了 org.xml.sax.SAXParseException; lineNumber: 3; columnNumber: 66; 在实体引用中, 实体名称必须紧跟在 '&' 后面。。
	at org.eclipse.debug.internal.core.LaunchManager.createDebugException(LaunchManager.java:886)
	at org.eclipse.debug.internal.core.LaunchManager.throwException(LaunchManager.java:2448)
	at org.eclipse.debug.internal.core.LaunchManager.getInfo(LaunchManager.java:1366)
	at org.eclipse.debug.internal.core.LaunchConfiguration.getInfo(LaunchConfiguration.java:490)
	at org.eclipse.debug.internal.core.LaunchConfiguration.getType(LaunchConfiguration.java:645)
	at org.eclipse.debug.internal.core.LaunchManager.isValid(LaunchManager.java:2091)
	at org.eclipse.debug.internal.core.LaunchManager.verifyConfigurations(LaunchManager.java:2462)
	at org.eclipse.debug.internal.core.LaunchManager.getAllLaunchConfigurations(LaunchManager.java:1140)
	at org.eclipse.debug.internal.core.LaunchManager.getLaunchConfigurations(LaunchManager.java:1444)
	at org.eclipse.debug.internal.core.LaunchManager.getLaunchConfigurations(LaunchManager.java:1439)
	at org.eclipse.launchbar.core.internal.LaunchBarManager.init(LaunchBarManager.java:130)
	at org.eclipse.launchbar.core.internal.LaunchBarManager$1.run(LaunchBarManager.java:96)
	at org.eclipse.core.internal.jobs.Worker.run(Worker.java:63)
Caused by: org.xml.sax.SAXParseException; lineNumber: 3; columnNumber: 66; 在实体引用中, 实体名称必须紧跟在 '&' 后面。
	at com.sun.org.apache.xerces.internal.util.ErrorHandlerWrapper.createSAXParseException(ErrorHandlerWrapper.java:203)
	at com.sun.org.apache.xerces.internal.util.ErrorHandlerWrapper.fatalError(ErrorHandlerWrapper.java:177)
	at com.sun.org.apache.xerces.internal.impl.XMLErrorReporter.reportError(XMLErrorReporter.java:400)
	at com.sun.org.apache.xerces.internal.impl.XMLErrorReporter.reportError(XMLErrorReporter.java:327)
	at com.sun.org.apache.xerces.internal.impl.XMLScanner.reportFatalError(XMLScanner.java:1472)
	at com.sun.org.apache.xerces.internal.impl.XMLScanner.scanAttributeValue(XMLScanner.java:908)
	at com.sun.org.apache.xerces.internal.impl.XMLDocumentFragmentScannerImpl.scanAttribute(XMLDocumentFragmentScannerImpl.java:1548)
	at com.sun.org.apache.xerces.internal.impl.XMLDocumentFragmentScannerImpl.scanStartElement(XMLDocumentFragmentScannerImpl.java:1315)
	at com.sun.org.apache.xerces.internal.impl.XMLDocumentFragmentScannerImpl$FragmentContentDriver.next(XMLDocumentFragmentScannerImpl.java:2784)
	at com.sun.org.apache.xerces.internal.impl.XMLDocumentScannerImpl.next(XMLDocumentScannerImpl.java:602)
	at com.sun.org.apache.xerces.internal.impl.XMLDocumentFragmentScannerImpl.scanDocument(XMLDocumentFragmentScannerImpl.java:505)
	at com.sun.org.apache.xerces.internal.parsers.XML11Configuration.parse(XML11Configuration.java:841)
	at com.sun.org.apache.xerces.internal.parsers.XML11Configuration.parse(XML11Configuration.java:770)
	at com.sun.org.apache.xerces.internal.parsers.XMLParser.parse(XMLParser.java:141)
	at com.sun.org.apache.xerces.internal.parsers.DOMParser.parse(DOMParser.java:243)
	at com.sun.org.apache.xerces.internal.jaxp.DocumentBuilderImpl.parse(DocumentBuilderImpl.java:339)
	at org.eclipse.debug.internal.core.LaunchManager.createInfoFromXML(LaunchManager.java:935)
	at org.eclipse.debug.internal.core.LaunchManager.getInfo(LaunchManager.java:1359)
	... 10 more
!SUBENTRY 1 org.eclipse.debug.core 4 5012 2026-07-28 11:20:41.359
!MESSAGE 读取启动配置文件 F:\code\vibe_project\rollerball\M55\libraries\components\mtb-device-support-pse8xxgp\make\make\scripts\interface_version_3\eclipse\CM55\ram\virgin\KitProg3\multi\&&_PRJ_NAME&& Add CM55 to CM33 RAM (KitProg3_MiniProg4).launch 时发生了 org.xml.sax.SAXParseException; lineNumber: 3; columnNumber: 66; 在实体引用中, 实体名称必须紧跟在 '&' 后面。。
!STACK 0
org.xml.sax.SAXParseException; lineNumber: 3; columnNumber: 66; 在实体引用中, 实体名称必须紧跟在 '&' 后面。
	at com.sun.org.apache.xerces.internal.util.ErrorHandlerWrapper.createSAXParseException(ErrorHandlerWrapper.java:203)
	at com.sun.org.apache.xerces.internal.util.ErrorHandlerWrapper.fatalError(ErrorHandlerWrapper.java:177)
	at com.sun.org.apache.xerces.internal.impl.XMLErrorReporter.reportError(XMLErrorReporter.java:400)
	at com.sun.org.apache.xerces.internal.impl.XMLErrorReporter.reportError(XMLErrorReporter.java:327)
	at com.sun.org.apache.xerces.internal.impl.XMLScanner.reportFatalError(XMLScanner.java:1472)
	at com.sun.org.apache.xerces.internal.impl.XMLScanner.scanAttributeValue(XMLScanner.java:908)
	at com.sun.org.apache.xerces.internal.impl.XMLDocumentFragmentScannerImpl.scanAttribute(XMLDocumentFragmentScannerImpl.java:1548)
	at com.sun.org.apache.xerces.internal.impl.XMLDocumentFragmentScannerImpl.scanStartElement(XMLDocumentFragmentScannerImpl.java:1315)
	at com.sun.org.apache.xerces.internal.impl.XMLDocumentFragmentScannerImpl$FragmentContentDriver.next(XMLDocumentFragmentScannerImpl.java:2784)
	at com.sun.org.apache.xerces.internal.impl.XMLDocumentScannerImpl.next(XMLDocumentScannerImpl.java:602)
	at com.sun.org.apache.xerces.internal.impl.XMLDocumentFragmentScannerImpl.scanDocument(XMLDocumentFragmentScannerImpl.java:505)
	at com.sun.org.apache.xerces.internal.parsers.XML11Configuration.parse(XML11Configuration.java:841)
	at com.sun.org.apache.xerces.internal.parsers.XML11Configuration.parse(XML11Configuration.java:770)
	at com.sun.org.apache.xerces.internal.parsers.XMLParser.parse(XMLParser.java:141)
	at com.sun.org.apache.xerces.internal.parsers.DOMParser.parse(DOMParser.java:243)
	at com.sun.org.apache.xerces.internal.jaxp.DocumentBuilderImpl.parse(DocumentBuilderImpl.java:339)
	at org.eclipse.debug.internal.core.LaunchManager.createInfoFromXML(LaunchManager.java:935)
	at org.eclipse.debug.internal.core.LaunchManager.getInfo(LaunchManager.java:1359)
	at org.eclipse.debug.internal.core.LaunchConfiguration.getInfo(LaunchConfiguration.java:490)
	at org.eclipse.debug.internal.core.LaunchConfiguration.getType(LaunchConfiguration.java:645)
	at org.eclipse.debug.internal.core.LaunchManager.isValid(LaunchManager.java:2091)
	at org.eclipse.debug.internal.core.LaunchManager.verifyConfigurations(LaunchManager.java:2462)
	at org.eclipse.debug.internal.core.LaunchManager.getAllLaunchConfigurations(LaunchManager.java:1140)
	at org.eclipse.debug.internal.core.LaunchManager.getLaunchConfigurations(LaunchManager.java:1444)
	at org.eclipse.debug.internal.core.LaunchManager.getLaunchConfigurations(LaunchManager.java:1439)
	at org.eclipse.launchbar.core.internal.LaunchBarManager.init(LaunchBarManager.java:130)
	at org.eclipse.launchbar.core.internal.LaunchBarManager$1.run(LaunchBarManager.java:96)
	at org.eclipse.core.internal.jobs.Worker.run(Worker.java:63)

!ENTRY org.eclipse.debug.core 4 125 2026-07-28 11:20:41.359
!MESSAGE 调试核心所记录的错误：
!STACK 1
org.eclipse.debug.core.DebugException: 读取启动配置文件 F:\code\vibe_project\rollerball\M55\libraries\components\mtb-device-support-pse8xxgp\make\make\scripts\interface_version_4\eclipse\Application\flash\_normal\JLink\&&_APP_NAME&& Debug RAM MultiCore (JLink).launch 时发生了 org.xml.sax.SAXParseException; lineNumber: 3; columnNumber: 66; 在实体引用中, 实体名称必须紧跟在 '&' 后面。。
	at org.eclipse.debug.internal.core.LaunchManager.createDebugException(LaunchManager.java:886)
	at org.eclipse.debug.internal.core.LaunchManager.throwException(LaunchManager.java:2448)
	at org.eclipse.debug.internal.core.LaunchManager.getInfo(LaunchManager.java:1366)
	at org.eclipse.debug.internal.core.LaunchConfiguration.getInfo(LaunchConfiguration.java:490)
	at org.eclipse.debug.internal.core.LaunchConfiguration.getType(LaunchConfiguration.java:645)
	at org.eclipse.debug.internal.core.LaunchManager.isValid(LaunchManager.java:2091)
	at org.eclipse.debug.internal.core.LaunchManager.verifyConfigurations(LaunchManager.java:2462)
	at org.eclipse.debug.internal.core.LaunchManager.getAllLaunchConfigurations(LaunchManager.java:1140)
	at org.eclipse.debug.internal.core.LaunchManager.getLaunchConfigurations(LaunchManager.java:1444)
	at org.eclipse.debug.internal.core.LaunchManager.getLaunchConfigurations(LaunchManager.java:1439)
	at org.eclipse.launchbar.core.internal.LaunchBarManager.init(LaunchBarManager.java:130)
	at org.eclipse.launchbar.core.internal.LaunchBarManager$1.run(LaunchBarManager.java:96)
	at org.eclipse.core.internal.jobs.Worker.run(Worker.java:63)
Caused by: org.xml.sax.SAXParseException; lineNumber: 3; columnNumber: 66; 在实体引用中, 实体名称必须紧跟在 '&' 后面。
	at com.sun.org.apache.xerces.internal.util.ErrorHandlerWrapper.createSAXParseException(ErrorHandlerWrapper.java:203)
	at com.sun.org.apache.xerces.internal.util.ErrorHandlerWrapper.fatalError(ErrorHandlerWrapper.java:177)
	at com.sun.org.apache.xerces.internal.impl.XMLErrorReporter.reportError(XMLErrorReporter.java:400)
	at com.sun.org.apache.xerces.internal.impl.XMLErrorReporter.reportError(XMLErrorReporter.java:327)
	at com.sun.org.apache.xerces.internal.impl.XMLScanner.reportFatalError(XMLScanner.java:1472)
	at com.sun.org.apache.xerces.internal.impl.XMLScanner.scanAttributeValue(XMLScanner.java:908)
	at com.sun.org.apache.xerces.internal.impl.XMLDocumentFragmentScannerImpl.scanAttribute(XMLDocumentFragmentScannerImpl.java:1548)
	at com.sun.org.apache.xerces.internal.impl.XMLDocumentFragmentScannerImpl.scanStartElement(XMLDocumentFragmentScannerImpl.java:1315)
	at com.sun.org.apache.xerces.internal.impl.XMLDocumentFragmentScannerImpl$FragmentContentDriver.next(XMLDocumentFragmentScannerImpl.java:2784)
	at com.sun.org.apache.xerces.internal.impl.XMLDocumentScannerImpl.next(XMLDocumentScannerImpl.java:602)
	at com.sun.org.apache.xerces.internal.impl.XMLDocumentFragmentScannerImpl.scanDocument(XMLDocumentFragmentScannerImpl.java:505)
	at com.sun.org.apache.xerces.internal.parsers.XML11Configuration.parse(XML11Configuration.java:841)
	at com.sun.org.apache.xerces.internal.parsers.XML11Configuration.parse(XML11Configuration.java:770)
	at com.sun.org.apache.xerces.internal.parsers.XMLParser.parse(XMLParser.java:141)
	at com.sun.org.apache.xerces.internal.parsers.DOMParser.parse(DOMParser.java:243)
	at com.sun.org.apache.xerces.internal.jaxp.DocumentBuilderImpl.parse(DocumentBuilderImpl.java:339)
	at org.eclipse.debug.internal.core.LaunchManager.createInfoFromXML(LaunchManager.java:935)
	at org.eclipse.debug.internal.core.LaunchManager.getInfo(LaunchManager.java:1359)
	... 10 more
!SUBENTRY 1 org.eclipse.debug.core 4 5012 2026-07-28 11:20:41.359
!MESSAGE 读取启动配置文件 F:\code\vibe_project\rollerball\M55\libraries\components\mtb-device-support-pse8xxgp\make\make\scripts\interface_version_4\eclipse\Application\flash\_normal\JLink\&&_APP_NAME&& Debug RAM MultiCore (JLink).launch 时发生了 org.xml.sax.SAXParseException; lineNumber: 3; columnNumber: 66; 在实体引用中, 实体名称必须紧跟在 '&' 后面。。
!STACK 0
org.xml.sax.SAXParseException; lineNumber: 3; columnNumber: 66; 在实体引用中, 实体名称必须紧跟在 '&' 后面。
	at com.sun.org.apache.xerces.internal.util.ErrorHandlerWrapper.createSAXParseException(ErrorHandlerWrapper.java:203)
	at com.sun.org.apache.xerces.internal.util.ErrorHandlerWrapper.fatalError(ErrorHandlerWrapper.java:177)
	at com.sun.org.apache.xerces.internal.impl.XMLErrorReporter.reportError(XMLErrorReporter.java:400)
	at com.sun.org.apache.xerces.internal.impl.XMLErrorReporter.reportError(XMLErrorReporter.java:327)
	at com.sun.org.apache.xerces.internal.impl.XMLScanner.reportFatalError(XMLScanner.java:1472)
	at com.sun.org.apache.xerces.internal.impl.XMLScanner.scanAttributeValue(XMLScanner.java:908)
	at com.sun.org.apache.xerces.internal.impl.XMLDocumentFragmentScannerImpl.scanAttribute(XMLDocumentFragmentScannerImpl.java:1548)
	at com.sun.org.apache.xerces.internal.impl.XMLDocumentFragmentScannerImpl.scanStartElement(XMLDocumentFragmentScannerImpl.java:1315)
	at com.sun.org.apache.xerces.internal.impl.XMLDocumentFragmentScannerImpl$FragmentContentDriver.next(XMLDocumentFragmentScannerImpl.java:2784)
	at com.sun.org.apache.xerces.internal.impl.XMLDocumentScannerImpl.next(XMLDocumentScannerImpl.java:602)
	at com.sun.org.apache.xerces.internal.impl.XMLDocumentFragmentScannerImpl.scanDocument(XMLDocumentFragmentScannerImpl.java:505)
	at com.sun.org.apache.xerces.internal.parsers.XML11Configuration.parse(XML11Configuration.java:841)
	at com.sun.org.apache.xerces.internal.parsers.XML11Configuration.parse(XML11Configuration.java:770)
	at com.sun.org.apache.xerces.internal.parsers.XMLParser.parse(XMLParser.java:141)
	at com.sun.org.apache.xerces.internal.parsers.DOMParser.parse(DOMParser.java:243)
	at com.sun.org.apache.xerces.internal.jaxp.DocumentBuilderImpl.parse(DocumentBuilderImpl.java:339)
	at org.eclipse.debug.internal.core.LaunchManager.createInfoFromXML(LaunchManager.java:935)
	at org.eclipse.debug.internal.core.LaunchManager.getInfo(LaunchManager.java:1359)
	at org.eclipse.debug.internal.core.LaunchConfiguration.getInfo(LaunchConfiguration.java:490)
	at org.eclipse.debug.internal.core.LaunchConfiguration.getType(LaunchConfiguration.java:645)
	at org.eclipse.debug.internal.core.LaunchManager.isValid(LaunchManager.java:2091)
	at org.eclipse.debug.internal.core.LaunchManager.verifyConfigurations(LaunchManager.java:2462)
	at org.eclipse.debug.internal.core.LaunchManager.getAllLaunchConfigurations(LaunchManager.java:1140)
	at org.eclipse.debug.internal.core.LaunchManager.getLaunchConfigurations(LaunchManager.java:1444)
	at org.eclipse.debug.internal.core.LaunchManager.getLaunchConfigurations(LaunchManager.java:1439)
	at org.eclipse.launchbar.core.internal.LaunchBarManager.init(LaunchBarManager.java:130)
	at org.eclipse.launchbar.core.internal.LaunchBarManager$1.run(LaunchBarManager.java:96)
	at org.eclipse.core.internal.jobs.Worker.run(Worker.java:63)

!ENTRY org.eclipse.debug.core 4 125 2026-07-28 11:20:41.359
!MESSAGE 调试核心所记录的错误：
!STACK 1
org.eclipse.debug.core.DebugException: 读取启动配置文件 F:\code\vibe_project\rollerball\M55\libraries\components\mtb-device-support-pse8xxgp\make\make\scripts\interface_version_4\eclipse\Application\flash\_normal\JLink\&&_APP_NAME&& Program RAM Application (JLink).launch 时发生了 org.xml.sax.SAXParseException; lineNumber: 3; columnNumber: 66; 在实体引用中, 实体名称必须紧跟在 '&' 后面。。
	at org.eclipse.debug.internal.core.LaunchManager.createDebugException(LaunchManager.java:886)
	at org.eclipse.debug.internal.core.LaunchManager.throwException(LaunchManager.java:2448)
	at org.eclipse.debug.internal.core.LaunchManager.getInfo(LaunchManager.java:1366)
	at org.eclipse.debug.internal.core.LaunchConfiguration.getInfo(LaunchConfiguration.java:490)
	at org.eclipse.debug.internal.core.LaunchConfiguration.getType(LaunchConfiguration.java:645)
	at org.eclipse.debug.internal.core.LaunchManager.isValid(LaunchManager.java:2091)
	at org.eclipse.debug.internal.core.LaunchManager.verifyConfigurations(LaunchManager.java:2462)
	at org.eclipse.debug.internal.core.LaunchManager.getAllLaunchConfigurations(LaunchManager.java:1140)
	at org.eclipse.debug.internal.core.LaunchManager.getLaunchConfigurations(LaunchManager.java:1444)
	at org.eclipse.debug.internal.core.LaunchManager.getLaunchConfigurations(LaunchManager.java:1439)
	at org.eclipse.launchbar.core.internal.LaunchBarManager.init(LaunchBarManager.java:130)
	at org.eclipse.launchbar.core.internal.LaunchBarManager$1.run(LaunchBarManager.java:96)
	at org.eclipse.core.internal.jobs.Worker.run(Worker.java:63)
Caused by: org.xml.sax.SAXParseException; lineNumber: 3; columnNumber: 66; 在实体引用中, 实体名称必须紧跟在 '&' 后面。
	at com.sun.org.apache.xerces.internal.util.ErrorHandlerWrapper.createSAXParseException(ErrorHandlerWrapper.java:203)
	at com.sun.org.apache.xerces.internal.util.ErrorHandlerWrapper.fatalError(ErrorHandlerWrapper.java:177)
	at com.sun.org.apache.xerces.internal.impl.XMLErrorReporter.reportError(XMLErrorReporter.java:400)
	at com.sun.org.apache.xerces.internal.impl.XMLErrorReporter.reportError(XMLErrorReporter.java:327)
	at com.sun.org.apache.xerces.internal.impl.XMLScanner.reportFatalError(XMLScanner.java:1472)
	at com.sun.org.apache.xerces.internal.impl.XMLScanner.scanAttributeValue(XMLScanner.java:908)
	at com.sun.org.apache.xerces.internal.impl.XMLDocumentFragmentScannerImpl.scanAttribute(XMLDocumentFragmentScannerImpl.java:1548)
	at com.sun.org.apache.xerces.internal.impl.XMLDocumentFragmentScannerImpl.scanStartElement(XMLDocumentFragmentScannerImpl.java:1315)
	at com.sun.org.apache.xerces.internal.impl.XMLDocumentFragmentScannerImpl$FragmentContentDriver.next(XMLDocumentFragmentScannerImpl.java:2784)
	at com.sun.org.apache.xerces.internal.impl.XMLDocumentScannerImpl.next(XMLDocumentScannerImpl.java:602)
	at com.sun.org.apache.xerces.internal.impl.XMLDocumentFragmentScannerImpl.scanDocument(XMLDocumentFragmentScannerImpl.java:505)
	at com.sun.org.apache.xerces.internal.parsers.XML11Configuration.parse(XML11Configuration.java:841)
	at com.sun.org.apache.xerces.internal.parsers.XML11Configuration.parse(XML11Configuration.java:770)
	at com.sun.org.apache.xerces.internal.parsers.XMLParser.parse(XMLParser.java:141)
	at com.sun.org.apache.xerces.internal.parsers.DOMParser.parse(DOMParser.java:243)
	at com.sun.org.apache.xerces.internal.jaxp.DocumentBuilderImpl.parse(DocumentBuilderImpl.java:339)
	at org.eclipse.debug.internal.core.LaunchManager.createInfoFromXML(LaunchManager.java:935)
	at org.eclipse.debug.internal.core.LaunchManager.getInfo(LaunchManager.java:1359)
	... 10 more
!SUBENTRY 1 org.eclipse.debug.core 4 5012 2026-07-28 11:20:41.359
!MESSAGE 读取启动配置文件 F:\code\vibe_project\rollerball\M55\libraries\components\mtb-device-support-pse8xxgp\make\make\scripts\interface_version_4\eclipse\Application\flash\_normal\JLink\&&_APP_NAME&& Program RAM Application (JLink).launch 时发生了 org.xml.sax.SAXParseException; lineNumber: 3; columnNumber: 66; 在实体引用中, 实体名称必须紧跟在 '&' 后面。。
!STACK 0
org.xml.sax.SAXParseException; lineNumber: 3; columnNumber: 66; 在实体引用中, 实体名称必须紧跟在 '&' 后面。
	at com.sun.org.apache.xerces.internal.util.ErrorHandlerWrapper.createSAXParseException(ErrorHandlerWrapper.java:203)
	at com.sun.org.apache.xerces.internal.util.ErrorHandlerWrapper.fatalError(ErrorHandlerWrapper.java:177)
	at com.sun.org.apache.xerces.internal.impl.XMLErrorReporter.reportError(XMLErrorReporter.java:400)
	at com.sun.org.apache.xerces.internal.impl.XMLErrorReporter.reportError(XMLErrorReporter.java:327)
	at com.sun.org.apache.xerces.internal.impl.XMLScanner.reportFatalError(XMLScanner.java:1472)
	at com.sun.org.apache.xerces.internal.impl.XMLScanner.scanAttributeValue(XMLScanner.java:908)
	at com.sun.org.apache.xerces.internal.impl.XMLDocumentFragmentScannerImpl.scanAttribute(XMLDocumentFragmentScannerImpl.java:1548)
	at com.sun.org.apache.xerces.internal.impl.XMLDocumentFragmentScannerImpl.scanStartElement(XMLDocumentFragmentScannerImpl.java:1315)
	at com.sun.org.apache.xerces.internal.impl.XMLDocumentFragmentScannerImpl$FragmentContentDriver.next(XMLDocumentFragmentScannerImpl.java:2784)
	at com.sun.org.apache.xerces.internal.impl.XMLDocumentScannerImpl.next(XMLDocumentScannerImpl.java:602)
	at com.sun.org.apache.xerces.internal.impl.XMLDocumentFragmentScannerImpl.scanDocument(XMLDocumentFragmentScannerImpl.java:505)
	at com.sun.org.apache.xerces.internal.parsers.XML11Configuration.parse(XML11Configuration.java:841)
	at com.sun.org.apache.xerces.internal.parsers.XML11Configuration.parse(XML11Configuration.java:770)
	at com.sun.org.apache.xerces.internal.parsers.XMLParser.parse(XMLParser.java:141)
	at com.sun.org.apache.xerces.internal.parsers.DOMParser.parse(DOMParser.java:243)
	at com.sun.org.apache.xerces.internal.jaxp.DocumentBuilderImpl.parse(DocumentBuilderImpl.java:339)
	at org.eclipse.debug.internal.core.LaunchManager.createInfoFromXML(LaunchManager.java:935)
	at org.eclipse.debug.internal.core.LaunchManager.getInfo(LaunchManager.java:1359)
	at org.eclipse.debug.internal.core.LaunchConfiguration.getInfo(LaunchConfiguration.java:490)
	at org.eclipse.debug.internal.core.LaunchConfiguration.getType(LaunchConfiguration.java:645)
	at org.eclipse.debug.internal.core.LaunchManager.isValid(LaunchManager.java:2091)
	at org.eclipse.debug.internal.core.LaunchManager.verifyConfigurations(LaunchManager.java:2462)
	at org.eclipse.debug.internal.core.LaunchManager.getAllLaunchConfigurations(LaunchManager.java:1140)
	at org.eclipse.debug.internal.core.LaunchManager.getLaunchConfigurations(LaunchManager.java:1444)
	at org.eclipse.debug.internal.core.LaunchManager.getLaunchConfigurations(LaunchManager.java:1439)
	at org.eclipse.launchbar.core.internal.LaunchBarManager.init(LaunchBarManager.java:130)
	at org.eclipse.launchbar.core.internal.LaunchBarManager$1.run(LaunchBarManager.java:96)
	at org.eclipse.core.internal.jobs.Worker.run(Worker.java:63)

!ENTRY org.eclipse.debug.core 4 125 2026-07-28 11:20:41.363
!MESSAGE 调试核心所记录的错误：
!STACK 1
org.eclipse.debug.core.DebugException: 读取启动配置文件 F:\code\vibe_project\rollerball\M55\libraries\components\mtb-device-support-pse8xxgp\make\make\scripts\interface_version_4\eclipse\Application\flash\_normal\KitProg3\&&_APP_NAME&& Debug MultiCore (KitProg3_MiniProg4).launch 时发生了 org.xml.sax.SAXParseException; lineNumber: 3; columnNumber: 66; 在实体引用中, 实体名称必须紧跟在 '&' 后面。。
	at org.eclipse.debug.internal.core.LaunchManager.createDebugException(LaunchManager.java:886)
	at org.eclipse.debug.internal.core.LaunchManager.throwException(LaunchManager.java:2448)
	at org.eclipse.debug.internal.core.LaunchManager.getInfo(LaunchManager.java:1366)
	at org.eclipse.debug.internal.core.LaunchConfiguration.getInfo(LaunchConfiguration.java:490)
	at org.eclipse.debug.internal.core.LaunchConfiguration.getType(LaunchConfiguration.java:645)
	at org.eclipse.debug.internal.core.LaunchManager.isValid(LaunchManager.java:2091)
	at org.eclipse.debug.internal.core.LaunchManager.verifyConfigurations(LaunchManager.java:2462)
	at org.eclipse.debug.internal.core.LaunchManager.getAllLaunchConfigurations(LaunchManager.java:1140)
	at org.eclipse.debug.internal.core.LaunchManager.getLaunchConfigurations(LaunchManager.java:1444)
	at org.eclipse.debug.internal.core.LaunchManager.getLaunchConfigurations(LaunchManager.java:1439)
	at org.eclipse.launchbar.core.internal.LaunchBarManager.init(LaunchBarManager.java:130)
	at org.eclipse.launchbar.core.internal.LaunchBarManager$1.run(LaunchBarManager.java:96)
	at org.eclipse.core.internal.jobs.Worker.run(Worker.java:63)
Caused by: org.xml.sax.SAXParseException; lineNumber: 3; columnNumber: 66; 在实体引用中, 实体名称必须紧跟在 '&' 后面。
	at com.sun.org.apache.xerces.internal.util.ErrorHandlerWrapper.createSAXParseException(ErrorHandlerWrapper.java:203)
	at com.sun.org.apache.xerces.internal.util.ErrorHandlerWrapper.fatalError(ErrorHandlerWrapper.java:177)
	at com.sun.org.apache.xerces.internal.impl.XMLErrorReporter.reportError(XMLErrorReporter.java:400)
	at com.sun.org.apache.xerces.internal.impl.XMLErrorReporter.reportError(XMLErrorReporter.java:327)
	at com.sun.org.apache.xerces.internal.impl.XMLScanner.reportFatalError(XMLScanner.java:1472)
	at com.sun.org.apache.xerces.internal.impl.XMLScanner.scanAttributeValue(XMLScanner.java:908)
	at com.sun.org.apache.xerces.internal.impl.XMLDocumentFragmentScannerImpl.scanAttribute(XMLDocumentFragmentScannerImpl.java:1548)
	at com.sun.org.apache.xerces.internal.impl.XMLDocumentFragmentScannerImpl.scanStartElement(XMLDocumentFragmentScannerImpl.java:1315)
	at com.sun.org.apache.xerces.internal.impl.XMLDocumentFragmentScannerImpl$FragmentContentDriver.next(XMLDocumentFragmentScannerImpl.java:2784)
	at com.sun.org.apache.xerces.internal.impl.XMLDocumentScannerImpl.next(XMLDocumentScannerImpl.java:602)
	at com.sun.org.apache.xerces.internal.impl.XMLDocumentFragmentScannerImpl.scanDocument(XMLDocumentFragmentScannerImpl.java:505)
	at com.sun.org.apache.xerces.internal.parsers.XML11Configuration.parse(XML11Configuration.java:841)
	at com.sun.org.apache.xerces.internal.parsers.XML11Configuration.parse(XML11Configuration.java:770)
	at com.sun.org.apache.xerces.internal.parsers.XMLParser.parse(XMLParser.java:141)
	at com.sun.org.apache.xerces.internal.parsers.DOMParser.parse(DOMParser.java:243)
	at com.sun.org.apache.xerces.internal.jaxp.DocumentBuilderImpl.parse(DocumentBuilderImpl.java:339)
	at org.eclipse.debug.internal.core.LaunchManager.createInfoFromXML(LaunchManager.java:935)
	at org.eclipse.debug.internal.core.LaunchManager.getInfo(LaunchManager.java:1359)
	... 10 more
!SUBENTRY 1 org.eclipse.debug.core 4 5012 2026-07-28 11:20:41.364
!MESSAGE 读取启动配置文件 F:\code\vibe_project\rollerball\M55\libraries\components\mtb-device-support-pse8xxgp\make\make\scripts\interface_version_4\eclipse\Application\flash\_normal\KitProg3\&&_APP_NAME&& Debug MultiCore (KitProg3_MiniProg4).launch 时发生了 org.xml.sax.SAXParseException; lineNumber: 3; columnNumber: 66; 在实体引用中, 实体名称必须紧跟在 '&' 后面。。
!STACK 0
org.xml.sax.SAXParseException; lineNumber: 3; columnNumber: 66; 在实体引用中, 实体名称必须紧跟在 '&' 后面。
	at com.sun.org.apache.xerces.internal.util.ErrorHandlerWrapper.createSAXParseException(ErrorHandlerWrapper.java:203)
	at com.sun.org.apache.xerces.internal.util.ErrorHandlerWrapper.fatalError(ErrorHandlerWrapper.java:177)
	at com.sun.org.apache.xerces.internal.impl.XMLErrorReporter.reportError(XMLErrorReporter.java:400)
	at com.sun.org.apache.xerces.internal.impl.XMLErrorReporter.reportError(XMLErrorReporter.java:327)
	at com.sun.org.apache.xerces.internal.impl.XMLScanner.reportFatalError(XMLScanner.java:1472)
	at com.sun.org.apache.xerces.internal.impl.XMLScanner.scanAttributeValue(XMLScanner.java:908)
	at com.sun.org.apache.xerces.internal.impl.XMLDocumentFragmentScannerImpl.scanAttribute(XMLDocumentFragmentScannerImpl.java:1548)
	at com.sun.org.apache.xerces.internal.impl.XMLDocumentFragmentScannerImpl.scanStartElement(XMLDocumentFragmentScannerImpl.java:1315)
	at com.sun.org.apache.xerces.internal.impl.XMLDocumentFragmentScannerImpl$FragmentContentDriver.next(XMLDocumentFragmentScannerImpl.java:2784)
	at com.sun.org.apache.xerces.internal.impl.XMLDocumentScannerImpl.next(XMLDocumentScannerImpl.java:602)
	at com.sun.org.apache.xerces.internal.impl.XMLDocumentFragmentScannerImpl.scanDocument(XMLDocumentFragmentScannerImpl.java:505)
	at com.sun.org.apache.xerces.internal.parsers.XML11Configuration.parse(XML11Configuration.java:841)
	at com.sun.org.apache.xerces.internal.parsers.XML11Configuration.parse(XML11Configuration.java:770)
	at com.sun.org.apache.xerces.internal.parsers.XMLParser.parse(XMLParser.java:141)
	at com.sun.org.apache.xerces.internal.parsers.DOMParser.parse(DOMParser.java:243)
	at com.sun.org.apache.xerces.internal.jaxp.DocumentBuilderImpl.parse(DocumentBuilderImpl.java:339)
	at org.eclipse.debug.internal.core.LaunchManager.createInfoFromXML(LaunchManager.java:935)
	at org.eclipse.debug.internal.core.LaunchManager.getInfo(LaunchManager.java:1359)
	at org.eclipse.debug.internal.core.LaunchConfiguration.getInfo(LaunchConfiguration.java:490)
	at org.eclipse.debug.internal.core.LaunchConfiguration.getType(LaunchConfiguration.java:645)
	at org.eclipse.debug.internal.core.LaunchManager.isValid(LaunchManager.java:2091)
	at org.eclipse.debug.internal.core.LaunchManager.verifyConfigurations(LaunchManager.java:2462)
	at org.eclipse.debug.internal.core.LaunchManager.getAllLaunchConfigurations(LaunchManager.java:1140)
	at org.eclipse.debug.internal.core.LaunchManager.getLaunchConfigurations(LaunchManager.java:1444)
	at org.eclipse.debug.internal.core.LaunchManager.getLaunchConfigurations(LaunchManager.java:1439)
	at org.eclipse.launchbar.core.internal.LaunchBarManager.init(LaunchBarManager.java:130)
	at org.eclipse.launchbar.core.internal.LaunchBarManager$1.run(LaunchBarManager.java:96)
	at org.eclipse.core.internal.jobs.Worker.run(Worker.java:63)

!ENTRY org.eclipse.debug.core 4 125 2026-07-28 11:20:41.366
!MESSAGE 调试核心所记录的错误：
!STACK 1
org.eclipse.debug.core.DebugException: 读取启动配置文件 F:\code\vibe_project\rollerball\M55\libraries\components\mtb-device-support-pse8xxgp\make\make\scripts\interface_version_4\eclipse\Application\flash\normal\JLink\&&_APP_NAME&& Debug MultiCore (JLink).launch 时发生了 org.xml.sax.SAXParseException; lineNumber: 3; columnNumber: 66; 在实体引用中, 实体名称必须紧跟在 '&' 后面。。
	at org.eclipse.debug.internal.core.LaunchManager.createDebugException(LaunchManager.java:886)
	at org.eclipse.debug.internal.core.LaunchManager.throwException(LaunchManager.java:2448)
	at org.eclipse.debug.internal.core.LaunchManager.getInfo(LaunchManager.java:1366)
	at org.eclipse.debug.internal.core.LaunchConfiguration.getInfo(LaunchConfiguration.java:490)
	at org.eclipse.debug.internal.core.LaunchConfiguration.getType(LaunchConfiguration.java:645)
	at org.eclipse.debug.internal.core.LaunchManager.isValid(LaunchManager.java:2091)
	at org.eclipse.debug.internal.core.LaunchManager.verifyConfigurations(LaunchManager.java:2462)
	at org.eclipse.debug.internal.core.LaunchManager.getAllLaunchConfigurations(LaunchManager.java:1140)
	at org.eclipse.debug.internal.core.LaunchManager.getLaunchConfigurations(LaunchManager.java:1444)
	at org.eclipse.debug.internal.core.LaunchManager.getLaunchConfigurations(LaunchManager.java:1439)
	at org.eclipse.launchbar.core.internal.LaunchBarManager.init(LaunchBarManager.java:130)
	at org.eclipse.launchbar.core.internal.LaunchBarManager$1.run(LaunchBarManager.java:96)
	at org.eclipse.core.internal.jobs.Worker.run(Worker.java:63)
Caused by: org.xml.sax.SAXParseException; lineNumber: 3; columnNumber: 66; 在实体引用中, 实体名称必须紧跟在 '&' 后面。
	at com.sun.org.apache.xerces.internal.util.ErrorHandlerWrapper.createSAXParseException(ErrorHandlerWrapper.java:203)
	at com.sun.org.apache.xerces.internal.util.ErrorHandlerWrapper.fatalError(ErrorHandlerWrapper.java:177)
	at com.sun.org.apache.xerces.internal.impl.XMLErrorReporter.reportError(XMLErrorReporter.java:400)
	at com.sun.org.apache.xerces.internal.impl.XMLErrorReporter.reportError(XMLErrorReporter.java:327)
	at com.sun.org.apache.xerces.internal.impl.XMLScanner.reportFatalError(XMLScanner.java:1472)
	at com.sun.org.apache.xerces.internal.impl.XMLScanner.scanAttributeValue(XMLScanner.java:908)
	at com.sun.org.apache.xerces.internal.impl.XMLDocumentFragmentScannerImpl.scanAttribute(XMLDocumentFragmentScannerImpl.java:1548)
	at com.sun.org.apache.xerces.internal.impl.XMLDocumentFragmentScannerImpl.scanStartElement(XMLDocumentFragmentScannerImpl.java:1315)
	at com.sun.org.apache.xerces.internal.impl.XMLDocumentFragmentScannerImpl$FragmentContentDriver.next(XMLDocumentFragmentScannerImpl.java:2784)
	at com.sun.org.apache.xerces.internal.impl.XMLDocumentScannerImpl.next(XMLDocumentScannerImpl.java:602)
	at com.sun.org.apache.xerces.internal.impl.XMLDocumentFragmentScannerImpl.scanDocument(XMLDocumentFragmentScannerImpl.java:505)
	at com.sun.org.apache.xerces.internal.parsers.XML11Configuration.parse(XML11Configuration.java:841)
	at com.sun.org.apache.xerces.internal.parsers.XML11Configuration.parse(XML11Configuration.java:770)
	at com.sun.org.apache.xerces.internal.parsers.XMLParser.parse(XMLParser.java:141)
	at com.sun.org.apache.xerces.internal.parsers.DOMParser.parse(DOMParser.java:243)
	at com.sun.org.apache.xerces.internal.jaxp.DocumentBuilderImpl.parse(DocumentBuilderImpl.java:339)
	at org.eclipse.debug.internal.core.LaunchManager.createInfoFromXML(LaunchManager.java:935)
	at org.eclipse.debug.internal.core.LaunchManager.getInfo(LaunchManager.java:1359)
	... 10 more
!SUBENTRY 1 org.eclipse.debug.core 4 5012 2026-07-28 11:20:41.366
!MESSAGE 读取启动配置文件 F:\code\vibe_project\rollerball\M55\libraries\components\mtb-device-support-pse8xxgp\make\make\scripts\interface_version_4\eclipse\Application\flash\normal\JLink\&&_APP_NAME&& Debug MultiCore (JLink).launch 时发生了 org.xml.sax.SAXParseException; lineNumber: 3; columnNumber: 66; 在实体引用中, 实体名称必须紧跟在 '&' 后面。。
!STACK 0
org.xml.sax.SAXParseException; lineNumber: 3; columnNumber: 66; 在实体引用中, 实体名称必须紧跟在 '&' 后面。
	at com.sun.org.apache.xerces.internal.util.ErrorHandlerWrapper.createSAXParseException(ErrorHandlerWrapper.java:203)
	at com.sun.org.apache.xerces.internal.util.ErrorHandlerWrapper.fatalError(ErrorHandlerWrapper.java:177)
	at com.sun.org.apache.xerces.internal.impl.XMLErrorReporter.reportError(XMLErrorReporter.java:400)
	at com.sun.org.apache.xerces.internal.impl.XMLErrorReporter.reportError(XMLErrorReporter.java:327)
	at com.sun.org.apache.xerces.internal.impl.XMLScanner.reportFatalError(XMLScanner.java:1472)
	at com.sun.org.apache.xerces.internal.impl.XMLScanner.scanAttributeValue(XMLScanner.java:908)
	at com.sun.org.apache.xerces.internal.impl.XMLDocumentFragmentScannerImpl.scanAttribute(XMLDocumentFragmentScannerImpl.java:1548)
	at com.sun.org.apache.xerces.internal.impl.XMLDocumentFragmentScannerImpl.scanStartElement(XMLDocumentFragmentScannerImpl.java:1315)
	at com.sun.org.apache.xerces.internal.impl.XMLDocumentFragmentScannerImpl$FragmentContentDriver.next(XMLDocumentFragmentScannerImpl.java:2784)
	at com.sun.org.apache.xerces.internal.impl.XMLDocumentScannerImpl.next(XMLDocumentScannerImpl.java:602)
	at com.sun.org.apache.xerces.internal.impl.XMLDocumentFragmentScannerImpl.scanDocument(XMLDocumentFragmentScannerImpl.java:505)
	at com.sun.org.apache.xerces.internal.parsers.XML11Configuration.parse(XML11Configuration.java:841)
	at com.sun.org.apache.xerces.internal.parsers.XML11Configuration.parse(XML11Configuration.java:770)
	at com.sun.org.apache.xerces.internal.parsers.XMLParser.parse(XMLParser.java:141)
	at com.sun.org.apache.xerces.internal.parsers.DOMParser.parse(DOMParser.java:243)
	at com.sun.org.apache.xerces.internal.jaxp.DocumentBuilderImpl.parse(DocumentBuilderImpl.java:339)
	at org.eclipse.debug.internal.core.LaunchManager.createInfoFromXML(LaunchManager.java:935)
	at org.eclipse.debug.internal.core.LaunchManager.getInfo(LaunchManager.java:1359)
	at org.eclipse.debug.internal.core.LaunchConfiguration.getInfo(LaunchConfiguration.java:490)
	at org.eclipse.debug.internal.core.LaunchConfiguration.getType(LaunchConfiguration.java:645)
	at org.eclipse.debug.internal.core.LaunchManager.isValid(LaunchManager.java:2091)
	at org.eclipse.debug.internal.core.LaunchManager.verifyConfigurations(LaunchManager.java:2462)
	at org.eclipse.debug.internal.core.LaunchManager.getAllLaunchConfigurations(LaunchManager.java:1140)
	at org.eclipse.debug.internal.core.LaunchManager.getLaunchConfigurations(LaunchManager.java:1444)
	at org.eclipse.debug.internal.core.LaunchManager.getLaunchConfigurations(LaunchManager.java:1439)
	at org.eclipse.launchbar.core.internal.LaunchBarManager.init(LaunchBarManager.java:130)
	at org.eclipse.launchbar.core.internal.LaunchBarManager$1.run(LaunchBarManager.java:96)
	at org.eclipse.core.internal.jobs.Worker.run(Worker.java:63)

!ENTRY org.eclipse.debug.core 4 125 2026-07-28 11:20:41.367
!MESSAGE 调试核心所记录的错误：
!STACK 1
org.eclipse.debug.core.DebugException: 读取启动配置文件 F:\code\vibe_project\rollerball\M55\libraries\components\mtb-device-support-pse8xxgp\make\make\scripts\interface_version_4\eclipse\Application\flash\normal\JLink\&&_PRJ_NAME&& Debug Multicore (JLink).launch 时发生了 org.xml.sax.SAXParseException; lineNumber: 3; columnNumber: 66; 在实体引用中, 实体名称必须紧跟在 '&' 后面。。
	at org.eclipse.debug.internal.core.LaunchManager.createDebugException(LaunchManager.java:886)
	at org.eclipse.debug.internal.core.LaunchManager.throwException(LaunchManager.java:2448)
	at org.eclipse.debug.internal.core.LaunchManager.getInfo(LaunchManager.java:1366)
	at org.eclipse.debug.internal.core.LaunchConfiguration.getInfo(LaunchConfiguration.java:490)
	at org.eclipse.debug.internal.core.LaunchConfiguration.getType(LaunchConfiguration.java:645)
	at org.eclipse.debug.internal.core.LaunchManager.isValid(LaunchManager.java:2091)
	at org.eclipse.debug.internal.core.LaunchManager.verifyConfigurations(LaunchManager.java:2462)
	at org.eclipse.debug.internal.core.LaunchManager.getAllLaunchConfigurations(LaunchManager.java:1140)
	at org.eclipse.debug.internal.core.LaunchManager.getLaunchConfigurations(LaunchManager.java:1444)
	at org.eclipse.debug.internal.core.LaunchManager.getLaunchConfigurations(LaunchManager.java:1439)
	at org.eclipse.launchbar.core.internal.LaunchBarManager.init(LaunchBarManager.java:130)
	at org.eclipse.launchbar.core.internal.LaunchBarManager$1.run(LaunchBarManager.java:96)
	at org.eclipse.core.internal.jobs.Worker.run(Worker.java:63)
Caused by: org.xml.sax.SAXParseException; lineNumber: 3; columnNumber: 66; 在实体引用中, 实体名称必须紧跟在 '&' 后面。
	at com.sun.org.apache.xerces.internal.util.ErrorHandlerWrapper.createSAXParseException(ErrorHandlerWrapper.java:203)
	at com.sun.org.apache.xerces.internal.util.ErrorHandlerWrapper.fatalError(ErrorHandlerWrapper.java:177)
	at com.sun.org.apache.xerces.internal.impl.XMLErrorReporter.reportError(XMLErrorReporter.java:400)
	at com.sun.org.apache.xerces.internal.impl.XMLErrorReporter.reportError(XMLErrorReporter.java:327)
	at com.sun.org.apache.xerces.internal.impl.XMLScanner.reportFatalError(XMLScanner.java:1472)
	at com.sun.org.apache.xerces.internal.impl.XMLScanner.scanAttributeValue(XMLScanner.java:908)
	at com.sun.org.apache.xerces.internal.impl.XMLDocumentFragmentScannerImpl.scanAttribute(XMLDocumentFragmentScannerImpl.java:1548)
	at com.sun.org.apache.xerces.internal.impl.XMLDocumentFragmentScannerImpl.scanStartElement(XMLDocumentFragmentScannerImpl.java:1315)
	at com.sun.org.apache.xerces.internal.impl.XMLDocumentFragmentScannerImpl$FragmentContentDriver.next(XMLDocumentFragmentScannerImpl.java:2784)
	at com.sun.org.apache.xerces.internal.impl.XMLDocumentScannerImpl.next(XMLDocumentScannerImpl.java:602)
	at com.sun.org.apache.xerces.internal.impl.XMLDocumentFragmentScannerImpl.scanDocument(XMLDocumentFragmentScannerImpl.java:505)
	at com.sun.org.apache.xerces.internal.parsers.XML11Configuration.parse(XML11Configuration.java:841)
	at com.sun.org.apache.xerces.internal.parsers.XML11Configuration.parse(XML11Configuration.java:770)
	at com.sun.org.apache.xerces.internal.parsers.XMLParser.parse(XMLParser.java:141)
	at com.sun.org.apache.xerces.internal.parsers.DOMParser.parse(DOMParser.java:243)
	at com.sun.org.apache.xerces.internal.jaxp.DocumentBuilderImpl.parse(DocumentBuilderImpl.java:339)
	at org.eclipse.debug.internal.core.LaunchManager.createInfoFromXML(LaunchManager.java:935)
	at org.eclipse.debug.internal.core.LaunchManager.getInfo(LaunchManager.java:1359)
	... 10 more
!SUBENTRY 1 org.eclipse.debug.core 4 5012 2026-07-28 11:20:41.367
!MESSAGE 读取启动配置文件 F:\code\vibe_project\rollerball\M55\libraries\components\mtb-device-support-pse8xxgp\make\make\scripts\interface_version_4\eclipse\Application\flash\normal\JLink\&&_PRJ_NAME&& Debug Multicore (JLink).launch 时发生了 org.xml.sax.SAXParseException; lineNumber: 3; columnNumber: 66; 在实体引用中, 实体名称必须紧跟在 '&' 后面。。
!STACK 0
org.xml.sax.SAXParseException; lineNumber: 3; columnNumber: 66; 在实体引用中, 实体名称必须紧跟在 '&' 后面。
	at com.sun.org.apache.xerces.internal.util.ErrorHandlerWrapper.createSAXParseException(ErrorHandlerWrapper.java:203)
	at com.sun.org.apache.xerces.internal.util.ErrorHandlerWrapper.fatalError(ErrorHandlerWrapper.java:177)
	at com.sun.org.apache.xerces.internal.impl.XMLErrorReporter.reportError(XMLErrorReporter.java:400)
	at com.sun.org.apache.xerces.internal.impl.XMLErrorReporter.reportError(XMLErrorReporter.java:327)
	at com.sun.org.apache.xerces.internal.impl.XMLScanner.reportFatalError(XMLScanner.java:1472)
	at com.sun.org.apache.xerces.internal.impl.XMLScanner.scanAttributeValue(XMLScanner.java:908)
	at com.sun.org.apache.xerces.internal.impl.XMLDocumentFragmentScannerImpl.scanAttribute(XMLDocumentFragmentScannerImpl.java:1548)
	at com.sun.org.apache.xerces.internal.impl.XMLDocumentFragmentScannerImpl.scanStartElement(XMLDocumentFragmentScannerImpl.java:1315)
	at com.sun.org.apache.xerces.internal.impl.XMLDocumentFragmentScannerImpl$FragmentContentDriver.next(XMLDocumentFragmentScannerImpl.java:2784)
	at com.sun.org.apache.xerces.internal.impl.XMLDocumentScannerImpl.next(XMLDocumentScannerImpl.java:602)
	at com.sun.org.apache.xerces.internal.impl.XMLDocumentFragmentScannerImpl.scanDocument(XMLDocumentFragmentScannerImpl.java:505)
	at com.sun.org.apache.xerces.internal.parsers.XML11Configuration.parse(XML11Configuration.java:841)
	at com.sun.org.apache.xerces.internal.parsers.XML11Configuration.parse(XML11Configuration.java:770)
	at com.sun.org.apache.xerces.internal.parsers.XMLParser.parse(XMLParser.java:141)
	at com.sun.org.apache.xerces.internal.parsers.DOMParser.parse(DOMParser.java:243)
	at com.sun.org.apache.xerces.internal.jaxp.DocumentBuilderImpl.parse(DocumentBuilderImpl.java:339)
	at org.eclipse.debug.internal.core.LaunchManager.createInfoFromXML(LaunchManager.java:935)
	at org.eclipse.debug.internal.core.LaunchManager.getInfo(LaunchManager.java:1359)
	at org.eclipse.debug.internal.core.LaunchConfiguration.getInfo(LaunchConfiguration.java:490)
	at org.eclipse.debug.internal.core.LaunchConfiguration.getType(LaunchConfiguration.java:645)
	at org.eclipse.debug.internal.core.LaunchManager.isValid(LaunchManager.java:2091)
	at org.eclipse.debug.internal.core.LaunchManager.verifyConfigurations(LaunchManager.java:2462)
	at org.eclipse.debug.internal.core.LaunchManager.getAllLaunchConfigurations(LaunchManager.java:1140)
	at org.eclipse.debug.internal.core.LaunchManager.getLaunchConfigurations(LaunchManager.java:1444)
	at org.eclipse.debug.internal.core.LaunchManager.getLaunchConfigurations(LaunchManager.java:1439)
	at org.eclipse.launchbar.core.internal.LaunchBarManager.init(LaunchBarManager.java:130)
	at org.eclipse.launchbar.core.internal.LaunchBarManager$1.run(LaunchBarManager.java:96)
	at org.eclipse.core.internal.jobs.Worker.run(Worker.java:63)

!ENTRY org.eclipse.debug.core 4 125 2026-07-28 11:20:41.368
!MESSAGE 调试核心所记录的错误：
!STACK 1
org.eclipse.debug.core.DebugException: 读取启动配置文件 F:\code\vibe_project\rollerball\M55\libraries\components\mtb-device-support-pse8xxgp\make\make\scripts\interface_version_4\eclipse\Application\flash\normal\KitProg3\&&_APP_NAME&& Debug MultiCore (KitProg3_MiniProg4).launch 时发生了 org.xml.sax.SAXParseException; lineNumber: 3; columnNumber: 66; 在实体引用中, 实体名称必须紧跟在 '&' 后面。。
	at org.eclipse.debug.internal.core.LaunchManager.createDebugException(LaunchManager.java:886)
	at org.eclipse.debug.internal.core.LaunchManager.throwException(LaunchManager.java:2448)
	at org.eclipse.debug.internal.core.LaunchManager.getInfo(LaunchManager.java:1366)
	at org.eclipse.debug.internal.core.LaunchConfiguration.getInfo(LaunchConfiguration.java:490)
	at org.eclipse.debug.internal.core.LaunchConfiguration.getType(LaunchConfiguration.java:645)
	at org.eclipse.debug.internal.core.LaunchManager.isValid(LaunchManager.java:2091)
	at org.eclipse.debug.internal.core.LaunchManager.verifyConfigurations(LaunchManager.java:2462)
	at org.eclipse.debug.internal.core.LaunchManager.getAllLaunchConfigurations(LaunchManager.java:1140)
	at org.eclipse.debug.internal.core.LaunchManager.getLaunchConfigurations(LaunchManager.java:1444)
	at org.eclipse.debug.internal.core.LaunchManager.getLaunchConfigurations(LaunchManager.java:1439)
	at org.eclipse.launchbar.core.internal.LaunchBarManager.init(LaunchBarManager.java:130)
	at org.eclipse.launchbar.core.internal.LaunchBarManager$1.run(LaunchBarManager.java:96)
	at org.eclipse.core.internal.jobs.Worker.run(Worker.java:63)
Caused by: org.xml.sax.SAXParseException; lineNumber: 3; columnNumber: 66; 在实体引用中, 实体名称必须紧跟在 '&' 后面。
	at com.sun.org.apache.xerces.internal.util.ErrorHandlerWrapper.createSAXParseException(ErrorHandlerWrapper.java:203)
	at com.sun.org.apache.xerces.internal.util.ErrorHandlerWrapper.fatalError(ErrorHandlerWrapper.java:177)
	at com.sun.org.apache.xerces.internal.impl.XMLErrorReporter.reportError(XMLErrorReporter.java:400)
	at com.sun.org.apache.xerces.internal.impl.XMLErrorReporter.reportError(XMLErrorReporter.java:327)
	at com.sun.org.apache.xerces.internal.impl.XMLScanner.reportFatalError(XMLScanner.java:1472)
	at com.sun.org.apache.xerces.internal.impl.XMLScanner.scanAttributeValue(XMLScanner.java:908)
	at com.sun.org.apache.xerces.internal.impl.XMLDocumentFragmentScannerImpl.scanAttribute(XMLDocumentFragmentScannerImpl.java:1548)
	at com.sun.org.apache.xerces.internal.impl.XMLDocumentFragmentScannerImpl.scanStartElement(XMLDocumentFragmentScannerImpl.java:1315)
	at com.sun.org.apache.xerces.internal.impl.XMLDocumentFragmentScannerImpl$FragmentContentDriver.next(XMLDocumentFragmentScannerImpl.java:2784)
	at com.sun.org.apache.xerces.internal.impl.XMLDocumentScannerImpl.next(XMLDocumentScannerImpl.java:602)
	at com.sun.org.apache.xerces.internal.impl.XMLDocumentFragmentScannerImpl.scanDocument(XMLDocumentFragmentScannerImpl.java:505)
	at com.sun.org.apache.xerces.internal.parsers.XML11Configuration.parse(XML11Configuration.java:841)
	at com.sun.org.apache.xerces.internal.parsers.XML11Configuration.parse(XML11Configuration.java:770)
	at com.sun.org.apache.xerces.internal.parsers.XMLParser.parse(XMLParser.java:141)
	at com.sun.org.apache.xerces.internal.parsers.DOMParser.parse(DOMParser.java:243)
	at com.sun.org.apache.xerces.internal.jaxp.DocumentBuilderImpl.parse(DocumentBuilderImpl.java:339)
	at org.eclipse.debug.internal.core.LaunchManager.createInfoFromXML(LaunchManager.java:935)
	at org.eclipse.debug.internal.core.LaunchManager.getInfo(LaunchManager.java:1359)
	... 10 more
!SUBENTRY 1 org.eclipse.debug.core 4 5012 2026-07-28 11:20:41.368
!MESSAGE 读取启动配置文件 F:\code\vibe_project\rollerball\M55\libraries\components\mtb-device-support-pse8xxgp\make\make\scripts\interface_version_4\eclipse\Application\flash\normal\KitProg3\&&_APP_NAME&& Debug MultiCore (KitProg3_MiniProg4).launch 时发生了 org.xml.sax.SAXParseException; lineNumber: 3; columnNumber: 66; 在实体引用中, 实体名称必须紧跟在 '&' 后面。。
!STACK 0
org.xml.sax.SAXParseException; lineNumber: 3; columnNumber: 66; 在实体引用中, 实体名称必须紧跟在 '&' 后面。
	at com.sun.org.apache.xerces.internal.util.ErrorHandlerWrapper.createSAXParseException(ErrorHandlerWrapper.java:203)
	at com.sun.org.apache.xerces.internal.util.ErrorHandlerWrapper.fatalError(ErrorHandlerWrapper.java:177)
	at com.sun.org.apache.xerces.internal.impl.XMLErrorReporter.reportError(XMLErrorReporter.java:400)
	at com.sun.org.apache.xerces.internal.impl.XMLErrorReporter.reportError(XMLErrorReporter.java:327)
	at com.sun.org.apache.xerces.internal.impl.XMLScanner.reportFatalError(XMLScanner.java:1472)
	at com.sun.org.apache.xerces.internal.impl.XMLScanner.scanAttributeValue(XMLScanner.java:908)
	at com.sun.org.apache.xerces.internal.impl.XMLDocumentFragmentScannerImpl.scanAttribute(XMLDocumentFragmentScannerImpl.java:1548)
	at com.sun.org.apache.xerces.internal.impl.XMLDocumentFragmentScannerImpl.scanStartElement(XMLDocumentFragmentScannerImpl.java:1315)
	at com.sun.org.apache.xerces.internal.impl.XMLDocumentFragmentScannerImpl$FragmentContentDriver.next(XMLDocumentFragmentScannerImpl.java:2784)
	at com.sun.org.apache.xerces.internal.impl.XMLDocumentScannerImpl.next(XMLDocumentScannerImpl.java:602)
	at com.sun.org.apache.xerces.internal.impl.XMLDocumentFragmentScannerImpl.scanDocument(XMLDocumentFragmentScannerImpl.java:505)
	at com.sun.org.apache.xerces.internal.parsers.XML11Configuration.parse(XML11Configuration.java:841)
	at com.sun.org.apache.xerces.internal.parsers.XML11Configuration.parse(XML11Configuration.java:770)
	at com.sun.org.apache.xerces.internal.parsers.XMLParser.parse(XMLParser.java:141)
	at com.sun.org.apache.xerces.internal.parsers.DOMParser.parse(DOMParser.java:243)
	at com.sun.org.apache.xerces.internal.jaxp.DocumentBuilderImpl.parse(DocumentBuilderImpl.java:339)
	at org.eclipse.debug.internal.core.LaunchManager.createInfoFromXML(LaunchManager.java:935)
	at org.eclipse.debug.internal.core.LaunchManager.getInfo(LaunchManager.java:1359)
	at org.eclipse.debug.internal.core.LaunchConfiguration.getInfo(LaunchConfiguration.java:490)
	at org.eclipse.debug.internal.core.LaunchConfiguration.getType(LaunchConfiguration.java:645)
	at org.eclipse.debug.internal.core.LaunchManager.isValid(LaunchManager.java:2091)
	at org.eclipse.debug.internal.core.LaunchManager.verifyConfigurations(LaunchManager.java:2462)
	at org.eclipse.debug.internal.core.LaunchManager.getAllLaunchConfigurations(LaunchManager.java:1140)
	at org.eclipse.debug.internal.core.LaunchManager.getLaunchConfigurations(LaunchManager.java:1444)
	at org.eclipse.debug.internal.core.LaunchManager.getLaunchConfigurations(LaunchManager.java:1439)
	at org.eclipse.launchbar.core.internal.LaunchBarManager.init(LaunchBarManager.java:130)
	at org.eclipse.launchbar.core.internal.LaunchBarManager$1.run(LaunchBarManager.java:96)
	at org.eclipse.core.internal.jobs.Worker.run(Worker.java:63)

!ENTRY org.eclipse.debug.core 4 125 2026-07-28 11:20:41.370
!MESSAGE 调试核心所记录的错误：
!STACK 1
org.eclipse.debug.core.DebugException: 读取启动配置文件 F:\code\vibe_project\rollerball\M55\libraries\components\mtb-device-support-pse8xxgp\make\make\scripts\interface_version_4\eclipse\Application\flash\normal\KitProg3\&&_PRJ_NAME&& Debug Multicore (KitProg3_MiniProg4).launch 时发生了 org.xml.sax.SAXParseException; lineNumber: 3; columnNumber: 66; 在实体引用中, 实体名称必须紧跟在 '&' 后面。。
	at org.eclipse.debug.internal.core.LaunchManager.createDebugException(LaunchManager.java:886)
	at org.eclipse.debug.internal.core.LaunchManager.throwException(LaunchManager.java:2448)
	at org.eclipse.debug.internal.core.LaunchManager.getInfo(LaunchManager.java:1366)
	at org.eclipse.debug.internal.core.LaunchConfiguration.getInfo(LaunchConfiguration.java:490)
	at org.eclipse.debug.internal.core.LaunchConfiguration.getType(LaunchConfiguration.java:645)
	at org.eclipse.debug.internal.core.LaunchManager.isValid(LaunchManager.java:2091)
	at org.eclipse.debug.internal.core.LaunchManager.verifyConfigurations(LaunchManager.java:2462)
	at org.eclipse.debug.internal.core.LaunchManager.getAllLaunchConfigurations(LaunchManager.java:1140)
	at org.eclipse.debug.internal.core.LaunchManager.getLaunchConfigurations(LaunchManager.java:1444)
	at org.eclipse.debug.internal.core.LaunchManager.getLaunchConfigurations(LaunchManager.java:1439)
	at org.eclipse.launchbar.core.internal.LaunchBarManager.init(LaunchBarManager.java:130)
	at org.eclipse.launchbar.core.internal.LaunchBarManager$1.run(LaunchBarManager.java:96)
	at org.eclipse.core.internal.jobs.Worker.run(Worker.java:63)
Caused by: org.xml.sax.SAXParseException; lineNumber: 3; columnNumber: 66; 在实体引用中, 实体名称必须紧跟在 '&' 后面。
	at com.sun.org.apache.xerces.internal.util.ErrorHandlerWrapper.createSAXParseException(ErrorHandlerWrapper.java:203)
	at com.sun.org.apache.xerces.internal.util.ErrorHandlerWrapper.fatalError(ErrorHandlerWrapper.java:177)
	at com.sun.org.apache.xerces.internal.impl.XMLErrorReporter.reportError(XMLErrorReporter.java:400)
	at com.sun.org.apache.xerces.internal.impl.XMLErrorReporter.reportError(XMLErrorReporter.java:327)
	at com.sun.org.apache.xerces.internal.impl.XMLScanner.reportFatalError(XMLScanner.java:1472)
	at com.sun.org.apache.xerces.internal.impl.XMLScanner.scanAttributeValue(XMLScanner.java:908)
	at com.sun.org.apache.xerces.internal.impl.XMLDocumentFragmentScannerImpl.scanAttribute(XMLDocumentFragmentScannerImpl.java:1548)
	at com.sun.org.apache.xerces.internal.impl.XMLDocumentFragmentScannerImpl.scanStartElement(XMLDocumentFragmentScannerImpl.java:1315)
	at com.sun.org.apache.xerces.internal.impl.XMLDocumentFragmentScannerImpl$FragmentContentDriver.next(XMLDocumentFragmentScannerImpl.java:2784)
	at com.sun.org.apache.xerces.internal.impl.XMLDocumentScannerImpl.next(XMLDocumentScannerImpl.java:602)
	at com.sun.org.apache.xerces.internal.impl.XMLDocumentFragmentScannerImpl.scanDocument(XMLDocumentFragmentScannerImpl.java:505)
	at com.sun.org.apache.xerces.internal.parsers.XML11Configuration.parse(XML11Configuration.java:841)
	at com.sun.org.apache.xerces.internal.parsers.XML11Configuration.parse(XML11Configuration.java:770)
	at com.sun.org.apache.xerces.internal.parsers.XMLParser.parse(XMLParser.java:141)
	at com.sun.org.apache.xerces.internal.parsers.DOMParser.parse(DOMParser.java:243)
	at com.sun.org.apache.xerces.internal.jaxp.DocumentBuilderImpl.parse(DocumentBuilderImpl.java:339)
	at org.eclipse.debug.internal.core.LaunchManager.createInfoFromXML(LaunchManager.java:935)
	at org.eclipse.debug.internal.core.LaunchManager.getInfo(LaunchManager.java:1359)
	... 10 more
!SUBENTRY 1 org.eclipse.debug.core 4 5012 2026-07-28 11:20:41.370
!MESSAGE 读取启动配置文件 F:\code\vibe_project\rollerball\M55\libraries\components\mtb-device-support-pse8xxgp\make\make\scripts\interface_version_4\eclipse\Application\flash\normal\KitProg3\&&_PRJ_NAME&& Debug Multicore (KitProg3_MiniProg4).launch 时发生了 org.xml.sax.SAXParseException; lineNumber: 3; columnNumber: 66; 在实体引用中, 实体名称必须紧跟在 '&' 后面。。
!STACK 0
org.xml.sax.SAXParseException; lineNumber: 3; columnNumber: 66; 在实体引用中, 实体名称必须紧跟在 '&' 后面。
	at com.sun.org.apache.xerces.internal.util.ErrorHandlerWrapper.createSAXParseException(ErrorHandlerWrapper.java:203)
	at com.sun.org.apache.xerces.internal.util.ErrorHandlerWrapper.fatalError(ErrorHandlerWrapper.java:177)
	at com.sun.org.apache.xerces.internal.impl.XMLErrorReporter.reportError(XMLErrorReporter.java:400)
	at com.sun.org.apache.xerces.internal.impl.XMLErrorReporter.reportError(XMLErrorReporter.java:327)
	at com.sun.org.apache.xerces.internal.impl.XMLScanner.reportFatalError(XMLScanner.java:1472)
	at com.sun.org.apache.xerces.internal.impl.XMLScanner.scanAttributeValue(XMLScanner.java:908)
	at com.sun.org.apache.xerces.internal.impl.XMLDocumentFragmentScannerImpl.scanAttribute(XMLDocumentFragmentScannerImpl.java:1548)
	at com.sun.org.apache.xerces.internal.impl.XMLDocumentFragmentScannerImpl.scanStartElement(XMLDocumentFragmentScannerImpl.java:1315)
	at com.sun.org.apache.xerces.internal.impl.XMLDocumentFragmentScannerImpl$FragmentContentDriver.next(XMLDocumentFragmentScannerImpl.java:2784)
	at com.sun.org.apache.xerces.internal.impl.XMLDocumentScannerImpl.next(XMLDocumentScannerImpl.java:602)
	at com.sun.org.apache.xerces.internal.impl.XMLDocumentFragmentScannerImpl.scanDocument(XMLDocumentFragmentScannerImpl.java:505)
	at com.sun.org.apache.xerces.internal.parsers.XML11Configuration.parse(XML11Configuration.java:841)
	at com.sun.org.apache.xerces.internal.parsers.XML11Configuration.parse(XML11Configuration.java:770)
	at com.sun.org.apache.xerces.internal.parsers.XMLParser.parse(XMLParser.java:141)
	at com.sun.org.apache.xerces.internal.parsers.DOMParser.parse(DOMParser.java:243)
	at com.sun.org.apache.xerces.internal.jaxp.DocumentBuilderImpl.parse(DocumentBuilderImpl.java:339)
	at org.eclipse.debug.internal.core.LaunchManager.createInfoFromXML(LaunchManager.java:935)
	at org.eclipse.debug.internal.core.LaunchManager.getInfo(LaunchManager.java:1359)
	at org.eclipse.debug.internal.core.LaunchConfiguration.getInfo(LaunchConfiguration.java:490)
	at org.eclipse.debug.internal.core.LaunchConfiguration.getType(LaunchConfiguration.java:645)
	at org.eclipse.debug.internal.core.LaunchManager.isValid(LaunchManager.java:2091)
	at org.eclipse.debug.internal.core.LaunchManager.verifyConfigurations(LaunchManager.java:2462)
	at org.eclipse.debug.internal.core.LaunchManager.getAllLaunchConfigurations(LaunchManager.java:1140)
	at org.eclipse.debug.internal.core.LaunchManager.getLaunchConfigurations(LaunchManager.java:1444)
	at org.eclipse.debug.internal.core.LaunchManager.getLaunchConfigurations(LaunchManager.java:1439)
	at org.eclipse.launchbar.core.internal.LaunchBarManager.init(LaunchBarManager.java:130)
	at org.eclipse.launchbar.core.internal.LaunchBarManager$1.run(LaunchBarManager.java:96)
	at org.eclipse.core.internal.jobs.Worker.run(Worker.java:63)

!ENTRY org.eclipse.debug.core 4 125 2026-07-28 11:20:41.372
!MESSAGE 调试核心所记录的错误：
!STACK 1
org.eclipse.debug.core.DebugException: 读取启动配置文件 F:\code\vibe_project\rollerball\M55\libraries\components\mtb-device-support-pse8xxgp\make\make\scripts\interface_version_4\eclipse\Application\flash\virgin\JLink\any\&&_PRJ_NAME&& Attach (JLink).launch 时发生了 org.xml.sax.SAXParseException; lineNumber: 3; columnNumber: 66; 在实体引用中, 实体名称必须紧跟在 '&' 后面。。
	at org.eclipse.debug.internal.core.LaunchManager.createDebugException(LaunchManager.java:886)
	at org.eclipse.debug.internal.core.LaunchManager.throwException(LaunchManager.java:2448)
	at org.eclipse.debug.internal.core.LaunchManager.getInfo(LaunchManager.java:1366)
	at org.eclipse.debug.internal.core.LaunchConfiguration.getInfo(LaunchConfiguration.java:490)
	at org.eclipse.debug.internal.core.LaunchConfiguration.getType(LaunchConfiguration.java:645)
	at org.eclipse.debug.internal.core.LaunchManager.isValid(LaunchManager.java:2091)
	at org.eclipse.debug.internal.core.LaunchManager.verifyConfigurations(LaunchManager.java:2462)
	at org.eclipse.debug.internal.core.LaunchManager.getAllLaunchConfigurations(LaunchManager.java:1140)
	at org.eclipse.debug.internal.core.LaunchManager.getLaunchConfigurations(LaunchManager.java:1444)
	at org.eclipse.debug.internal.core.LaunchManager.getLaunchConfigurations(LaunchManager.java:1439)
	at org.eclipse.launchbar.core.internal.LaunchBarManager.init(LaunchBarManager.java:130)
	at org.eclipse.launchbar.core.internal.LaunchBarManager$1.run(LaunchBarManager.java:96)
	at org.eclipse.core.internal.jobs.Worker.run(Worker.java:63)
Caused by: org.xml.sax.SAXParseException; lineNumber: 3; columnNumber: 66; 在实体引用中, 实体名称必须紧跟在 '&' 后面。
	at com.sun.org.apache.xerces.internal.util.ErrorHandlerWrapper.createSAXParseException(ErrorHandlerWrapper.java:203)
	at com.sun.org.apache.xerces.internal.util.ErrorHandlerWrapper.fatalError(ErrorHandlerWrapper.java:177)
	at com.sun.org.apache.xerces.internal.impl.XMLErrorReporter.reportError(XMLErrorReporter.java:400)
	at com.sun.org.apache.xerces.internal.impl.XMLErrorReporter.reportError(XMLErrorReporter.java:327)
	at com.sun.org.apache.xerces.internal.impl.XMLScanner.reportFatalError(XMLScanner.java:1472)
	at com.sun.org.apache.xerces.internal.impl.XMLScanner.scanAttributeValue(XMLScanner.java:908)
	at com.sun.org.apache.xerces.internal.impl.XMLDocumentFragmentScannerImpl.scanAttribute(XMLDocumentFragmentScannerImpl.java:1548)
	at com.sun.org.apache.xerces.internal.impl.XMLDocumentFragmentScannerImpl.scanStartElement(XMLDocumentFragmentScannerImpl.java:1315)
	at com.sun.org.apache.xerces.internal.impl.XMLDocumentFragmentScannerImpl$FragmentContentDriver.next(XMLDocumentFragmentScannerImpl.java:2784)
	at com.sun.org.apache.xerces.internal.impl.XMLDocumentScannerImpl.next(XMLDocumentScannerImpl.java:602)
	at com.sun.org.apache.xerces.internal.impl.XMLDocumentFragmentScannerImpl.scanDocument(XMLDocumentFragmentScannerImpl.java:505)
	at com.sun.org.apache.xerces.internal.parsers.XML11Configuration.parse(XML11Configuration.java:841)
	at com.sun.org.apache.xerces.internal.parsers.XML11Configuration.parse(XML11Configuration.java:770)
	at com.sun.org.apache.xerces.internal.parsers.XMLParser.parse(XMLParser.java:141)
	at com.sun.org.apache.xerces.internal.parsers.DOMParser.parse(DOMParser.java:243)
	at com.sun.org.apache.xerces.internal.jaxp.DocumentBuilderImpl.parse(DocumentBuilderImpl.java:339)
	at org.eclipse.debug.internal.core.LaunchManager.createInfoFromXML(LaunchManager.java:935)
	at org.eclipse.debug.internal.core.LaunchManager.getInfo(LaunchManager.java:1359)
	... 10 more
!SUBENTRY 1 org.eclipse.debug.core 4 5012 2026-07-28 11:20:41.372
!MESSAGE 读取启动配置文件 F:\code\vibe_project\rollerball\M55\libraries\components\mtb-device-support-pse8xxgp\make\make\scripts\interface_version_4\eclipse\Application\flash\virgin\JLink\any\&&_PRJ_NAME&& Attach (JLink).launch 时发生了 org.xml.sax.SAXParseException; lineNumber: 3; columnNumber: 66; 在实体引用中, 实体名称必须紧跟在 '&' 后面。。
!STACK 0
org.xml.sax.SAXParseException; lineNumber: 3; columnNumber: 66; 在实体引用中, 实体名称必须紧跟在 '&' 后面。
	at com.sun.org.apache.xerces.internal.util.ErrorHandlerWrapper.createSAXParseException(ErrorHandlerWrapper.java:203)
	at com.sun.org.apache.xerces.internal.util.ErrorHandlerWrapper.fatalError(ErrorHandlerWrapper.java:177)
	at com.sun.org.apache.xerces.internal.impl.XMLErrorReporter.reportError(XMLErrorReporter.java:400)
	at com.sun.org.apache.xerces.internal.impl.XMLErrorReporter.reportError(XMLErrorReporter.java:327)
	at com.sun.org.apache.xerces.internal.impl.XMLScanner.reportFatalError(XMLScanner.java:1472)
	at com.sun.org.apache.xerces.internal.impl.XMLScanner.scanAttributeValue(XMLScanner.java:908)
	at com.sun.org.apache.xerces.internal.impl.XMLDocumentFragmentScannerImpl.scanAttribute(XMLDocumentFragmentScannerImpl.java:1548)
	at com.sun.org.apache.xerces.internal.impl.XMLDocumentFragmentScannerImpl.scanStartElement(XMLDocumentFragmentScannerImpl.java:1315)
	at com.sun.org.apache.xerces.internal.impl.XMLDocumentFragmentScannerImpl$FragmentContentDriver.next(XMLDocumentFragmentScannerImpl.java:2784)
	at com.sun.org.apache.xerces.internal.impl.XMLDocumentScannerImpl.next(XMLDocumentScannerImpl.java:602)
	at com.sun.org.apache.xerces.internal.impl.XMLDocumentFragmentScannerImpl.scanDocument(XMLDocumentFragmentScannerImpl.java:505)
	at com.sun.org.apache.xerces.internal.parsers.XML11Configuration.parse(XML11Configuration.java:841)
	at com.sun.org.apache.xerces.internal.parsers.XML11Configuration.parse(XML11Configuration.java:770)
	at com.sun.org.apache.xerces.internal.parsers.XMLParser.parse(XMLParser.java:141)
	at com.sun.org.apache.xerces.internal.parsers.DOMParser.parse(DOMParser.java:243)
	at com.sun.org.apache.xerces.internal.jaxp.DocumentBuilderImpl.parse(DocumentBuilderImpl.java:339)
	at org.eclipse.debug.internal.core.LaunchManager.createInfoFromXML(LaunchManager.java:935)
	at org.eclipse.debug.internal.core.LaunchManager.getInfo(LaunchManager.java:1359)
	at org.eclipse.debug.internal.core.LaunchConfiguration.getInfo(LaunchConfiguration.java:490)
	at org.eclipse.debug.internal.core.LaunchConfiguration.getType(LaunchConfiguration.java:645)
	at org.eclipse.debug.internal.core.LaunchManager.isValid(LaunchManager.java:2091)
	at org.eclipse.debug.internal.core.LaunchManager.verifyConfigurations(LaunchManager.java:2462)
	at org.eclipse.debug.internal.core.LaunchManager.getAllLaunchConfigurations(LaunchManager.java:1140)
	at org.eclipse.debug.internal.core.LaunchManager.getLaunchConfigurations(LaunchManager.java:1444)
	at org.eclipse.debug.internal.core.LaunchManager.getLaunchConfigurations(LaunchManager.java:1439)
	at org.eclipse.launchbar.core.internal.LaunchBarManager.init(LaunchBarManager.java:130)
	at org.eclipse.launchbar.core.internal.LaunchBarManager$1.run(LaunchBarManager.java:96)
	at org.eclipse.core.internal.jobs.Worker.run(Worker.java:63)

!ENTRY org.eclipse.debug.core 4 125 2026-07-28 11:20:41.373
!MESSAGE 调试核心所记录的错误：
!STACK 1
org.eclipse.debug.core.DebugException: 读取启动配置文件 F:\code\vibe_project\rollerball\M55\libraries\components\mtb-device-support-pse8xxgp\make\make\scripts\interface_version_4\eclipse\Application\flash\virgin\JLink\any\&&_PRJ_NAME&& Debug (JLink).launch 时发生了 org.xml.sax.SAXParseException; lineNumber: 3; columnNumber: 66; 在实体引用中, 实体名称必须紧跟在 '&' 后面。。
	at org.eclipse.debug.internal.core.LaunchManager.createDebugException(LaunchManager.java:886)
	at org.eclipse.debug.internal.core.LaunchManager.throwException(LaunchManager.java:2448)
	at org.eclipse.debug.internal.core.LaunchManager.getInfo(LaunchManager.java:1366)
	at org.eclipse.debug.internal.core.LaunchConfiguration.getInfo(LaunchConfiguration.java:490)
	at org.eclipse.debug.internal.core.LaunchConfiguration.getType(LaunchConfiguration.java:645)
	at org.eclipse.debug.internal.core.LaunchManager.isValid(LaunchManager.java:2091)
	at org.eclipse.debug.internal.core.LaunchManager.verifyConfigurations(LaunchManager.java:2462)
	at org.eclipse.debug.internal.core.LaunchManager.getAllLaunchConfigurations(LaunchManager.java:1140)
	at org.eclipse.debug.internal.core.LaunchManager.getLaunchConfigurations(LaunchManager.java:1444)
	at org.eclipse.debug.internal.core.LaunchManager.getLaunchConfigurations(LaunchManager.java:1439)
	at org.eclipse.launchbar.core.internal.LaunchBarManager.init(LaunchBarManager.java:130)
	at org.eclipse.launchbar.core.internal.LaunchBarManager$1.run(LaunchBarManager.java:96)
	at org.eclipse.core.internal.jobs.Worker.run(Worker.java:63)
Caused by: org.xml.sax.SAXParseException; lineNumber: 3; columnNumber: 66; 在实体引用中, 实体名称必须紧跟在 '&' 后面。
	at com.sun.org.apache.xerces.internal.util.ErrorHandlerWrapper.createSAXParseException(ErrorHandlerWrapper.java:203)
	at com.sun.org.apache.xerces.internal.util.ErrorHandlerWrapper.fatalError(ErrorHandlerWrapper.java:177)
	at com.sun.org.apache.xerces.internal.impl.XMLErrorReporter.reportError(XMLErrorReporter.java:400)
	at com.sun.org.apache.xerces.internal.impl.XMLErrorReporter.reportError(XMLErrorReporter.java:327)
	at com.sun.org.apache.xerces.internal.impl.XMLScanner.reportFatalError(XMLScanner.java:1472)
	at com.sun.org.apache.xerces.internal.impl.XMLScanner.scanAttributeValue(XMLScanner.java:908)
	at com.sun.org.apache.xerces.internal.impl.XMLDocumentFragmentScannerImpl.scanAttribute(XMLDocumentFragmentScannerImpl.java:1548)
	at com.sun.org.apache.xerces.internal.impl.XMLDocumentFragmentScannerImpl.scanStartElement(XMLDocumentFragmentScannerImpl.java:1315)
	at com.sun.org.apache.xerces.internal.impl.XMLDocumentFragmentScannerImpl$FragmentContentDriver.next(XMLDocumentFragmentScannerImpl.java:2784)
	at com.sun.org.apache.xerces.internal.impl.XMLDocumentScannerImpl.next(XMLDocumentScannerImpl.java:602)
	at com.sun.org.apache.xerces.internal.impl.XMLDocumentFragmentScannerImpl.scanDocument(XMLDocumentFragmentScannerImpl.java:505)
	at com.sun.org.apache.xerces.internal.parsers.XML11Configuration.parse(XML11Configuration.java:841)
	at com.sun.org.apache.xerces.internal.parsers.XML11Configuration.parse(XML11Configuration.java:770)
	at com.sun.org.apache.xerces.internal.parsers.XMLParser.parse(XMLParser.java:141)
	at com.sun.org.apache.xerces.internal.parsers.DOMParser.parse(DOMParser.java:243)
	at com.sun.org.apache.xerces.internal.jaxp.DocumentBuilderImpl.parse(DocumentBuilderImpl.java:339)
	at org.eclipse.debug.internal.core.LaunchManager.createInfoFromXML(LaunchManager.java:935)
	at org.eclipse.debug.internal.core.LaunchManager.getInfo(LaunchManager.java:1359)
	... 10 more
!SUBENTRY 1 org.eclipse.debug.core 4 5012 2026-07-28 11:20:41.373
!MESSAGE 读取启动配置文件 F:\code\vibe_project\rollerball\M55\libraries\components\mtb-device-support-pse8xxgp\make\make\scripts\interface_version_4\eclipse\Application\flash\virgin\JLink\any\&&_PRJ_NAME&& Debug (JLink).launch 时发生了 org.xml.sax.SAXParseException; lineNumber: 3; columnNumber: 66; 在实体引用中, 实体名称必须紧跟在 '&' 后面。。
!STACK 0
org.xml.sax.SAXParseException; lineNumber: 3; columnNumber: 66; 在实体引用中, 实体名称必须紧跟在 '&' 后面。
	at com.sun.org.apache.xerces.internal.util.ErrorHandlerWrapper.createSAXParseException(ErrorHandlerWrapper.java:203)
	at com.sun.org.apache.xerces.internal.util.ErrorHandlerWrapper.fatalError(ErrorHandlerWrapper.java:177)
	at com.sun.org.apache.xerces.internal.impl.XMLErrorReporter.reportError(XMLErrorReporter.java:400)
	at com.sun.org.apache.xerces.internal.impl.XMLErrorReporter.reportError(XMLErrorReporter.java:327)
	at com.sun.org.apache.xerces.internal.impl.XMLScanner.reportFatalError(XMLScanner.java:1472)
	at com.sun.org.apache.xerces.internal.impl.XMLScanner.scanAttributeValue(XMLScanner.java:908)
	at com.sun.org.apache.xerces.internal.impl.XMLDocumentFragmentScannerImpl.scanAttribute(XMLDocumentFragmentScannerImpl.java:1548)
	at com.sun.org.apache.xerces.internal.impl.XMLDocumentFragmentScannerImpl.scanStartElement(XMLDocumentFragmentScannerImpl.java:1315)
	at com.sun.org.apache.xerces.internal.impl.XMLDocumentFragmentScannerImpl$FragmentContentDriver.next(XMLDocumentFragmentScannerImpl.java:2784)
	at com.sun.org.apache.xerces.internal.impl.XMLDocumentScannerImpl.next(XMLDocumentScannerImpl.java:602)
	at com.sun.org.apache.xerces.internal.impl.XMLDocumentFragmentScannerImpl.scanDocument(XMLDocumentFragmentScannerImpl.java:505)
	at com.sun.org.apache.xerces.internal.parsers.XML11Configuration.parse(XML11Configuration.java:841)
	at com.sun.org.apache.xerces.internal.parsers.XML11Configuration.parse(XML11Configuration.java:770)
	at com.sun.org.apache.xerces.internal.parsers.XMLParser.parse(XMLParser.java:141)
	at com.sun.org.apache.xerces.internal.parsers.DOMParser.parse(DOMParser.java:243)
	at com.sun.org.apache.xerces.internal.jaxp.DocumentBuilderImpl.parse(DocumentBuilderImpl.java:339)
	at org.eclipse.debug.internal.core.LaunchManager.createInfoFromXML(LaunchManager.java:935)
	at org.eclipse.debug.internal.core.LaunchManager.getInfo(LaunchManager.java:1359)
	at org.eclipse.debug.internal.core.LaunchConfiguration.getInfo(LaunchConfiguration.java:490)
	at org.eclipse.debug.internal.core.LaunchConfiguration.getType(LaunchConfiguration.java:645)
	at org.eclipse.debug.internal.core.LaunchManager.isValid(LaunchManager.java:2091)
	at org.eclipse.debug.internal.core.LaunchManager.verifyConfigurations(LaunchManager.java:2462)
	at org.eclipse.debug.internal.core.LaunchManager.getAllLaunchConfigurations(LaunchManager.java:1140)
	at org.eclipse.debug.internal.core.LaunchManager.getLaunchConfigurations(LaunchManager.java:1444)
	at org.eclipse.debug.internal.core.LaunchManager.getLaunchConfigurations(LaunchManager.java:1439)
	at org.eclipse.launchbar.core.internal.LaunchBarManager.init(LaunchBarManager.java:130)
	at org.eclipse.launchbar.core.internal.LaunchBarManager$1.run(LaunchBarManager.java:96)
	at org.eclipse.core.internal.jobs.Worker.run(Worker.java:63)

!ENTRY org.eclipse.debug.core 4 125 2026-07-28 11:20:41.374
!MESSAGE 调试核心所记录的错误：
!STACK 1
org.eclipse.debug.core.DebugException: 读取启动配置文件 F:\code\vibe_project\rollerball\M55\libraries\components\mtb-device-support-pse8xxgp\make\make\scripts\interface_version_4\eclipse\Application\flash\virgin\JLink\single\&&_PRJ_NAME&& Erase All (JLink).launch 时发生了 org.xml.sax.SAXParseException; lineNumber: 3; columnNumber: 66; 在实体引用中, 实体名称必须紧跟在 '&' 后面。。
	at org.eclipse.debug.internal.core.LaunchManager.createDebugException(LaunchManager.java:886)
	at org.eclipse.debug.internal.core.LaunchManager.throwException(LaunchManager.java:2448)
	at org.eclipse.debug.internal.core.LaunchManager.getInfo(LaunchManager.java:1366)
	at org.eclipse.debug.internal.core.LaunchConfiguration.getInfo(LaunchConfiguration.java:490)
	at org.eclipse.debug.internal.core.LaunchConfiguration.getType(LaunchConfiguration.java:645)
	at org.eclipse.debug.internal.core.LaunchManager.isValid(LaunchManager.java:2091)
	at org.eclipse.debug.internal.core.LaunchManager.verifyConfigurations(LaunchManager.java:2462)
	at org.eclipse.debug.internal.core.LaunchManager.getAllLaunchConfigurations(LaunchManager.java:1140)
	at org.eclipse.debug.internal.core.LaunchManager.getLaunchConfigurations(LaunchManager.java:1444)
	at org.eclipse.debug.internal.core.LaunchManager.getLaunchConfigurations(LaunchManager.java:1439)
	at org.eclipse.launchbar.core.internal.LaunchBarManager.init(LaunchBarManager.java:130)
	at org.eclipse.launchbar.core.internal.LaunchBarManager$1.run(LaunchBarManager.java:96)
	at org.eclipse.core.internal.jobs.Worker.run(Worker.java:63)
Caused by: org.xml.sax.SAXParseException; lineNumber: 3; columnNumber: 66; 在实体引用中, 实体名称必须紧跟在 '&' 后面。
	at com.sun.org.apache.xerces.internal.util.ErrorHandlerWrapper.createSAXParseException(ErrorHandlerWrapper.java:203)
	at com.sun.org.apache.xerces.internal.util.ErrorHandlerWrapper.fatalError(ErrorHandlerWrapper.java:177)
	at com.sun.org.apache.xerces.internal.impl.XMLErrorReporter.reportError(XMLErrorReporter.java:400)
	at com.sun.org.apache.xerces.internal.impl.XMLErrorReporter.reportError(XMLErrorReporter.java:327)
	at com.sun.org.apache.xerces.internal.impl.XMLScanner.reportFatalError(XMLScanner.java:1472)
	at com.sun.org.apache.xerces.internal.impl.XMLScanner.scanAttributeValue(XMLScanner.java:908)
	at com.sun.org.apache.xerces.internal.impl.XMLDocumentFragmentScannerImpl.scanAttribute(XMLDocumentFragmentScannerImpl.java:1548)
	at com.sun.org.apache.xerces.internal.impl.XMLDocumentFragmentScannerImpl.scanStartElement(XMLDocumentFragmentScannerImpl.java:1315)
	at com.sun.org.apache.xerces.internal.impl.XMLDocumentFragmentScannerImpl$FragmentContentDriver.next(XMLDocumentFragmentScannerImpl.java:2784)
	at com.sun.org.apache.xerces.internal.impl.XMLDocumentScannerImpl.next(XMLDocumentScannerImpl.java:602)
	at com.sun.org.apache.xerces.internal.impl.XMLDocumentFragmentScannerImpl.scanDocument(XMLDocumentFragmentScannerImpl.java:505)
	at com.sun.org.apache.xerces.internal.parsers.XML11Configuration.parse(XML11Configuration.java:841)
	at com.sun.org.apache.xerces.internal.parsers.XML11Configuration.parse(XML11Configuration.java:770)
	at com.sun.org.apache.xerces.internal.parsers.XMLParser.parse(XMLParser.java:141)
	at com.sun.org.apache.xerces.internal.parsers.DOMParser.parse(DOMParser.java:243)
	at com.sun.org.apache.xerces.internal.jaxp.DocumentBuilderImpl.parse(DocumentBuilderImpl.java:339)
	at org.eclipse.debug.internal.core.LaunchManager.createInfoFromXML(LaunchManager.java:935)
	at org.eclipse.debug.internal.core.LaunchManager.getInfo(LaunchManager.java:1359)
	... 10 more
!SUBENTRY 1 org.eclipse.debug.core 4 5012 2026-07-28 11:20:41.374
!MESSAGE 读取启动配置文件 F:\code\vibe_project\rollerball\M55\libraries\components\mtb-device-support-pse8xxgp\make\make\scripts\interface_version_4\eclipse\Application\flash\virgin\JLink\single\&&_PRJ_NAME&& Erase All (JLink).launch 时发生了 org.xml.sax.SAXParseException; lineNumber: 3; columnNumber: 66; 在实体引用中, 实体名称必须紧跟在 '&' 后面。。
!STACK 0
org.xml.sax.SAXParseException; lineNumber: 3; columnNumber: 66; 在实体引用中, 实体名称必须紧跟在 '&' 后面。
	at com.sun.org.apache.xerces.internal.util.ErrorHandlerWrapper.createSAXParseException(ErrorHandlerWrapper.java:203)
	at com.sun.org.apache.xerces.internal.util.ErrorHandlerWrapper.fatalError(ErrorHandlerWrapper.java:177)
	at com.sun.org.apache.xerces.internal.impl.XMLErrorReporter.reportError(XMLErrorReporter.java:400)
	at com.sun.org.apache.xerces.internal.impl.XMLErrorReporter.reportError(XMLErrorReporter.java:327)
	at com.sun.org.apache.xerces.internal.impl.XMLScanner.reportFatalError(XMLScanner.java:1472)
	at com.sun.org.apache.xerces.internal.impl.XMLScanner.scanAttributeValue(XMLScanner.java:908)
	at com.sun.org.apache.xerces.internal.impl.XMLDocumentFragmentScannerImpl.scanAttribute(XMLDocumentFragmentScannerImpl.java:1548)
	at com.sun.org.apache.xerces.internal.impl.XMLDocumentFragmentScannerImpl.scanStartElement(XMLDocumentFragmentScannerImpl.java:1315)
	at com.sun.org.apache.xerces.internal.impl.XMLDocumentFragmentScannerImpl$FragmentContentDriver.next(XMLDocumentFragmentScannerImpl.java:2784)
	at com.sun.org.apache.xerces.internal.impl.XMLDocumentScannerImpl.next(XMLDocumentScannerImpl.java:602)
	at com.sun.org.apache.xerces.internal.impl.XMLDocumentFragmentScannerImpl.scanDocument(XMLDocumentFragmentScannerImpl.java:505)
	at com.sun.org.apache.xerces.internal.parsers.XML11Configuration.parse(XML11Configuration.java:841)
	at com.sun.org.apache.xerces.internal.parsers.XML11Configuration.parse(XML11Configuration.java:770)
	at com.sun.org.apache.xerces.internal.parsers.XMLParser.parse(XMLParser.java:141)
	at com.sun.org.apache.xerces.internal.parsers.DOMParser.parse(DOMParser.java:243)
	at com.sun.org.apache.xerces.internal.jaxp.DocumentBuilderImpl.parse(DocumentBuilderImpl.java:339)
	at org.eclipse.debug.internal.core.LaunchManager.createInfoFromXML(LaunchManager.java:935)
	at org.eclipse.debug.internal.core.LaunchManager.getInfo(LaunchManager.java:1359)
	at org.eclipse.debug.internal.core.LaunchConfiguration.getInfo(LaunchConfiguration.java:490)
	at org.eclipse.debug.internal.core.LaunchConfiguration.getType(LaunchConfiguration.java:645)
	at org.eclipse.debug.internal.core.LaunchManager.isValid(LaunchManager.java:2091)
	at org.eclipse.debug.internal.core.LaunchManager.verifyConfigurations(LaunchManager.java:2462)
	at org.eclipse.debug.internal.core.LaunchManager.getAllLaunchConfigurations(LaunchManager.java:1140)
	at org.eclipse.debug.internal.core.LaunchManager.getLaunchConfigurations(LaunchManager.java:1444)
	at org.eclipse.debug.internal.core.LaunchManager.getLaunchConfigurations(LaunchManager.java:1439)
	at org.eclipse.launchbar.core.internal.LaunchBarManager.init(LaunchBarManager.java:130)
	at org.eclipse.launchbar.core.internal.LaunchBarManager$1.run(LaunchBarManager.java:96)
	at org.eclipse.core.internal.jobs.Worker.run(Worker.java:63)

!ENTRY org.eclipse.debug.core 4 125 2026-07-28 11:20:41.375
!MESSAGE 调试核心所记录的错误：
!STACK 1
org.eclipse.debug.core.DebugException: 读取启动配置文件 F:\code\vibe_project\rollerball\M55\libraries\components\mtb-device-support-pse8xxgp\make\make\scripts\interface_version_4\eclipse\Application\flash\virgin\JLink\single\&&_PRJ_NAME&& Erase Device (JLink).launch 时发生了 org.xml.sax.SAXParseException; lineNumber: 3; columnNumber: 66; 在实体引用中, 实体名称必须紧跟在 '&' 后面。。
	at org.eclipse.debug.internal.core.LaunchManager.createDebugException(LaunchManager.java:886)
	at org.eclipse.debug.internal.core.LaunchManager.throwException(LaunchManager.java:2448)
	at org.eclipse.debug.internal.core.LaunchManager.getInfo(LaunchManager.java:1366)
	at org.eclipse.debug.internal.core.LaunchConfiguration.getInfo(LaunchConfiguration.java:490)
	at org.eclipse.debug.internal.core.LaunchConfiguration.getType(LaunchConfiguration.java:645)
	at org.eclipse.debug.internal.core.LaunchManager.isValid(LaunchManager.java:2091)
	at org.eclipse.debug.internal.core.LaunchManager.verifyConfigurations(LaunchManager.java:2462)
	at org.eclipse.debug.internal.core.LaunchManager.getAllLaunchConfigurations(LaunchManager.java:1140)
	at org.eclipse.debug.internal.core.LaunchManager.getLaunchConfigurations(LaunchManager.java:1444)
	at org.eclipse.debug.internal.core.LaunchManager.getLaunchConfigurations(LaunchManager.java:1439)
	at org.eclipse.launchbar.core.internal.LaunchBarManager.init(LaunchBarManager.java:130)
	at org.eclipse.launchbar.core.internal.LaunchBarManager$1.run(LaunchBarManager.java:96)
	at org.eclipse.core.internal.jobs.Worker.run(Worker.java:63)
Caused by: org.xml.sax.SAXParseException; lineNumber: 3; columnNumber: 66; 在实体引用中, 实体名称必须紧跟在 '&' 后面。
	at com.sun.org.apache.xerces.internal.util.ErrorHandlerWrapper.createSAXParseException(ErrorHandlerWrapper.java:203)
	at com.sun.org.apache.xerces.internal.util.ErrorHandlerWrapper.fatalError(ErrorHandlerWrapper.java:177)
	at com.sun.org.apache.xerces.internal.impl.XMLErrorReporter.reportError(XMLErrorReporter.java:400)
	at com.sun.org.apache.xerces.internal.impl.XMLErrorReporter.reportError(XMLErrorReporter.java:327)
	at com.sun.org.apache.xerces.internal.impl.XMLScanner.reportFatalError(XMLScanner.java:1472)
	at com.sun.org.apache.xerces.internal.impl.XMLScanner.scanAttributeValue(XMLScanner.java:908)
	at com.sun.org.apache.xerces.internal.impl.XMLDocumentFragmentScannerImpl.scanAttribute(XMLDocumentFragmentScannerImpl.java:1548)
	at com.sun.org.apache.xerces.internal.impl.XMLDocumentFragmentScannerImpl.scanStartElement(XMLDocumentFragmentScannerImpl.java:1315)
	at com.sun.org.apache.xerces.internal.impl.XMLDocumentFragmentScannerImpl$FragmentContentDriver.next(XMLDocumentFragmentScannerImpl.java:2784)
	at com.sun.org.apache.xerces.internal.impl.XMLDocumentScannerImpl.next(XMLDocumentScannerImpl.java:602)
	at com.sun.org.apache.xerces.internal.impl.XMLDocumentFragmentScannerImpl.scanDocument(XMLDocumentFragmentScannerImpl.java:505)
	at com.sun.org.apache.xerces.internal.parsers.XML11Configuration.parse(XML11Configuration.java:841)
	at com.sun.org.apache.xerces.internal.parsers.XML11Configuration.parse(XML11Configuration.java:770)
	at com.sun.org.apache.xerces.internal.parsers.XMLParser.parse(XMLParser.java:141)
	at com.sun.org.apache.xerces.internal.parsers.DOMParser.parse(DOMParser.java:243)
	at com.sun.org.apache.xerces.internal.jaxp.DocumentBuilderImpl.parse(DocumentBuilderImpl.java:339)
	at org.eclipse.debug.internal.core.LaunchManager.createInfoFromXML(LaunchManager.java:935)
	at org.eclipse.debug.internal.core.LaunchManager.getInfo(LaunchManager.java:1359)
	... 10 more
!SUBENTRY 1 org.eclipse.debug.core 4 5012 2026-07-28 11:20:41.375
!MESSAGE 读取启动配置文件 F:\code\vibe_project\rollerball\M55\libraries\components\mtb-device-support-pse8xxgp\make\make\scripts\interface_version_4\eclipse\Application\flash\virgin\JLink\single\&&_PRJ_NAME&& Erase Device (JLink).launch 时发生了 org.xml.sax.SAXParseException; lineNumber: 3; columnNumber: 66; 在实体引用中, 实体名称必须紧跟在 '&' 后面。。
!STACK 0
org.xml.sax.SAXParseException; lineNumber: 3; columnNumber: 66; 在实体引用中, 实体名称必须紧跟在 '&' 后面。
	at com.sun.org.apache.xerces.internal.util.ErrorHandlerWrapper.createSAXParseException(ErrorHandlerWrapper.java:203)
	at com.sun.org.apache.xerces.internal.util.ErrorHandlerWrapper.fatalError(ErrorHandlerWrapper.java:177)
	at com.sun.org.apache.xerces.internal.impl.XMLErrorReporter.reportError(XMLErrorReporter.java:400)
	at com.sun.org.apache.xerces.internal.impl.XMLErrorReporter.reportError(XMLErrorReporter.java:327)
	at com.sun.org.apache.xerces.internal.impl.XMLScanner.reportFatalError(XMLScanner.java:1472)
	at com.sun.org.apache.xerces.internal.impl.XMLScanner.scanAttributeValue(XMLScanner.java:908)
	at com.sun.org.apache.xerces.internal.impl.XMLDocumentFragmentScannerImpl.scanAttribute(XMLDocumentFragmentScannerImpl.java:1548)
	at com.sun.org.apache.xerces.internal.impl.XMLDocumentFragmentScannerImpl.scanStartElement(XMLDocumentFragmentScannerImpl.java:1315)
	at com.sun.org.apache.xerces.internal.impl.XMLDocumentFragmentScannerImpl$FragmentContentDriver.next(XMLDocumentFragmentScannerImpl.java:2784)
	at com.sun.org.apache.xerces.internal.impl.XMLDocumentScannerImpl.next(XMLDocumentScannerImpl.java:602)
	at com.sun.org.apache.xerces.internal.impl.XMLDocumentFragmentScannerImpl.scanDocument(XMLDocumentFragmentScannerImpl.java:505)
	at com.sun.org.apache.xerces.internal.parsers.XML11Configuration.parse(XML11Configuration.java:841)
	at com.sun.org.apache.xerces.internal.parsers.XML11Configuration.parse(XML11Configuration.java:770)
	at com.sun.org.apache.xerces.internal.parsers.XMLParser.parse(XMLParser.java:141)
	at com.sun.org.apache.xerces.internal.parsers.DOMParser.parse(DOMParser.java:243)
	at com.sun.org.apache.xerces.internal.jaxp.DocumentBuilderImpl.parse(DocumentBuilderImpl.java:339)
	at org.eclipse.debug.internal.core.LaunchManager.createInfoFromXML(LaunchManager.java:935)
	at org.eclipse.debug.internal.core.LaunchManager.getInfo(LaunchManager.java:1359)
	at org.eclipse.debug.internal.core.LaunchConfiguration.getInfo(LaunchConfiguration.java:490)
	at org.eclipse.debug.internal.core.LaunchConfiguration.getType(LaunchConfiguration.java:645)
	at org.eclipse.debug.internal.core.LaunchManager.isValid(LaunchManager.java:2091)
	at org.eclipse.debug.internal.core.LaunchManager.verifyConfigurations(LaunchManager.java:2462)
	at org.eclipse.debug.internal.core.LaunchManager.getAllLaunchConfigurations(LaunchManager.java:1140)
	at org.eclipse.debug.internal.core.LaunchManager.getLaunchConfigurations(LaunchManager.java:1444)
	at org.eclipse.debug.internal.core.LaunchManager.getLaunchConfigurations(LaunchManager.java:1439)
	at org.eclipse.launchbar.core.internal.LaunchBarManager.init(LaunchBarManager.java:130)
	at org.eclipse.launchbar.core.internal.LaunchBarManager$1.run(LaunchBarManager.java:96)
	at org.eclipse.core.internal.jobs.Worker.run(Worker.java:63)

!ENTRY org.eclipse.debug.core 4 125 2026-07-28 11:20:41.375
!MESSAGE 调试核心所记录的错误：
!STACK 1
org.eclipse.debug.core.DebugException: 读取启动配置文件 F:\code\vibe_project\rollerball\M55\libraries\components\mtb-device-support-pse8xxgp\make\make\scripts\interface_version_4\eclipse\Application\flash\virgin\JLink\single\&&_PRJ_NAME&& Program (JLink).launch 时发生了 org.xml.sax.SAXParseException; lineNumber: 3; columnNumber: 66; 在实体引用中, 实体名称必须紧跟在 '&' 后面。。
	at org.eclipse.debug.internal.core.LaunchManager.createDebugException(LaunchManager.java:886)
	at org.eclipse.debug.internal.core.LaunchManager.throwException(LaunchManager.java:2448)
	at org.eclipse.debug.internal.core.LaunchManager.getInfo(LaunchManager.java:1366)
	at org.eclipse.debug.internal.core.LaunchConfiguration.getInfo(LaunchConfiguration.java:490)
	at org.eclipse.debug.internal.core.LaunchConfiguration.getType(LaunchConfiguration.java:645)
	at org.eclipse.debug.internal.core.LaunchManager.isValid(LaunchManager.java:2091)
	at org.eclipse.debug.internal.core.LaunchManager.verifyConfigurations(LaunchManager.java:2462)
	at org.eclipse.debug.internal.core.LaunchManager.getAllLaunchConfigurations(LaunchManager.java:1140)
	at org.eclipse.debug.internal.core.LaunchManager.getLaunchConfigurations(LaunchManager.java:1444)
	at org.eclipse.debug.internal.core.LaunchManager.getLaunchConfigurations(LaunchManager.java:1439)
	at org.eclipse.launchbar.core.internal.LaunchBarManager.init(LaunchBarManager.java:130)
	at org.eclipse.launchbar.core.internal.LaunchBarManager$1.run(LaunchBarManager.java:96)
	at org.eclipse.core.internal.jobs.Worker.run(Worker.java:63)
Caused by: org.xml.sax.SAXParseException; lineNumber: 3; columnNumber: 66; 在实体引用中, 实体名称必须紧跟在 '&' 后面。
	at com.sun.org.apache.xerces.internal.util.ErrorHandlerWrapper.createSAXParseException(ErrorHandlerWrapper.java:203)
	at com.sun.org.apache.xerces.internal.util.ErrorHandlerWrapper.fatalError(ErrorHandlerWrapper.java:177)
	at com.sun.org.apache.xerces.internal.impl.XMLErrorReporter.reportError(XMLErrorReporter.java:400)
	at com.sun.org.apache.xerces.internal.impl.XMLErrorReporter.reportError(XMLErrorReporter.java:327)
	at com.sun.org.apache.xerces.internal.impl.XMLScanner.reportFatalError(XMLScanner.java:1472)
	at com.sun.org.apache.xerces.internal.impl.XMLScanner.scanAttributeValue(XMLScanner.java:908)
	at com.sun.org.apache.xerces.internal.impl.XMLDocumentFragmentScannerImpl.scanAttribute(XMLDocumentFragmentScannerImpl.java:1548)
	at com.sun.org.apache.xerces.internal.impl.XMLDocumentFragmentScannerImpl.scanStartElement(XMLDocumentFragmentScannerImpl.java:1315)
	at com.sun.org.apache.xerces.internal.impl.XMLDocumentFragmentScannerImpl$FragmentContentDriver.next(XMLDocumentFragmentScannerImpl.java:2784)
	at com.sun.org.apache.xerces.internal.impl.XMLDocumentScannerImpl.next(XMLDocumentScannerImpl.java:602)
	at com.sun.org.apache.xerces.internal.impl.XMLDocumentFragmentScannerImpl.scanDocument(XMLDocumentFragmentScannerImpl.java:505)
	at com.sun.org.apache.xerces.internal.parsers.XML11Configuration.parse(XML11Configuration.java:841)
	at com.sun.org.apache.xerces.internal.parsers.XML11Configuration.parse(XML11Configuration.java:770)
	at com.sun.org.apache.xerces.internal.parsers.XMLParser.parse(XMLParser.java:141)
	at com.sun.org.apache.xerces.internal.parsers.DOMParser.parse(DOMParser.java:243)
	at com.sun.org.apache.xerces.internal.jaxp.DocumentBuilderImpl.parse(DocumentBuilderImpl.java:339)
	at org.eclipse.debug.internal.core.LaunchManager.createInfoFromXML(LaunchManager.java:935)
	at org.eclipse.debug.internal.core.LaunchManager.getInfo(LaunchManager.java:1359)
	... 10 more
!SUBENTRY 1 org.eclipse.debug.core 4 5012 2026-07-28 11:20:41.375
!MESSAGE 读取启动配置文件 F:\code\vibe_project\rollerball\M55\libraries\components\mtb-device-support-pse8xxgp\make\make\scripts\interface_version_4\eclipse\Application\flash\virgin\JLink\single\&&_PRJ_NAME&& Program (JLink).launch 时发生了 org.xml.sax.SAXParseException; lineNumber: 3; columnNumber: 66; 在实体引用中, 实体名称必须紧跟在 '&' 后面。。
!STACK 0
org.xml.sax.SAXParseException; lineNumber: 3; columnNumber: 66; 在实体引用中, 实体名称必须紧跟在 '&' 后面。
	at com.sun.org.apache.xerces.internal.util.ErrorHandlerWrapper.createSAXParseException(ErrorHandlerWrapper.java:203)
	at com.sun.org.apache.xerces.internal.util.ErrorHandlerWrapper.fatalError(ErrorHandlerWrapper.java:177)
	at com.sun.org.apache.xerces.internal.impl.XMLErrorReporter.reportError(XMLErrorReporter.java:400)
	at com.sun.org.apache.xerces.internal.impl.XMLErrorReporter.reportError(XMLErrorReporter.java:327)
	at com.sun.org.apache.xerces.internal.impl.XMLScanner.reportFatalError(XMLScanner.java:1472)
	at com.sun.org.apache.xerces.internal.impl.XMLScanner.scanAttributeValue(XMLScanner.java:908)
	at com.sun.org.apache.xerces.internal.impl.XMLDocumentFragmentScannerImpl.scanAttribute(XMLDocumentFragmentScannerImpl.java:1548)
	at com.sun.org.apache.xerces.internal.impl.XMLDocumentFragmentScannerImpl.scanStartElement(XMLDocumentFragmentScannerImpl.java:1315)
	at com.sun.org.apache.xerces.internal.impl.XMLDocumentFragmentScannerImpl$FragmentContentDriver.next(XMLDocumentFragmentScannerImpl.java:2784)
	at com.sun.org.apache.xerces.internal.impl.XMLDocumentScannerImpl.next(XMLDocumentScannerImpl.java:602)
	at com.sun.org.apache.xerces.internal.impl.XMLDocumentFragmentScannerImpl.scanDocument(XMLDocumentFragmentScannerImpl.java:505)
	at com.sun.org.apache.xerces.internal.parsers.XML11Configuration.parse(XML11Configuration.java:841)
	at com.sun.org.apache.xerces.internal.parsers.XML11Configuration.parse(XML11Configuration.java:770)
	at com.sun.org.apache.xerces.internal.parsers.XMLParser.parse(XMLParser.java:141)
	at com.sun.org.apache.xerces.internal.parsers.DOMParser.parse(DOMParser.java:243)
	at com.sun.org.apache.xerces.internal.jaxp.DocumentBuilderImpl.parse(DocumentBuilderImpl.java:339)
	at org.eclipse.debug.internal.core.LaunchManager.createInfoFromXML(LaunchManager.java:935)
	at org.eclipse.debug.internal.core.LaunchManager.getInfo(LaunchManager.java:1359)
	at org.eclipse.debug.internal.core.LaunchConfiguration.getInfo(LaunchConfiguration.java:490)
	at org.eclipse.debug.internal.core.LaunchConfiguration.getType(LaunchConfiguration.java:645)
	at org.eclipse.debug.internal.core.LaunchManager.isValid(LaunchManager.java:2091)
	at org.eclipse.debug.internal.core.LaunchManager.verifyConfigurations(LaunchManager.java:2462)
	at org.eclipse.debug.internal.core.LaunchManager.getAllLaunchConfigurations(LaunchManager.java:1140)
	at org.eclipse.debug.internal.core.LaunchManager.getLaunchConfigurations(LaunchManager.java:1444)
	at org.eclipse.debug.internal.core.LaunchManager.getLaunchConfigurations(LaunchManager.java:1439)
	at org.eclipse.launchbar.core.internal.LaunchBarManager.init(LaunchBarManager.java:130)
	at org.eclipse.launchbar.core.internal.LaunchBarManager$1.run(LaunchBarManager.java:96)
	at org.eclipse.core.internal.jobs.Worker.run(Worker.java:63)

!ENTRY org.eclipse.debug.core 4 125 2026-07-28 11:20:41.378
!MESSAGE 调试核心所记录的错误：
!STACK 1
org.eclipse.debug.core.DebugException: 读取启动配置文件 F:\code\vibe_project\rollerball\M55\libraries\components\mtb-device-support-pse8xxgp\make\make\scripts\interface_version_4\eclipse\Application\flash\virgin\KitProg3\&&_APP_NAME&& Debug MultiCore (KitProg3_MiniProg4).launch 时发生了 org.xml.sax.SAXParseException; lineNumber: 3; columnNumber: 66; 在实体引用中, 实体名称必须紧跟在 '&' 后面。。
	at org.eclipse.debug.internal.core.LaunchManager.createDebugException(LaunchManager.java:886)
	at org.eclipse.debug.internal.core.LaunchManager.throwException(LaunchManager.java:2448)
	at org.eclipse.debug.internal.core.LaunchManager.getInfo(LaunchManager.java:1366)
	at org.eclipse.debug.internal.core.LaunchConfiguration.getInfo(LaunchConfiguration.java:490)
	at org.eclipse.debug.internal.core.LaunchConfiguration.getType(LaunchConfiguration.java:645)
	at org.eclipse.debug.internal.core.LaunchManager.isValid(LaunchManager.java:2091)
	at org.eclipse.debug.internal.core.LaunchManager.verifyConfigurations(LaunchManager.java:2462)
	at org.eclipse.debug.internal.core.LaunchManager.getAllLaunchConfigurations(LaunchManager.java:1140)
	at org.eclipse.debug.internal.core.LaunchManager.getLaunchConfigurations(LaunchManager.java:1444)
	at org.eclipse.debug.internal.core.LaunchManager.getLaunchConfigurations(LaunchManager.java:1439)
	at org.eclipse.launchbar.core.internal.LaunchBarManager.init(LaunchBarManager.java:130)
	at org.eclipse.launchbar.core.internal.LaunchBarManager$1.run(LaunchBarManager.java:96)
	at org.eclipse.core.internal.jobs.Worker.run(Worker.java:63)
Caused by: org.xml.sax.SAXParseException; lineNumber: 3; columnNumber: 66; 在实体引用中, 实体名称必须紧跟在 '&' 后面。
	at com.sun.org.apache.xerces.internal.util.ErrorHandlerWrapper.createSAXParseException(ErrorHandlerWrapper.java:203)
	at com.sun.org.apache.xerces.internal.util.ErrorHandlerWrapper.fatalError(ErrorHandlerWrapper.java:177)
	at com.sun.org.apache.xerces.internal.impl.XMLErrorReporter.reportError(XMLErrorReporter.java:400)
	at com.sun.org.apache.xerces.internal.impl.XMLErrorReporter.reportError(XMLErrorReporter.java:327)
	at com.sun.org.apache.xerces.internal.impl.XMLScanner.reportFatalError(XMLScanner.java:1472)
	at com.sun.org.apache.xerces.internal.impl.XMLScanner.scanAttributeValue(XMLScanner.java:908)
	at com.sun.org.apache.xerces.internal.impl.XMLDocumentFragmentScannerImpl.scanAttribute(XMLDocumentFragmentScannerImpl.java:1548)
	at com.sun.org.apache.xerces.internal.impl.XMLDocumentFragmentScannerImpl.scanStartElement(XMLDocumentFragmentScannerImpl.java:1315)
	at com.sun.org.apache.xerces.internal.impl.XMLDocumentFragmentScannerImpl$FragmentContentDriver.next(XMLDocumentFragmentScannerImpl.java:2784)
	at com.sun.org.apache.xerces.internal.impl.XMLDocumentScannerImpl.next(XMLDocumentScannerImpl.java:602)
	at com.sun.org.apache.xerces.internal.impl.XMLDocumentFragmentScannerImpl.scanDocument(XMLDocumentFragmentScannerImpl.java:505)
	at com.sun.org.apache.xerces.internal.parsers.XML11Configuration.parse(XML11Configuration.java:841)
	at com.sun.org.apache.xerces.internal.parsers.XML11Configuration.parse(XML11Configuration.java:770)
	at com.sun.org.apache.xerces.internal.parsers.XMLParser.parse(XMLParser.java:141)
	at com.sun.org.apache.xerces.internal.parsers.DOMParser.parse(DOMParser.java:243)
	at com.sun.org.apache.xerces.internal.jaxp.DocumentBuilderImpl.parse(DocumentBuilderImpl.java:339)
	at org.eclipse.debug.internal.core.LaunchManager.createInfoFromXML(LaunchManager.java:935)
	at org.eclipse.debug.internal.core.LaunchManager.getInfo(LaunchManager.java:1359)
	... 10 more
!SUBENTRY 1 org.eclipse.debug.core 4 5012 2026-07-28 11:20:41.378
!MESSAGE 读取启动配置文件 F:\code\vibe_project\rollerball\M55\libraries\components\mtb-device-support-pse8xxgp\make\make\scripts\interface_version_4\eclipse\Application\flash\virgin\KitProg3\&&_APP_NAME&& Debug MultiCore (KitProg3_MiniProg4).launch 时发生了 org.xml.sax.SAXParseException; lineNumber: 3; columnNumber: 66; 在实体引用中, 实体名称必须紧跟在 '&' 后面。。
!STACK 0
org.xml.sax.SAXParseException; lineNumber: 3; columnNumber: 66; 在实体引用中, 实体名称必须紧跟在 '&' 后面。
	at com.sun.org.apache.xerces.internal.util.ErrorHandlerWrapper.createSAXParseException(ErrorHandlerWrapper.java:203)
	at com.sun.org.apache.xerces.internal.util.ErrorHandlerWrapper.fatalError(ErrorHandlerWrapper.java:177)
	at com.sun.org.apache.xerces.internal.impl.XMLErrorReporter.reportError(XMLErrorReporter.java:400)
	at com.sun.org.apache.xerces.internal.impl.XMLErrorReporter.reportError(XMLErrorReporter.java:327)
	at com.sun.org.apache.xerces.internal.impl.XMLScanner.reportFatalError(XMLScanner.java:1472)
	at com.sun.org.apache.xerces.internal.impl.XMLScanner.scanAttributeValue(XMLScanner.java:908)
	at com.sun.org.apache.xerces.internal.impl.XMLDocumentFragmentScannerImpl.scanAttribute(XMLDocumentFragmentScannerImpl.java:1548)
	at com.sun.org.apache.xerces.internal.impl.XMLDocumentFragmentScannerImpl.scanStartElement(XMLDocumentFragmentScannerImpl.java:1315)
	at com.sun.org.apache.xerces.internal.impl.XMLDocumentFragmentScannerImpl$FragmentContentDriver.next(XMLDocumentFragmentScannerImpl.java:2784)
	at com.sun.org.apache.xerces.internal.impl.XMLDocumentScannerImpl.next(XMLDocumentScannerImpl.java:602)
	at com.sun.org.apache.xerces.internal.impl.XMLDocumentFragmentScannerImpl.scanDocument(XMLDocumentFragmentScannerImpl.java:505)
	at com.sun.org.apache.xerces.internal.parsers.XML11Configuration.parse(XML11Configuration.java:841)
	at com.sun.org.apache.xerces.internal.parsers.XML11Configuration.parse(XML11Configuration.java:770)
	at com.sun.org.apache.xerces.internal.parsers.XMLParser.parse(XMLParser.java:141)
	at com.sun.org.apache.xerces.internal.parsers.DOMParser.parse(DOMParser.java:243)
	at com.sun.org.apache.xerces.internal.jaxp.DocumentBuilderImpl.parse(DocumentBuilderImpl.java:339)
	at org.eclipse.debug.internal.core.LaunchManager.createInfoFromXML(LaunchManager.java:935)
	at org.eclipse.debug.internal.core.LaunchManager.getInfo(LaunchManager.java:1359)
	at org.eclipse.debug.internal.core.LaunchConfiguration.getInfo(LaunchConfiguration.java:490)
	at org.eclipse.debug.internal.core.LaunchConfiguration.getType(LaunchConfiguration.java:645)
	at org.eclipse.debug.internal.core.LaunchManager.isValid(LaunchManager.java:2091)
	at org.eclipse.debug.internal.core.LaunchManager.verifyConfigurations(LaunchManager.java:2462)
	at org.eclipse.debug.internal.core.LaunchManager.getAllLaunchConfigurations(LaunchManager.java:1140)
	at org.eclipse.debug.internal.core.LaunchManager.getLaunchConfigurations(LaunchManager.java:1444)
	at org.eclipse.debug.internal.core.LaunchManager.getLaunchConfigurations(LaunchManager.java:1439)
	at org.eclipse.launchbar.core.internal.LaunchBarManager.init(LaunchBarManager.java:130)
	at org.eclipse.launchbar.core.internal.LaunchBarManager$1.run(LaunchBarManager.java:96)
	at org.eclipse.core.internal.jobs.Worker.run(Worker.java:63)

!ENTRY org.eclipse.debug.core 4 125 2026-07-28 11:20:41.380
!MESSAGE 调试核心所记录的错误：
!STACK 1
org.eclipse.debug.core.DebugException: 读取启动配置文件 F:\code\vibe_project\rollerball\M55\libraries\components\mtb-device-support-pse8xxgp\make\make\scripts\interface_version_4\eclipse\Application\flash\virgin\KitProg3\&&_APP_NAME&& Erase All (KitProg3_MiniProg4).launch 时发生了 org.xml.sax.SAXParseException; lineNumber: 3; columnNumber: 66; 在实体引用中, 实体名称必须紧跟在 '&' 后面。。
	at org.eclipse.debug.internal.core.LaunchManager.createDebugException(LaunchManager.java:886)
	at org.eclipse.debug.internal.core.LaunchManager.throwException(LaunchManager.java:2448)
	at org.eclipse.debug.internal.core.LaunchManager.getInfo(LaunchManager.java:1366)
	at org.eclipse.debug.internal.core.LaunchConfiguration.getInfo(LaunchConfiguration.java:490)
	at org.eclipse.debug.internal.core.LaunchConfiguration.getType(LaunchConfiguration.java:645)
	at org.eclipse.debug.internal.core.LaunchManager.isValid(LaunchManager.java:2091)
	at org.eclipse.debug.internal.core.LaunchManager.verifyConfigurations(LaunchManager.java:2462)
	at org.eclipse.debug.internal.core.LaunchManager.getAllLaunchConfigurations(LaunchManager.java:1140)
	at org.eclipse.debug.internal.core.LaunchManager.getLaunchConfigurations(LaunchManager.java:1444)
	at org.eclipse.debug.internal.core.LaunchManager.getLaunchConfigurations(LaunchManager.java:1439)
	at org.eclipse.launchbar.core.internal.LaunchBarManager.init(LaunchBarManager.java:130)
	at org.eclipse.launchbar.core.internal.LaunchBarManager$1.run(LaunchBarManager.java:96)
	at org.eclipse.core.internal.jobs.Worker.run(Worker.java:63)
Caused by: org.xml.sax.SAXParseException; lineNumber: 3; columnNumber: 66; 在实体引用中, 实体名称必须紧跟在 '&' 后面。
	at com.sun.org.apache.xerces.internal.util.ErrorHandlerWrapper.createSAXParseException(ErrorHandlerWrapper.java:203)
	at com.sun.org.apache.xerces.internal.util.ErrorHandlerWrapper.fatalError(ErrorHandlerWrapper.java:177)
	at com.sun.org.apache.xerces.internal.impl.XMLErrorReporter.reportError(XMLErrorReporter.java:400)
	at com.sun.org.apache.xerces.internal.impl.XMLErrorReporter.reportError(XMLErrorReporter.java:327)
	at com.sun.org.apache.xerces.internal.impl.XMLScanner.reportFatalError(XMLScanner.java:1472)
	at com.sun.org.apache.xerces.internal.impl.XMLScanner.scanAttributeValue(XMLScanner.java:908)
	at com.sun.org.apache.xerces.internal.impl.XMLDocumentFragmentScannerImpl.scanAttribute(XMLDocumentFragmentScannerImpl.java:1548)
	at com.sun.org.apache.xerces.internal.impl.XMLDocumentFragmentScannerImpl.scanStartElement(XMLDocumentFragmentScannerImpl.java:1315)
	at com.sun.org.apache.xerces.internal.impl.XMLDocumentFragmentScannerImpl$FragmentContentDriver.next(XMLDocumentFragmentScannerImpl.java:2784)
	at com.sun.org.apache.xerces.internal.impl.XMLDocumentScannerImpl.next(XMLDocumentScannerImpl.java:602)
	at com.sun.org.apache.xerces.internal.impl.XMLDocumentFragmentScannerImpl.scanDocument(XMLDocumentFragmentScannerImpl.java:505)
	at com.sun.org.apache.xerces.internal.parsers.XML11Configuration.parse(XML11Configuration.java:841)
	at com.sun.org.apache.xerces.internal.parsers.XML11Configuration.parse(XML11Configuration.java:770)
	at com.sun.org.apache.xerces.internal.parsers.XMLParser.parse(XMLParser.java:141)
	at com.sun.org.apache.xerces.internal.parsers.DOMParser.parse(DOMParser.java:243)
	at com.sun.org.apache.xerces.internal.jaxp.DocumentBuilderImpl.parse(DocumentBuilderImpl.java:339)
	at org.eclipse.debug.internal.core.LaunchManager.createInfoFromXML(LaunchManager.java:935)
	at org.eclipse.debug.internal.core.LaunchManager.getInfo(LaunchManager.java:1359)
	... 10 more
!SUBENTRY 1 org.eclipse.debug.core 4 5012 2026-07-28 11:20:41.380
!MESSAGE 读取启动配置文件 F:\code\vibe_project\rollerball\M55\libraries\components\mtb-device-support-pse8xxgp\make\make\scripts\interface_version_4\eclipse\Application\flash\virgin\KitProg3\&&_APP_NAME&& Erase All (KitProg3_MiniProg4).launch 时发生了 org.xml.sax.SAXParseException; lineNumber: 3; columnNumber: 66; 在实体引用中, 实体名称必须紧跟在 '&' 后面。。
!STACK 0
org.xml.sax.SAXParseException; lineNumber: 3; columnNumber: 66; 在实体引用中, 实体名称必须紧跟在 '&' 后面。
	at com.sun.org.apache.xerces.internal.util.ErrorHandlerWrapper.createSAXParseException(ErrorHandlerWrapper.java:203)
	at com.sun.org.apache.xerces.internal.util.ErrorHandlerWrapper.fatalError(ErrorHandlerWrapper.java:177)
	at com.sun.org.apache.xerces.internal.impl.XMLErrorReporter.reportError(XMLErrorReporter.java:400)
	at com.sun.org.apache.xerces.internal.impl.XMLErrorReporter.reportError(XMLErrorReporter.java:327)
	at com.sun.org.apache.xerces.internal.impl.XMLScanner.reportFatalError(XMLScanner.java:1472)
	at com.sun.org.apache.xerces.internal.impl.XMLScanner.scanAttributeValue(XMLScanner.java:908)
	at com.sun.org.apache.xerces.internal.impl.XMLDocumentFragmentScannerImpl.scanAttribute(XMLDocumentFragmentScannerImpl.java:1548)
	at com.sun.org.apache.xerces.internal.impl.XMLDocumentFragmentScannerImpl.scanStartElement(XMLDocumentFragmentScannerImpl.java:1315)
	at com.sun.org.apache.xerces.internal.impl.XMLDocumentFragmentScannerImpl$FragmentContentDriver.next(XMLDocumentFragmentScannerImpl.java:2784)
	at com.sun.org.apache.xerces.internal.impl.XMLDocumentScannerImpl.next(XMLDocumentScannerImpl.java:602)
	at com.sun.org.apache.xerces.internal.impl.XMLDocumentFragmentScannerImpl.scanDocument(XMLDocumentFragmentScannerImpl.java:505)
	at com.sun.org.apache.xerces.internal.parsers.XML11Configuration.parse(XML11Configuration.java:841)
	at com.sun.org.apache.xerces.internal.parsers.XML11Configuration.parse(XML11Configuration.java:770)
	at com.sun.org.apache.xerces.internal.parsers.XMLParser.parse(XMLParser.java:141)
	at com.sun.org.apache.xerces.internal.parsers.DOMParser.parse(DOMParser.java:243)
	at com.sun.org.apache.xerces.internal.jaxp.DocumentBuilderImpl.parse(DocumentBuilderImpl.java:339)
	at org.eclipse.debug.internal.core.LaunchManager.createInfoFromXML(LaunchManager.java:935)
	at org.eclipse.debug.internal.core.LaunchManager.getInfo(LaunchManager.java:1359)
	at org.eclipse.debug.internal.core.LaunchConfiguration.getInfo(LaunchConfiguration.java:490)
	at org.eclipse.debug.internal.core.LaunchConfiguration.getType(LaunchConfiguration.java:645)
	at org.eclipse.debug.internal.core.LaunchManager.isValid(LaunchManager.java:2091)
	at org.eclipse.debug.internal.core.LaunchManager.verifyConfigurations(LaunchManager.java:2462)
	at org.eclipse.debug.internal.core.LaunchManager.getAllLaunchConfigurations(LaunchManager.java:1140)
	at org.eclipse.debug.internal.core.LaunchManager.getLaunchConfigurations(LaunchManager.java:1444)
	at org.eclipse.debug.internal.core.LaunchManager.getLaunchConfigurations(LaunchManager.java:1439)
	at org.eclipse.launchbar.core.internal.LaunchBarManager.init(LaunchBarManager.java:130)
	at org.eclipse.launchbar.core.internal.LaunchBarManager$1.run(LaunchBarManager.java:96)
	at org.eclipse.core.internal.jobs.Worker.run(Worker.java:63)

!ENTRY org.eclipse.debug.core 4 125 2026-07-28 11:20:41.383
!MESSAGE 调试核心所记录的错误：
!STACK 1
org.eclipse.debug.core.DebugException: 读取启动配置文件 F:\code\vibe_project\rollerball\M55\libraries\components\mtb-device-support-pse8xxgp\make\make\scripts\interface_version_4\eclipse\Application\flash\virgin\KitProg3\&&_APP_NAME&& Erase Device (KitProg3_MiniProg4).launch 时发生了 org.xml.sax.SAXParseException; lineNumber: 3; columnNumber: 66; 在实体引用中, 实体名称必须紧跟在 '&' 后面。。
	at org.eclipse.debug.internal.core.LaunchManager.createDebugException(LaunchManager.java:886)
	at org.eclipse.debug.internal.core.LaunchManager.throwException(LaunchManager.java:2448)
	at org.eclipse.debug.internal.core.LaunchManager.getInfo(LaunchManager.java:1366)
	at org.eclipse.debug.internal.core.LaunchConfiguration.getInfo(LaunchConfiguration.java:490)
	at org.eclipse.debug.internal.core.LaunchConfiguration.getType(LaunchConfiguration.java:645)
	at org.eclipse.debug.internal.core.LaunchManager.isValid(LaunchManager.java:2091)
	at org.eclipse.debug.internal.core.LaunchManager.verifyConfigurations(LaunchManager.java:2462)
	at org.eclipse.debug.internal.core.LaunchManager.getAllLaunchConfigurations(LaunchManager.java:1140)
	at org.eclipse.debug.internal.core.LaunchManager.getLaunchConfigurations(LaunchManager.java:1444)
	at org.eclipse.debug.internal.core.LaunchManager.getLaunchConfigurations(LaunchManager.java:1439)
	at org.eclipse.launchbar.core.internal.LaunchBarManager.init(LaunchBarManager.java:130)
	at org.eclipse.launchbar.core.internal.LaunchBarManager$1.run(LaunchBarManager.java:96)
	at org.eclipse.core.internal.jobs.Worker.run(Worker.java:63)
Caused by: org.xml.sax.SAXParseException; lineNumber: 3; columnNumber: 66; 在实体引用中, 实体名称必须紧跟在 '&' 后面。
	at com.sun.org.apache.xerces.internal.util.ErrorHandlerWrapper.createSAXParseException(ErrorHandlerWrapper.java:203)
	at com.sun.org.apache.xerces.internal.util.ErrorHandlerWrapper.fatalError(ErrorHandlerWrapper.java:177)
	at com.sun.org.apache.xerces.internal.impl.XMLErrorReporter.reportError(XMLErrorReporter.java:400)
	at com.sun.org.apache.xerces.internal.impl.XMLErrorReporter.reportError(XMLErrorReporter.java:327)
	at com.sun.org.apache.xerces.internal.impl.XMLScanner.reportFatalError(XMLScanner.java:1472)
	at com.sun.org.apache.xerces.internal.impl.XMLScanner.scanAttributeValue(XMLScanner.java:908)
	at com.sun.org.apache.xerces.internal.impl.XMLDocumentFragmentScannerImpl.scanAttribute(XMLDocumentFragmentScannerImpl.java:1548)
	at com.sun.org.apache.xerces.internal.impl.XMLDocumentFragmentScannerImpl.scanStartElement(XMLDocumentFragmentScannerImpl.java:1315)
	at com.sun.org.apache.xerces.internal.impl.XMLDocumentFragmentScannerImpl$FragmentContentDriver.next(XMLDocumentFragmentScannerImpl.java:2784)
	at com.sun.org.apache.xerces.internal.impl.XMLDocumentScannerImpl.next(XMLDocumentScannerImpl.java:602)
	at com.sun.org.apache.xerces.internal.impl.XMLDocumentFragmentScannerImpl.scanDocument(XMLDocumentFragmentScannerImpl.java:505)
	at com.sun.org.apache.xerces.internal.parsers.XML11Configuration.parse(XML11Configuration.java:841)
	at com.sun.org.apache.xerces.internal.parsers.XML11Configuration.parse(XML11Configuration.java:770)
	at com.sun.org.apache.xerces.internal.parsers.XMLParser.parse(XMLParser.java:141)
	at com.sun.org.apache.xerces.internal.parsers.DOMParser.parse(DOMParser.java:243)
	at com.sun.org.apache.xerces.internal.jaxp.DocumentBuilderImpl.parse(DocumentBuilderImpl.java:339)
	at org.eclipse.debug.internal.core.LaunchManager.createInfoFromXML(LaunchManager.java:935)
	at org.eclipse.debug.internal.core.LaunchManager.getInfo(LaunchManager.java:1359)
	... 10 more
!SUBENTRY 1 org.eclipse.debug.core 4 5012 2026-07-28 11:20:41.383
!MESSAGE 读取启动配置文件 F:\code\vibe_project\rollerball\M55\libraries\components\mtb-device-support-pse8xxgp\make\make\scripts\interface_version_4\eclipse\Application\flash\virgin\KitProg3\&&_APP_NAME&& Erase Device (KitProg3_MiniProg4).launch 时发生了 org.xml.sax.SAXParseException; lineNumber: 3; columnNumber: 66; 在实体引用中, 实体名称必须紧跟在 '&' 后面。。
!STACK 0
org.xml.sax.SAXParseException; lineNumber: 3; columnNumber: 66; 在实体引用中, 实体名称必须紧跟在 '&' 后面。
	at com.sun.org.apache.xerces.internal.util.ErrorHandlerWrapper.createSAXParseException(ErrorHandlerWrapper.java:203)
	at com.sun.org.apache.xerces.internal.util.ErrorHandlerWrapper.fatalError(ErrorHandlerWrapper.java:177)
	at com.sun.org.apache.xerces.internal.impl.XMLErrorReporter.reportError(XMLErrorReporter.java:400)
	at com.sun.org.apache.xerces.internal.impl.XMLErrorReporter.reportError(XMLErrorReporter.java:327)
	at com.sun.org.apache.xerces.internal.impl.XMLScanner.reportFatalError(XMLScanner.java:1472)
	at com.sun.org.apache.xerces.internal.impl.XMLScanner.scanAttributeValue(XMLScanner.java:908)
	at com.sun.org.apache.xerces.internal.impl.XMLDocumentFragmentScannerImpl.scanAttribute(XMLDocumentFragmentScannerImpl.java:1548)
	at com.sun.org.apache.xerces.internal.impl.XMLDocumentFragmentScannerImpl.scanStartElement(XMLDocumentFragmentScannerImpl.java:1315)
	at com.sun.org.apache.xerces.internal.impl.XMLDocumentFragmentScannerImpl$FragmentContentDriver.next(XMLDocumentFragmentScannerImpl.java:2784)
	at com.sun.org.apache.xerces.internal.impl.XMLDocumentScannerImpl.next(XMLDocumentScannerImpl.java:602)
	at com.sun.org.apache.xerces.internal.impl.XMLDocumentFragmentScannerImpl.scanDocument(XMLDocumentFragmentScannerImpl.java:505)
	at com.sun.org.apache.xerces.internal.parsers.XML11Configuration.parse(XML11Configuration.java:841)
	at com.sun.org.apache.xerces.internal.parsers.XML11Configuration.parse(XML11Configuration.java:770)
	at com.sun.org.apache.xerces.internal.parsers.XMLParser.parse(XMLParser.java:141)
	at com.sun.org.apache.xerces.internal.parsers.DOMParser.parse(DOMParser.java:243)
	at com.sun.org.apache.xerces.internal.jaxp.DocumentBuilderImpl.parse(DocumentBuilderImpl.java:339)
	at org.eclipse.debug.internal.core.LaunchManager.createInfoFromXML(LaunchManager.java:935)
	at org.eclipse.debug.internal.core.LaunchManager.getInfo(LaunchManager.java:1359)
	at org.eclipse.debug.internal.core.LaunchConfiguration.getInfo(LaunchConfiguration.java:490)
	at org.eclipse.debug.internal.core.LaunchConfiguration.getType(LaunchConfiguration.java:645)
	at org.eclipse.debug.internal.core.LaunchManager.isValid(LaunchManager.java:2091)
	at org.eclipse.debug.internal.core.LaunchManager.verifyConfigurations(LaunchManager.java:2462)
	at org.eclipse.debug.internal.core.LaunchManager.getAllLaunchConfigurations(LaunchManager.java:1140)
	at org.eclipse.debug.internal.core.LaunchManager.getLaunchConfigurations(LaunchManager.java:1444)
	at org.eclipse.debug.internal.core.LaunchManager.getLaunchConfigurations(LaunchManager.java:1439)
	at org.eclipse.launchbar.core.internal.LaunchBarManager.init(LaunchBarManager.java:130)
	at org.eclipse.launchbar.core.internal.LaunchBarManager$1.run(LaunchBarManager.java:96)
	at org.eclipse.core.internal.jobs.Worker.run(Worker.java:63)

!ENTRY org.eclipse.debug.core 4 125 2026-07-28 11:20:41.384
!MESSAGE 调试核心所记录的错误：
!STACK 1
org.eclipse.debug.core.DebugException: 读取启动配置文件 F:\code\vibe_project\rollerball\M55\libraries\components\mtb-device-support-pse8xxgp\make\make\scripts\interface_version_4\eclipse\Application\flash\virgin\KitProg3\&&_APP_NAME&& Program Application (KitProg3_MiniProg4).launch 时发生了 org.xml.sax.SAXParseException; lineNumber: 3; columnNumber: 66; 在实体引用中, 实体名称必须紧跟在 '&' 后面。。
	at org.eclipse.debug.internal.core.LaunchManager.createDebugException(LaunchManager.java:886)
	at org.eclipse.debug.internal.core.LaunchManager.throwException(LaunchManager.java:2448)
	at org.eclipse.debug.internal.core.LaunchManager.getInfo(LaunchManager.java:1366)
	at org.eclipse.debug.internal.core.LaunchConfiguration.getInfo(LaunchConfiguration.java:490)
	at org.eclipse.debug.internal.core.LaunchConfiguration.getType(LaunchConfiguration.java:645)
	at org.eclipse.debug.internal.core.LaunchManager.isValid(LaunchManager.java:2091)
	at org.eclipse.debug.internal.core.LaunchManager.verifyConfigurations(LaunchManager.java:2462)
	at org.eclipse.debug.internal.core.LaunchManager.getAllLaunchConfigurations(LaunchManager.java:1140)
	at org.eclipse.debug.internal.core.LaunchManager.getLaunchConfigurations(LaunchManager.java:1444)
	at org.eclipse.debug.internal.core.LaunchManager.getLaunchConfigurations(LaunchManager.java:1439)
	at org.eclipse.launchbar.core.internal.LaunchBarManager.init(LaunchBarManager.java:130)
	at org.eclipse.launchbar.core.internal.LaunchBarManager$1.run(LaunchBarManager.java:96)
	at org.eclipse.core.internal.jobs.Worker.run(Worker.java:63)
Caused by: org.xml.sax.SAXParseException; lineNumber: 3; columnNumber: 66; 在实体引用中, 实体名称必须紧跟在 '&' 后面。
	at com.sun.org.apache.xerces.internal.util.ErrorHandlerWrapper.createSAXParseException(ErrorHandlerWrapper.java:203)
	at com.sun.org.apache.xerces.internal.util.ErrorHandlerWrapper.fatalError(ErrorHandlerWrapper.java:177)
	at com.sun.org.apache.xerces.internal.impl.XMLErrorReporter.reportError(XMLErrorReporter.java:400)
	at com.sun.org.apache.xerces.internal.impl.XMLErrorReporter.reportError(XMLErrorReporter.java:327)
	at com.sun.org.apache.xerces.internal.impl.XMLScanner.reportFatalError(XMLScanner.java:1472)
	at com.sun.org.apache.xerces.internal.impl.XMLScanner.scanAttributeValue(XMLScanner.java:908)
	at com.sun.org.apache.xerces.internal.impl.XMLDocumentFragmentScannerImpl.scanAttribute(XMLDocumentFragmentScannerImpl.java:1548)
	at com.sun.org.apache.xerces.internal.impl.XMLDocumentFragmentScannerImpl.scanStartElement(XMLDocumentFragmentScannerImpl.java:1315)
	at com.sun.org.apache.xerces.internal.impl.XMLDocumentFragmentScannerImpl$FragmentContentDriver.next(XMLDocumentFragmentScannerImpl.java:2784)
	at com.sun.org.apache.xerces.internal.impl.XMLDocumentScannerImpl.next(XMLDocumentScannerImpl.java:602)
	at com.sun.org.apache.xerces.internal.impl.XMLDocumentFragmentScannerImpl.scanDocument(XMLDocumentFragmentScannerImpl.java:505)
	at com.sun.org.apache.xerces.internal.parsers.XML11Configuration.parse(XML11Configuration.java:841)
	at com.sun.org.apache.xerces.internal.parsers.XML11Configuration.parse(XML11Configuration.java:770)
	at com.sun.org.apache.xerces.internal.parsers.XMLParser.parse(XMLParser.java:141)
	at com.sun.org.apache.xerces.internal.parsers.DOMParser.parse(DOMParser.java:243)
	at com.sun.org.apache.xerces.internal.jaxp.DocumentBuilderImpl.parse(DocumentBuilderImpl.java:339)
	at org.eclipse.debug.internal.core.LaunchManager.createInfoFromXML(LaunchManager.java:935)
	at org.eclipse.debug.internal.core.LaunchManager.getInfo(LaunchManager.java:1359)
	... 10 more
!SUBENTRY 1 org.eclipse.debug.core 4 5012 2026-07-28 11:20:41.384
!MESSAGE 读取启动配置文件 F:\code\vibe_project\rollerball\M55\libraries\components\mtb-device-support-pse8xxgp\make\make\scripts\interface_version_4\eclipse\Application\flash\virgin\KitProg3\&&_APP_NAME&& Program Application (KitProg3_MiniProg4).launch 时发生了 org.xml.sax.SAXParseException; lineNumber: 3; columnNumber: 66; 在实体引用中, 实体名称必须紧跟在 '&' 后面。。
!STACK 0
org.xml.sax.SAXParseException; lineNumber: 3; columnNumber: 66; 在实体引用中, 实体名称必须紧跟在 '&' 后面。
	at com.sun.org.apache.xerces.internal.util.ErrorHandlerWrapper.createSAXParseException(ErrorHandlerWrapper.java:203)
	at com.sun.org.apache.xerces.internal.util.ErrorHandlerWrapper.fatalError(ErrorHandlerWrapper.java:177)
	at com.sun.org.apache.xerces.internal.impl.XMLErrorReporter.reportError(XMLErrorReporter.java:400)
	at com.sun.org.apache.xerces.internal.impl.XMLErrorReporter.reportError(XMLErrorReporter.java:327)
	at com.sun.org.apache.xerces.internal.impl.XMLScanner.reportFatalError(XMLScanner.java:1472)
	at com.sun.org.apache.xerces.internal.impl.XMLScanner.scanAttributeValue(XMLScanner.java:908)
	at com.sun.org.apache.xerces.internal.impl.XMLDocumentFragmentScannerImpl.scanAttribute(XMLDocumentFragmentScannerImpl.java:1548)
	at com.sun.org.apache.xerces.internal.impl.XMLDocumentFragmentScannerImpl.scanStartElement(XMLDocumentFragmentScannerImpl.java:1315)
	at com.sun.org.apache.xerces.internal.impl.XMLDocumentFragmentScannerImpl$FragmentContentDriver.next(XMLDocumentFragmentScannerImpl.java:2784)
	at com.sun.org.apache.xerces.internal.impl.XMLDocumentScannerImpl.next(XMLDocumentScannerImpl.java:602)
	at com.sun.org.apache.xerces.internal.impl.XMLDocumentFragmentScannerImpl.scanDocument(XMLDocumentFragmentScannerImpl.java:505)
	at com.sun.org.apache.xerces.internal.parsers.XML11Configuration.parse(XML11Configuration.java:841)
	at com.sun.org.apache.xerces.internal.parsers.XML11Configuration.parse(XML11Configuration.java:770)
	at com.sun.org.apache.xerces.internal.parsers.XMLParser.parse(XMLParser.java:141)
	at com.sun.org.apache.xerces.internal.parsers.DOMParser.parse(DOMParser.java:243)
	at com.sun.org.apache.xerces.internal.jaxp.DocumentBuilderImpl.parse(DocumentBuilderImpl.java:339)
	at org.eclipse.debug.internal.core.LaunchManager.createInfoFromXML(LaunchManager.java:935)
	at org.eclipse.debug.internal.core.LaunchManager.getInfo(LaunchManager.java:1359)
	at org.eclipse.debug.internal.core.LaunchConfiguration.getInfo(LaunchConfiguration.java:490)
	at org.eclipse.debug.internal.core.LaunchConfiguration.getType(LaunchConfiguration.java:645)
	at org.eclipse.debug.internal.core.LaunchManager.isValid(LaunchManager.java:2091)
	at org.eclipse.debug.internal.core.LaunchManager.verifyConfigurations(LaunchManager.java:2462)
	at org.eclipse.debug.internal.core.LaunchManager.getAllLaunchConfigurations(LaunchManager.java:1140)
	at org.eclipse.debug.internal.core.LaunchManager.getLaunchConfigurations(LaunchManager.java:1444)
	at org.eclipse.debug.internal.core.LaunchManager.getLaunchConfigurations(LaunchManager.java:1439)
	at org.eclipse.launchbar.core.internal.LaunchBarManager.init(LaunchBarManager.java:130)
	at org.eclipse.launchbar.core.internal.LaunchBarManager$1.run(LaunchBarManager.java:96)
	at org.eclipse.core.internal.jobs.Worker.run(Worker.java:63)

!ENTRY org.eclipse.debug.core 4 125 2026-07-28 11:20:41.386
!MESSAGE 调试核心所记录的错误：
!STACK 1
org.eclipse.debug.core.DebugException: 读取启动配置文件 F:\code\vibe_project\rollerball\M55\libraries\components\mtb-device-support-pse8xxgp\make\make\scripts\interface_version_4\eclipse\Application\flash\virgin\KitProg3\&&_APP_NAME&& Start App (KitProg3_MiniProg4).launch 时发生了 org.xml.sax.SAXParseException; lineNumber: 3; columnNumber: 66; 在实体引用中, 实体名称必须紧跟在 '&' 后面。。
	at org.eclipse.debug.internal.core.LaunchManager.createDebugException(LaunchManager.java:886)
	at org.eclipse.debug.internal.core.LaunchManager.throwException(LaunchManager.java:2448)
	at org.eclipse.debug.internal.core.LaunchManager.getInfo(LaunchManager.java:1366)
	at org.eclipse.debug.internal.core.LaunchConfiguration.getInfo(LaunchConfiguration.java:490)
	at org.eclipse.debug.internal.core.LaunchConfiguration.getType(LaunchConfiguration.java:645)
	at org.eclipse.debug.internal.core.LaunchManager.isValid(LaunchManager.java:2091)
	at org.eclipse.debug.internal.core.LaunchManager.verifyConfigurations(LaunchManager.java:2462)
	at org.eclipse.debug.internal.core.LaunchManager.getAllLaunchConfigurations(LaunchManager.java:1140)
	at org.eclipse.debug.internal.core.LaunchManager.getLaunchConfigurations(LaunchManager.java:1444)
	at org.eclipse.debug.internal.core.LaunchManager.getLaunchConfigurations(LaunchManager.java:1439)
	at org.eclipse.launchbar.core.internal.LaunchBarManager.init(LaunchBarManager.java:130)
	at org.eclipse.launchbar.core.internal.LaunchBarManager$1.run(LaunchBarManager.java:96)
	at org.eclipse.core.internal.jobs.Worker.run(Worker.java:63)
Caused by: org.xml.sax.SAXParseException; lineNumber: 3; columnNumber: 66; 在实体引用中, 实体名称必须紧跟在 '&' 后面。
	at com.sun.org.apache.xerces.internal.util.ErrorHandlerWrapper.createSAXParseException(ErrorHandlerWrapper.java:203)
	at com.sun.org.apache.xerces.internal.util.ErrorHandlerWrapper.fatalError(ErrorHandlerWrapper.java:177)
	at com.sun.org.apache.xerces.internal.impl.XMLErrorReporter.reportError(XMLErrorReporter.java:400)
	at com.sun.org.apache.xerces.internal.impl.XMLErrorReporter.reportError(XMLErrorReporter.java:327)
	at com.sun.org.apache.xerces.internal.impl.XMLScanner.reportFatalError(XMLScanner.java:1472)
	at com.sun.org.apache.xerces.internal.impl.XMLScanner.scanAttributeValue(XMLScanner.java:908)
	at com.sun.org.apache.xerces.internal.impl.XMLDocumentFragmentScannerImpl.scanAttribute(XMLDocumentFragmentScannerImpl.java:1548)
	at com.sun.org.apache.xerces.internal.impl.XMLDocumentFragmentScannerImpl.scanStartElement(XMLDocumentFragmentScannerImpl.java:1315)
	at com.sun.org.apache.xerces.internal.impl.XMLDocumentFragmentScannerImpl$FragmentContentDriver.next(XMLDocumentFragmentScannerImpl.java:2784)
	at com.sun.org.apache.xerces.internal.impl.XMLDocumentScannerImpl.next(XMLDocumentScannerImpl.java:602)
	at com.sun.org.apache.xerces.internal.impl.XMLDocumentFragmentScannerImpl.scanDocument(XMLDocumentFragmentScannerImpl.java:505)
	at com.sun.org.apache.xerces.internal.parsers.XML11Configuration.parse(XML11Configuration.java:841)
	at com.sun.org.apache.xerces.internal.parsers.XML11Configuration.parse(XML11Configuration.java:770)
	at com.sun.org.apache.xerces.internal.parsers.XMLParser.parse(XMLParser.java:141)
	at com.sun.org.apache.xerces.internal.parsers.DOMParser.parse(DOMParser.java:243)
	at com.sun.org.apache.xerces.internal.jaxp.DocumentBuilderImpl.parse(DocumentBuilderImpl.java:339)
	at org.eclipse.debug.internal.core.LaunchManager.createInfoFromXML(LaunchManager.java:935)
	at org.eclipse.debug.internal.core.LaunchManager.getInfo(LaunchManager.java:1359)
	... 10 more
!SUBENTRY 1 org.eclipse.debug.core 4 5012 2026-07-28 11:20:41.386
!MESSAGE 读取启动配置文件 F:\code\vibe_project\rollerball\M55\libraries\components\mtb-device-support-pse8xxgp\make\make\scripts\interface_version_4\eclipse\Application\flash\virgin\KitProg3\&&_APP_NAME&& Start App (KitProg3_MiniProg4).launch 时发生了 org.xml.sax.SAXParseException; lineNumber: 3; columnNumber: 66; 在实体引用中, 实体名称必须紧跟在 '&' 后面。。
!STACK 0
org.xml.sax.SAXParseException; lineNumber: 3; columnNumber: 66; 在实体引用中, 实体名称必须紧跟在 '&' 后面。
	at com.sun.org.apache.xerces.internal.util.ErrorHandlerWrapper.createSAXParseException(ErrorHandlerWrapper.java:203)
	at com.sun.org.apache.xerces.internal.util.ErrorHandlerWrapper.fatalError(ErrorHandlerWrapper.java:177)
	at com.sun.org.apache.xerces.internal.impl.XMLErrorReporter.reportError(XMLErrorReporter.java:400)
	at com.sun.org.apache.xerces.internal.impl.XMLErrorReporter.reportError(XMLErrorReporter.java:327)
	at com.sun.org.apache.xerces.internal.impl.XMLScanner.reportFatalError(XMLScanner.java:1472)
	at com.sun.org.apache.xerces.internal.impl.XMLScanner.scanAttributeValue(XMLScanner.java:908)
	at com.sun.org.apache.xerces.internal.impl.XMLDocumentFragmentScannerImpl.scanAttribute(XMLDocumentFragmentScannerImpl.java:1548)
	at com.sun.org.apache.xerces.internal.impl.XMLDocumentFragmentScannerImpl.scanStartElement(XMLDocumentFragmentScannerImpl.java:1315)
	at com.sun.org.apache.xerces.internal.impl.XMLDocumentFragmentScannerImpl$FragmentContentDriver.next(XMLDocumentFragmentScannerImpl.java:2784)
	at com.sun.org.apache.xerces.internal.impl.XMLDocumentScannerImpl.next(XMLDocumentScannerImpl.java:602)
	at com.sun.org.apache.xerces.internal.impl.XMLDocumentFragmentScannerImpl.scanDocument(XMLDocumentFragmentScannerImpl.java:505)
	at com.sun.org.apache.xerces.internal.parsers.XML11Configuration.parse(XML11Configuration.java:841)
	at com.sun.org.apache.xerces.internal.parsers.XML11Configuration.parse(XML11Configuration.java:770)
	at com.sun.org.apache.xerces.internal.parsers.XMLParser.parse(XMLParser.java:141)
	at com.sun.org.apache.xerces.internal.parsers.DOMParser.parse(DOMParser.java:243)
	at com.sun.org.apache.xerces.internal.jaxp.DocumentBuilderImpl.parse(DocumentBuilderImpl.java:339)
	at org.eclipse.debug.internal.core.LaunchManager.createInfoFromXML(LaunchManager.java:935)
	at org.eclipse.debug.internal.core.LaunchManager.getInfo(LaunchManager.java:1359)
	at org.eclipse.debug.internal.core.LaunchConfiguration.getInfo(LaunchConfiguration.java:490)
	at org.eclipse.debug.internal.core.LaunchConfiguration.getType(LaunchConfiguration.java:645)
	at org.eclipse.debug.internal.core.LaunchManager.isValid(LaunchManager.java:2091)
	at org.eclipse.debug.internal.core.LaunchManager.verifyConfigurations(LaunchManager.java:2462)
	at org.eclipse.debug.internal.core.LaunchManager.getAllLaunchConfigurations(LaunchManager.java:1140)
	at org.eclipse.debug.internal.core.LaunchManager.getLaunchConfigurations(LaunchManager.java:1444)
	at org.eclipse.debug.internal.core.LaunchManager.getLaunchConfigurations(LaunchManager.java:1439)
	at org.eclipse.launchbar.core.internal.LaunchBarManager.init(LaunchBarManager.java:130)
	at org.eclipse.launchbar.core.internal.LaunchBarManager$1.run(LaunchBarManager.java:96)
	at org.eclipse.core.internal.jobs.Worker.run(Worker.java:63)

!ENTRY org.eclipse.debug.core 4 125 2026-07-28 11:20:41.388
!MESSAGE 调试核心所记录的错误：
!STACK 1
org.eclipse.debug.core.DebugException: 读取启动配置文件 F:\code\vibe_project\rollerball\M55\libraries\components\mtb-device-support-pse8xxgp\make\make\scripts\interface_version_4\eclipse\Application\ram\_normal\JLink\&&_APP_NAME&& Debug RAM MultiCore (JLink).launch 时发生了 org.xml.sax.SAXParseException; lineNumber: 3; columnNumber: 66; 在实体引用中, 实体名称必须紧跟在 '&' 后面。。
	at org.eclipse.debug.internal.core.LaunchManager.createDebugException(LaunchManager.java:886)
	at org.eclipse.debug.internal.core.LaunchManager.throwException(LaunchManager.java:2448)
	at org.eclipse.debug.internal.core.LaunchManager.getInfo(LaunchManager.java:1366)
	at org.eclipse.debug.internal.core.LaunchConfiguration.getInfo(LaunchConfiguration.java:490)
	at org.eclipse.debug.internal.core.LaunchConfiguration.getType(LaunchConfiguration.java:645)
	at org.eclipse.debug.internal.core.LaunchManager.isValid(LaunchManager.java:2091)
	at org.eclipse.debug.internal.core.LaunchManager.verifyConfigurations(LaunchManager.java:2462)
	at org.eclipse.debug.internal.core.LaunchManager.getAllLaunchConfigurations(LaunchManager.java:1140)
	at org.eclipse.debug.internal.core.LaunchManager.getLaunchConfigurations(LaunchManager.java:1444)
	at org.eclipse.debug.internal.core.LaunchManager.getLaunchConfigurations(LaunchManager.java:1439)
	at org.eclipse.launchbar.core.internal.LaunchBarManager.init(LaunchBarManager.java:130)
	at org.eclipse.launchbar.core.internal.LaunchBarManager$1.run(LaunchBarManager.java:96)
	at org.eclipse.core.internal.jobs.Worker.run(Worker.java:63)
Caused by: org.xml.sax.SAXParseException; lineNumber: 3; columnNumber: 66; 在实体引用中, 实体名称必须紧跟在 '&' 后面。
	at com.sun.org.apache.xerces.internal.util.ErrorHandlerWrapper.createSAXParseException(ErrorHandlerWrapper.java:203)
	at com.sun.org.apache.xerces.internal.util.ErrorHandlerWrapper.fatalError(ErrorHandlerWrapper.java:177)
	at com.sun.org.apache.xerces.internal.impl.XMLErrorReporter.reportError(XMLErrorReporter.java:400)
	at com.sun.org.apache.xerces.internal.impl.XMLErrorReporter.reportError(XMLErrorReporter.java:327)
	at com.sun.org.apache.xerces.internal.impl.XMLScanner.reportFatalError(XMLScanner.java:1472)
	at com.sun.org.apache.xerces.internal.impl.XMLScanner.scanAttributeValue(XMLScanner.java:908)
	at com.sun.org.apache.xerces.internal.impl.XMLDocumentFragmentScannerImpl.scanAttribute(XMLDocumentFragmentScannerImpl.java:1548)
	at com.sun.org.apache.xerces.internal.impl.XMLDocumentFragmentScannerImpl.scanStartElement(XMLDocumentFragmentScannerImpl.java:1315)
	at com.sun.org.apache.xerces.internal.impl.XMLDocumentFragmentScannerImpl$FragmentContentDriver.next(XMLDocumentFragmentScannerImpl.java:2784)
	at com.sun.org.apache.xerces.internal.impl.XMLDocumentScannerImpl.next(XMLDocumentScannerImpl.java:602)
	at com.sun.org.apache.xerces.internal.impl.XMLDocumentFragmentScannerImpl.scanDocument(XMLDocumentFragmentScannerImpl.java:505)
	at com.sun.org.apache.xerces.internal.parsers.XML11Configuration.parse(XML11Configuration.java:841)
	at com.sun.org.apache.xerces.internal.parsers.XML11Configuration.parse(XML11Configuration.java:770)
	at com.sun.org.apache.xerces.internal.parsers.XMLParser.parse(XMLParser.java:141)
	at com.sun.org.apache.xerces.internal.parsers.DOMParser.parse(DOMParser.java:243)
	at com.sun.org.apache.xerces.internal.jaxp.DocumentBuilderImpl.parse(DocumentBuilderImpl.java:339)
	at org.eclipse.debug.internal.core.LaunchManager.createInfoFromXML(LaunchManager.java:935)
	at org.eclipse.debug.internal.core.LaunchManager.getInfo(LaunchManager.java:1359)
	... 10 more
!SUBENTRY 1 org.eclipse.debug.core 4 5012 2026-07-28 11:20:41.388
!MESSAGE 读取启动配置文件 F:\code\vibe_project\rollerball\M55\libraries\components\mtb-device-support-pse8xxgp\make\make\scripts\interface_version_4\eclipse\Application\ram\_normal\JLink\&&_APP_NAME&& Debug RAM MultiCore (JLink).launch 时发生了 org.xml.sax.SAXParseException; lineNumber: 3; columnNumber: 66; 在实体引用中, 实体名称必须紧跟在 '&' 后面。。
!STACK 0
org.xml.sax.SAXParseException; lineNumber: 3; columnNumber: 66; 在实体引用中, 实体名称必须紧跟在 '&' 后面。
	at com.sun.org.apache.xerces.internal.util.ErrorHandlerWrapper.createSAXParseException(ErrorHandlerWrapper.java:203)
	at com.sun.org.apache.xerces.internal.util.ErrorHandlerWrapper.fatalError(ErrorHandlerWrapper.java:177)
	at com.sun.org.apache.xerces.internal.impl.XMLErrorReporter.reportError(XMLErrorReporter.java:400)
	at com.sun.org.apache.xerces.internal.impl.XMLErrorReporter.reportError(XMLErrorReporter.java:327)
	at com.sun.org.apache.xerces.internal.impl.XMLScanner.reportFatalError(XMLScanner.java:1472)
	at com.sun.org.apache.xerces.internal.impl.XMLScanner.scanAttributeValue(XMLScanner.java:908)
	at com.sun.org.apache.xerces.internal.impl.XMLDocumentFragmentScannerImpl.scanAttribute(XMLDocumentFragmentScannerImpl.java:1548)
	at com.sun.org.apache.xerces.internal.impl.XMLDocumentFragmentScannerImpl.scanStartElement(XMLDocumentFragmentScannerImpl.java:1315)
	at com.sun.org.apache.xerces.internal.impl.XMLDocumentFragmentScannerImpl$FragmentContentDriver.next(XMLDocumentFragmentScannerImpl.java:2784)
	at com.sun.org.apache.xerces.internal.impl.XMLDocumentScannerImpl.next(XMLDocumentScannerImpl.java:602)
	at com.sun.org.apache.xerces.internal.impl.XMLDocumentFragmentScannerImpl.scanDocument(XMLDocumentFragmentScannerImpl.java:505)
	at com.sun.org.apache.xerces.internal.parsers.XML11Configuration.parse(XML11Configuration.java:841)
	at com.sun.org.apache.xerces.internal.parsers.XML11Configuration.parse(XML11Configuration.java:770)
	at com.sun.org.apache.xerces.internal.parsers.XMLParser.parse(XMLParser.java:141)
	at com.sun.org.apache.xerces.internal.parsers.DOMParser.parse(DOMParser.java:243)
	at com.sun.org.apache.xerces.internal.jaxp.DocumentBuilderImpl.parse(DocumentBuilderImpl.java:339)
	at org.eclipse.debug.internal.core.LaunchManager.createInfoFromXML(LaunchManager.java:935)
	at org.eclipse.debug.internal.core.LaunchManager.getInfo(LaunchManager.java:1359)
	at org.eclipse.debug.internal.core.LaunchConfiguration.getInfo(LaunchConfiguration.java:490)
	at org.eclipse.debug.internal.core.LaunchConfiguration.getType(LaunchConfiguration.java:645)
	at org.eclipse.debug.internal.core.LaunchManager.isValid(LaunchManager.java:2091)
	at org.eclipse.debug.internal.core.LaunchManager.verifyConfigurations(LaunchManager.java:2462)
	at org.eclipse.debug.internal.core.LaunchManager.getAllLaunchConfigurations(LaunchManager.java:1140)
	at org.eclipse.debug.internal.core.LaunchManager.getLaunchConfigurations(LaunchManager.java:1444)
	at org.eclipse.debug.internal.core.LaunchManager.getLaunchConfigurations(LaunchManager.java:1439)
	at org.eclipse.launchbar.core.internal.LaunchBarManager.init(LaunchBarManager.java:130)
	at org.eclipse.launchbar.core.internal.LaunchBarManager$1.run(LaunchBarManager.java:96)
	at org.eclipse.core.internal.jobs.Worker.run(Worker.java:63)

!ENTRY org.eclipse.debug.core 4 125 2026-07-28 11:20:41.389
!MESSAGE 调试核心所记录的错误：
!STACK 1
org.eclipse.debug.core.DebugException: 读取启动配置文件 F:\code\vibe_project\rollerball\M55\libraries\components\mtb-device-support-pse8xxgp\make\make\scripts\interface_version_4\eclipse\Application\ram\_normal\JLink\&&_APP_NAME&& Program RAM Application (JLink).launch 时发生了 org.xml.sax.SAXParseException; lineNumber: 3; columnNumber: 66; 在实体引用中, 实体名称必须紧跟在 '&' 后面。。
	at org.eclipse.debug.internal.core.LaunchManager.createDebugException(LaunchManager.java:886)
	at org.eclipse.debug.internal.core.LaunchManager.throwException(LaunchManager.java:2448)
	at org.eclipse.debug.internal.core.LaunchManager.getInfo(LaunchManager.java:1366)
	at org.eclipse.debug.internal.core.LaunchConfiguration.getInfo(LaunchConfiguration.java:490)
	at org.eclipse.debug.internal.core.LaunchConfiguration.getType(LaunchConfiguration.java:645)
	at org.eclipse.debug.internal.core.LaunchManager.isValid(LaunchManager.java:2091)
	at org.eclipse.debug.internal.core.LaunchManager.verifyConfigurations(LaunchManager.java:2462)
	at org.eclipse.debug.internal.core.LaunchManager.getAllLaunchConfigurations(LaunchManager.java:1140)
	at org.eclipse.debug.internal.core.LaunchManager.getLaunchConfigurations(LaunchManager.java:1444)
	at org.eclipse.debug.internal.core.LaunchManager.getLaunchConfigurations(LaunchManager.java:1439)
	at org.eclipse.launchbar.core.internal.LaunchBarManager.init(LaunchBarManager.java:130)
	at org.eclipse.launchbar.core.internal.LaunchBarManager$1.run(LaunchBarManager.java:96)
	at org.eclipse.core.internal.jobs.Worker.run(Worker.java:63)
Caused by: org.xml.sax.SAXParseException; lineNumber: 3; columnNumber: 66; 在实体引用中, 实体名称必须紧跟在 '&' 后面。
	at com.sun.org.apache.xerces.internal.util.ErrorHandlerWrapper.createSAXParseException(ErrorHandlerWrapper.java:203)
	at com.sun.org.apache.xerces.internal.util.ErrorHandlerWrapper.fatalError(ErrorHandlerWrapper.java:177)
	at com.sun.org.apache.xerces.internal.impl.XMLErrorReporter.reportError(XMLErrorReporter.java:400)
	at com.sun.org.apache.xerces.internal.impl.XMLErrorReporter.reportError(XMLErrorReporter.java:327)
	at com.sun.org.apache.xerces.internal.impl.XMLScanner.reportFatalError(XMLScanner.java:1472)
	at com.sun.org.apache.xerces.internal.impl.XMLScanner.scanAttributeValue(XMLScanner.java:908)
	at com.sun.org.apache.xerces.internal.impl.XMLDocumentFragmentScannerImpl.scanAttribute(XMLDocumentFragmentScannerImpl.java:1548)
	at com.sun.org.apache.xerces.internal.impl.XMLDocumentFragmentScannerImpl.scanStartElement(XMLDocumentFragmentScannerImpl.java:1315)
	at com.sun.org.apache.xerces.internal.impl.XMLDocumentFragmentScannerImpl$FragmentContentDriver.next(XMLDocumentFragmentScannerImpl.java:2784)
	at com.sun.org.apache.xerces.internal.impl.XMLDocumentScannerImpl.next(XMLDocumentScannerImpl.java:602)
	at com.sun.org.apache.xerces.internal.impl.XMLDocumentFragmentScannerImpl.scanDocument(XMLDocumentFragmentScannerImpl.java:505)
	at com.sun.org.apache.xerces.internal.parsers.XML11Configuration.parse(XML11Configuration.java:841)
	at com.sun.org.apache.xerces.internal.parsers.XML11Configuration.parse(XML11Configuration.java:770)
	at com.sun.org.apache.xerces.internal.parsers.XMLParser.parse(XMLParser.java:141)
	at com.sun.org.apache.xerces.internal.parsers.DOMParser.parse(DOMParser.java:243)
	at com.sun.org.apache.xerces.internal.jaxp.DocumentBuilderImpl.parse(DocumentBuilderImpl.java:339)
	at org.eclipse.debug.internal.core.LaunchManager.createInfoFromXML(LaunchManager.java:935)
	at org.eclipse.debug.internal.core.LaunchManager.getInfo(LaunchManager.java:1359)
	... 10 more
!SUBENTRY 1 org.eclipse.debug.core 4 5012 2026-07-28 11:20:41.389
!MESSAGE 读取启动配置文件 F:\code\vibe_project\rollerball\M55\libraries\components\mtb-device-support-pse8xxgp\make\make\scripts\interface_version_4\eclipse\Application\ram\_normal\JLink\&&_APP_NAME&& Program RAM Application (JLink).launch 时发生了 org.xml.sax.SAXParseException; lineNumber: 3; columnNumber: 66; 在实体引用中, 实体名称必须紧跟在 '&' 后面。。
!STACK 0
org.xml.sax.SAXParseException; lineNumber: 3; columnNumber: 66; 在实体引用中, 实体名称必须紧跟在 '&' 后面。
	at com.sun.org.apache.xerces.internal.util.ErrorHandlerWrapper.createSAXParseException(ErrorHandlerWrapper.java:203)
	at com.sun.org.apache.xerces.internal.util.ErrorHandlerWrapper.fatalError(ErrorHandlerWrapper.java:177)
	at com.sun.org.apache.xerces.internal.impl.XMLErrorReporter.reportError(XMLErrorReporter.java:400)
	at com.sun.org.apache.xerces.internal.impl.XMLErrorReporter.reportError(XMLErrorReporter.java:327)
	at com.sun.org.apache.xerces.internal.impl.XMLScanner.reportFatalError(XMLScanner.java:1472)
	at com.sun.org.apache.xerces.internal.impl.XMLScanner.scanAttributeValue(XMLScanner.java:908)
	at com.sun.org.apache.xerces.internal.impl.XMLDocumentFragmentScannerImpl.scanAttribute(XMLDocumentFragmentScannerImpl.java:1548)
	at com.sun.org.apache.xerces.internal.impl.XMLDocumentFragmentScannerImpl.scanStartElement(XMLDocumentFragmentScannerImpl.java:1315)
	at com.sun.org.apache.xerces.internal.impl.XMLDocumentFragmentScannerImpl$FragmentContentDriver.next(XMLDocumentFragmentScannerImpl.java:2784)
	at com.sun.org.apache.xerces.internal.impl.XMLDocumentScannerImpl.next(XMLDocumentScannerImpl.java:602)
	at com.sun.org.apache.xerces.internal.impl.XMLDocumentFragmentScannerImpl.scanDocument(XMLDocumentFragmentScannerImpl.java:505)
	at com.sun.org.apache.xerces.internal.parsers.XML11Configuration.parse(XML11Configuration.java:841)
	at com.sun.org.apache.xerces.internal.parsers.XML11Configuration.parse(XML11Configuration.java:770)
	at com.sun.org.apache.xerces.internal.parsers.XMLParser.parse(XMLParser.java:141)
	at com.sun.org.apache.xerces.internal.parsers.DOMParser.parse(DOMParser.java:243)
	at com.sun.org.apache.xerces.internal.jaxp.DocumentBuilderImpl.parse(DocumentBuilderImpl.java:339)
	at org.eclipse.debug.internal.core.LaunchManager.createInfoFromXML(LaunchManager.java:935)
	at org.eclipse.debug.internal.core.LaunchManager.getInfo(LaunchManager.java:1359)
	at org.eclipse.debug.internal.core.LaunchConfiguration.getInfo(LaunchConfiguration.java:490)
	at org.eclipse.debug.internal.core.LaunchConfiguration.getType(LaunchConfiguration.java:645)
	at org.eclipse.debug.internal.core.LaunchManager.isValid(LaunchManager.java:2091)
	at org.eclipse.debug.internal.core.LaunchManager.verifyConfigurations(LaunchManager.java:2462)
	at org.eclipse.debug.internal.core.LaunchManager.getAllLaunchConfigurations(LaunchManager.java:1140)
	at org.eclipse.debug.internal.core.LaunchManager.getLaunchConfigurations(LaunchManager.java:1444)
	at org.eclipse.debug.internal.core.LaunchManager.getLaunchConfigurations(LaunchManager.java:1439)
	at org.eclipse.launchbar.core.internal.LaunchBarManager.init(LaunchBarManager.java:130)
	at org.eclipse.launchbar.core.internal.LaunchBarManager$1.run(LaunchBarManager.java:96)
	at org.eclipse.core.internal.jobs.Worker.run(Worker.java:63)

!ENTRY org.eclipse.debug.core 4 125 2026-07-28 11:20:41.392
!MESSAGE 调试核心所记录的错误：
!STACK 1
org.eclipse.debug.core.DebugException: 读取启动配置文件 F:\code\vibe_project\rollerball\M55\libraries\components\mtb-device-support-pse8xxgp\make\make\scripts\interface_version_4\eclipse\Application\ram\_normal\KitProg3\&&_APP_NAME&& Debug MultiCore (KitProg3_MiniProg4).launch 时发生了 org.xml.sax.SAXParseException; lineNumber: 3; columnNumber: 66; 在实体引用中, 实体名称必须紧跟在 '&' 后面。。
	at org.eclipse.debug.internal.core.LaunchManager.createDebugException(LaunchManager.java:886)
	at org.eclipse.debug.internal.core.LaunchManager.throwException(LaunchManager.java:2448)
	at org.eclipse.debug.internal.core.LaunchManager.getInfo(LaunchManager.java:1366)
	at org.eclipse.debug.internal.core.LaunchConfiguration.getInfo(LaunchConfiguration.java:490)
	at org.eclipse.debug.internal.core.LaunchConfiguration.getType(LaunchConfiguration.java:645)
	at org.eclipse.debug.internal.core.LaunchManager.isValid(LaunchManager.java:2091)
	at org.eclipse.debug.internal.core.LaunchManager.verifyConfigurations(LaunchManager.java:2462)
	at org.eclipse.debug.internal.core.LaunchManager.getAllLaunchConfigurations(LaunchManager.java:1140)
	at org.eclipse.debug.internal.core.LaunchManager.getLaunchConfigurations(LaunchManager.java:1444)
	at org.eclipse.debug.internal.core.LaunchManager.getLaunchConfigurations(LaunchManager.java:1439)
	at org.eclipse.launchbar.core.internal.LaunchBarManager.init(LaunchBarManager.java:130)
	at org.eclipse.launchbar.core.internal.LaunchBarManager$1.run(LaunchBarManager.java:96)
	at org.eclipse.core.internal.jobs.Worker.run(Worker.java:63)
Caused by: org.xml.sax.SAXParseException; lineNumber: 3; columnNumber: 66; 在实体引用中, 实体名称必须紧跟在 '&' 后面。
	at com.sun.org.apache.xerces.internal.util.ErrorHandlerWrapper.createSAXParseException(ErrorHandlerWrapper.java:203)
	at com.sun.org.apache.xerces.internal.util.ErrorHandlerWrapper.fatalError(ErrorHandlerWrapper.java:177)
	at com.sun.org.apache.xerces.internal.impl.XMLErrorReporter.reportError(XMLErrorReporter.java:400)
	at com.sun.org.apache.xerces.internal.impl.XMLErrorReporter.reportError(XMLErrorReporter.java:327)
	at com.sun.org.apache.xerces.internal.impl.XMLScanner.reportFatalError(XMLScanner.java:1472)
	at com.sun.org.apache.xerces.internal.impl.XMLScanner.scanAttributeValue(XMLScanner.java:908)
	at com.sun.org.apache.xerces.internal.impl.XMLDocumentFragmentScannerImpl.scanAttribute(XMLDocumentFragmentScannerImpl.java:1548)
	at com.sun.org.apache.xerces.internal.impl.XMLDocumentFragmentScannerImpl.scanStartElement(XMLDocumentFragmentScannerImpl.java:1315)
	at com.sun.org.apache.xerces.internal.impl.XMLDocumentFragmentScannerImpl$FragmentContentDriver.next(XMLDocumentFragmentScannerImpl.java:2784)
	at com.sun.org.apache.xerces.internal.impl.XMLDocumentScannerImpl.next(XMLDocumentScannerImpl.java:602)
	at com.sun.org.apache.xerces.internal.impl.XMLDocumentFragmentScannerImpl.scanDocument(XMLDocumentFragmentScannerImpl.java:505)
	at com.sun.org.apache.xerces.internal.parsers.XML11Configuration.parse(XML11Configuration.java:841)
	at com.sun.org.apache.xerces.internal.parsers.XML11Configuration.parse(XML11Configuration.java:770)
	at com.sun.org.apache.xerces.internal.parsers.XMLParser.parse(XMLParser.java:141)
	at com.sun.org.apache.xerces.internal.parsers.DOMParser.parse(DOMParser.java:243)
	at com.sun.org.apache.xerces.internal.jaxp.DocumentBuilderImpl.parse(DocumentBuilderImpl.java:339)
	at org.eclipse.debug.internal.core.LaunchManager.createInfoFromXML(LaunchManager.java:935)
	at org.eclipse.debug.internal.core.LaunchManager.getInfo(LaunchManager.java:1359)
	... 10 more
!SUBENTRY 1 org.eclipse.debug.core 4 5012 2026-07-28 11:20:41.392
!MESSAGE 读取启动配置文件 F:\code\vibe_project\rollerball\M55\libraries\components\mtb-device-support-pse8xxgp\make\make\scripts\interface_version_4\eclipse\Application\ram\_normal\KitProg3\&&_APP_NAME&& Debug MultiCore (KitProg3_MiniProg4).launch 时发生了 org.xml.sax.SAXParseException; lineNumber: 3; columnNumber: 66; 在实体引用中, 实体名称必须紧跟在 '&' 后面。。
!STACK 0
org.xml.sax.SAXParseException; lineNumber: 3; columnNumber: 66; 在实体引用中, 实体名称必须紧跟在 '&' 后面。
	at com.sun.org.apache.xerces.internal.util.ErrorHandlerWrapper.createSAXParseException(ErrorHandlerWrapper.java:203)
	at com.sun.org.apache.xerces.internal.util.ErrorHandlerWrapper.fatalError(ErrorHandlerWrapper.java:177)
	at com.sun.org.apache.xerces.internal.impl.XMLErrorReporter.reportError(XMLErrorReporter.java:400)
	at com.sun.org.apache.xerces.internal.impl.XMLErrorReporter.reportError(XMLErrorReporter.java:327)
	at com.sun.org.apache.xerces.internal.impl.XMLScanner.reportFatalError(XMLScanner.java:1472)
	at com.sun.org.apache.xerces.internal.impl.XMLScanner.scanAttributeValue(XMLScanner.java:908)
	at com.sun.org.apache.xerces.internal.impl.XMLDocumentFragmentScannerImpl.scanAttribute(XMLDocumentFragmentScannerImpl.java:1548)
	at com.sun.org.apache.xerces.internal.impl.XMLDocumentFragmentScannerImpl.scanStartElement(XMLDocumentFragmentScannerImpl.java:1315)
	at com.sun.org.apache.xerces.internal.impl.XMLDocumentFragmentScannerImpl$FragmentContentDriver.next(XMLDocumentFragmentScannerImpl.java:2784)
	at com.sun.org.apache.xerces.internal.impl.XMLDocumentScannerImpl.next(XMLDocumentScannerImpl.java:602)
	at com.sun.org.apache.xerces.internal.impl.XMLDocumentFragmentScannerImpl.scanDocument(XMLDocumentFragmentScannerImpl.java:505)
	at com.sun.org.apache.xerces.internal.parsers.XML11Configuration.parse(XML11Configuration.java:841)
	at com.sun.org.apache.xerces.internal.parsers.XML11Configuration.parse(XML11Configuration.java:770)
	at com.sun.org.apache.xerces.internal.parsers.XMLParser.parse(XMLParser.java:141)
	at com.sun.org.apache.xerces.internal.parsers.DOMParser.parse(DOMParser.java:243)
	at com.sun.org.apache.xerces.internal.jaxp.DocumentBuilderImpl.parse(DocumentBuilderImpl.java:339)
	at org.eclipse.debug.internal.core.LaunchManager.createInfoFromXML(LaunchManager.java:935)
	at org.eclipse.debug.internal.core.LaunchManager.getInfo(LaunchManager.java:1359)
	at org.eclipse.debug.internal.core.LaunchConfiguration.getInfo(LaunchConfiguration.java:490)
	at org.eclipse.debug.internal.core.LaunchConfiguration.getType(LaunchConfiguration.java:645)
	at org.eclipse.debug.internal.core.LaunchManager.isValid(LaunchManager.java:2091)
	at org.eclipse.debug.internal.core.LaunchManager.verifyConfigurations(LaunchManager.java:2462)
	at org.eclipse.debug.internal.core.LaunchManager.getAllLaunchConfigurations(LaunchManager.java:1140)
	at org.eclipse.debug.internal.core.LaunchManager.getLaunchConfigurations(LaunchManager.java:1444)
	at org.eclipse.debug.internal.core.LaunchManager.getLaunchConfigurations(LaunchManager.java:1439)
	at org.eclipse.launchbar.core.internal.LaunchBarManager.init(LaunchBarManager.java:130)
	at org.eclipse.launchbar.core.internal.LaunchBarManager$1.run(LaunchBarManager.java:96)
	at org.eclipse.core.internal.jobs.Worker.run(Worker.java:63)

!ENTRY org.eclipse.debug.core 4 125 2026-07-28 11:20:41.394
!MESSAGE 调试核心所记录的错误：
!STACK 1
org.eclipse.debug.core.DebugException: 读取启动配置文件 F:\code\vibe_project\rollerball\M55\libraries\components\mtb-device-support-pse8xxgp\make\make\scripts\interface_version_4\eclipse\Application\ram\_normal\KitProg3\&&_APP_NAME&& Erase All (KitProg3_MiniProg4).launch 时发生了 org.xml.sax.SAXParseException; lineNumber: 3; columnNumber: 66; 在实体引用中, 实体名称必须紧跟在 '&' 后面。。
	at org.eclipse.debug.internal.core.LaunchManager.createDebugException(LaunchManager.java:886)
	at org.eclipse.debug.internal.core.LaunchManager.throwException(LaunchManager.java:2448)
	at org.eclipse.debug.internal.core.LaunchManager.getInfo(LaunchManager.java:1366)
	at org.eclipse.debug.internal.core.LaunchConfiguration.getInfo(LaunchConfiguration.java:490)
	at org.eclipse.debug.internal.core.LaunchConfiguration.getType(LaunchConfiguration.java:645)
	at org.eclipse.debug.internal.core.LaunchManager.isValid(LaunchManager.java:2091)
	at org.eclipse.debug.internal.core.LaunchManager.verifyConfigurations(LaunchManager.java:2462)
	at org.eclipse.debug.internal.core.LaunchManager.getAllLaunchConfigurations(LaunchManager.java:1140)
	at org.eclipse.debug.internal.core.LaunchManager.getLaunchConfigurations(LaunchManager.java:1444)
	at org.eclipse.debug.internal.core.LaunchManager.getLaunchConfigurations(LaunchManager.java:1439)
	at org.eclipse.launchbar.core.internal.LaunchBarManager.init(LaunchBarManager.java:130)
	at org.eclipse.launchbar.core.internal.LaunchBarManager$1.run(LaunchBarManager.java:96)
	at org.eclipse.core.internal.jobs.Worker.run(Worker.java:63)
Caused by: org.xml.sax.SAXParseException; lineNumber: 3; columnNumber: 66; 在实体引用中, 实体名称必须紧跟在 '&' 后面。
	at com.sun.org.apache.xerces.internal.util.ErrorHandlerWrapper.createSAXParseException(ErrorHandlerWrapper.java:203)
	at com.sun.org.apache.xerces.internal.util.ErrorHandlerWrapper.fatalError(ErrorHandlerWrapper.java:177)
	at com.sun.org.apache.xerces.internal.impl.XMLErrorReporter.reportError(XMLErrorReporter.java:400)
	at com.sun.org.apache.xerces.internal.impl.XMLErrorReporter.reportError(XMLErrorReporter.java:327)
	at com.sun.org.apache.xerces.internal.impl.XMLScanner.reportFatalError(XMLScanner.java:1472)
	at com.sun.org.apache.xerces.internal.impl.XMLScanner.scanAttributeValue(XMLScanner.java:908)
	at com.sun.org.apache.xerces.internal.impl.XMLDocumentFragmentScannerImpl.scanAttribute(XMLDocumentFragmentScannerImpl.java:1548)
	at com.sun.org.apache.xerces.internal.impl.XMLDocumentFragmentScannerImpl.scanStartElement(XMLDocumentFragmentScannerImpl.java:1315)
	at com.sun.org.apache.xerces.internal.impl.XMLDocumentFragmentScannerImpl$FragmentContentDriver.next(XMLDocumentFragmentScannerImpl.java:2784)
	at com.sun.org.apache.xerces.internal.impl.XMLDocumentScannerImpl.next(XMLDocumentScannerImpl.java:602)
	at com.sun.org.apache.xerces.internal.impl.XMLDocumentFragmentScannerImpl.scanDocument(XMLDocumentFragmentScannerImpl.java:505)
	at com.sun.org.apache.xerces.internal.parsers.XML11Configuration.parse(XML11Configuration.java:841)
	at com.sun.org.apache.xerces.internal.parsers.XML11Configuration.parse(XML11Configuration.java:770)
	at com.sun.org.apache.xerces.internal.parsers.XMLParser.parse(XMLParser.java:141)
	at com.sun.org.apache.xerces.internal.parsers.DOMParser.parse(DOMParser.java:243)
	at com.sun.org.apache.xerces.internal.jaxp.DocumentBuilderImpl.parse(DocumentBuilderImpl.java:339)
	at org.eclipse.debug.internal.core.LaunchManager.createInfoFromXML(LaunchManager.java:935)
	at org.eclipse.debug.internal.core.LaunchManager.getInfo(LaunchManager.java:1359)
	... 10 more
!SUBENTRY 1 org.eclipse.debug.core 4 5012 2026-07-28 11:20:41.394
!MESSAGE 读取启动配置文件 F:\code\vibe_project\rollerball\M55\libraries\components\mtb-device-support-pse8xxgp\make\make\scripts\interface_version_4\eclipse\Application\ram\_normal\KitProg3\&&_APP_NAME&& Erase All (KitProg3_MiniProg4).launch 时发生了 org.xml.sax.SAXParseException; lineNumber: 3; columnNumber: 66; 在实体引用中, 实体名称必须紧跟在 '&' 后面。。
!STACK 0
org.xml.sax.SAXParseException; lineNumber: 3; columnNumber: 66; 在实体引用中, 实体名称必须紧跟在 '&' 后面。
	at com.sun.org.apache.xerces.internal.util.ErrorHandlerWrapper.createSAXParseException(ErrorHandlerWrapper.java:203)
	at com.sun.org.apache.xerces.internal.util.ErrorHandlerWrapper.fatalError(ErrorHandlerWrapper.java:177)
	at com.sun.org.apache.xerces.internal.impl.XMLErrorReporter.reportError(XMLErrorReporter.java:400)
	at com.sun.org.apache.xerces.internal.impl.XMLErrorReporter.reportError(XMLErrorReporter.java:327)
	at com.sun.org.apache.xerces.internal.impl.XMLScanner.reportFatalError(XMLScanner.java:1472)
	at com.sun.org.apache.xerces.internal.impl.XMLScanner.scanAttributeValue(XMLScanner.java:908)
	at com.sun.org.apache.xerces.internal.impl.XMLDocumentFragmentScannerImpl.scanAttribute(XMLDocumentFragmentScannerImpl.java:1548)
	at com.sun.org.apache.xerces.internal.impl.XMLDocumentFragmentScannerImpl.scanStartElement(XMLDocumentFragmentScannerImpl.java:1315)
	at com.sun.org.apache.xerces.internal.impl.XMLDocumentFragmentScannerImpl$FragmentContentDriver.next(XMLDocumentFragmentScannerImpl.java:2784)
	at com.sun.org.apache.xerces.internal.impl.XMLDocumentScannerImpl.next(XMLDocumentScannerImpl.java:602)
	at com.sun.org.apache.xerces.internal.impl.XMLDocumentFragmentScannerImpl.scanDocument(XMLDocumentFragmentScannerImpl.java:505)
	at com.sun.org.apache.xerces.internal.parsers.XML11Configuration.parse(XML11Configuration.java:841)
	at com.sun.org.apache.xerces.internal.parsers.XML11Configuration.parse(XML11Configuration.java:770)
	at com.sun.org.apache.xerces.internal.parsers.XMLParser.parse(XMLParser.java:141)
	at com.sun.org.apache.xerces.internal.parsers.DOMParser.parse(DOMParser.java:243)
	at com.sun.org.apache.xerces.internal.jaxp.DocumentBuilderImpl.parse(DocumentBuilderImpl.java:339)
	at org.eclipse.debug.internal.core.LaunchManager.createInfoFromXML(LaunchManager.java:935)
	at org.eclipse.debug.internal.core.LaunchManager.getInfo(LaunchManager.java:1359)
	at org.eclipse.debug.internal.core.LaunchConfiguration.getInfo(LaunchConfiguration.java:490)
	at org.eclipse.debug.internal.core.LaunchConfiguration.getType(LaunchConfiguration.java:645)
	at org.eclipse.debug.internal.core.LaunchManager.isValid(LaunchManager.java:2091)
	at org.eclipse.debug.internal.core.LaunchManager.verifyConfigurations(LaunchManager.java:2462)
	at org.eclipse.debug.internal.core.LaunchManager.getAllLaunchConfigurations(LaunchManager.java:1140)
	at org.eclipse.debug.internal.core.LaunchManager.getLaunchConfigurations(LaunchManager.java:1444)
	at org.eclipse.debug.internal.core.LaunchManager.getLaunchConfigurations(LaunchManager.java:1439)
	at org.eclipse.launchbar.core.internal.LaunchBarManager.init(LaunchBarManager.java:130)
	at org.eclipse.launchbar.core.internal.LaunchBarManager$1.run(LaunchBarManager.java:96)
	at org.eclipse.core.internal.jobs.Worker.run(Worker.java:63)

!ENTRY org.eclipse.debug.core 4 125 2026-07-28 11:20:41.395
!MESSAGE 调试核心所记录的错误：
!STACK 1
org.eclipse.debug.core.DebugException: 读取启动配置文件 F:\code\vibe_project\rollerball\M55\libraries\components\mtb-device-support-pse8xxgp\make\make\scripts\interface_version_4\eclipse\Application\ram\_normal\KitProg3\&&_APP_NAME&& Erase Device (KitProg3_MiniProg4).launch 时发生了 org.xml.sax.SAXParseException; lineNumber: 3; columnNumber: 66; 在实体引用中, 实体名称必须紧跟在 '&' 后面。。
	at org.eclipse.debug.internal.core.LaunchManager.createDebugException(LaunchManager.java:886)
	at org.eclipse.debug.internal.core.LaunchManager.throwException(LaunchManager.java:2448)
	at org.eclipse.debug.internal.core.LaunchManager.getInfo(LaunchManager.java:1366)
	at org.eclipse.debug.internal.core.LaunchConfiguration.getInfo(LaunchConfiguration.java:490)
	at org.eclipse.debug.internal.core.LaunchConfiguration.getType(LaunchConfiguration.java:645)
	at org.eclipse.debug.internal.core.LaunchManager.isValid(LaunchManager.java:2091)
	at org.eclipse.debug.internal.core.LaunchManager.verifyConfigurations(LaunchManager.java:2462)
	at org.eclipse.debug.internal.core.LaunchManager.getAllLaunchConfigurations(LaunchManager.java:1140)
	at org.eclipse.debug.internal.core.LaunchManager.getLaunchConfigurations(LaunchManager.java:1444)
	at org.eclipse.debug.internal.core.LaunchManager.getLaunchConfigurations(LaunchManager.java:1439)
	at org.eclipse.launchbar.core.internal.LaunchBarManager.init(LaunchBarManager.java:130)
	at org.eclipse.launchbar.core.internal.LaunchBarManager$1.run(LaunchBarManager.java:96)
	at org.eclipse.core.internal.jobs.Worker.run(Worker.java:63)
Caused by: org.xml.sax.SAXParseException; lineNumber: 3; columnNumber: 66; 在实体引用中, 实体名称必须紧跟在 '&' 后面。
	at com.sun.org.apache.xerces.internal.util.ErrorHandlerWrapper.createSAXParseException(ErrorHandlerWrapper.java:203)
	at com.sun.org.apache.xerces.internal.util.ErrorHandlerWrapper.fatalError(ErrorHandlerWrapper.java:177)
	at com.sun.org.apache.xerces.internal.impl.XMLErrorReporter.reportError(XMLErrorReporter.java:400)
	at com.sun.org.apache.xerces.internal.impl.XMLErrorReporter.reportError(XMLErrorReporter.java:327)
	at com.sun.org.apache.xerces.internal.impl.XMLScanner.reportFatalError(XMLScanner.java:1472)
	at com.sun.org.apache.xerces.internal.impl.XMLScanner.scanAttributeValue(XMLScanner.java:908)
	at com.sun.org.apache.xerces.internal.impl.XMLDocumentFragmentScannerImpl.scanAttribute(XMLDocumentFragmentScannerImpl.java:1548)
	at com.sun.org.apache.xerces.internal.impl.XMLDocumentFragmentScannerImpl.scanStartElement(XMLDocumentFragmentScannerImpl.java:1315)
	at com.sun.org.apache.xerces.internal.impl.XMLDocumentFragmentScannerImpl$FragmentContentDriver.next(XMLDocumentFragmentScannerImpl.java:2784)
	at com.sun.org.apache.xerces.internal.impl.XMLDocumentScannerImpl.next(XMLDocumentScannerImpl.java:602)
	at com.sun.org.apache.xerces.internal.impl.XMLDocumentFragmentScannerImpl.scanDocument(XMLDocumentFragmentScannerImpl.java:505)
	at com.sun.org.apache.xerces.internal.parsers.XML11Configuration.parse(XML11Configuration.java:841)
	at com.sun.org.apache.xerces.internal.parsers.XML11Configuration.parse(XML11Configuration.java:770)
	at com.sun.org.apache.xerces.internal.parsers.XMLParser.parse(XMLParser.java:141)
	at com.sun.org.apache.xerces.internal.parsers.DOMParser.parse(DOMParser.java:243)
	at com.sun.org.apache.xerces.internal.jaxp.DocumentBuilderImpl.parse(DocumentBuilderImpl.java:339)
	at org.eclipse.debug.internal.core.LaunchManager.createInfoFromXML(LaunchManager.java:935)
	at org.eclipse.debug.internal.core.LaunchManager.getInfo(LaunchManager.java:1359)
	... 10 more
!SUBENTRY 1 org.eclipse.debug.core 4 5012 2026-07-28 11:20:41.395
!MESSAGE 读取启动配置文件 F:\code\vibe_project\rollerball\M55\libraries\components\mtb-device-support-pse8xxgp\make\make\scripts\interface_version_4\eclipse\Application\ram\_normal\KitProg3\&&_APP_NAME&& Erase Device (KitProg3_MiniProg4).launch 时发生了 org.xml.sax.SAXParseException; lineNumber: 3; columnNumber: 66; 在实体引用中, 实体名称必须紧跟在 '&' 后面。。
!STACK 0
org.xml.sax.SAXParseException; lineNumber: 3; columnNumber: 66; 在实体引用中, 实体名称必须紧跟在 '&' 后面。
	at com.sun.org.apache.xerces.internal.util.ErrorHandlerWrapper.createSAXParseException(ErrorHandlerWrapper.java:203)
	at com.sun.org.apache.xerces.internal.util.ErrorHandlerWrapper.fatalError(ErrorHandlerWrapper.java:177)
	at com.sun.org.apache.xerces.internal.impl.XMLErrorReporter.reportError(XMLErrorReporter.java:400)
	at com.sun.org.apache.xerces.internal.impl.XMLErrorReporter.reportError(XMLErrorReporter.java:327)
	at com.sun.org.apache.xerces.internal.impl.XMLScanner.reportFatalError(XMLScanner.java:1472)
	at com.sun.org.apache.xerces.internal.impl.XMLScanner.scanAttributeValue(XMLScanner.java:908)
	at com.sun.org.apache.xerces.internal.impl.XMLDocumentFragmentScannerImpl.scanAttribute(XMLDocumentFragmentScannerImpl.java:1548)
	at com.sun.org.apache.xerces.internal.impl.XMLDocumentFragmentScannerImpl.scanStartElement(XMLDocumentFragmentScannerImpl.java:1315)
	at com.sun.org.apache.xerces.internal.impl.XMLDocumentFragmentScannerImpl$FragmentContentDriver.next(XMLDocumentFragmentScannerImpl.java:2784)
	at com.sun.org.apache.xerces.internal.impl.XMLDocumentScannerImpl.next(XMLDocumentScannerImpl.java:602)
	at com.sun.org.apache.xerces.internal.impl.XMLDocumentFragmentScannerImpl.scanDocument(XMLDocumentFragmentScannerImpl.java:505)
	at com.sun.org.apache.xerces.internal.parsers.XML11Configuration.parse(XML11Configuration.java:841)
	at com.sun.org.apache.xerces.internal.parsers.XML11Configuration.parse(XML11Configuration.java:770)
	at com.sun.org.apache.xerces.internal.parsers.XMLParser.parse(XMLParser.java:141)
	at com.sun.org.apache.xerces.internal.parsers.DOMParser.parse(DOMParser.java:243)
	at com.sun.org.apache.xerces.internal.jaxp.DocumentBuilderImpl.parse(DocumentBuilderImpl.java:339)
	at org.eclipse.debug.internal.core.LaunchManager.createInfoFromXML(LaunchManager.java:935)
	at org.eclipse.debug.internal.core.LaunchManager.getInfo(LaunchManager.java:1359)
	at org.eclipse.debug.internal.core.LaunchConfiguration.getInfo(LaunchConfiguration.java:490)
	at org.eclipse.debug.internal.core.LaunchConfiguration.getType(LaunchConfiguration.java:645)
	at org.eclipse.debug.internal.core.LaunchManager.isValid(LaunchManager.java:2091)
	at org.eclipse.debug.internal.core.LaunchManager.verifyConfigurations(LaunchManager.java:2462)
	at org.eclipse.debug.internal.core.LaunchManager.getAllLaunchConfigurations(LaunchManager.java:1140)
	at org.eclipse.debug.internal.core.LaunchManager.getLaunchConfigurations(LaunchManager.java:1444)
	at org.eclipse.debug.internal.core.LaunchManager.getLaunchConfigurations(LaunchManager.java:1439)
	at org.eclipse.launchbar.core.internal.LaunchBarManager.init(LaunchBarManager.java:130)
	at org.eclipse.launchbar.core.internal.LaunchBarManager$1.run(LaunchBarManager.java:96)
	at org.eclipse.core.internal.jobs.Worker.run(Worker.java:63)

!ENTRY org.eclipse.debug.core 4 125 2026-07-28 11:20:41.397
!MESSAGE 调试核心所记录的错误：
!STACK 1
org.eclipse.debug.core.DebugException: 读取启动配置文件 F:\code\vibe_project\rollerball\M55\libraries\components\mtb-device-support-pse8xxgp\make\make\scripts\interface_version_4\eclipse\Application\ram\_normal\KitProg3\&&_APP_NAME&& Program Application (KitProg3_MiniProg4).launch 时发生了 org.xml.sax.SAXParseException; lineNumber: 3; columnNumber: 66; 在实体引用中, 实体名称必须紧跟在 '&' 后面。。
	at org.eclipse.debug.internal.core.LaunchManager.createDebugException(LaunchManager.java:886)
	at org.eclipse.debug.internal.core.LaunchManager.throwException(LaunchManager.java:2448)
	at org.eclipse.debug.internal.core.LaunchManager.getInfo(LaunchManager.java:1366)
	at org.eclipse.debug.internal.core.LaunchConfiguration.getInfo(LaunchConfiguration.java:490)
	at org.eclipse.debug.internal.core.LaunchConfiguration.getType(LaunchConfiguration.java:645)
	at org.eclipse.debug.internal.core.LaunchManager.isValid(LaunchManager.java:2091)
	at org.eclipse.debug.internal.core.LaunchManager.verifyConfigurations(LaunchManager.java:2462)
	at org.eclipse.debug.internal.core.LaunchManager.getAllLaunchConfigurations(LaunchManager.java:1140)
	at org.eclipse.debug.internal.core.LaunchManager.getLaunchConfigurations(LaunchManager.java:1444)
	at org.eclipse.debug.internal.core.LaunchManager.getLaunchConfigurations(LaunchManager.java:1439)
	at org.eclipse.launchbar.core.internal.LaunchBarManager.init(LaunchBarManager.java:130)
	at org.eclipse.launchbar.core.internal.LaunchBarManager$1.run(LaunchBarManager.java:96)
	at org.eclipse.core.internal.jobs.Worker.run(Worker.java:63)
Caused by: org.xml.sax.SAXParseException; lineNumber: 3; columnNumber: 66; 在实体引用中, 实体名称必须紧跟在 '&' 后面。
	at com.sun.org.apache.xerces.internal.util.ErrorHandlerWrapper.createSAXParseException(ErrorHandlerWrapper.java:203)
	at com.sun.org.apache.xerces.internal.util.ErrorHandlerWrapper.fatalError(ErrorHandlerWrapper.java:177)
	at com.sun.org.apache.xerces.internal.impl.XMLErrorReporter.reportError(XMLErrorReporter.java:400)
	at com.sun.org.apache.xerces.internal.impl.XMLErrorReporter.reportError(XMLErrorReporter.java:327)
	at com.sun.org.apache.xerces.internal.impl.XMLScanner.reportFatalError(XMLScanner.java:1472)
	at com.sun.org.apache.xerces.internal.impl.XMLScanner.scanAttributeValue(XMLScanner.java:908)
	at com.sun.org.apache.xerces.internal.impl.XMLDocumentFragmentScannerImpl.scanAttribute(XMLDocumentFragmentScannerImpl.java:1548)
	at com.sun.org.apache.xerces.internal.impl.XMLDocumentFragmentScannerImpl.scanStartElement(XMLDocumentFragmentScannerImpl.java:1315)
	at com.sun.org.apache.xerces.internal.impl.XMLDocumentFragmentScannerImpl$FragmentContentDriver.next(XMLDocumentFragmentScannerImpl.java:2784)
	at com.sun.org.apache.xerces.internal.impl.XMLDocumentScannerImpl.next(XMLDocumentScannerImpl.java:602)
	at com.sun.org.apache.xerces.internal.impl.XMLDocumentFragmentScannerImpl.scanDocument(XMLDocumentFragmentScannerImpl.java:505)
	at com.sun.org.apache.xerces.internal.parsers.XML11Configuration.parse(XML11Configuration.java:841)
	at com.sun.org.apache.xerces.internal.parsers.XML11Configuration.parse(XML11Configuration.java:770)
	at com.sun.org.apache.xerces.internal.parsers.XMLParser.parse(XMLParser.java:141)
	at com.sun.org.apache.xerces.internal.parsers.DOMParser.parse(DOMParser.java:243)
	at com.sun.org.apache.xerces.internal.jaxp.DocumentBuilderImpl.parse(DocumentBuilderImpl.java:339)
	at org.eclipse.debug.internal.core.LaunchManager.createInfoFromXML(LaunchManager.java:935)
	at org.eclipse.debug.internal.core.LaunchManager.getInfo(LaunchManager.java:1359)
	... 10 more
!SUBENTRY 1 org.eclipse.debug.core 4 5012 2026-07-28 11:20:41.397
!MESSAGE 读取启动配置文件 F:\code\vibe_project\rollerball\M55\libraries\components\mtb-device-support-pse8xxgp\make\make\scripts\interface_version_4\eclipse\Application\ram\_normal\KitProg3\&&_APP_NAME&& Program Application (KitProg3_MiniProg4).launch 时发生了 org.xml.sax.SAXParseException; lineNumber: 3; columnNumber: 66; 在实体引用中, 实体名称必须紧跟在 '&' 后面。。
!STACK 0
org.xml.sax.SAXParseException; lineNumber: 3; columnNumber: 66; 在实体引用中, 实体名称必须紧跟在 '&' 后面。
	at com.sun.org.apache.xerces.internal.util.ErrorHandlerWrapper.createSAXParseException(ErrorHandlerWrapper.java:203)
	at com.sun.org.apache.xerces.internal.util.ErrorHandlerWrapper.fatalError(ErrorHandlerWrapper.java:177)
	at com.sun.org.apache.xerces.internal.impl.XMLErrorReporter.reportError(XMLErrorReporter.java:400)
	at com.sun.org.apache.xerces.internal.impl.XMLErrorReporter.reportError(XMLErrorReporter.java:327)
	at com.sun.org.apache.xerces.internal.impl.XMLScanner.reportFatalError(XMLScanner.java:1472)
	at com.sun.org.apache.xerces.internal.impl.XMLScanner.scanAttributeValue(XMLScanner.java:908)
	at com.sun.org.apache.xerces.internal.impl.XMLDocumentFragmentScannerImpl.scanAttribute(XMLDocumentFragmentScannerImpl.java:1548)
	at com.sun.org.apache.xerces.internal.impl.XMLDocumentFragmentScannerImpl.scanStartElement(XMLDocumentFragmentScannerImpl.java:1315)
	at com.sun.org.apache.xerces.internal.impl.XMLDocumentFragmentScannerImpl$FragmentContentDriver.next(XMLDocumentFragmentScannerImpl.java:2784)
	at com.sun.org.apache.xerces.internal.impl.XMLDocumentScannerImpl.next(XMLDocumentScannerImpl.java:602)
	at com.sun.org.apache.xerces.internal.impl.XMLDocumentFragmentScannerImpl.scanDocument(XMLDocumentFragmentScannerImpl.java:505)
	at com.sun.org.apache.xerces.internal.parsers.XML11Configuration.parse(XML11Configuration.java:841)
	at com.sun.org.apache.xerces.internal.parsers.XML11Configuration.parse(XML11Configuration.java:770)
	at com.sun.org.apache.xerces.internal.parsers.XMLParser.parse(XMLParser.java:141)
	at com.sun.org.apache.xerces.internal.parsers.DOMParser.parse(DOMParser.java:243)
	at com.sun.org.apache.xerces.internal.jaxp.DocumentBuilderImpl.parse(DocumentBuilderImpl.java:339)
	at org.eclipse.debug.internal.core.LaunchManager.createInfoFromXML(LaunchManager.java:935)
	at org.eclipse.debug.internal.core.LaunchManager.getInfo(LaunchManager.java:1359)
	at org.eclipse.debug.internal.core.LaunchConfiguration.getInfo(LaunchConfiguration.java:490)
	at org.eclipse.debug.internal.core.LaunchConfiguration.getType(LaunchConfiguration.java:645)
	at org.eclipse.debug.internal.core.LaunchManager.isValid(LaunchManager.java:2091)
	at org.eclipse.debug.internal.core.LaunchManager.verifyConfigurations(LaunchManager.java:2462)
	at org.eclipse.debug.internal.core.LaunchManager.getAllLaunchConfigurations(LaunchManager.java:1140)
	at org.eclipse.debug.internal.core.LaunchManager.getLaunchConfigurations(LaunchManager.java:1444)
	at org.eclipse.debug.internal.core.LaunchManager.getLaunchConfigurations(LaunchManager.java:1439)
	at org.eclipse.launchbar.core.internal.LaunchBarManager.init(LaunchBarManager.java:130)
	at org.eclipse.launchbar.core.internal.LaunchBarManager$1.run(LaunchBarManager.java:96)
	at org.eclipse.core.internal.jobs.Worker.run(Worker.java:63)

!ENTRY org.eclipse.debug.core 4 125 2026-07-28 11:20:41.399
!MESSAGE 调试核心所记录的错误：
!STACK 1
org.eclipse.debug.core.DebugException: 读取启动配置文件 F:\code\vibe_project\rollerball\M55\libraries\components\mtb-device-support-pse8xxgp\make\make\scripts\interface_version_4\eclipse\Application\ram\virgin\JLink\&&_APP_NAME&& Debug RAM MultiCore (JLink).launch 时发生了 org.xml.sax.SAXParseException; lineNumber: 3; columnNumber: 66; 在实体引用中, 实体名称必须紧跟在 '&' 后面。。
	at org.eclipse.debug.internal.core.LaunchManager.createDebugException(LaunchManager.java:886)
	at org.eclipse.debug.internal.core.LaunchManager.throwException(LaunchManager.java:2448)
	at org.eclipse.debug.internal.core.LaunchManager.getInfo(LaunchManager.java:1366)
	at org.eclipse.debug.internal.core.LaunchConfiguration.getInfo(LaunchConfiguration.java:490)
	at org.eclipse.debug.internal.core.LaunchConfiguration.getType(LaunchConfiguration.java:645)
	at org.eclipse.debug.internal.core.LaunchManager.isValid(LaunchManager.java:2091)
	at org.eclipse.debug.internal.core.LaunchManager.verifyConfigurations(LaunchManager.java:2462)
	at org.eclipse.debug.internal.core.LaunchManager.getAllLaunchConfigurations(LaunchManager.java:1140)
	at org.eclipse.debug.internal.core.LaunchManager.getLaunchConfigurations(LaunchManager.java:1444)
	at org.eclipse.debug.internal.core.LaunchManager.getLaunchConfigurations(LaunchManager.java:1439)
	at org.eclipse.launchbar.core.internal.LaunchBarManager.init(LaunchBarManager.java:130)
	at org.eclipse.launchbar.core.internal.LaunchBarManager$1.run(LaunchBarManager.java:96)
	at org.eclipse.core.internal.jobs.Worker.run(Worker.java:63)
Caused by: org.xml.sax.SAXParseException; lineNumber: 3; columnNumber: 66; 在实体引用中, 实体名称必须紧跟在 '&' 后面。
	at com.sun.org.apache.xerces.internal.util.ErrorHandlerWrapper.createSAXParseException(ErrorHandlerWrapper.java:203)
	at com.sun.org.apache.xerces.internal.util.ErrorHandlerWrapper.fatalError(ErrorHandlerWrapper.java:177)
	at com.sun.org.apache.xerces.internal.impl.XMLErrorReporter.reportError(XMLErrorReporter.java:400)
	at com.sun.org.apache.xerces.internal.impl.XMLErrorReporter.reportError(XMLErrorReporter.java:327)
	at com.sun.org.apache.xerces.internal.impl.XMLScanner.reportFatalError(XMLScanner.java:1472)
	at com.sun.org.apache.xerces.internal.impl.XMLScanner.scanAttributeValue(XMLScanner.java:908)
	at com.sun.org.apache.xerces.internal.impl.XMLDocumentFragmentScannerImpl.scanAttribute(XMLDocumentFragmentScannerImpl.java:1548)
	at com.sun.org.apache.xerces.internal.impl.XMLDocumentFragmentScannerImpl.scanStartElement(XMLDocumentFragmentScannerImpl.java:1315)
	at com.sun.org.apache.xerces.internal.impl.XMLDocumentFragmentScannerImpl$FragmentContentDriver.next(XMLDocumentFragmentScannerImpl.java:2784)
	at com.sun.org.apache.xerces.internal.impl.XMLDocumentScannerImpl.next(XMLDocumentScannerImpl.java:602)
	at com.sun.org.apache.xerces.internal.impl.XMLDocumentFragmentScannerImpl.scanDocument(XMLDocumentFragmentScannerImpl.java:505)
	at com.sun.org.apache.xerces.internal.parsers.XML11Configuration.parse(XML11Configuration.java:841)
	at com.sun.org.apache.xerces.internal.parsers.XML11Configuration.parse(XML11Configuration.java:770)
	at com.sun.org.apache.xerces.internal.parsers.XMLParser.parse(XMLParser.java:141)
	at com.sun.org.apache.xerces.internal.parsers.DOMParser.parse(DOMParser.java:243)
	at com.sun.org.apache.xerces.internal.jaxp.DocumentBuilderImpl.parse(DocumentBuilderImpl.java:339)
	at org.eclipse.debug.internal.core.LaunchManager.createInfoFromXML(LaunchManager.java:935)
	at org.eclipse.debug.internal.core.LaunchManager.getInfo(LaunchManager.java:1359)
	... 10 more
!SUBENTRY 1 org.eclipse.debug.core 4 5012 2026-07-28 11:20:41.400
!MESSAGE 读取启动配置文件 F:\code\vibe_project\rollerball\M55\libraries\components\mtb-device-support-pse8xxgp\make\make\scripts\interface_version_4\eclipse\Application\ram\virgin\JLink\&&_APP_NAME&& Debug RAM MultiCore (JLink).launch 时发生了 org.xml.sax.SAXParseException; lineNumber: 3; columnNumber: 66; 在实体引用中, 实体名称必须紧跟在 '&' 后面。。
!STACK 0
org.xml.sax.SAXParseException; lineNumber: 3; columnNumber: 66; 在实体引用中, 实体名称必须紧跟在 '&' 后面。
	at com.sun.org.apache.xerces.internal.util.ErrorHandlerWrapper.createSAXParseException(ErrorHandlerWrapper.java:203)
	at com.sun.org.apache.xerces.internal.util.ErrorHandlerWrapper.fatalError(ErrorHandlerWrapper.java:177)
	at com.sun.org.apache.xerces.internal.impl.XMLErrorReporter.reportError(XMLErrorReporter.java:400)
	at com.sun.org.apache.xerces.internal.impl.XMLErrorReporter.reportError(XMLErrorReporter.java:327)
	at com.sun.org.apache.xerces.internal.impl.XMLScanner.reportFatalError(XMLScanner.java:1472)
	at com.sun.org.apache.xerces.internal.impl.XMLScanner.scanAttributeValue(XMLScanner.java:908)
	at com.sun.org.apache.xerces.internal.impl.XMLDocumentFragmentScannerImpl.scanAttribute(XMLDocumentFragmentScannerImpl.java:1548)
	at com.sun.org.apache.xerces.internal.impl.XMLDocumentFragmentScannerImpl.scanStartElement(XMLDocumentFragmentScannerImpl.java:1315)
	at com.sun.org.apache.xerces.internal.impl.XMLDocumentFragmentScannerImpl$FragmentContentDriver.next(XMLDocumentFragmentScannerImpl.java:2784)
	at com.sun.org.apache.xerces.internal.impl.XMLDocumentScannerImpl.next(XMLDocumentScannerImpl.java:602)
	at com.sun.org.apache.xerces.internal.impl.XMLDocumentFragmentScannerImpl.scanDocument(XMLDocumentFragmentScannerImpl.java:505)
	at com.sun.org.apache.xerces.internal.parsers.XML11Configuration.parse(XML11Configuration.java:841)
	at com.sun.org.apache.xerces.internal.parsers.XML11Configuration.parse(XML11Configuration.java:770)
	at com.sun.org.apache.xerces.internal.parsers.XMLParser.parse(XMLParser.java:141)
	at com.sun.org.apache.xerces.internal.parsers.DOMParser.parse(DOMParser.java:243)
	at com.sun.org.apache.xerces.internal.jaxp.DocumentBuilderImpl.parse(DocumentBuilderImpl.java:339)
	at org.eclipse.debug.internal.core.LaunchManager.createInfoFromXML(LaunchManager.java:935)
	at org.eclipse.debug.internal.core.LaunchManager.getInfo(LaunchManager.java:1359)
	at org.eclipse.debug.internal.core.LaunchConfiguration.getInfo(LaunchConfiguration.java:490)
	at org.eclipse.debug.internal.core.LaunchConfiguration.getType(LaunchConfiguration.java:645)
	at org.eclipse.debug.internal.core.LaunchManager.isValid(LaunchManager.java:2091)
	at org.eclipse.debug.internal.core.LaunchManager.verifyConfigurations(LaunchManager.java:2462)
	at org.eclipse.debug.internal.core.LaunchManager.getAllLaunchConfigurations(LaunchManager.java:1140)
	at org.eclipse.debug.internal.core.LaunchManager.getLaunchConfigurations(LaunchManager.java:1444)
	at org.eclipse.debug.internal.core.LaunchManager.getLaunchConfigurations(LaunchManager.java:1439)
	at org.eclipse.launchbar.core.internal.LaunchBarManager.init(LaunchBarManager.java:130)
	at org.eclipse.launchbar.core.internal.LaunchBarManager$1.run(LaunchBarManager.java:96)
	at org.eclipse.core.internal.jobs.Worker.run(Worker.java:63)

!ENTRY org.eclipse.debug.core 4 125 2026-07-28 11:20:41.401
!MESSAGE 调试核心所记录的错误：
!STACK 1
org.eclipse.debug.core.DebugException: 读取启动配置文件 F:\code\vibe_project\rollerball\M55\libraries\components\mtb-device-support-pse8xxgp\make\make\scripts\interface_version_4\eclipse\Application\ram\virgin\JLink\&&_APP_NAME&& Program RAM Application (JLink).launch 时发生了 org.xml.sax.SAXParseException; lineNumber: 3; columnNumber: 66; 在实体引用中, 实体名称必须紧跟在 '&' 后面。。
	at org.eclipse.debug.internal.core.LaunchManager.createDebugException(LaunchManager.java:886)
	at org.eclipse.debug.internal.core.LaunchManager.throwException(LaunchManager.java:2448)
	at org.eclipse.debug.internal.core.LaunchManager.getInfo(LaunchManager.java:1366)
	at org.eclipse.debug.internal.core.LaunchConfiguration.getInfo(LaunchConfiguration.java:490)
	at org.eclipse.debug.internal.core.LaunchConfiguration.getType(LaunchConfiguration.java:645)
	at org.eclipse.debug.internal.core.LaunchManager.isValid(LaunchManager.java:2091)
	at org.eclipse.debug.internal.core.LaunchManager.verifyConfigurations(LaunchManager.java:2462)
	at org.eclipse.debug.internal.core.LaunchManager.getAllLaunchConfigurations(LaunchManager.java:1140)
	at org.eclipse.debug.internal.core.LaunchManager.getLaunchConfigurations(LaunchManager.java:1444)
	at org.eclipse.debug.internal.core.LaunchManager.getLaunchConfigurations(LaunchManager.java:1439)
	at org.eclipse.launchbar.core.internal.LaunchBarManager.init(LaunchBarManager.java:130)
	at org.eclipse.launchbar.core.internal.LaunchBarManager$1.run(LaunchBarManager.java:96)
	at org.eclipse.core.internal.jobs.Worker.run(Worker.java:63)
Caused by: org.xml.sax.SAXParseException; lineNumber: 3; columnNumber: 66; 在实体引用中, 实体名称必须紧跟在 '&' 后面。
	at com.sun.org.apache.xerces.internal.util.ErrorHandlerWrapper.createSAXParseException(ErrorHandlerWrapper.java:203)
	at com.sun.org.apache.xerces.internal.util.ErrorHandlerWrapper.fatalError(ErrorHandlerWrapper.java:177)
	at com.sun.org.apache.xerces.internal.impl.XMLErrorReporter.reportError(XMLErrorReporter.java:400)
	at com.sun.org.apache.xerces.internal.impl.XMLErrorReporter.reportError(XMLErrorReporter.java:327)
	at com.sun.org.apache.xerces.internal.impl.XMLScanner.reportFatalError(XMLScanner.java:1472)
	at com.sun.org.apache.xerces.internal.impl.XMLScanner.scanAttributeValue(XMLScanner.java:908)
	at com.sun.org.apache.xerces.internal.impl.XMLDocumentFragmentScannerImpl.scanAttribute(XMLDocumentFragmentScannerImpl.java:1548)
	at com.sun.org.apache.xerces.internal.impl.XMLDocumentFragmentScannerImpl.scanStartElement(XMLDocumentFragmentScannerImpl.java:1315)
	at com.sun.org.apache.xerces.internal.impl.XMLDocumentFragmentScannerImpl$FragmentContentDriver.next(XMLDocumentFragmentScannerImpl.java:2784)
	at com.sun.org.apache.xerces.internal.impl.XMLDocumentScannerImpl.next(XMLDocumentScannerImpl.java:602)
	at com.sun.org.apache.xerces.internal.impl.XMLDocumentFragmentScannerImpl.scanDocument(XMLDocumentFragmentScannerImpl.java:505)
	at com.sun.org.apache.xerces.internal.parsers.XML11Configuration.parse(XML11Configuration.java:841)
	at com.sun.org.apache.xerces.internal.parsers.XML11Configuration.parse(XML11Configuration.java:770)
	at com.sun.org.apache.xerces.internal.parsers.XMLParser.parse(XMLParser.java:141)
	at com.sun.org.apache.xerces.internal.parsers.DOMParser.parse(DOMParser.java:243)
	at com.sun.org.apache.xerces.internal.jaxp.DocumentBuilderImpl.parse(DocumentBuilderImpl.java:339)
	at org.eclipse.debug.internal.core.LaunchManager.createInfoFromXML(LaunchManager.java:935)
	at org.eclipse.debug.internal.core.LaunchManager.getInfo(LaunchManager.java:1359)
	... 10 more
!SUBENTRY 1 org.eclipse.debug.core 4 5012 2026-07-28 11:20:41.402
!MESSAGE 读取启动配置文件 F:\code\vibe_project\rollerball\M55\libraries\components\mtb-device-support-pse8xxgp\make\make\scripts\interface_version_4\eclipse\Application\ram\virgin\JLink\&&_APP_NAME&& Program RAM Application (JLink).launch 时发生了 org.xml.sax.SAXParseException; lineNumber: 3; columnNumber: 66; 在实体引用中, 实体名称必须紧跟在 '&' 后面。。
!STACK 0
org.xml.sax.SAXParseException; lineNumber: 3; columnNumber: 66; 在实体引用中, 实体名称必须紧跟在 '&' 后面。
	at com.sun.org.apache.xerces.internal.util.ErrorHandlerWrapper.createSAXParseException(ErrorHandlerWrapper.java:203)
	at com.sun.org.apache.xerces.internal.util.ErrorHandlerWrapper.fatalError(ErrorHandlerWrapper.java:177)
	at com.sun.org.apache.xerces.internal.impl.XMLErrorReporter.reportError(XMLErrorReporter.java:400)
	at com.sun.org.apache.xerces.internal.impl.XMLErrorReporter.reportError(XMLErrorReporter.java:327)
	at com.sun.org.apache.xerces.internal.impl.XMLScanner.reportFatalError(XMLScanner.java:1472)
	at com.sun.org.apache.xerces.internal.impl.XMLScanner.scanAttributeValue(XMLScanner.java:908)
	at com.sun.org.apache.xerces.internal.impl.XMLDocumentFragmentScannerImpl.scanAttribute(XMLDocumentFragmentScannerImpl.java:1548)
	at com.sun.org.apache.xerces.internal.impl.XMLDocumentFragmentScannerImpl.scanStartElement(XMLDocumentFragmentScannerImpl.java:1315)
	at com.sun.org.apache.xerces.internal.impl.XMLDocumentFragmentScannerImpl$FragmentContentDriver.next(XMLDocumentFragmentScannerImpl.java:2784)
	at com.sun.org.apache.xerces.internal.impl.XMLDocumentScannerImpl.next(XMLDocumentScannerImpl.java:602)
	at com.sun.org.apache.xerces.internal.impl.XMLDocumentFragmentScannerImpl.scanDocument(XMLDocumentFragmentScannerImpl.java:505)
	at com.sun.org.apache.xerces.internal.parsers.XML11Configuration.parse(XML11Configuration.java:841)
	at com.sun.org.apache.xerces.internal.parsers.XML11Configuration.parse(XML11Configuration.java:770)
	at com.sun.org.apache.xerces.internal.parsers.XMLParser.parse(XMLParser.java:141)
	at com.sun.org.apache.xerces.internal.parsers.DOMParser.parse(DOMParser.java:243)
	at com.sun.org.apache.xerces.internal.jaxp.DocumentBuilderImpl.parse(DocumentBuilderImpl.java:339)
	at org.eclipse.debug.internal.core.LaunchManager.createInfoFromXML(LaunchManager.java:935)
	at org.eclipse.debug.internal.core.LaunchManager.getInfo(LaunchManager.java:1359)
	at org.eclipse.debug.internal.core.LaunchConfiguration.getInfo(LaunchConfiguration.java:490)
	at org.eclipse.debug.internal.core.LaunchConfiguration.getType(LaunchConfiguration.java:645)
	at org.eclipse.debug.internal.core.LaunchManager.isValid(LaunchManager.java:2091)
	at org.eclipse.debug.internal.core.LaunchManager.verifyConfigurations(LaunchManager.java:2462)
	at org.eclipse.debug.internal.core.LaunchManager.getAllLaunchConfigurations(LaunchManager.java:1140)
	at org.eclipse.debug.internal.core.LaunchManager.getLaunchConfigurations(LaunchManager.java:1444)
	at org.eclipse.debug.internal.core.LaunchManager.getLaunchConfigurations(LaunchManager.java:1439)
	at org.eclipse.launchbar.core.internal.LaunchBarManager.init(LaunchBarManager.java:130)
	at org.eclipse.launchbar.core.internal.LaunchBarManager$1.run(LaunchBarManager.java:96)
	at org.eclipse.core.internal.jobs.Worker.run(Worker.java:63)

!ENTRY org.eclipse.debug.core 4 125 2026-07-28 11:20:41.403
!MESSAGE 调试核心所记录的错误：
!STACK 1
org.eclipse.debug.core.DebugException: 读取启动配置文件 F:\code\vibe_project\rollerball\M55\libraries\components\mtb-device-support-pse8xxgp\make\make\scripts\interface_version_4\eclipse\Application\ram\virgin\KitProg3\&&_APP_NAME&& Debug RAM MultiCore (KitProg3_MiniProg4).launch 时发生了 org.xml.sax.SAXParseException; lineNumber: 3; columnNumber: 66; 在实体引用中, 实体名称必须紧跟在 '&' 后面。。
	at org.eclipse.debug.internal.core.LaunchManager.createDebugException(LaunchManager.java:886)
	at org.eclipse.debug.internal.core.LaunchManager.throwException(LaunchManager.java:2448)
	at org.eclipse.debug.internal.core.LaunchManager.getInfo(LaunchManager.java:1366)
	at org.eclipse.debug.internal.core.LaunchConfiguration.getInfo(LaunchConfiguration.java:490)
	at org.eclipse.debug.internal.core.LaunchConfiguration.getType(LaunchConfiguration.java:645)
	at org.eclipse.debug.internal.core.LaunchManager.isValid(LaunchManager.java:2091)
	at org.eclipse.debug.internal.core.LaunchManager.verifyConfigurations(LaunchManager.java:2462)
	at org.eclipse.debug.internal.core.LaunchManager.getAllLaunchConfigurations(LaunchManager.java:1140)
	at org.eclipse.debug.internal.core.LaunchManager.getLaunchConfigurations(LaunchManager.java:1444)
	at org.eclipse.debug.internal.core.LaunchManager.getLaunchConfigurations(LaunchManager.java:1439)
	at org.eclipse.launchbar.core.internal.LaunchBarManager.init(LaunchBarManager.java:130)
	at org.eclipse.launchbar.core.internal.LaunchBarManager$1.run(LaunchBarManager.java:96)
	at org.eclipse.core.internal.jobs.Worker.run(Worker.java:63)
Caused by: org.xml.sax.SAXParseException; lineNumber: 3; columnNumber: 66; 在实体引用中, 实体名称必须紧跟在 '&' 后面。
	at com.sun.org.apache.xerces.internal.util.ErrorHandlerWrapper.createSAXParseException(ErrorHandlerWrapper.java:203)
	at com.sun.org.apache.xerces.internal.util.ErrorHandlerWrapper.fatalError(ErrorHandlerWrapper.java:177)
	at com.sun.org.apache.xerces.internal.impl.XMLErrorReporter.reportError(XMLErrorReporter.java:400)
	at com.sun.org.apache.xerces.internal.impl.XMLErrorReporter.reportError(XMLErrorReporter.java:327)
	at com.sun.org.apache.xerces.internal.impl.XMLScanner.reportFatalError(XMLScanner.java:1472)
	at com.sun.org.apache.xerces.internal.impl.XMLScanner.scanAttributeValue(XMLScanner.java:908)
	at com.sun.org.apache.xerces.internal.impl.XMLDocumentFragmentScannerImpl.scanAttribute(XMLDocumentFragmentScannerImpl.java:1548)
	at com.sun.org.apache.xerces.internal.impl.XMLDocumentFragmentScannerImpl.scanStartElement(XMLDocumentFragmentScannerImpl.java:1315)
	at com.sun.org.apache.xerces.internal.impl.XMLDocumentFragmentScannerImpl$FragmentContentDriver.next(XMLDocumentFragmentScannerImpl.java:2784)
	at com.sun.org.apache.xerces.internal.impl.XMLDocumentScannerImpl.next(XMLDocumentScannerImpl.java:602)
	at com.sun.org.apache.xerces.internal.impl.XMLDocumentFragmentScannerImpl.scanDocument(XMLDocumentFragmentScannerImpl.java:505)
	at com.sun.org.apache.xerces.internal.parsers.XML11Configuration.parse(XML11Configuration.java:841)
	at com.sun.org.apache.xerces.internal.parsers.XML11Configuration.parse(XML11Configuration.java:770)
	at com.sun.org.apache.xerces.internal.parsers.XMLParser.parse(XMLParser.java:141)
	at com.sun.org.apache.xerces.internal.parsers.DOMParser.parse(DOMParser.java:243)
	at com.sun.org.apache.xerces.internal.jaxp.DocumentBuilderImpl.parse(DocumentBuilderImpl.java:339)
	at org.eclipse.debug.internal.core.LaunchManager.createInfoFromXML(LaunchManager.java:935)
	at org.eclipse.debug.internal.core.LaunchManager.getInfo(LaunchManager.java:1359)
	... 10 more
!SUBENTRY 1 org.eclipse.debug.core 4 5012 2026-07-28 11:20:41.403
!MESSAGE 读取启动配置文件 F:\code\vibe_project\rollerball\M55\libraries\components\mtb-device-support-pse8xxgp\make\make\scripts\interface_version_4\eclipse\Application\ram\virgin\KitProg3\&&_APP_NAME&& Debug RAM MultiCore (KitProg3_MiniProg4).launch 时发生了 org.xml.sax.SAXParseException; lineNumber: 3; columnNumber: 66; 在实体引用中, 实体名称必须紧跟在 '&' 后面。。
!STACK 0
org.xml.sax.SAXParseException; lineNumber: 3; columnNumber: 66; 在实体引用中, 实体名称必须紧跟在 '&' 后面。
	at com.sun.org.apache.xerces.internal.util.ErrorHandlerWrapper.createSAXParseException(ErrorHandlerWrapper.java:203)
	at com.sun.org.apache.xerces.internal.util.ErrorHandlerWrapper.fatalError(ErrorHandlerWrapper.java:177)
	at com.sun.org.apache.xerces.internal.impl.XMLErrorReporter.reportError(XMLErrorReporter.java:400)
	at com.sun.org.apache.xerces.internal.impl.XMLErrorReporter.reportError(XMLErrorReporter.java:327)
	at com.sun.org.apache.xerces.internal.impl.XMLScanner.reportFatalError(XMLScanner.java:1472)
	at com.sun.org.apache.xerces.internal.impl.XMLScanner.scanAttributeValue(XMLScanner.java:908)
	at com.sun.org.apache.xerces.internal.impl.XMLDocumentFragmentScannerImpl.scanAttribute(XMLDocumentFragmentScannerImpl.java:1548)
	at com.sun.org.apache.xerces.internal.impl.XMLDocumentFragmentScannerImpl.scanStartElement(XMLDocumentFragmentScannerImpl.java:1315)
	at com.sun.org.apache.xerces.internal.impl.XMLDocumentFragmentScannerImpl$FragmentContentDriver.next(XMLDocumentFragmentScannerImpl.java:2784)
	at com.sun.org.apache.xerces.internal.impl.XMLDocumentScannerImpl.next(XMLDocumentScannerImpl.java:602)
	at com.sun.org.apache.xerces.internal.impl.XMLDocumentFragmentScannerImpl.scanDocument(XMLDocumentFragmentScannerImpl.java:505)
	at com.sun.org.apache.xerces.internal.parsers.XML11Configuration.parse(XML11Configuration.java:841)
	at com.sun.org.apache.xerces.internal.parsers.XML11Configuration.parse(XML11Configuration.java:770)
	at com.sun.org.apache.xerces.internal.parsers.XMLParser.parse(XMLParser.java:141)
	at com.sun.org.apache.xerces.internal.parsers.DOMParser.parse(DOMParser.java:243)
	at com.sun.org.apache.xerces.internal.jaxp.DocumentBuilderImpl.parse(DocumentBuilderImpl.java:339)
	at org.eclipse.debug.internal.core.LaunchManager.createInfoFromXML(LaunchManager.java:935)
	at org.eclipse.debug.internal.core.LaunchManager.getInfo(LaunchManager.java:1359)
	at org.eclipse.debug.internal.core.LaunchConfiguration.getInfo(LaunchConfiguration.java:490)
	at org.eclipse.debug.internal.core.LaunchConfiguration.getType(LaunchConfiguration.java:645)
	at org.eclipse.debug.internal.core.LaunchManager.isValid(LaunchManager.java:2091)
	at org.eclipse.debug.internal.core.LaunchManager.verifyConfigurations(LaunchManager.java:2462)
	at org.eclipse.debug.internal.core.LaunchManager.getAllLaunchConfigurations(LaunchManager.java:1140)
	at org.eclipse.debug.internal.core.LaunchManager.getLaunchConfigurations(LaunchManager.java:1444)
	at org.eclipse.debug.internal.core.LaunchManager.getLaunchConfigurations(LaunchManager.java:1439)
	at org.eclipse.launchbar.core.internal.LaunchBarManager.init(LaunchBarManager.java:130)
	at org.eclipse.launchbar.core.internal.LaunchBarManager$1.run(LaunchBarManager.java:96)
	at org.eclipse.core.internal.jobs.Worker.run(Worker.java:63)

!ENTRY org.eclipse.debug.core 4 125 2026-07-28 11:20:41.405
!MESSAGE 调试核心所记录的错误：
!STACK 1
org.eclipse.debug.core.DebugException: 读取启动配置文件 F:\code\vibe_project\rollerball\M55\libraries\components\mtb-device-support-pse8xxgp\make\make\scripts\interface_version_4\eclipse\Application\ram\virgin\KitProg3\&&_APP_NAME&& Program RAM Application (KitProg3_MiniProg4).launch 时发生了 org.xml.sax.SAXParseException; lineNumber: 3; columnNumber: 66; 在实体引用中, 实体名称必须紧跟在 '&' 后面。。
	at org.eclipse.debug.internal.core.LaunchManager.createDebugException(LaunchManager.java:886)
	at org.eclipse.debug.internal.core.LaunchManager.throwException(LaunchManager.java:2448)
	at org.eclipse.debug.internal.core.LaunchManager.getInfo(LaunchManager.java:1366)
	at org.eclipse.debug.internal.core.LaunchConfiguration.getInfo(LaunchConfiguration.java:490)
	at org.eclipse.debug.internal.core.LaunchConfiguration.getType(LaunchConfiguration.java:645)
	at org.eclipse.debug.internal.core.LaunchManager.isValid(LaunchManager.java:2091)
	at org.eclipse.debug.internal.core.LaunchManager.verifyConfigurations(LaunchManager.java:2462)
	at org.eclipse.debug.internal.core.LaunchManager.getAllLaunchConfigurations(LaunchManager.java:1140)
	at org.eclipse.debug.internal.core.LaunchManager.getLaunchConfigurations(LaunchManager.java:1444)
	at org.eclipse.debug.internal.core.LaunchManager.getLaunchConfigurations(LaunchManager.java:1439)
	at org.eclipse.launchbar.core.internal.LaunchBarManager.init(LaunchBarManager.java:130)
	at org.eclipse.launchbar.core.internal.LaunchBarManager$1.run(LaunchBarManager.java:96)
	at org.eclipse.core.internal.jobs.Worker.run(Worker.java:63)
Caused by: org.xml.sax.SAXParseException; lineNumber: 3; columnNumber: 66; 在实体引用中, 实体名称必须紧跟在 '&' 后面。
	at com.sun.org.apache.xerces.internal.util.ErrorHandlerWrapper.createSAXParseException(ErrorHandlerWrapper.java:203)
	at com.sun.org.apache.xerces.internal.util.ErrorHandlerWrapper.fatalError(ErrorHandlerWrapper.java:177)
	at com.sun.org.apache.xerces.internal.impl.XMLErrorReporter.reportError(XMLErrorReporter.java:400)
	at com.sun.org.apache.xerces.internal.impl.XMLErrorReporter.reportError(XMLErrorReporter.java:327)
	at com.sun.org.apache.xerces.internal.impl.XMLScanner.reportFatalError(XMLScanner.java:1472)
	at com.sun.org.apache.xerces.internal.impl.XMLScanner.scanAttributeValue(XMLScanner.java:908)
	at com.sun.org.apache.xerces.internal.impl.XMLDocumentFragmentScannerImpl.scanAttribute(XMLDocumentFragmentScannerImpl.java:1548)
	at com.sun.org.apache.xerces.internal.impl.XMLDocumentFragmentScannerImpl.scanStartElement(XMLDocumentFragmentScannerImpl.java:1315)
	at com.sun.org.apache.xerces.internal.impl.XMLDocumentFragmentScannerImpl$FragmentContentDriver.next(XMLDocumentFragmentScannerImpl.java:2784)
	at com.sun.org.apache.xerces.internal.impl.XMLDocumentScannerImpl.next(XMLDocumentScannerImpl.java:602)
	at com.sun.org.apache.xerces.internal.impl.XMLDocumentFragmentScannerImpl.scanDocument(XMLDocumentFragmentScannerImpl.java:505)
	at com.sun.org.apache.xerces.internal.parsers.XML11Configuration.parse(XML11Configuration.java:841)
	at com.sun.org.apache.xerces.internal.parsers.XML11Configuration.parse(XML11Configuration.java:770)
	at com.sun.org.apache.xerces.internal.parsers.XMLParser.parse(XMLParser.java:141)
	at com.sun.org.apache.xerces.internal.parsers.DOMParser.parse(DOMParser.java:243)
	at com.sun.org.apache.xerces.internal.jaxp.DocumentBuilderImpl.parse(DocumentBuilderImpl.java:339)
	at org.eclipse.debug.internal.core.LaunchManager.createInfoFromXML(LaunchManager.java:935)
	at org.eclipse.debug.internal.core.LaunchManager.getInfo(LaunchManager.java:1359)
	... 10 more
!SUBENTRY 1 org.eclipse.debug.core 4 5012 2026-07-28 11:20:41.405
!MESSAGE 读取启动配置文件 F:\code\vibe_project\rollerball\M55\libraries\components\mtb-device-support-pse8xxgp\make\make\scripts\interface_version_4\eclipse\Application\ram\virgin\KitProg3\&&_APP_NAME&& Program RAM Application (KitProg3_MiniProg4).launch 时发生了 org.xml.sax.SAXParseException; lineNumber: 3; columnNumber: 66; 在实体引用中, 实体名称必须紧跟在 '&' 后面。。
!STACK 0
org.xml.sax.SAXParseException; lineNumber: 3; columnNumber: 66; 在实体引用中, 实体名称必须紧跟在 '&' 后面。
	at com.sun.org.apache.xerces.internal.util.ErrorHandlerWrapper.createSAXParseException(ErrorHandlerWrapper.java:203)
	at com.sun.org.apache.xerces.internal.util.ErrorHandlerWrapper.fatalError(ErrorHandlerWrapper.java:177)
	at com.sun.org.apache.xerces.internal.impl.XMLErrorReporter.reportError(XMLErrorReporter.java:400)
	at com.sun.org.apache.xerces.internal.impl.XMLErrorReporter.reportError(XMLErrorReporter.java:327)
	at com.sun.org.apache.xerces.internal.impl.XMLScanner.reportFatalError(XMLScanner.java:1472)
	at com.sun.org.apache.xerces.internal.impl.XMLScanner.scanAttributeValue(XMLScanner.java:908)
	at com.sun.org.apache.xerces.internal.impl.XMLDocumentFragmentScannerImpl.scanAttribute(XMLDocumentFragmentScannerImpl.java:1548)
	at com.sun.org.apache.xerces.internal.impl.XMLDocumentFragmentScannerImpl.scanStartElement(XMLDocumentFragmentScannerImpl.java:1315)
	at com.sun.org.apache.xerces.internal.impl.XMLDocumentFragmentScannerImpl$FragmentContentDriver.next(XMLDocumentFragmentScannerImpl.java:2784)
	at com.sun.org.apache.xerces.internal.impl.XMLDocumentScannerImpl.next(XMLDocumentScannerImpl.java:602)
	at com.sun.org.apache.xerces.internal.impl.XMLDocumentFragmentScannerImpl.scanDocument(XMLDocumentFragmentScannerImpl.java:505)
	at com.sun.org.apache.xerces.internal.parsers.XML11Configuration.parse(XML11Configuration.java:841)
	at com.sun.org.apache.xerces.internal.parsers.XML11Configuration.parse(XML11Configuration.java:770)
	at com.sun.org.apache.xerces.internal.parsers.XMLParser.parse(XMLParser.java:141)
	at com.sun.org.apache.xerces.internal.parsers.DOMParser.parse(DOMParser.java:243)
	at com.sun.org.apache.xerces.internal.jaxp.DocumentBuilderImpl.parse(DocumentBuilderImpl.java:339)
	at org.eclipse.debug.internal.core.LaunchManager.createInfoFromXML(LaunchManager.java:935)
	at org.eclipse.debug.internal.core.LaunchManager.getInfo(LaunchManager.java:1359)
	at org.eclipse.debug.internal.core.LaunchConfiguration.getInfo(LaunchConfiguration.java:490)
	at org.eclipse.debug.internal.core.LaunchConfiguration.getType(LaunchConfiguration.java:645)
	at org.eclipse.debug.internal.core.LaunchManager.isValid(LaunchManager.java:2091)
	at org.eclipse.debug.internal.core.LaunchManager.verifyConfigurations(LaunchManager.java:2462)
	at org.eclipse.debug.internal.core.LaunchManager.getAllLaunchConfigurations(LaunchManager.java:1140)
	at org.eclipse.debug.internal.core.LaunchManager.getLaunchConfigurations(LaunchManager.java:1444)
	at org.eclipse.debug.internal.core.LaunchManager.getLaunchConfigurations(LaunchManager.java:1439)
	at org.eclipse.launchbar.core.internal.LaunchBarManager.init(LaunchBarManager.java:130)
	at org.eclipse.launchbar.core.internal.LaunchBarManager$1.run(LaunchBarManager.java:96)
	at org.eclipse.core.internal.jobs.Worker.run(Worker.java:63)

!ENTRY org.eclipse.debug.core 4 125 2026-07-28 11:20:41.406
!MESSAGE 调试核心所记录的错误：
!STACK 1
org.eclipse.debug.core.DebugException: 读取启动配置文件 F:\code\vibe_project\rollerball\M55\libraries\components\mtb-device-support-pse8xxgp\make\make\scripts\interface_version_4\eclipse\CM33\flash\_normal\JLink\any\&&_PRJ_NAME&& Attach RAM (JLink).launch 时发生了 org.xml.sax.SAXParseException; lineNumber: 3; columnNumber: 66; 在实体引用中, 实体名称必须紧跟在 '&' 后面。。
	at org.eclipse.debug.internal.core.LaunchManager.createDebugException(LaunchManager.java:886)
	at org.eclipse.debug.internal.core.LaunchManager.throwException(LaunchManager.java:2448)
	at org.eclipse.debug.internal.core.LaunchManager.getInfo(LaunchManager.java:1366)
	at org.eclipse.debug.internal.core.LaunchConfiguration.getInfo(LaunchConfiguration.java:490)
	at org.eclipse.debug.internal.core.LaunchConfiguration.getType(LaunchConfiguration.java:645)
	at org.eclipse.debug.internal.core.LaunchManager.isValid(LaunchManager.java:2091)
	at org.eclipse.debug.internal.core.LaunchManager.verifyConfigurations(LaunchManager.java:2462)
	at org.eclipse.debug.internal.core.LaunchManager.getAllLaunchConfigurations(LaunchManager.java:1140)
	at org.eclipse.debug.internal.core.LaunchManager.getLaunchConfigurations(LaunchManager.java:1444)
	at org.eclipse.debug.internal.core.LaunchManager.getLaunchConfigurations(LaunchManager.java:1439)
	at org.eclipse.launchbar.core.internal.LaunchBarManager.init(LaunchBarManager.java:130)
	at org.eclipse.launchbar.core.internal.LaunchBarManager$1.run(LaunchBarManager.java:96)
	at org.eclipse.core.internal.jobs.Worker.run(Worker.java:63)
Caused by: org.xml.sax.SAXParseException; lineNumber: 3; columnNumber: 66; 在实体引用中, 实体名称必须紧跟在 '&' 后面。
	at com.sun.org.apache.xerces.internal.util.ErrorHandlerWrapper.createSAXParseException(ErrorHandlerWrapper.java:203)
	at com.sun.org.apache.xerces.internal.util.ErrorHandlerWrapper.fatalError(ErrorHandlerWrapper.java:177)
	at com.sun.org.apache.xerces.internal.impl.XMLErrorReporter.reportError(XMLErrorReporter.java:400)
	at com.sun.org.apache.xerces.internal.impl.XMLErrorReporter.reportError(XMLErrorReporter.java:327)
	at com.sun.org.apache.xerces.internal.impl.XMLScanner.reportFatalError(XMLScanner.java:1472)
	at com.sun.org.apache.xerces.internal.impl.XMLScanner.scanAttributeValue(XMLScanner.java:908)
	at com.sun.org.apache.xerces.internal.impl.XMLDocumentFragmentScannerImpl.scanAttribute(XMLDocumentFragmentScannerImpl.java:1548)
	at com.sun.org.apache.xerces.internal.impl.XMLDocumentFragmentScannerImpl.scanStartElement(XMLDocumentFragmentScannerImpl.java:1315)
	at com.sun.org.apache.xerces.internal.impl.XMLDocumentFragmentScannerImpl$FragmentContentDriver.next(XMLDocumentFragmentScannerImpl.java:2784)
	at com.sun.org.apache.xerces.internal.impl.XMLDocumentScannerImpl.next(XMLDocumentScannerImpl.java:602)
	at com.sun.org.apache.xerces.internal.impl.XMLDocumentFragmentScannerImpl.scanDocument(XMLDocumentFragmentScannerImpl.java:505)
	at com.sun.org.apache.xerces.internal.parsers.XML11Configuration.parse(XML11Configuration.java:841)
	at com.sun.org.apache.xerces.internal.parsers.XML11Configuration.parse(XML11Configuration.java:770)
	at com.sun.org.apache.xerces.internal.parsers.XMLParser.parse(XMLParser.java:141)
	at com.sun.org.apache.xerces.internal.parsers.DOMParser.parse(DOMParser.java:243)
	at com.sun.org.apache.xerces.internal.jaxp.DocumentBuilderImpl.parse(DocumentBuilderImpl.java:339)
	at org.eclipse.debug.internal.core.LaunchManager.createInfoFromXML(LaunchManager.java:935)
	at org.eclipse.debug.internal.core.LaunchManager.getInfo(LaunchManager.java:1359)
	... 10 more
!SUBENTRY 1 org.eclipse.debug.core 4 5012 2026-07-28 11:20:41.407
!MESSAGE 读取启动配置文件 F:\code\vibe_project\rollerball\M55\libraries\components\mtb-device-support-pse8xxgp\make\make\scripts\interface_version_4\eclipse\CM33\flash\_normal\JLink\any\&&_PRJ_NAME&& Attach RAM (JLink).launch 时发生了 org.xml.sax.SAXParseException; lineNumber: 3; columnNumber: 66; 在实体引用中, 实体名称必须紧跟在 '&' 后面。。
!STACK 0
org.xml.sax.SAXParseException; lineNumber: 3; columnNumber: 66; 在实体引用中, 实体名称必须紧跟在 '&' 后面。
	at com.sun.org.apache.xerces.internal.util.ErrorHandlerWrapper.createSAXParseException(ErrorHandlerWrapper.java:203)
	at com.sun.org.apache.xerces.internal.util.ErrorHandlerWrapper.fatalError(ErrorHandlerWrapper.java:177)
	at com.sun.org.apache.xerces.internal.impl.XMLErrorReporter.reportError(XMLErrorReporter.java:400)
	at com.sun.org.apache.xerces.internal.impl.XMLErrorReporter.reportError(XMLErrorReporter.java:327)
	at com.sun.org.apache.xerces.internal.impl.XMLScanner.reportFatalError(XMLScanner.java:1472)
	at com.sun.org.apache.xerces.internal.impl.XMLScanner.scanAttributeValue(XMLScanner.java:908)
	at com.sun.org.apache.xerces.internal.impl.XMLDocumentFragmentScannerImpl.scanAttribute(XMLDocumentFragmentScannerImpl.java:1548)
	at com.sun.org.apache.xerces.internal.impl.XMLDocumentFragmentScannerImpl.scanStartElement(XMLDocumentFragmentScannerImpl.java:1315)
	at com.sun.org.apache.xerces.internal.impl.XMLDocumentFragmentScannerImpl$FragmentContentDriver.next(XMLDocumentFragmentScannerImpl.java:2784)
	at com.sun.org.apache.xerces.internal.impl.XMLDocumentScannerImpl.next(XMLDocumentScannerImpl.java:602)
	at com.sun.org.apache.xerces.internal.impl.XMLDocumentFragmentScannerImpl.scanDocument(XMLDocumentFragmentScannerImpl.java:505)
	at com.sun.org.apache.xerces.internal.parsers.XML11Configuration.parse(XML11Configuration.java:841)
	at com.sun.org.apache.xerces.internal.parsers.XML11Configuration.parse(XML11Configuration.java:770)
	at com.sun.org.apache.xerces.internal.parsers.XMLParser.parse(XMLParser.java:141)
	at com.sun.org.apache.xerces.internal.parsers.DOMParser.parse(DOMParser.java:243)
	at com.sun.org.apache.xerces.internal.jaxp.DocumentBuilderImpl.parse(DocumentBuilderImpl.java:339)
	at org.eclipse.debug.internal.core.LaunchManager.createInfoFromXML(LaunchManager.java:935)
	at org.eclipse.debug.internal.core.LaunchManager.getInfo(LaunchManager.java:1359)
	at org.eclipse.debug.internal.core.LaunchConfiguration.getInfo(LaunchConfiguration.java:490)
	at org.eclipse.debug.internal.core.LaunchConfiguration.getType(LaunchConfiguration.java:645)
	at org.eclipse.debug.internal.core.LaunchManager.isValid(LaunchManager.java:2091)
	at org.eclipse.debug.internal.core.LaunchManager.verifyConfigurations(LaunchManager.java:2462)
	at org.eclipse.debug.internal.core.LaunchManager.getAllLaunchConfigurations(LaunchManager.java:1140)
	at org.eclipse.debug.internal.core.LaunchManager.getLaunchConfigurations(LaunchManager.java:1444)
	at org.eclipse.debug.internal.core.LaunchManager.getLaunchConfigurations(LaunchManager.java:1439)
	at org.eclipse.launchbar.core.internal.LaunchBarManager.init(LaunchBarManager.java:130)
	at org.eclipse.launchbar.core.internal.LaunchBarManager$1.run(LaunchBarManager.java:96)
	at org.eclipse.core.internal.jobs.Worker.run(Worker.java:63)

!ENTRY org.eclipse.debug.core 4 125 2026-07-28 11:20:41.408
!MESSAGE 调试核心所记录的错误：
!STACK 1
org.eclipse.debug.core.DebugException: 读取启动配置文件 F:\code\vibe_project\rollerball\M55\libraries\components\mtb-device-support-pse8xxgp\make\make\scripts\interface_version_4\eclipse\CM33\flash\_normal\JLink\any\&&_PRJ_NAME&& Program RAM (JLink).launch 时发生了 org.xml.sax.SAXParseException; lineNumber: 3; columnNumber: 66; 在实体引用中, 实体名称必须紧跟在 '&' 后面。。
	at org.eclipse.debug.internal.core.LaunchManager.createDebugException(LaunchManager.java:886)
	at org.eclipse.debug.internal.core.LaunchManager.throwException(LaunchManager.java:2448)
	at org.eclipse.debug.internal.core.LaunchManager.getInfo(LaunchManager.java:1366)
	at org.eclipse.debug.internal.core.LaunchConfiguration.getInfo(LaunchConfiguration.java:490)
	at org.eclipse.debug.internal.core.LaunchConfiguration.getType(LaunchConfiguration.java:645)
	at org.eclipse.debug.internal.core.LaunchManager.isValid(LaunchManager.java:2091)
	at org.eclipse.debug.internal.core.LaunchManager.verifyConfigurations(LaunchManager.java:2462)
	at org.eclipse.debug.internal.core.LaunchManager.getAllLaunchConfigurations(LaunchManager.java:1140)
	at org.eclipse.debug.internal.core.LaunchManager.getLaunchConfigurations(LaunchManager.java:1444)
	at org.eclipse.debug.internal.core.LaunchManager.getLaunchConfigurations(LaunchManager.java:1439)
	at org.eclipse.launchbar.core.internal.LaunchBarManager.init(LaunchBarManager.java:130)
	at org.eclipse.launchbar.core.internal.LaunchBarManager$1.run(LaunchBarManager.java:96)
	at org.eclipse.core.internal.jobs.Worker.run(Worker.java:63)
Caused by: org.xml.sax.SAXParseException; lineNumber: 3; columnNumber: 66; 在实体引用中, 实体名称必须紧跟在 '&' 后面。
	at com.sun.org.apache.xerces.internal.util.ErrorHandlerWrapper.createSAXParseException(ErrorHandlerWrapper.java:203)
	at com.sun.org.apache.xerces.internal.util.ErrorHandlerWrapper.fatalError(ErrorHandlerWrapper.java:177)
	at com.sun.org.apache.xerces.internal.impl.XMLErrorReporter.reportError(XMLErrorReporter.java:400)
	at com.sun.org.apache.xerces.internal.impl.XMLErrorReporter.reportError(XMLErrorReporter.java:327)
	at com.sun.org.apache.xerces.internal.impl.XMLScanner.reportFatalError(XMLScanner.java:1472)
	at com.sun.org.apache.xerces.internal.impl.XMLScanner.scanAttributeValue(XMLScanner.java:908)
	at com.sun.org.apache.xerces.internal.impl.XMLDocumentFragmentScannerImpl.scanAttribute(XMLDocumentFragmentScannerImpl.java:1548)
	at com.sun.org.apache.xerces.internal.impl.XMLDocumentFragmentScannerImpl.scanStartElement(XMLDocumentFragmentScannerImpl.java:1315)
	at com.sun.org.apache.xerces.internal.impl.XMLDocumentFragmentScannerImpl$FragmentContentDriver.next(XMLDocumentFragmentScannerImpl.java:2784)
	at com.sun.org.apache.xerces.internal.impl.XMLDocumentScannerImpl.next(XMLDocumentScannerImpl.java:602)
	at com.sun.org.apache.xerces.internal.impl.XMLDocumentFragmentScannerImpl.scanDocument(XMLDocumentFragmentScannerImpl.java:505)
	at com.sun.org.apache.xerces.internal.parsers.XML11Configuration.parse(XML11Configuration.java:841)
	at com.sun.org.apache.xerces.internal.parsers.XML11Configuration.parse(XML11Configuration.java:770)
	at com.sun.org.apache.xerces.internal.parsers.XMLParser.parse(XMLParser.java:141)
	at com.sun.org.apache.xerces.internal.parsers.DOMParser.parse(DOMParser.java:243)
	at com.sun.org.apache.xerces.internal.jaxp.DocumentBuilderImpl.parse(DocumentBuilderImpl.java:339)
	at org.eclipse.debug.internal.core.LaunchManager.createInfoFromXML(LaunchManager.java:935)
	at org.eclipse.debug.internal.core.LaunchManager.getInfo(LaunchManager.java:1359)
	... 10 more
!SUBENTRY 1 org.eclipse.debug.core 4 5012 2026-07-28 11:20:41.408
!MESSAGE 读取启动配置文件 F:\code\vibe_project\rollerball\M55\libraries\components\mtb-device-support-pse8xxgp\make\make\scripts\interface_version_4\eclipse\CM33\flash\_normal\JLink\any\&&_PRJ_NAME&& Program RAM (JLink).launch 时发生了 org.xml.sax.SAXParseException; lineNumber: 3; columnNumber: 66; 在实体引用中, 实体名称必须紧跟在 '&' 后面。。
!STACK 0
org.xml.sax.SAXParseException; lineNumber: 3; columnNumber: 66; 在实体引用中, 实体名称必须紧跟在 '&' 后面。
	at com.sun.org.apache.xerces.internal.util.ErrorHandlerWrapper.createSAXParseException(ErrorHandlerWrapper.java:203)
	at com.sun.org.apache.xerces.internal.util.ErrorHandlerWrapper.fatalError(ErrorHandlerWrapper.java:177)
	at com.sun.org.apache.xerces.internal.impl.XMLErrorReporter.reportError(XMLErrorReporter.java:400)
	at com.sun.org.apache.xerces.internal.impl.XMLErrorReporter.reportError(XMLErrorReporter.java:327)
	at com.sun.org.apache.xerces.internal.impl.XMLScanner.reportFatalError(XMLScanner.java:1472)
	at com.sun.org.apache.xerces.internal.impl.XMLScanner.scanAttributeValue(XMLScanner.java:908)
	at com.sun.org.apache.xerces.internal.impl.XMLDocumentFragmentScannerImpl.scanAttribute(XMLDocumentFragmentScannerImpl.java:1548)
	at com.sun.org.apache.xerces.internal.impl.XMLDocumentFragmentScannerImpl.scanStartElement(XMLDocumentFragmentScannerImpl.java:1315)
	at com.sun.org.apache.xerces.internal.impl.XMLDocumentFragmentScannerImpl$FragmentContentDriver.next(XMLDocumentFragmentScannerImpl.java:2784)
	at com.sun.org.apache.xerces.internal.impl.XMLDocumentScannerImpl.next(XMLDocumentScannerImpl.java:602)
	at com.sun.org.apache.xerces.internal.impl.XMLDocumentFragmentScannerImpl.scanDocument(XMLDocumentFragmentScannerImpl.java:505)
	at com.sun.org.apache.xerces.internal.parsers.XML11Configuration.parse(XML11Configuration.java:841)
	at com.sun.org.apache.xerces.internal.parsers.XML11Configuration.parse(XML11Configuration.java:770)
	at com.sun.org.apache.xerces.internal.parsers.XMLParser.parse(XMLParser.java:141)
	at com.sun.org.apache.xerces.internal.parsers.DOMParser.parse(DOMParser.java:243)
	at com.sun.org.apache.xerces.internal.jaxp.DocumentBuilderImpl.parse(DocumentBuilderImpl.java:339)
	at org.eclipse.debug.internal.core.LaunchManager.createInfoFromXML(LaunchManager.java:935)
	at org.eclipse.debug.internal.core.LaunchManager.getInfo(LaunchManager.java:1359)
	at org.eclipse.debug.internal.core.LaunchConfiguration.getInfo(LaunchConfiguration.java:490)
	at org.eclipse.debug.internal.core.LaunchConfiguration.getType(LaunchConfiguration.java:645)
	at org.eclipse.debug.internal.core.LaunchManager.isValid(LaunchManager.java:2091)
	at org.eclipse.debug.internal.core.LaunchManager.verifyConfigurations(LaunchManager.java:2462)
	at org.eclipse.debug.internal.core.LaunchManager.getAllLaunchConfigurations(LaunchManager.java:1140)
	at org.eclipse.debug.internal.core.LaunchManager.getLaunchConfigurations(LaunchManager.java:1444)
	at org.eclipse.debug.internal.core.LaunchManager.getLaunchConfigurations(LaunchManager.java:1439)
	at org.eclipse.launchbar.core.internal.LaunchBarManager.init(LaunchBarManager.java:130)
	at org.eclipse.launchbar.core.internal.LaunchBarManager$1.run(LaunchBarManager.java:96)
	at org.eclipse.core.internal.jobs.Worker.run(Worker.java:63)

!ENTRY org.eclipse.debug.core 4 125 2026-07-28 11:20:41.410
!MESSAGE 调试核心所记录的错误：
!STACK 1
org.eclipse.debug.core.DebugException: 读取启动配置文件 F:\code\vibe_project\rollerball\M55\libraries\components\mtb-device-support-pse8xxgp\make\make\scripts\interface_version_4\eclipse\CM33\flash\_normal\KitProg3\any\&&_PRJ_NAME&& Attach (KitProg3_MiniProg4).launch 时发生了 org.xml.sax.SAXParseException; lineNumber: 3; columnNumber: 66; 在实体引用中, 实体名称必须紧跟在 '&' 后面。。
	at org.eclipse.debug.internal.core.LaunchManager.createDebugException(LaunchManager.java:886)
	at org.eclipse.debug.internal.core.LaunchManager.throwException(LaunchManager.java:2448)
	at org.eclipse.debug.internal.core.LaunchManager.getInfo(LaunchManager.java:1366)
	at org.eclipse.debug.internal.core.LaunchConfiguration.getInfo(LaunchConfiguration.java:490)
	at org.eclipse.debug.internal.core.LaunchConfiguration.getType(LaunchConfiguration.java:645)
	at org.eclipse.debug.internal.core.LaunchManager.isValid(LaunchManager.java:2091)
	at org.eclipse.debug.internal.core.LaunchManager.verifyConfigurations(LaunchManager.java:2462)
	at org.eclipse.debug.internal.core.LaunchManager.getAllLaunchConfigurations(LaunchManager.java:1140)
	at org.eclipse.debug.internal.core.LaunchManager.getLaunchConfigurations(LaunchManager.java:1444)
	at org.eclipse.debug.internal.core.LaunchManager.getLaunchConfigurations(LaunchManager.java:1439)
	at org.eclipse.launchbar.core.internal.LaunchBarManager.init(LaunchBarManager.java:130)
	at org.eclipse.launchbar.core.internal.LaunchBarManager$1.run(LaunchBarManager.java:96)
	at org.eclipse.core.internal.jobs.Worker.run(Worker.java:63)
Caused by: org.xml.sax.SAXParseException; lineNumber: 3; columnNumber: 66; 在实体引用中, 实体名称必须紧跟在 '&' 后面。
	at com.sun.org.apache.xerces.internal.util.ErrorHandlerWrapper.createSAXParseException(ErrorHandlerWrapper.java:203)
	at com.sun.org.apache.xerces.internal.util.ErrorHandlerWrapper.fatalError(ErrorHandlerWrapper.java:177)
	at com.sun.org.apache.xerces.internal.impl.XMLErrorReporter.reportError(XMLErrorReporter.java:400)
	at com.sun.org.apache.xerces.internal.impl.XMLErrorReporter.reportError(XMLErrorReporter.java:327)
	at com.sun.org.apache.xerces.internal.impl.XMLScanner.reportFatalError(XMLScanner.java:1472)
	at com.sun.org.apache.xerces.internal.impl.XMLScanner.scanAttributeValue(XMLScanner.java:908)
	at com.sun.org.apache.xerces.internal.impl.XMLDocumentFragmentScannerImpl.scanAttribute(XMLDocumentFragmentScannerImpl.java:1548)
	at com.sun.org.apache.xerces.internal.impl.XMLDocumentFragmentScannerImpl.scanStartElement(XMLDocumentFragmentScannerImpl.java:1315)
	at com.sun.org.apache.xerces.internal.impl.XMLDocumentFragmentScannerImpl$FragmentContentDriver.next(XMLDocumentFragmentScannerImpl.java:2784)
	at com.sun.org.apache.xerces.internal.impl.XMLDocumentScannerImpl.next(XMLDocumentScannerImpl.java:602)
	at com.sun.org.apache.xerces.internal.impl.XMLDocumentFragmentScannerImpl.scanDocument(XMLDocumentFragmentScannerImpl.java:505)
	at com.sun.org.apache.xerces.internal.parsers.XML11Configuration.parse(XML11Configuration.java:841)
	at com.sun.org.apache.xerces.internal.parsers.XML11Configuration.parse(XML11Configuration.java:770)
	at com.sun.org.apache.xerces.internal.parsers.XMLParser.parse(XMLParser.java:141)
	at com.sun.org.apache.xerces.internal.parsers.DOMParser.parse(DOMParser.java:243)
	at com.sun.org.apache.xerces.internal.jaxp.DocumentBuilderImpl.parse(DocumentBuilderImpl.java:339)
	at org.eclipse.debug.internal.core.LaunchManager.createInfoFromXML(LaunchManager.java:935)
	at org.eclipse.debug.internal.core.LaunchManager.getInfo(LaunchManager.java:1359)
	... 10 more
!SUBENTRY 1 org.eclipse.debug.core 4 5012 2026-07-28 11:20:41.410
!MESSAGE 读取启动配置文件 F:\code\vibe_project\rollerball\M55\libraries\components\mtb-device-support-pse8xxgp\make\make\scripts\interface_version_4\eclipse\CM33\flash\_normal\KitProg3\any\&&_PRJ_NAME&& Attach (KitProg3_MiniProg4).launch 时发生了 org.xml.sax.SAXParseException; lineNumber: 3; columnNumber: 66; 在实体引用中, 实体名称必须紧跟在 '&' 后面。。
!STACK 0
org.xml.sax.SAXParseException; lineNumber: 3; columnNumber: 66; 在实体引用中, 实体名称必须紧跟在 '&' 后面。
	at com.sun.org.apache.xerces.internal.util.ErrorHandlerWrapper.createSAXParseException(ErrorHandlerWrapper.java:203)
	at com.sun.org.apache.xerces.internal.util.ErrorHandlerWrapper.fatalError(ErrorHandlerWrapper.java:177)
	at com.sun.org.apache.xerces.internal.impl.XMLErrorReporter.reportError(XMLErrorReporter.java:400)
	at com.sun.org.apache.xerces.internal.impl.XMLErrorReporter.reportError(XMLErrorReporter.java:327)
	at com.sun.org.apache.xerces.internal.impl.XMLScanner.reportFatalError(XMLScanner.java:1472)
	at com.sun.org.apache.xerces.internal.impl.XMLScanner.scanAttributeValue(XMLScanner.java:908)
	at com.sun.org.apache.xerces.internal.impl.XMLDocumentFragmentScannerImpl.scanAttribute(XMLDocumentFragmentScannerImpl.java:1548)
	at com.sun.org.apache.xerces.internal.impl.XMLDocumentFragmentScannerImpl.scanStartElement(XMLDocumentFragmentScannerImpl.java:1315)
	at com.sun.org.apache.xerces.internal.impl.XMLDocumentFragmentScannerImpl$FragmentContentDriver.next(XMLDocumentFragmentScannerImpl.java:2784)
	at com.sun.org.apache.xerces.internal.impl.XMLDocumentScannerImpl.next(XMLDocumentScannerImpl.java:602)
	at com.sun.org.apache.xerces.internal.impl.XMLDocumentFragmentScannerImpl.scanDocument(XMLDocumentFragmentScannerImpl.java:505)
	at com.sun.org.apache.xerces.internal.parsers.XML11Configuration.parse(XML11Configuration.java:841)
	at com.sun.org.apache.xerces.internal.parsers.XML11Configuration.parse(XML11Configuration.java:770)
	at com.sun.org.apache.xerces.internal.parsers.XMLParser.parse(XMLParser.java:141)
	at com.sun.org.apache.xerces.internal.parsers.DOMParser.parse(DOMParser.java:243)
	at com.sun.org.apache.xerces.internal.jaxp.DocumentBuilderImpl.parse(DocumentBuilderImpl.java:339)
	at org.eclipse.debug.internal.core.LaunchManager.createInfoFromXML(LaunchManager.java:935)
	at org.eclipse.debug.internal.core.LaunchManager.getInfo(LaunchManager.java:1359)
	at org.eclipse.debug.internal.core.LaunchConfiguration.getInfo(LaunchConfiguration.java:490)
	at org.eclipse.debug.internal.core.LaunchConfiguration.getType(LaunchConfiguration.java:645)
	at org.eclipse.debug.internal.core.LaunchManager.isValid(LaunchManager.java:2091)
	at org.eclipse.debug.internal.core.LaunchManager.verifyConfigurations(LaunchManager.java:2462)
	at org.eclipse.debug.internal.core.LaunchManager.getAllLaunchConfigurations(LaunchManager.java:1140)
	at org.eclipse.debug.internal.core.LaunchManager.getLaunchConfigurations(LaunchManager.java:1444)
	at org.eclipse.debug.internal.core.LaunchManager.getLaunchConfigurations(LaunchManager.java:1439)
	at org.eclipse.launchbar.core.internal.LaunchBarManager.init(LaunchBarManager.java:130)
	at org.eclipse.launchbar.core.internal.LaunchBarManager$1.run(LaunchBarManager.java:96)
	at org.eclipse.core.internal.jobs.Worker.run(Worker.java:63)

!ENTRY org.eclipse.debug.core 4 125 2026-07-28 11:20:41.412
!MESSAGE 调试核心所记录的错误：
!STACK 1
org.eclipse.debug.core.DebugException: 读取启动配置文件 F:\code\vibe_project\rollerball\M55\libraries\components\mtb-device-support-pse8xxgp\make\make\scripts\interface_version_4\eclipse\CM33\flash\_normal\KitProg3\any\&&_PRJ_NAME&& Debug (KitProg3_MiniProg4).launch 时发生了 org.xml.sax.SAXParseException; lineNumber: 3; columnNumber: 66; 在实体引用中, 实体名称必须紧跟在 '&' 后面。。
	at org.eclipse.debug.internal.core.LaunchManager.createDebugException(LaunchManager.java:886)
	at org.eclipse.debug.internal.core.LaunchManager.throwException(LaunchManager.java:2448)
	at org.eclipse.debug.internal.core.LaunchManager.getInfo(LaunchManager.java:1366)
	at org.eclipse.debug.internal.core.LaunchConfiguration.getInfo(LaunchConfiguration.java:490)
	at org.eclipse.debug.internal.core.LaunchConfiguration.getType(LaunchConfiguration.java:645)
	at org.eclipse.debug.internal.core.LaunchManager.isValid(LaunchManager.java:2091)
	at org.eclipse.debug.internal.core.LaunchManager.verifyConfigurations(LaunchManager.java:2462)
	at org.eclipse.debug.internal.core.LaunchManager.getAllLaunchConfigurations(LaunchManager.java:1140)
	at org.eclipse.debug.internal.core.LaunchManager.getLaunchConfigurations(LaunchManager.java:1444)
	at org.eclipse.debug.internal.core.LaunchManager.getLaunchConfigurations(LaunchManager.java:1439)
	at org.eclipse.launchbar.core.internal.LaunchBarManager.init(LaunchBarManager.java:130)
	at org.eclipse.launchbar.core.internal.LaunchBarManager$1.run(LaunchBarManager.java:96)
	at org.eclipse.core.internal.jobs.Worker.run(Worker.java:63)
Caused by: org.xml.sax.SAXParseException; lineNumber: 3; columnNumber: 66; 在实体引用中, 实体名称必须紧跟在 '&' 后面。
	at com.sun.org.apache.xerces.internal.util.ErrorHandlerWrapper.createSAXParseException(ErrorHandlerWrapper.java:203)
	at com.sun.org.apache.xerces.internal.util.ErrorHandlerWrapper.fatalError(ErrorHandlerWrapper.java:177)
	at com.sun.org.apache.xerces.internal.impl.XMLErrorReporter.reportError(XMLErrorReporter.java:400)
	at com.sun.org.apache.xerces.internal.impl.XMLErrorReporter.reportError(XMLErrorReporter.java:327)
	at com.sun.org.apache.xerces.internal.impl.XMLScanner.reportFatalError(XMLScanner.java:1472)
	at com.sun.org.apache.xerces.internal.impl.XMLScanner.scanAttributeValue(XMLScanner.java:908)
	at com.sun.org.apache.xerces.internal.impl.XMLDocumentFragmentScannerImpl.scanAttribute(XMLDocumentFragmentScannerImpl.java:1548)
	at com.sun.org.apache.xerces.internal.impl.XMLDocumentFragmentScannerImpl.scanStartElement(XMLDocumentFragmentScannerImpl.java:1315)
	at com.sun.org.apache.xerces.internal.impl.XMLDocumentFragmentScannerImpl$FragmentContentDriver.next(XMLDocumentFragmentScannerImpl.java:2784)
	at com.sun.org.apache.xerces.internal.impl.XMLDocumentScannerImpl.next(XMLDocumentScannerImpl.java:602)
	at com.sun.org.apache.xerces.internal.impl.XMLDocumentFragmentScannerImpl.scanDocument(XMLDocumentFragmentScannerImpl.java:505)
	at com.sun.org.apache.xerces.internal.parsers.XML11Configuration.parse(XML11Configuration.java:841)
	at com.sun.org.apache.xerces.internal.parsers.XML11Configuration.parse(XML11Configuration.java:770)
	at com.sun.org.apache.xerces.internal.parsers.XMLParser.parse(XMLParser.java:141)
	at com.sun.org.apache.xerces.internal.parsers.DOMParser.parse(DOMParser.java:243)
	at com.sun.org.apache.xerces.internal.jaxp.DocumentBuilderImpl.parse(DocumentBuilderImpl.java:339)
	at org.eclipse.debug.internal.core.LaunchManager.createInfoFromXML(LaunchManager.java:935)
	at org.eclipse.debug.internal.core.LaunchManager.getInfo(LaunchManager.java:1359)
	... 10 more
!SUBENTRY 1 org.eclipse.debug.core 4 5012 2026-07-28 11:20:41.412
!MESSAGE 读取启动配置文件 F:\code\vibe_project\rollerball\M55\libraries\components\mtb-device-support-pse8xxgp\make\make\scripts\interface_version_4\eclipse\CM33\flash\_normal\KitProg3\any\&&_PRJ_NAME&& Debug (KitProg3_MiniProg4).launch 时发生了 org.xml.sax.SAXParseException; lineNumber: 3; columnNumber: 66; 在实体引用中, 实体名称必须紧跟在 '&' 后面。。
!STACK 0
org.xml.sax.SAXParseException; lineNumber: 3; columnNumber: 66; 在实体引用中, 实体名称必须紧跟在 '&' 后面。
	at com.sun.org.apache.xerces.internal.util.ErrorHandlerWrapper.createSAXParseException(ErrorHandlerWrapper.java:203)
	at com.sun.org.apache.xerces.internal.util.ErrorHandlerWrapper.fatalError(ErrorHandlerWrapper.java:177)
	at com.sun.org.apache.xerces.internal.impl.XMLErrorReporter.reportError(XMLErrorReporter.java:400)
	at com.sun.org.apache.xerces.internal.impl.XMLErrorReporter.reportError(XMLErrorReporter.java:327)
	at com.sun.org.apache.xerces.internal.impl.XMLScanner.reportFatalError(XMLScanner.java:1472)
	at com.sun.org.apache.xerces.internal.impl.XMLScanner.scanAttributeValue(XMLScanner.java:908)
	at com.sun.org.apache.xerces.internal.impl.XMLDocumentFragmentScannerImpl.scanAttribute(XMLDocumentFragmentScannerImpl.java:1548)
	at com.sun.org.apache.xerces.internal.impl.XMLDocumentFragmentScannerImpl.scanStartElement(XMLDocumentFragmentScannerImpl.java:1315)
	at com.sun.org.apache.xerces.internal.impl.XMLDocumentFragmentScannerImpl$FragmentContentDriver.next(XMLDocumentFragmentScannerImpl.java:2784)
	at com.sun.org.apache.xerces.internal.impl.XMLDocumentScannerImpl.next(XMLDocumentScannerImpl.java:602)
	at com.sun.org.apache.xerces.internal.impl.XMLDocumentFragmentScannerImpl.scanDocument(XMLDocumentFragmentScannerImpl.java:505)
	at com.sun.org.apache.xerces.internal.parsers.XML11Configuration.parse(XML11Configuration.java:841)
	at com.sun.org.apache.xerces.internal.parsers.XML11Configuration.parse(XML11Configuration.java:770)
	at com.sun.org.apache.xerces.internal.parsers.XMLParser.parse(XMLParser.java:141)
	at com.sun.org.apache.xerces.internal.parsers.DOMParser.parse(DOMParser.java:243)
	at com.sun.org.apache.xerces.internal.jaxp.DocumentBuilderImpl.parse(DocumentBuilderImpl.java:339)
	at org.eclipse.debug.internal.core.LaunchManager.createInfoFromXML(LaunchManager.java:935)
	at org.eclipse.debug.internal.core.LaunchManager.getInfo(LaunchManager.java:1359)
	at org.eclipse.debug.internal.core.LaunchConfiguration.getInfo(LaunchConfiguration.java:490)
	at org.eclipse.debug.internal.core.LaunchConfiguration.getType(LaunchConfiguration.java:645)
	at org.eclipse.debug.internal.core.LaunchManager.isValid(LaunchManager.java:2091)
	at org.eclipse.debug.internal.core.LaunchManager.verifyConfigurations(LaunchManager.java:2462)
	at org.eclipse.debug.internal.core.LaunchManager.getAllLaunchConfigurations(LaunchManager.java:1140)
	at org.eclipse.debug.internal.core.LaunchManager.getLaunchConfigurations(LaunchManager.java:1444)
	at org.eclipse.debug.internal.core.LaunchManager.getLaunchConfigurations(LaunchManager.java:1439)
	at org.eclipse.launchbar.core.internal.LaunchBarManager.init(LaunchBarManager.java:130)
	at org.eclipse.launchbar.core.internal.LaunchBarManager$1.run(LaunchBarManager.java:96)
	at org.eclipse.core.internal.jobs.Worker.run(Worker.java:63)

!ENTRY org.eclipse.debug.core 4 125 2026-07-28 11:20:41.414
!MESSAGE 调试核心所记录的错误：
!STACK 1
org.eclipse.debug.core.DebugException: 读取启动配置文件 F:\code\vibe_project\rollerball\M55\libraries\components\mtb-device-support-pse8xxgp\make\make\scripts\interface_version_4\eclipse\CM33\flash\_normal\KitProg3\any\&&_PRJ_NAME&& Program (KitProg3_MiniProg4).launch 时发生了 org.xml.sax.SAXParseException; lineNumber: 3; columnNumber: 66; 在实体引用中, 实体名称必须紧跟在 '&' 后面。。
	at org.eclipse.debug.internal.core.LaunchManager.createDebugException(LaunchManager.java:886)
	at org.eclipse.debug.internal.core.LaunchManager.throwException(LaunchManager.java:2448)
	at org.eclipse.debug.internal.core.LaunchManager.getInfo(LaunchManager.java:1366)
	at org.eclipse.debug.internal.core.LaunchConfiguration.getInfo(LaunchConfiguration.java:490)
	at org.eclipse.debug.internal.core.LaunchConfiguration.getType(LaunchConfiguration.java:645)
	at org.eclipse.debug.internal.core.LaunchManager.isValid(LaunchManager.java:2091)
	at org.eclipse.debug.internal.core.LaunchManager.verifyConfigurations(LaunchManager.java:2462)
	at org.eclipse.debug.internal.core.LaunchManager.getAllLaunchConfigurations(LaunchManager.java:1140)
	at org.eclipse.debug.internal.core.LaunchManager.getLaunchConfigurations(LaunchManager.java:1444)
	at org.eclipse.debug.internal.core.LaunchManager.getLaunchConfigurations(LaunchManager.java:1439)
	at org.eclipse.launchbar.core.internal.LaunchBarManager.init(LaunchBarManager.java:130)
	at org.eclipse.launchbar.core.internal.LaunchBarManager$1.run(LaunchBarManager.java:96)
	at org.eclipse.core.internal.jobs.Worker.run(Worker.java:63)
Caused by: org.xml.sax.SAXParseException; lineNumber: 3; columnNumber: 66; 在实体引用中, 实体名称必须紧跟在 '&' 后面。
	at com.sun.org.apache.xerces.internal.util.ErrorHandlerWrapper.createSAXParseException(ErrorHandlerWrapper.java:203)
	at com.sun.org.apache.xerces.internal.util.ErrorHandlerWrapper.fatalError(ErrorHandlerWrapper.java:177)
	at com.sun.org.apache.xerces.internal.impl.XMLErrorReporter.reportError(XMLErrorReporter.java:400)
	at com.sun.org.apache.xerces.internal.impl.XMLErrorReporter.reportError(XMLErrorReporter.java:327)
	at com.sun.org.apache.xerces.internal.impl.XMLScanner.reportFatalError(XMLScanner.java:1472)
	at com.sun.org.apache.xerces.internal.impl.XMLScanner.scanAttributeValue(XMLScanner.java:908)
	at com.sun.org.apache.xerces.internal.impl.XMLDocumentFragmentScannerImpl.scanAttribute(XMLDocumentFragmentScannerImpl.java:1548)
	at com.sun.org.apache.xerces.internal.impl.XMLDocumentFragmentScannerImpl.scanStartElement(XMLDocumentFragmentScannerImpl.java:1315)
	at com.sun.org.apache.xerces.internal.impl.XMLDocumentFragmentScannerImpl$FragmentContentDriver.next(XMLDocumentFragmentScannerImpl.java:2784)
	at com.sun.org.apache.xerces.internal.impl.XMLDocumentScannerImpl.next(XMLDocumentScannerImpl.java:602)
	at com.sun.org.apache.xerces.internal.impl.XMLDocumentFragmentScannerImpl.scanDocument(XMLDocumentFragmentScannerImpl.java:505)
	at com.sun.org.apache.xerces.internal.parsers.XML11Configuration.parse(XML11Configuration.java:841)
	at com.sun.org.apache.xerces.internal.parsers.XML11Configuration.parse(XML11Configuration.java:770)
	at com.sun.org.apache.xerces.internal.parsers.XMLParser.parse(XMLParser.java:141)
	at com.sun.org.apache.xerces.internal.parsers.DOMParser.parse(DOMParser.java:243)
	at com.sun.org.apache.xerces.internal.jaxp.DocumentBuilderImpl.parse(DocumentBuilderImpl.java:339)
	at org.eclipse.debug.internal.core.LaunchManager.createInfoFromXML(LaunchManager.java:935)
	at org.eclipse.debug.internal.core.LaunchManager.getInfo(LaunchManager.java:1359)
	... 10 more
!SUBENTRY 1 org.eclipse.debug.core 4 5012 2026-07-28 11:20:41.414
!MESSAGE 读取启动配置文件 F:\code\vibe_project\rollerball\M55\libraries\components\mtb-device-support-pse8xxgp\make\make\scripts\interface_version_4\eclipse\CM33\flash\_normal\KitProg3\any\&&_PRJ_NAME&& Program (KitProg3_MiniProg4).launch 时发生了 org.xml.sax.SAXParseException; lineNumber: 3; columnNumber: 66; 在实体引用中, 实体名称必须紧跟在 '&' 后面。。
!STACK 0
org.xml.sax.SAXParseException; lineNumber: 3; columnNumber: 66; 在实体引用中, 实体名称必须紧跟在 '&' 后面。
	at com.sun.org.apache.xerces.internal.util.ErrorHandlerWrapper.createSAXParseException(ErrorHandlerWrapper.java:203)
	at com.sun.org.apache.xerces.internal.util.ErrorHandlerWrapper.fatalError(ErrorHandlerWrapper.java:177)
	at com.sun.org.apache.xerces.internal.impl.XMLErrorReporter.reportError(XMLErrorReporter.java:400)
	at com.sun.org.apache.xerces.internal.impl.XMLErrorReporter.reportError(XMLErrorReporter.java:327)
	at com.sun.org.apache.xerces.internal.impl.XMLScanner.reportFatalError(XMLScanner.java:1472)
	at com.sun.org.apache.xerces.internal.impl.XMLScanner.scanAttributeValue(XMLScanner.java:908)
	at com.sun.org.apache.xerces.internal.impl.XMLDocumentFragmentScannerImpl.scanAttribute(XMLDocumentFragmentScannerImpl.java:1548)
	at com.sun.org.apache.xerces.internal.impl.XMLDocumentFragmentScannerImpl.scanStartElement(XMLDocumentFragmentScannerImpl.java:1315)
	at com.sun.org.apache.xerces.internal.impl.XMLDocumentFragmentScannerImpl$FragmentContentDriver.next(XMLDocumentFragmentScannerImpl.java:2784)
	at com.sun.org.apache.xerces.internal.impl.XMLDocumentScannerImpl.next(XMLDocumentScannerImpl.java:602)
	at com.sun.org.apache.xerces.internal.impl.XMLDocumentFragmentScannerImpl.scanDocument(XMLDocumentFragmentScannerImpl.java:505)
	at com.sun.org.apache.xerces.internal.parsers.XML11Configuration.parse(XML11Configuration.java:841)
	at com.sun.org.apache.xerces.internal.parsers.XML11Configuration.parse(XML11Configuration.java:770)
	at com.sun.org.apache.xerces.internal.parsers.XMLParser.parse(XMLParser.java:141)
	at com.sun.org.apache.xerces.internal.parsers.DOMParser.parse(DOMParser.java:243)
	at com.sun.org.apache.xerces.internal.jaxp.DocumentBuilderImpl.parse(DocumentBuilderImpl.java:339)
	at org.eclipse.debug.internal.core.LaunchManager.createInfoFromXML(LaunchManager.java:935)
	at org.eclipse.debug.internal.core.LaunchManager.getInfo(LaunchManager.java:1359)
	at org.eclipse.debug.internal.core.LaunchConfiguration.getInfo(LaunchConfiguration.java:490)
	at org.eclipse.debug.internal.core.LaunchConfiguration.getType(LaunchConfiguration.java:645)
	at org.eclipse.debug.internal.core.LaunchManager.isValid(LaunchManager.java:2091)
	at org.eclipse.debug.internal.core.LaunchManager.verifyConfigurations(LaunchManager.java:2462)
	at org.eclipse.debug.internal.core.LaunchManager.getAllLaunchConfigurations(LaunchManager.java:1140)
	at org.eclipse.debug.internal.core.LaunchManager.getLaunchConfigurations(LaunchManager.java:1444)
	at org.eclipse.debug.internal.core.LaunchManager.getLaunchConfigurations(LaunchManager.java:1439)
	at org.eclipse.launchbar.core.internal.LaunchBarManager.init(LaunchBarManager.java:130)
	at org.eclipse.launchbar.core.internal.LaunchBarManager$1.run(LaunchBarManager.java:96)
	at org.eclipse.core.internal.jobs.Worker.run(Worker.java:63)

!ENTRY org.eclipse.debug.core 4 125 2026-07-28 11:20:41.416
!MESSAGE 调试核心所记录的错误：
!STACK 1
org.eclipse.debug.core.DebugException: 读取启动配置文件 F:\code\vibe_project\rollerball\M55\libraries\components\mtb-device-support-pse8xxgp\make\make\scripts\interface_version_4\eclipse\CM33\flash\_normal\KitProg3\combine_sign\Debug.launch 时发生了 org.xml.sax.SAXParseException; lineNumber: 3; columnNumber: 66; 在实体引用中, 实体名称必须紧跟在 '&' 后面。。
	at org.eclipse.debug.internal.core.LaunchManager.createDebugException(LaunchManager.java:886)
	at org.eclipse.debug.internal.core.LaunchManager.throwException(LaunchManager.java:2448)
	at org.eclipse.debug.internal.core.LaunchManager.getInfo(LaunchManager.java:1366)
	at org.eclipse.debug.internal.core.LaunchConfiguration.getInfo(LaunchConfiguration.java:490)
	at org.eclipse.debug.internal.core.LaunchConfiguration.getType(LaunchConfiguration.java:645)
	at org.eclipse.debug.internal.core.LaunchManager.isValid(LaunchManager.java:2091)
	at org.eclipse.debug.internal.core.LaunchManager.verifyConfigurations(LaunchManager.java:2462)
	at org.eclipse.debug.internal.core.LaunchManager.getAllLaunchConfigurations(LaunchManager.java:1140)
	at org.eclipse.debug.internal.core.LaunchManager.getLaunchConfigurations(LaunchManager.java:1444)
	at org.eclipse.debug.internal.core.LaunchManager.getLaunchConfigurations(LaunchManager.java:1439)
	at org.eclipse.launchbar.core.internal.LaunchBarManager.init(LaunchBarManager.java:130)
	at org.eclipse.launchbar.core.internal.LaunchBarManager$1.run(LaunchBarManager.java:96)
	at org.eclipse.core.internal.jobs.Worker.run(Worker.java:63)
Caused by: org.xml.sax.SAXParseException; lineNumber: 3; columnNumber: 66; 在实体引用中, 实体名称必须紧跟在 '&' 后面。
	at com.sun.org.apache.xerces.internal.util.ErrorHandlerWrapper.createSAXParseException(ErrorHandlerWrapper.java:203)
	at com.sun.org.apache.xerces.internal.util.ErrorHandlerWrapper.fatalError(ErrorHandlerWrapper.java:177)
	at com.sun.org.apache.xerces.internal.impl.XMLErrorReporter.reportError(XMLErrorReporter.java:400)
	at com.sun.org.apache.xerces.internal.impl.XMLErrorReporter.reportError(XMLErrorReporter.java:327)
	at com.sun.org.apache.xerces.internal.impl.XMLScanner.reportFatalError(XMLScanner.java:1472)
	at com.sun.org.apache.xerces.internal.impl.XMLScanner.scanAttributeValue(XMLScanner.java:908)
	at com.sun.org.apache.xerces.internal.impl.XMLDocumentFragmentScannerImpl.scanAttribute(XMLDocumentFragmentScannerImpl.java:1548)
	at com.sun.org.apache.xerces.internal.impl.XMLDocumentFragmentScannerImpl.scanStartElement(XMLDocumentFragmentScannerImpl.java:1315)
	at com.sun.org.apache.xerces.internal.impl.XMLDocumentFragmentScannerImpl$FragmentContentDriver.next(XMLDocumentFragmentScannerImpl.java:2784)
	at com.sun.org.apache.xerces.internal.impl.XMLDocumentScannerImpl.next(XMLDocumentScannerImpl.java:602)
	at com.sun.org.apache.xerces.internal.impl.XMLDocumentFragmentScannerImpl.scanDocument(XMLDocumentFragmentScannerImpl.java:505)
	at com.sun.org.apache.xerces.internal.parsers.XML11Configuration.parse(XML11Configuration.java:841)
	at com.sun.org.apache.xerces.internal.parsers.XML11Configuration.parse(XML11Configuration.java:770)
	at com.sun.org.apache.xerces.internal.parsers.XMLParser.parse(XMLParser.java:141)
	at com.sun.org.apache.xerces.internal.parsers.DOMParser.parse(DOMParser.java:243)
	at com.sun.org.apache.xerces.internal.jaxp.DocumentBuilderImpl.parse(DocumentBuilderImpl.java:339)
	at org.eclipse.debug.internal.core.LaunchManager.createInfoFromXML(LaunchManager.java:935)
	at org.eclipse.debug.internal.core.LaunchManager.getInfo(LaunchManager.java:1359)
	... 10 more
!SUBENTRY 1 org.eclipse.debug.core 4 5012 2026-07-28 11:20:41.416
!MESSAGE 读取启动配置文件 F:\code\vibe_project\rollerball\M55\libraries\components\mtb-device-support-pse8xxgp\make\make\scripts\interface_version_4\eclipse\CM33\flash\_normal\KitProg3\combine_sign\Debug.launch 时发生了 org.xml.sax.SAXParseException; lineNumber: 3; columnNumber: 66; 在实体引用中, 实体名称必须紧跟在 '&' 后面。。
!STACK 0
org.xml.sax.SAXParseException; lineNumber: 3; columnNumber: 66; 在实体引用中, 实体名称必须紧跟在 '&' 后面。
	at com.sun.org.apache.xerces.internal.util.ErrorHandlerWrapper.createSAXParseException(ErrorHandlerWrapper.java:203)
	at com.sun.org.apache.xerces.internal.util.ErrorHandlerWrapper.fatalError(ErrorHandlerWrapper.java:177)
	at com.sun.org.apache.xerces.internal.impl.XMLErrorReporter.reportError(XMLErrorReporter.java:400)
	at com.sun.org.apache.xerces.internal.impl.XMLErrorReporter.reportError(XMLErrorReporter.java:327)
	at com.sun.org.apache.xerces.internal.impl.XMLScanner.reportFatalError(XMLScanner.java:1472)
	at com.sun.org.apache.xerces.internal.impl.XMLScanner.scanAttributeValue(XMLScanner.java:908)
	at com.sun.org.apache.xerces.internal.impl.XMLDocumentFragmentScannerImpl.scanAttribute(XMLDocumentFragmentScannerImpl.java:1548)
	at com.sun.org.apache.xerces.internal.impl.XMLDocumentFragmentScannerImpl.scanStartElement(XMLDocumentFragmentScannerImpl.java:1315)
	at com.sun.org.apache.xerces.internal.impl.XMLDocumentFragmentScannerImpl$FragmentContentDriver.next(XMLDocumentFragmentScannerImpl.java:2784)
	at com.sun.org.apache.xerces.internal.impl.XMLDocumentScannerImpl.next(XMLDocumentScannerImpl.java:602)
	at com.sun.org.apache.xerces.internal.impl.XMLDocumentFragmentScannerImpl.scanDocument(XMLDocumentFragmentScannerImpl.java:505)
	at com.sun.org.apache.xerces.internal.parsers.XML11Configuration.parse(XML11Configuration.java:841)
	at com.sun.org.apache.xerces.internal.parsers.XML11Configuration.parse(XML11Configuration.java:770)
	at com.sun.org.apache.xerces.internal.parsers.XMLParser.parse(XMLParser.java:141)
	at com.sun.org.apache.xerces.internal.parsers.DOMParser.parse(DOMParser.java:243)
	at com.sun.org.apache.xerces.internal.jaxp.DocumentBuilderImpl.parse(DocumentBuilderImpl.java:339)
	at org.eclipse.debug.internal.core.LaunchManager.createInfoFromXML(LaunchManager.java:935)
	at org.eclipse.debug.internal.core.LaunchManager.getInfo(LaunchManager.java:1359)
	at org.eclipse.debug.internal.core.LaunchConfiguration.getInfo(LaunchConfiguration.java:490)
	at org.eclipse.debug.internal.core.LaunchConfiguration.getType(LaunchConfiguration.java:645)
	at org.eclipse.debug.internal.core.LaunchManager.isValid(LaunchManager.java:2091)
	at org.eclipse.debug.internal.core.LaunchManager.verifyConfigurations(LaunchManager.java:2462)
	at org.eclipse.debug.internal.core.LaunchManager.getAllLaunchConfigurations(LaunchManager.java:1140)
	at org.eclipse.debug.internal.core.LaunchManager.getLaunchConfigurations(LaunchManager.java:1444)
	at org.eclipse.debug.internal.core.LaunchManager.getLaunchConfigurations(LaunchManager.java:1439)
	at org.eclipse.launchbar.core.internal.LaunchBarManager.init(LaunchBarManager.java:130)
	at org.eclipse.launchbar.core.internal.LaunchBarManager$1.run(LaunchBarManager.java:96)
	at org.eclipse.core.internal.jobs.Worker.run(Worker.java:63)

!ENTRY org.eclipse.debug.core 4 125 2026-07-28 11:20:41.417
!MESSAGE 调试核心所记录的错误：
!STACK 1
org.eclipse.debug.core.DebugException: 读取启动配置文件 F:\code\vibe_project\rollerball\M55\libraries\components\mtb-device-support-pse8xxgp\make\make\scripts\interface_version_4\eclipse\CM33\flash\_normal\KitProg3\multi\&&_PRJ_NAME&& Debug Multicore (KitProg3_MiniProg4).launch 时发生了 org.xml.sax.SAXParseException; lineNumber: 3; columnNumber: 66; 在实体引用中, 实体名称必须紧跟在 '&' 后面。。
	at org.eclipse.debug.internal.core.LaunchManager.createDebugException(LaunchManager.java:886)
	at org.eclipse.debug.internal.core.LaunchManager.throwException(LaunchManager.java:2448)
	at org.eclipse.debug.internal.core.LaunchManager.getInfo(LaunchManager.java:1366)
	at org.eclipse.debug.internal.core.LaunchConfiguration.getInfo(LaunchConfiguration.java:490)
	at org.eclipse.debug.internal.core.LaunchConfiguration.getType(LaunchConfiguration.java:645)
	at org.eclipse.debug.internal.core.LaunchManager.isValid(LaunchManager.java:2091)
	at org.eclipse.debug.internal.core.LaunchManager.verifyConfigurations(LaunchManager.java:2462)
	at org.eclipse.debug.internal.core.LaunchManager.getAllLaunchConfigurations(LaunchManager.java:1140)
	at org.eclipse.debug.internal.core.LaunchManager.getLaunchConfigurations(LaunchManager.java:1444)
	at org.eclipse.debug.internal.core.LaunchManager.getLaunchConfigurations(LaunchManager.java:1439)
	at org.eclipse.launchbar.core.internal.LaunchBarManager.init(LaunchBarManager.java:130)
	at org.eclipse.launchbar.core.internal.LaunchBarManager$1.run(LaunchBarManager.java:96)
	at org.eclipse.core.internal.jobs.Worker.run(Worker.java:63)
Caused by: org.xml.sax.SAXParseException; lineNumber: 3; columnNumber: 66; 在实体引用中, 实体名称必须紧跟在 '&' 后面。
	at com.sun.org.apache.xerces.internal.util.ErrorHandlerWrapper.createSAXParseException(ErrorHandlerWrapper.java:203)
	at com.sun.org.apache.xerces.internal.util.ErrorHandlerWrapper.fatalError(ErrorHandlerWrapper.java:177)
	at com.sun.org.apache.xerces.internal.impl.XMLErrorReporter.reportError(XMLErrorReporter.java:400)
	at com.sun.org.apache.xerces.internal.impl.XMLErrorReporter.reportError(XMLErrorReporter.java:327)
	at com.sun.org.apache.xerces.internal.impl.XMLScanner.reportFatalError(XMLScanner.java:1472)
	at com.sun.org.apache.xerces.internal.impl.XMLScanner.scanAttributeValue(XMLScanner.java:908)
	at com.sun.org.apache.xerces.internal.impl.XMLDocumentFragmentScannerImpl.scanAttribute(XMLDocumentFragmentScannerImpl.java:1548)
	at com.sun.org.apache.xerces.internal.impl.XMLDocumentFragmentScannerImpl.scanStartElement(XMLDocumentFragmentScannerImpl.java:1315)
	at com.sun.org.apache.xerces.internal.impl.XMLDocumentFragmentScannerImpl$FragmentContentDriver.next(XMLDocumentFragmentScannerImpl.java:2784)
	at com.sun.org.apache.xerces.internal.impl.XMLDocumentScannerImpl.next(XMLDocumentScannerImpl.java:602)
	at com.sun.org.apache.xerces.internal.impl.XMLDocumentFragmentScannerImpl.scanDocument(XMLDocumentFragmentScannerImpl.java:505)
	at com.sun.org.apache.xerces.internal.parsers.XML11Configuration.parse(XML11Configuration.java:841)
	at com.sun.org.apache.xerces.internal.parsers.XML11Configuration.parse(XML11Configuration.java:770)
	at com.sun.org.apache.xerces.internal.parsers.XMLParser.parse(XMLParser.java:141)
	at com.sun.org.apache.xerces.internal.parsers.DOMParser.parse(DOMParser.java:243)
	at com.sun.org.apache.xerces.internal.jaxp.DocumentBuilderImpl.parse(DocumentBuilderImpl.java:339)
	at org.eclipse.debug.internal.core.LaunchManager.createInfoFromXML(LaunchManager.java:935)
	at org.eclipse.debug.internal.core.LaunchManager.getInfo(LaunchManager.java:1359)
	... 10 more
!SUBENTRY 1 org.eclipse.debug.core 4 5012 2026-07-28 11:20:41.417
!MESSAGE 读取启动配置文件 F:\code\vibe_project\rollerball\M55\libraries\components\mtb-device-support-pse8xxgp\make\make\scripts\interface_version_4\eclipse\CM33\flash\_normal\KitProg3\multi\&&_PRJ_NAME&& Debug Multicore (KitProg3_MiniProg4).launch 时发生了 org.xml.sax.SAXParseException; lineNumber: 3; columnNumber: 66; 在实体引用中, 实体名称必须紧跟在 '&' 后面。。
!STACK 0
org.xml.sax.SAXParseException; lineNumber: 3; columnNumber: 66; 在实体引用中, 实体名称必须紧跟在 '&' 后面。
	at com.sun.org.apache.xerces.internal.util.ErrorHandlerWrapper.createSAXParseException(ErrorHandlerWrapper.java:203)
	at com.sun.org.apache.xerces.internal.util.ErrorHandlerWrapper.fatalError(ErrorHandlerWrapper.java:177)
	at com.sun.org.apache.xerces.internal.impl.XMLErrorReporter.reportError(XMLErrorReporter.java:400)
	at com.sun.org.apache.xerces.internal.impl.XMLErrorReporter.reportError(XMLErrorReporter.java:327)
	at com.sun.org.apache.xerces.internal.impl.XMLScanner.reportFatalError(XMLScanner.java:1472)
	at com.sun.org.apache.xerces.internal.impl.XMLScanner.scanAttributeValue(XMLScanner.java:908)
	at com.sun.org.apache.xerces.internal.impl.XMLDocumentFragmentScannerImpl.scanAttribute(XMLDocumentFragmentScannerImpl.java:1548)
	at com.sun.org.apache.xerces.internal.impl.XMLDocumentFragmentScannerImpl.scanStartElement(XMLDocumentFragmentScannerImpl.java:1315)
	at com.sun.org.apache.xerces.internal.impl.XMLDocumentFragmentScannerImpl$FragmentContentDriver.next(XMLDocumentFragmentScannerImpl.java:2784)
	at com.sun.org.apache.xerces.internal.impl.XMLDocumentScannerImpl.next(XMLDocumentScannerImpl.java:602)
	at com.sun.org.apache.xerces.internal.impl.XMLDocumentFragmentScannerImpl.scanDocument(XMLDocumentFragmentScannerImpl.java:505)
	at com.sun.org.apache.xerces.internal.parsers.XML11Configuration.parse(XML11Configuration.java:841)
	at com.sun.org.apache.xerces.internal.parsers.XML11Configuration.parse(XML11Configuration.java:770)
	at com.sun.org.apache.xerces.internal.parsers.XMLParser.parse(XMLParser.java:141)
	at com.sun.org.apache.xerces.internal.parsers.DOMParser.parse(DOMParser.java:243)
	at com.sun.org.apache.xerces.internal.jaxp.DocumentBuilderImpl.parse(DocumentBuilderImpl.java:339)
	at org.eclipse.debug.internal.core.LaunchManager.createInfoFromXML(LaunchManager.java:935)
	at org.eclipse.debug.internal.core.LaunchManager.getInfo(LaunchManager.java:1359)
	at org.eclipse.debug.internal.core.LaunchConfiguration.getInfo(LaunchConfiguration.java:490)
	at org.eclipse.debug.internal.core.LaunchConfiguration.getType(LaunchConfiguration.java:645)
	at org.eclipse.debug.internal.core.LaunchManager.isValid(LaunchManager.java:2091)
	at org.eclipse.debug.internal.core.LaunchManager.verifyConfigurations(LaunchManager.java:2462)
	at org.eclipse.debug.internal.core.LaunchManager.getAllLaunchConfigurations(LaunchManager.java:1140)
	at org.eclipse.debug.internal.core.LaunchManager.getLaunchConfigurations(LaunchManager.java:1444)
	at org.eclipse.debug.internal.core.LaunchManager.getLaunchConfigurations(LaunchManager.java:1439)
	at org.eclipse.launchbar.core.internal.LaunchBarManager.init(LaunchBarManager.java:130)
	at org.eclipse.launchbar.core.internal.LaunchBarManager$1.run(LaunchBarManager.java:96)
	at org.eclipse.core.internal.jobs.Worker.run(Worker.java:63)

!ENTRY org.eclipse.debug.core 4 125 2026-07-28 11:20:41.419
!MESSAGE 调试核心所记录的错误：
!STACK 1
org.eclipse.debug.core.DebugException: 读取启动配置文件 F:\code\vibe_project\rollerball\M55\libraries\components\mtb-device-support-pse8xxgp\make\make\scripts\interface_version_4\eclipse\CM33\flash\_normal\KitProg3\single\&&_PRJ_NAME&& Erase All (KitProg3_MiniProg4).launch 时发生了 org.xml.sax.SAXParseException; lineNumber: 3; columnNumber: 66; 在实体引用中, 实体名称必须紧跟在 '&' 后面。。
	at org.eclipse.debug.internal.core.LaunchManager.createDebugException(LaunchManager.java:886)
	at org.eclipse.debug.internal.core.LaunchManager.throwException(LaunchManager.java:2448)
	at org.eclipse.debug.internal.core.LaunchManager.getInfo(LaunchManager.java:1366)
	at org.eclipse.debug.internal.core.LaunchConfiguration.getInfo(LaunchConfiguration.java:490)
	at org.eclipse.debug.internal.core.LaunchConfiguration.getType(LaunchConfiguration.java:645)
	at org.eclipse.debug.internal.core.LaunchManager.isValid(LaunchManager.java:2091)
	at org.eclipse.debug.internal.core.LaunchManager.verifyConfigurations(LaunchManager.java:2462)
	at org.eclipse.debug.internal.core.LaunchManager.getAllLaunchConfigurations(LaunchManager.java:1140)
	at org.eclipse.debug.internal.core.LaunchManager.getLaunchConfigurations(LaunchManager.java:1444)
	at org.eclipse.debug.internal.core.LaunchManager.getLaunchConfigurations(LaunchManager.java:1439)
	at org.eclipse.launchbar.core.internal.LaunchBarManager.init(LaunchBarManager.java:130)
	at org.eclipse.launchbar.core.internal.LaunchBarManager$1.run(LaunchBarManager.java:96)
	at org.eclipse.core.internal.jobs.Worker.run(Worker.java:63)
Caused by: org.xml.sax.SAXParseException; lineNumber: 3; columnNumber: 66; 在实体引用中, 实体名称必须紧跟在 '&' 后面。
	at com.sun.org.apache.xerces.internal.util.ErrorHandlerWrapper.createSAXParseException(ErrorHandlerWrapper.java:203)
	at com.sun.org.apache.xerces.internal.util.ErrorHandlerWrapper.fatalError(ErrorHandlerWrapper.java:177)
	at com.sun.org.apache.xerces.internal.impl.XMLErrorReporter.reportError(XMLErrorReporter.java:400)
	at com.sun.org.apache.xerces.internal.impl.XMLErrorReporter.reportError(XMLErrorReporter.java:327)
	at com.sun.org.apache.xerces.internal.impl.XMLScanner.reportFatalError(XMLScanner.java:1472)
	at com.sun.org.apache.xerces.internal.impl.XMLScanner.scanAttributeValue(XMLScanner.java:908)
	at com.sun.org.apache.xerces.internal.impl.XMLDocumentFragmentScannerImpl.scanAttribute(XMLDocumentFragmentScannerImpl.java:1548)
	at com.sun.org.apache.xerces.internal.impl.XMLDocumentFragmentScannerImpl.scanStartElement(XMLDocumentFragmentScannerImpl.java:1315)
	at com.sun.org.apache.xerces.internal.impl.XMLDocumentFragmentScannerImpl$FragmentContentDriver.next(XMLDocumentFragmentScannerImpl.java:2784)
	at com.sun.org.apache.xerces.internal.impl.XMLDocumentScannerImpl.next(XMLDocumentScannerImpl.java:602)
	at com.sun.org.apache.xerces.internal.impl.XMLDocumentFragmentScannerImpl.scanDocument(XMLDocumentFragmentScannerImpl.java:505)
	at com.sun.org.apache.xerces.internal.parsers.XML11Configuration.parse(XML11Configuration.java:841)
	at com.sun.org.apache.xerces.internal.parsers.XML11Configuration.parse(XML11Configuration.java:770)
	at com.sun.org.apache.xerces.internal.parsers.XMLParser.parse(XMLParser.java:141)
	at com.sun.org.apache.xerces.internal.parsers.DOMParser.parse(DOMParser.java:243)
	at com.sun.org.apache.xerces.internal.jaxp.DocumentBuilderImpl.parse(DocumentBuilderImpl.java:339)
	at org.eclipse.debug.internal.core.LaunchManager.createInfoFromXML(LaunchManager.java:935)
	at org.eclipse.debug.internal.core.LaunchManager.getInfo(LaunchManager.java:1359)
	... 10 more
!SUBENTRY 1 org.eclipse.debug.core 4 5012 2026-07-28 11:20:41.419
!MESSAGE 读取启动配置文件 F:\code\vibe_project\rollerball\M55\libraries\components\mtb-device-support-pse8xxgp\make\make\scripts\interface_version_4\eclipse\CM33\flash\_normal\KitProg3\single\&&_PRJ_NAME&& Erase All (KitProg3_MiniProg4).launch 时发生了 org.xml.sax.SAXParseException; lineNumber: 3; columnNumber: 66; 在实体引用中, 实体名称必须紧跟在 '&' 后面。。
!STACK 0
org.xml.sax.SAXParseException; lineNumber: 3; columnNumber: 66; 在实体引用中, 实体名称必须紧跟在 '&' 后面。
	at com.sun.org.apache.xerces.internal.util.ErrorHandlerWrapper.createSAXParseException(ErrorHandlerWrapper.java:203)
	at com.sun.org.apache.xerces.internal.util.ErrorHandlerWrapper.fatalError(ErrorHandlerWrapper.java:177)
	at com.sun.org.apache.xerces.internal.impl.XMLErrorReporter.reportError(XMLErrorReporter.java:400)
	at com.sun.org.apache.xerces.internal.impl.XMLErrorReporter.reportError(XMLErrorReporter.java:327)
	at com.sun.org.apache.xerces.internal.impl.XMLScanner.reportFatalError(XMLScanner.java:1472)
	at com.sun.org.apache.xerces.internal.impl.XMLScanner.scanAttributeValue(XMLScanner.java:908)
	at com.sun.org.apache.xerces.internal.impl.XMLDocumentFragmentScannerImpl.scanAttribute(XMLDocumentFragmentScannerImpl.java:1548)
	at com.sun.org.apache.xerces.internal.impl.XMLDocumentFragmentScannerImpl.scanStartElement(XMLDocumentFragmentScannerImpl.java:1315)
	at com.sun.org.apache.xerces.internal.impl.XMLDocumentFragmentScannerImpl$FragmentContentDriver.next(XMLDocumentFragmentScannerImpl.java:2784)
	at com.sun.org.apache.xerces.internal.impl.XMLDocumentScannerImpl.next(XMLDocumentScannerImpl.java:602)
	at com.sun.org.apache.xerces.internal.impl.XMLDocumentFragmentScannerImpl.scanDocument(XMLDocumentFragmentScannerImpl.java:505)
	at com.sun.org.apache.xerces.internal.parsers.XML11Configuration.parse(XML11Configuration.java:841)
	at com.sun.org.apache.xerces.internal.parsers.XML11Configuration.parse(XML11Configuration.java:770)
	at com.sun.org.apache.xerces.internal.parsers.XMLParser.parse(XMLParser.java:141)
	at com.sun.org.apache.xerces.internal.parsers.DOMParser.parse(DOMParser.java:243)
	at com.sun.org.apache.xerces.internal.jaxp.DocumentBuilderImpl.parse(DocumentBuilderImpl.java:339)
	at org.eclipse.debug.internal.core.LaunchManager.createInfoFromXML(LaunchManager.java:935)
	at org.eclipse.debug.internal.core.LaunchManager.getInfo(LaunchManager.java:1359)
	at org.eclipse.debug.internal.core.LaunchConfiguration.getInfo(LaunchConfiguration.java:490)
	at org.eclipse.debug.internal.core.LaunchConfiguration.getType(LaunchConfiguration.java:645)
	at org.eclipse.debug.internal.core.LaunchManager.isValid(LaunchManager.java:2091)
	at org.eclipse.debug.internal.core.LaunchManager.verifyConfigurations(LaunchManager.java:2462)
	at org.eclipse.debug.internal.core.LaunchManager.getAllLaunchConfigurations(LaunchManager.java:1140)
	at org.eclipse.debug.internal.core.LaunchManager.getLaunchConfigurations(LaunchManager.java:1444)
	at org.eclipse.debug.internal.core.LaunchManager.getLaunchConfigurations(LaunchManager.java:1439)
	at org.eclipse.launchbar.core.internal.LaunchBarManager.init(LaunchBarManager.java:130)
	at org.eclipse.launchbar.core.internal.LaunchBarManager$1.run(LaunchBarManager.java:96)
	at org.eclipse.core.internal.jobs.Worker.run(Worker.java:63)

!ENTRY org.eclipse.debug.core 4 125 2026-07-28 11:20:41.421
!MESSAGE 调试核心所记录的错误：
!STACK 1
org.eclipse.debug.core.DebugException: 读取启动配置文件 F:\code\vibe_project\rollerball\M55\libraries\components\mtb-device-support-pse8xxgp\make\make\scripts\interface_version_4\eclipse\CM33\flash\_normal\KitProg3\single\&&_PRJ_NAME&& Erase Device (KitProg3_MiniProg4).launch 时发生了 org.xml.sax.SAXParseException; lineNumber: 3; columnNumber: 66; 在实体引用中, 实体名称必须紧跟在 '&' 后面。。
	at org.eclipse.debug.internal.core.LaunchManager.createDebugException(LaunchManager.java:886)
	at org.eclipse.debug.internal.core.LaunchManager.throwException(LaunchManager.java:2448)
	at org.eclipse.debug.internal.core.LaunchManager.getInfo(LaunchManager.java:1366)
	at org.eclipse.debug.internal.core.LaunchConfiguration.getInfo(LaunchConfiguration.java:490)
	at org.eclipse.debug.internal.core.LaunchConfiguration.getType(LaunchConfiguration.java:645)
	at org.eclipse.debug.internal.core.LaunchManager.isValid(LaunchManager.java:2091)
	at org.eclipse.debug.internal.core.LaunchManager.verifyConfigurations(LaunchManager.java:2462)
	at org.eclipse.debug.internal.core.LaunchManager.getAllLaunchConfigurations(LaunchManager.java:1140)
	at org.eclipse.debug.internal.core.LaunchManager.getLaunchConfigurations(LaunchManager.java:1444)
	at org.eclipse.debug.internal.core.LaunchManager.getLaunchConfigurations(LaunchManager.java:1439)
	at org.eclipse.launchbar.core.internal.LaunchBarManager.init(LaunchBarManager.java:130)
	at org.eclipse.launchbar.core.internal.LaunchBarManager$1.run(LaunchBarManager.java:96)
	at org.eclipse.core.internal.jobs.Worker.run(Worker.java:63)
Caused by: org.xml.sax.SAXParseException; lineNumber: 3; columnNumber: 66; 在实体引用中, 实体名称必须紧跟在 '&' 后面。
	at com.sun.org.apache.xerces.internal.util.ErrorHandlerWrapper.createSAXParseException(ErrorHandlerWrapper.java:203)
	at com.sun.org.apache.xerces.internal.util.ErrorHandlerWrapper.fatalError(ErrorHandlerWrapper.java:177)
	at com.sun.org.apache.xerces.internal.impl.XMLErrorReporter.reportError(XMLErrorReporter.java:400)
	at com.sun.org.apache.xerces.internal.impl.XMLErrorReporter.reportError(XMLErrorReporter.java:327)
	at com.sun.org.apache.xerces.internal.impl.XMLScanner.reportFatalError(XMLScanner.java:1472)
	at com.sun.org.apache.xerces.internal.impl.XMLScanner.scanAttributeValue(XMLScanner.java:908)
	at com.sun.org.apache.xerces.internal.impl.XMLDocumentFragmentScannerImpl.scanAttribute(XMLDocumentFragmentScannerImpl.java:1548)
	at com.sun.org.apache.xerces.internal.impl.XMLDocumentFragmentScannerImpl.scanStartElement(XMLDocumentFragmentScannerImpl.java:1315)
	at com.sun.org.apache.xerces.internal.impl.XMLDocumentFragmentScannerImpl$FragmentContentDriver.next(XMLDocumentFragmentScannerImpl.java:2784)
	at com.sun.org.apache.xerces.internal.impl.XMLDocumentScannerImpl.next(XMLDocumentScannerImpl.java:602)
	at com.sun.org.apache.xerces.internal.impl.XMLDocumentFragmentScannerImpl.scanDocument(XMLDocumentFragmentScannerImpl.java:505)
	at com.sun.org.apache.xerces.internal.parsers.XML11Configuration.parse(XML11Configuration.java:841)
	at com.sun.org.apache.xerces.internal.parsers.XML11Configuration.parse(XML11Configuration.java:770)
	at com.sun.org.apache.xerces.internal.parsers.XMLParser.parse(XMLParser.java:141)
	at com.sun.org.apache.xerces.internal.parsers.DOMParser.parse(DOMParser.java:243)
	at com.sun.org.apache.xerces.internal.jaxp.DocumentBuilderImpl.parse(DocumentBuilderImpl.java:339)
	at org.eclipse.debug.internal.core.LaunchManager.createInfoFromXML(LaunchManager.java:935)
	at org.eclipse.debug.internal.core.LaunchManager.getInfo(LaunchManager.java:1359)
	... 10 more
!SUBENTRY 1 org.eclipse.debug.core 4 5012 2026-07-28 11:20:41.421
!MESSAGE 读取启动配置文件 F:\code\vibe_project\rollerball\M55\libraries\components\mtb-device-support-pse8xxgp\make\make\scripts\interface_version_4\eclipse\CM33\flash\_normal\KitProg3\single\&&_PRJ_NAME&& Erase Device (KitProg3_MiniProg4).launch 时发生了 org.xml.sax.SAXParseException; lineNumber: 3; columnNumber: 66; 在实体引用中, 实体名称必须紧跟在 '&' 后面。。
!STACK 0
org.xml.sax.SAXParseException; lineNumber: 3; columnNumber: 66; 在实体引用中, 实体名称必须紧跟在 '&' 后面。
	at com.sun.org.apache.xerces.internal.util.ErrorHandlerWrapper.createSAXParseException(ErrorHandlerWrapper.java:203)
	at com.sun.org.apache.xerces.internal.util.ErrorHandlerWrapper.fatalError(ErrorHandlerWrapper.java:177)
	at com.sun.org.apache.xerces.internal.impl.XMLErrorReporter.reportError(XMLErrorReporter.java:400)
	at com.sun.org.apache.xerces.internal.impl.XMLErrorReporter.reportError(XMLErrorReporter.java:327)
	at com.sun.org.apache.xerces.internal.impl.XMLScanner.reportFatalError(XMLScanner.java:1472)
	at com.sun.org.apache.xerces.internal.impl.XMLScanner.scanAttributeValue(XMLScanner.java:908)
	at com.sun.org.apache.xerces.internal.impl.XMLDocumentFragmentScannerImpl.scanAttribute(XMLDocumentFragmentScannerImpl.java:1548)
	at com.sun.org.apache.xerces.internal.impl.XMLDocumentFragmentScannerImpl.scanStartElement(XMLDocumentFragmentScannerImpl.java:1315)
	at com.sun.org.apache.xerces.internal.impl.XMLDocumentFragmentScannerImpl$FragmentContentDriver.next(XMLDocumentFragmentScannerImpl.java:2784)
	at com.sun.org.apache.xerces.internal.impl.XMLDocumentScannerImpl.next(XMLDocumentScannerImpl.java:602)
	at com.sun.org.apache.xerces.internal.impl.XMLDocumentFragmentScannerImpl.scanDocument(XMLDocumentFragmentScannerImpl.java:505)
	at com.sun.org.apache.xerces.internal.parsers.XML11Configuration.parse(XML11Configuration.java:841)
	at com.sun.org.apache.xerces.internal.parsers.XML11Configuration.parse(XML11Configuration.java:770)
	at com.sun.org.apache.xerces.internal.parsers.XMLParser.parse(XMLParser.java:141)
	at com.sun.org.apache.xerces.internal.parsers.DOMParser.parse(DOMParser.java:243)
	at com.sun.org.apache.xerces.internal.jaxp.DocumentBuilderImpl.parse(DocumentBuilderImpl.java:339)
	at org.eclipse.debug.internal.core.LaunchManager.createInfoFromXML(LaunchManager.java:935)
	at org.eclipse.debug.internal.core.LaunchManager.getInfo(LaunchManager.java:1359)
	at org.eclipse.debug.internal.core.LaunchConfiguration.getInfo(LaunchConfiguration.java:490)
	at org.eclipse.debug.internal.core.LaunchConfiguration.getType(LaunchConfiguration.java:645)
	at org.eclipse.debug.internal.core.LaunchManager.isValid(LaunchManager.java:2091)
	at org.eclipse.debug.internal.core.LaunchManager.verifyConfigurations(LaunchManager.java:2462)
	at org.eclipse.debug.internal.core.LaunchManager.getAllLaunchConfigurations(LaunchManager.java:1140)
	at org.eclipse.debug.internal.core.LaunchManager.getLaunchConfigurations(LaunchManager.java:1444)
	at org.eclipse.debug.internal.core.LaunchManager.getLaunchConfigurations(LaunchManager.java:1439)
	at org.eclipse.launchbar.core.internal.LaunchBarManager.init(LaunchBarManager.java:130)
	at org.eclipse.launchbar.core.internal.LaunchBarManager$1.run(LaunchBarManager.java:96)
	at org.eclipse.core.internal.jobs.Worker.run(Worker.java:63)

!ENTRY org.eclipse.debug.core 4 125 2026-07-28 11:20:41.422
!MESSAGE 调试核心所记录的错误：
!STACK 1
org.eclipse.debug.core.DebugException: 读取启动配置文件 F:\code\vibe_project\rollerball\M55\libraries\components\mtb-device-support-pse8xxgp\make\make\scripts\interface_version_4\eclipse\CM33\flash\normal\JLink\any\&&_PRJ_NAME&& Attach (JLink).launch 时发生了 org.xml.sax.SAXParseException; lineNumber: 3; columnNumber: 66; 在实体引用中, 实体名称必须紧跟在 '&' 后面。。
	at org.eclipse.debug.internal.core.LaunchManager.createDebugException(LaunchManager.java:886)
	at org.eclipse.debug.internal.core.LaunchManager.throwException(LaunchManager.java:2448)
	at org.eclipse.debug.internal.core.LaunchManager.getInfo(LaunchManager.java:1366)
	at org.eclipse.debug.internal.core.LaunchConfiguration.getInfo(LaunchConfiguration.java:490)
	at org.eclipse.debug.internal.core.LaunchConfiguration.getType(LaunchConfiguration.java:645)
	at org.eclipse.debug.internal.core.LaunchManager.isValid(LaunchManager.java:2091)
	at org.eclipse.debug.internal.core.LaunchManager.verifyConfigurations(LaunchManager.java:2462)
	at org.eclipse.debug.internal.core.LaunchManager.getAllLaunchConfigurations(LaunchManager.java:1140)
	at org.eclipse.debug.internal.core.LaunchManager.getLaunchConfigurations(LaunchManager.java:1444)
	at org.eclipse.debug.internal.core.LaunchManager.getLaunchConfigurations(LaunchManager.java:1439)
	at org.eclipse.launchbar.core.internal.LaunchBarManager.init(LaunchBarManager.java:130)
	at org.eclipse.launchbar.core.internal.LaunchBarManager$1.run(LaunchBarManager.java:96)
	at org.eclipse.core.internal.jobs.Worker.run(Worker.java:63)
Caused by: org.xml.sax.SAXParseException; lineNumber: 3; columnNumber: 66; 在实体引用中, 实体名称必须紧跟在 '&' 后面。
	at com.sun.org.apache.xerces.internal.util.ErrorHandlerWrapper.createSAXParseException(ErrorHandlerWrapper.java:203)
	at com.sun.org.apache.xerces.internal.util.ErrorHandlerWrapper.fatalError(ErrorHandlerWrapper.java:177)
	at com.sun.org.apache.xerces.internal.impl.XMLErrorReporter.reportError(XMLErrorReporter.java:400)
	at com.sun.org.apache.xerces.internal.impl.XMLErrorReporter.reportError(XMLErrorReporter.java:327)
	at com.sun.org.apache.xerces.internal.impl.XMLScanner.reportFatalError(XMLScanner.java:1472)
	at com.sun.org.apache.xerces.internal.impl.XMLScanner.scanAttributeValue(XMLScanner.java:908)
	at com.sun.org.apache.xerces.internal.impl.XMLDocumentFragmentScannerImpl.scanAttribute(XMLDocumentFragmentScannerImpl.java:1548)
	at com.sun.org.apache.xerces.internal.impl.XMLDocumentFragmentScannerImpl.scanStartElement(XMLDocumentFragmentScannerImpl.java:1315)
	at com.sun.org.apache.xerces.internal.impl.XMLDocumentFragmentScannerImpl$FragmentContentDriver.next(XMLDocumentFragmentScannerImpl.java:2784)
	at com.sun.org.apache.xerces.internal.impl.XMLDocumentScannerImpl.next(XMLDocumentScannerImpl.java:602)
	at com.sun.org.apache.xerces.internal.impl.XMLDocumentFragmentScannerImpl.scanDocument(XMLDocumentFragmentScannerImpl.java:505)
	at com.sun.org.apache.xerces.internal.parsers.XML11Configuration.parse(XML11Configuration.java:841)
	at com.sun.org.apache.xerces.internal.parsers.XML11Configuration.parse(XML11Configuration.java:770)
	at com.sun.org.apache.xerces.internal.parsers.XMLParser.parse(XMLParser.java:141)
	at com.sun.org.apache.xerces.internal.parsers.DOMParser.parse(DOMParser.java:243)
	at com.sun.org.apache.xerces.internal.jaxp.DocumentBuilderImpl.parse(DocumentBuilderImpl.java:339)
	at org.eclipse.debug.internal.core.LaunchManager.createInfoFromXML(LaunchManager.java:935)
	at org.eclipse.debug.internal.core.LaunchManager.getInfo(LaunchManager.java:1359)
	... 10 more
!SUBENTRY 1 org.eclipse.debug.core 4 5012 2026-07-28 11:20:41.422
!MESSAGE 读取启动配置文件 F:\code\vibe_project\rollerball\M55\libraries\components\mtb-device-support-pse8xxgp\make\make\scripts\interface_version_4\eclipse\CM33\flash\normal\JLink\any\&&_PRJ_NAME&& Attach (JLink).launch 时发生了 org.xml.sax.SAXParseException; lineNumber: 3; columnNumber: 66; 在实体引用中, 实体名称必须紧跟在 '&' 后面。。
!STACK 0
org.xml.sax.SAXParseException; lineNumber: 3; columnNumber: 66; 在实体引用中, 实体名称必须紧跟在 '&' 后面。
	at com.sun.org.apache.xerces.internal.util.ErrorHandlerWrapper.createSAXParseException(ErrorHandlerWrapper.java:203)
	at com.sun.org.apache.xerces.internal.util.ErrorHandlerWrapper.fatalError(ErrorHandlerWrapper.java:177)
	at com.sun.org.apache.xerces.internal.impl.XMLErrorReporter.reportError(XMLErrorReporter.java:400)
	at com.sun.org.apache.xerces.internal.impl.XMLErrorReporter.reportError(XMLErrorReporter.java:327)
	at com.sun.org.apache.xerces.internal.impl.XMLScanner.reportFatalError(XMLScanner.java:1472)
	at com.sun.org.apache.xerces.internal.impl.XMLScanner.scanAttributeValue(XMLScanner.java:908)
	at com.sun.org.apache.xerces.internal.impl.XMLDocumentFragmentScannerImpl.scanAttribute(XMLDocumentFragmentScannerImpl.java:1548)
	at com.sun.org.apache.xerces.internal.impl.XMLDocumentFragmentScannerImpl.scanStartElement(XMLDocumentFragmentScannerImpl.java:1315)
	at com.sun.org.apache.xerces.internal.impl.XMLDocumentFragmentScannerImpl$FragmentContentDriver.next(XMLDocumentFragmentScannerImpl.java:2784)
	at com.sun.org.apache.xerces.internal.impl.XMLDocumentScannerImpl.next(XMLDocumentScannerImpl.java:602)
	at com.sun.org.apache.xerces.internal.impl.XMLDocumentFragmentScannerImpl.scanDocument(XMLDocumentFragmentScannerImpl.java:505)
	at com.sun.org.apache.xerces.internal.parsers.XML11Configuration.parse(XML11Configuration.java:841)
	at com.sun.org.apache.xerces.internal.parsers.XML11Configuration.parse(XML11Configuration.java:770)
	at com.sun.org.apache.xerces.internal.parsers.XMLParser.parse(XMLParser.java:141)
	at com.sun.org.apache.xerces.internal.parsers.DOMParser.parse(DOMParser.java:243)
	at com.sun.org.apache.xerces.internal.jaxp.DocumentBuilderImpl.parse(DocumentBuilderImpl.java:339)
	at org.eclipse.debug.internal.core.LaunchManager.createInfoFromXML(LaunchManager.java:935)
	at org.eclipse.debug.internal.core.LaunchManager.getInfo(LaunchManager.java:1359)
	at org.eclipse.debug.internal.core.LaunchConfiguration.getInfo(LaunchConfiguration.java:490)
	at org.eclipse.debug.internal.core.LaunchConfiguration.getType(LaunchConfiguration.java:645)
	at org.eclipse.debug.internal.core.LaunchManager.isValid(LaunchManager.java:2091)
	at org.eclipse.debug.internal.core.LaunchManager.verifyConfigurations(LaunchManager.java:2462)
	at org.eclipse.debug.internal.core.LaunchManager.getAllLaunchConfigurations(LaunchManager.java:1140)
	at org.eclipse.debug.internal.core.LaunchManager.getLaunchConfigurations(LaunchManager.java:1444)
	at org.eclipse.debug.internal.core.LaunchManager.getLaunchConfigurations(LaunchManager.java:1439)
	at org.eclipse.launchbar.core.internal.LaunchBarManager.init(LaunchBarManager.java:130)
	at org.eclipse.launchbar.core.internal.LaunchBarManager$1.run(LaunchBarManager.java:96)
	at org.eclipse.core.internal.jobs.Worker.run(Worker.java:63)

!ENTRY org.eclipse.debug.core 4 125 2026-07-28 11:20:41.423
!MESSAGE 调试核心所记录的错误：
!STACK 1
org.eclipse.debug.core.DebugException: 读取启动配置文件 F:\code\vibe_project\rollerball\M55\libraries\components\mtb-device-support-pse8xxgp\make\make\scripts\interface_version_4\eclipse\CM33\flash\normal\JLink\any\&&_PRJ_NAME&& Debug (JLink).launch 时发生了 org.xml.sax.SAXParseException; lineNumber: 3; columnNumber: 66; 在实体引用中, 实体名称必须紧跟在 '&' 后面。。
	at org.eclipse.debug.internal.core.LaunchManager.createDebugException(LaunchManager.java:886)
	at org.eclipse.debug.internal.core.LaunchManager.throwException(LaunchManager.java:2448)
	at org.eclipse.debug.internal.core.LaunchManager.getInfo(LaunchManager.java:1366)
	at org.eclipse.debug.internal.core.LaunchConfiguration.getInfo(LaunchConfiguration.java:490)
	at org.eclipse.debug.internal.core.LaunchConfiguration.getType(LaunchConfiguration.java:645)
	at org.eclipse.debug.internal.core.LaunchManager.isValid(LaunchManager.java:2091)
	at org.eclipse.debug.internal.core.LaunchManager.verifyConfigurations(LaunchManager.java:2462)
	at org.eclipse.debug.internal.core.LaunchManager.getAllLaunchConfigurations(LaunchManager.java:1140)
	at org.eclipse.debug.internal.core.LaunchManager.getLaunchConfigurations(LaunchManager.java:1444)
	at org.eclipse.debug.internal.core.LaunchManager.getLaunchConfigurations(LaunchManager.java:1439)
	at org.eclipse.launchbar.core.internal.LaunchBarManager.init(LaunchBarManager.java:130)
	at org.eclipse.launchbar.core.internal.LaunchBarManager$1.run(LaunchBarManager.java:96)
	at org.eclipse.core.internal.jobs.Worker.run(Worker.java:63)
Caused by: org.xml.sax.SAXParseException; lineNumber: 3; columnNumber: 66; 在实体引用中, 实体名称必须紧跟在 '&' 后面。
	at com.sun.org.apache.xerces.internal.util.ErrorHandlerWrapper.createSAXParseException(ErrorHandlerWrapper.java:203)
	at com.sun.org.apache.xerces.internal.util.ErrorHandlerWrapper.fatalError(ErrorHandlerWrapper.java:177)
	at com.sun.org.apache.xerces.internal.impl.XMLErrorReporter.reportError(XMLErrorReporter.java:400)
	at com.sun.org.apache.xerces.internal.impl.XMLErrorReporter.reportError(XMLErrorReporter.java:327)
	at com.sun.org.apache.xerces.internal.impl.XMLScanner.reportFatalError(XMLScanner.java:1472)
	at com.sun.org.apache.xerces.internal.impl.XMLScanner.scanAttributeValue(XMLScanner.java:908)
	at com.sun.org.apache.xerces.internal.impl.XMLDocumentFragmentScannerImpl.scanAttribute(XMLDocumentFragmentScannerImpl.java:1548)
	at com.sun.org.apache.xerces.internal.impl.XMLDocumentFragmentScannerImpl.scanStartElement(XMLDocumentFragmentScannerImpl.java:1315)
	at com.sun.org.apache.xerces.internal.impl.XMLDocumentFragmentScannerImpl$FragmentContentDriver.next(XMLDocumentFragmentScannerImpl.java:2784)
	at com.sun.org.apache.xerces.internal.impl.XMLDocumentScannerImpl.next(XMLDocumentScannerImpl.java:602)
	at com.sun.org.apache.xerces.internal.impl.XMLDocumentFragmentScannerImpl.scanDocument(XMLDocumentFragmentScannerImpl.java:505)
	at com.sun.org.apache.xerces.internal.parsers.XML11Configuration.parse(XML11Configuration.java:841)
	at com.sun.org.apache.xerces.internal.parsers.XML11Configuration.parse(XML11Configuration.java:770)
	at com.sun.org.apache.xerces.internal.parsers.XMLParser.parse(XMLParser.java:141)
	at com.sun.org.apache.xerces.internal.parsers.DOMParser.parse(DOMParser.java:243)
	at com.sun.org.apache.xerces.internal.jaxp.DocumentBuilderImpl.parse(DocumentBuilderImpl.java:339)
	at org.eclipse.debug.internal.core.LaunchManager.createInfoFromXML(LaunchManager.java:935)
	at org.eclipse.debug.internal.core.LaunchManager.getInfo(LaunchManager.java:1359)
	... 10 more
!SUBENTRY 1 org.eclipse.debug.core 4 5012 2026-07-28 11:20:41.423
!MESSAGE 读取启动配置文件 F:\code\vibe_project\rollerball\M55\libraries\components\mtb-device-support-pse8xxgp\make\make\scripts\interface_version_4\eclipse\CM33\flash\normal\JLink\any\&&_PRJ_NAME&& Debug (JLink).launch 时发生了 org.xml.sax.SAXParseException; lineNumber: 3; columnNumber: 66; 在实体引用中, 实体名称必须紧跟在 '&' 后面。。
!STACK 0
org.xml.sax.SAXParseException; lineNumber: 3; columnNumber: 66; 在实体引用中, 实体名称必须紧跟在 '&' 后面。
	at com.sun.org.apache.xerces.internal.util.ErrorHandlerWrapper.createSAXParseException(ErrorHandlerWrapper.java:203)
	at com.sun.org.apache.xerces.internal.util.ErrorHandlerWrapper.fatalError(ErrorHandlerWrapper.java:177)
	at com.sun.org.apache.xerces.internal.impl.XMLErrorReporter.reportError(XMLErrorReporter.java:400)
	at com.sun.org.apache.xerces.internal.impl.XMLErrorReporter.reportError(XMLErrorReporter.java:327)
	at com.sun.org.apache.xerces.internal.impl.XMLScanner.reportFatalError(XMLScanner.java:1472)
	at com.sun.org.apache.xerces.internal.impl.XMLScanner.scanAttributeValue(XMLScanner.java:908)
	at com.sun.org.apache.xerces.internal.impl.XMLDocumentFragmentScannerImpl.scanAttribute(XMLDocumentFragmentScannerImpl.java:1548)
	at com.sun.org.apache.xerces.internal.impl.XMLDocumentFragmentScannerImpl.scanStartElement(XMLDocumentFragmentScannerImpl.java:1315)
	at com.sun.org.apache.xerces.internal.impl.XMLDocumentFragmentScannerImpl$FragmentContentDriver.next(XMLDocumentFragmentScannerImpl.java:2784)
	at com.sun.org.apache.xerces.internal.impl.XMLDocumentScannerImpl.next(XMLDocumentScannerImpl.java:602)
	at com.sun.org.apache.xerces.internal.impl.XMLDocumentFragmentScannerImpl.scanDocument(XMLDocumentFragmentScannerImpl.java:505)
	at com.sun.org.apache.xerces.internal.parsers.XML11Configuration.parse(XML11Configuration.java:841)
	at com.sun.org.apache.xerces.internal.parsers.XML11Configuration.parse(XML11Configuration.java:770)
	at com.sun.org.apache.xerces.internal.parsers.XMLParser.parse(XMLParser.java:141)
	at com.sun.org.apache.xerces.internal.parsers.DOMParser.parse(DOMParser.java:243)
	at com.sun.org.apache.xerces.internal.jaxp.DocumentBuilderImpl.parse(DocumentBuilderImpl.java:339)
	at org.eclipse.debug.internal.core.LaunchManager.createInfoFromXML(LaunchManager.java:935)
	at org.eclipse.debug.internal.core.LaunchManager.getInfo(LaunchManager.java:1359)
	at org.eclipse.debug.internal.core.LaunchConfiguration.getInfo(LaunchConfiguration.java:490)
	at org.eclipse.debug.internal.core.LaunchConfiguration.getType(LaunchConfiguration.java:645)
	at org.eclipse.debug.internal.core.LaunchManager.isValid(LaunchManager.java:2091)
	at org.eclipse.debug.internal.core.LaunchManager.verifyConfigurations(LaunchManager.java:2462)
	at org.eclipse.debug.internal.core.LaunchManager.getAllLaunchConfigurations(LaunchManager.java:1140)
	at org.eclipse.debug.internal.core.LaunchManager.getLaunchConfigurations(LaunchManager.java:1444)
	at org.eclipse.debug.internal.core.LaunchManager.getLaunchConfigurations(LaunchManager.java:1439)
	at org.eclipse.launchbar.core.internal.LaunchBarManager.init(LaunchBarManager.java:130)
	at org.eclipse.launchbar.core.internal.LaunchBarManager$1.run(LaunchBarManager.java:96)
	at org.eclipse.core.internal.jobs.Worker.run(Worker.java:63)

!ENTRY org.eclipse.debug.core 4 125 2026-07-28 11:20:41.426
!MESSAGE 调试核心所记录的错误：
!STACK 1
org.eclipse.debug.core.DebugException: 读取启动配置文件 F:\code\vibe_project\rollerball\M55\libraries\components\mtb-device-support-pse8xxgp\make\make\scripts\interface_version_4\eclipse\CM33\flash\normal\JLink\combine_sign\Attach.launch 时发生了 org.xml.sax.SAXParseException; lineNumber: 3; columnNumber: 66; 在实体引用中, 实体名称必须紧跟在 '&' 后面。。
	at org.eclipse.debug.internal.core.LaunchManager.createDebugException(LaunchManager.java:886)
	at org.eclipse.debug.internal.core.LaunchManager.throwException(LaunchManager.java:2448)
	at org.eclipse.debug.internal.core.LaunchManager.getInfo(LaunchManager.java:1366)
	at org.eclipse.debug.internal.core.LaunchConfiguration.getInfo(LaunchConfiguration.java:490)
	at org.eclipse.debug.internal.core.LaunchConfiguration.getType(LaunchConfiguration.java:645)
	at org.eclipse.debug.internal.core.LaunchManager.isValid(LaunchManager.java:2091)
	at org.eclipse.debug.internal.core.LaunchManager.verifyConfigurations(LaunchManager.java:2462)
	at org.eclipse.debug.internal.core.LaunchManager.getAllLaunchConfigurations(LaunchManager.java:1140)
	at org.eclipse.debug.internal.core.LaunchManager.getLaunchConfigurations(LaunchManager.java:1444)
	at org.eclipse.debug.internal.core.LaunchManager.getLaunchConfigurations(LaunchManager.java:1439)
	at org.eclipse.launchbar.core.internal.LaunchBarManager.init(LaunchBarManager.java:130)
	at org.eclipse.launchbar.core.internal.LaunchBarManager$1.run(LaunchBarManager.java:96)
	at org.eclipse.core.internal.jobs.Worker.run(Worker.java:63)
Caused by: org.xml.sax.SAXParseException; lineNumber: 3; columnNumber: 66; 在实体引用中, 实体名称必须紧跟在 '&' 后面。
	at com.sun.org.apache.xerces.internal.util.ErrorHandlerWrapper.createSAXParseException(ErrorHandlerWrapper.java:203)
	at com.sun.org.apache.xerces.internal.util.ErrorHandlerWrapper.fatalError(ErrorHandlerWrapper.java:177)
	at com.sun.org.apache.xerces.internal.impl.XMLErrorReporter.reportError(XMLErrorReporter.java:400)
	at com.sun.org.apache.xerces.internal.impl.XMLErrorReporter.reportError(XMLErrorReporter.java:327)
	at com.sun.org.apache.xerces.internal.impl.XMLScanner.reportFatalError(XMLScanner.java:1472)
	at com.sun.org.apache.xerces.internal.impl.XMLScanner.scanAttributeValue(XMLScanner.java:908)
	at com.sun.org.apache.xerces.internal.impl.XMLDocumentFragmentScannerImpl.scanAttribute(XMLDocumentFragmentScannerImpl.java:1548)
	at com.sun.org.apache.xerces.internal.impl.XMLDocumentFragmentScannerImpl.scanStartElement(XMLDocumentFragmentScannerImpl.java:1315)
	at com.sun.org.apache.xerces.internal.impl.XMLDocumentFragmentScannerImpl$FragmentContentDriver.next(XMLDocumentFragmentScannerImpl.java:2784)
	at com.sun.org.apache.xerces.internal.impl.XMLDocumentScannerImpl.next(XMLDocumentScannerImpl.java:602)
	at com.sun.org.apache.xerces.internal.impl.XMLDocumentFragmentScannerImpl.scanDocument(XMLDocumentFragmentScannerImpl.java:505)
	at com.sun.org.apache.xerces.internal.parsers.XML11Configuration.parse(XML11Configuration.java:841)
	at com.sun.org.apache.xerces.internal.parsers.XML11Configuration.parse(XML11Configuration.java:770)
	at com.sun.org.apache.xerces.internal.parsers.XMLParser.parse(XMLParser.java:141)
	at com.sun.org.apache.xerces.internal.parsers.DOMParser.parse(DOMParser.java:243)
	at com.sun.org.apache.xerces.internal.jaxp.DocumentBuilderImpl.parse(DocumentBuilderImpl.java:339)
	at org.eclipse.debug.internal.core.LaunchManager.createInfoFromXML(LaunchManager.java:935)
	at org.eclipse.debug.internal.core.LaunchManager.getInfo(LaunchManager.java:1359)
	... 10 more
!SUBENTRY 1 org.eclipse.debug.core 4 5012 2026-07-28 11:20:41.426
!MESSAGE 读取启动配置文件 F:\code\vibe_project\rollerball\M55\libraries\components\mtb-device-support-pse8xxgp\make\make\scripts\interface_version_4\eclipse\CM33\flash\normal\JLink\combine_sign\Attach.launch 时发生了 org.xml.sax.SAXParseException; lineNumber: 3; columnNumber: 66; 在实体引用中, 实体名称必须紧跟在 '&' 后面。。
!STACK 0
org.xml.sax.SAXParseException; lineNumber: 3; columnNumber: 66; 在实体引用中, 实体名称必须紧跟在 '&' 后面。
	at com.sun.org.apache.xerces.internal.util.ErrorHandlerWrapper.createSAXParseException(ErrorHandlerWrapper.java:203)
	at com.sun.org.apache.xerces.internal.util.ErrorHandlerWrapper.fatalError(ErrorHandlerWrapper.java:177)
	at com.sun.org.apache.xerces.internal.impl.XMLErrorReporter.reportError(XMLErrorReporter.java:400)
	at com.sun.org.apache.xerces.internal.impl.XMLErrorReporter.reportError(XMLErrorReporter.java:327)
	at com.sun.org.apache.xerces.internal.impl.XMLScanner.reportFatalError(XMLScanner.java:1472)
	at com.sun.org.apache.xerces.internal.impl.XMLScanner.scanAttributeValue(XMLScanner.java:908)
	at com.sun.org.apache.xerces.internal.impl.XMLDocumentFragmentScannerImpl.scanAttribute(XMLDocumentFragmentScannerImpl.java:1548)
	at com.sun.org.apache.xerces.internal.impl.XMLDocumentFragmentScannerImpl.scanStartElement(XMLDocumentFragmentScannerImpl.java:1315)
	at com.sun.org.apache.xerces.internal.impl.XMLDocumentFragmentScannerImpl$FragmentContentDriver.next(XMLDocumentFragmentScannerImpl.java:2784)
	at com.sun.org.apache.xerces.internal.impl.XMLDocumentScannerImpl.next(XMLDocumentScannerImpl.java:602)
	at com.sun.org.apache.xerces.internal.impl.XMLDocumentFragmentScannerImpl.scanDocument(XMLDocumentFragmentScannerImpl.java:505)
	at com.sun.org.apache.xerces.internal.parsers.XML11Configuration.parse(XML11Configuration.java:841)
	at com.sun.org.apache.xerces.internal.parsers.XML11Configuration.parse(XML11Configuration.java:770)
	at com.sun.org.apache.xerces.internal.parsers.XMLParser.parse(XMLParser.java:141)
	at com.sun.org.apache.xerces.internal.parsers.DOMParser.parse(DOMParser.java:243)
	at com.sun.org.apache.xerces.internal.jaxp.DocumentBuilderImpl.parse(DocumentBuilderImpl.java:339)
	at org.eclipse.debug.internal.core.LaunchManager.createInfoFromXML(LaunchManager.java:935)
	at org.eclipse.debug.internal.core.LaunchManager.getInfo(LaunchManager.java:1359)
	at org.eclipse.debug.internal.core.LaunchConfiguration.getInfo(LaunchConfiguration.java:490)
	at org.eclipse.debug.internal.core.LaunchConfiguration.getType(LaunchConfiguration.java:645)
	at org.eclipse.debug.internal.core.LaunchManager.isValid(LaunchManager.java:2091)
	at org.eclipse.debug.internal.core.LaunchManager.verifyConfigurations(LaunchManager.java:2462)
	at org.eclipse.debug.internal.core.LaunchManager.getAllLaunchConfigurations(LaunchManager.java:1140)
	at org.eclipse.debug.internal.core.LaunchManager.getLaunchConfigurations(LaunchManager.java:1444)
	at org.eclipse.debug.internal.core.LaunchManager.getLaunchConfigurations(LaunchManager.java:1439)
	at org.eclipse.launchbar.core.internal.LaunchBarManager.init(LaunchBarManager.java:130)
	at org.eclipse.launchbar.core.internal.LaunchBarManager$1.run(LaunchBarManager.java:96)
	at org.eclipse.core.internal.jobs.Worker.run(Worker.java:63)

!ENTRY org.eclipse.debug.core 4 125 2026-07-28 11:20:41.427
!MESSAGE 调试核心所记录的错误：
!STACK 1
org.eclipse.debug.core.DebugException: 读取启动配置文件 F:\code\vibe_project\rollerball\M55\libraries\components\mtb-device-support-pse8xxgp\make\make\scripts\interface_version_4\eclipse\CM33\flash\normal\JLink\combine_sign\Debug.launch 时发生了 org.xml.sax.SAXParseException; lineNumber: 3; columnNumber: 66; 在实体引用中, 实体名称必须紧跟在 '&' 后面。。
	at org.eclipse.debug.internal.core.LaunchManager.createDebugException(LaunchManager.java:886)
	at org.eclipse.debug.internal.core.LaunchManager.throwException(LaunchManager.java:2448)
	at org.eclipse.debug.internal.core.LaunchManager.getInfo(LaunchManager.java:1366)
	at org.eclipse.debug.internal.core.LaunchConfiguration.getInfo(LaunchConfiguration.java:490)
	at org.eclipse.debug.internal.core.LaunchConfiguration.getType(LaunchConfiguration.java:645)
	at org.eclipse.debug.internal.core.LaunchManager.isValid(LaunchManager.java:2091)
	at org.eclipse.debug.internal.core.LaunchManager.verifyConfigurations(LaunchManager.java:2462)
	at org.eclipse.debug.internal.core.LaunchManager.getAllLaunchConfigurations(LaunchManager.java:1140)
	at org.eclipse.debug.internal.core.LaunchManager.getLaunchConfigurations(LaunchManager.java:1444)
	at org.eclipse.debug.internal.core.LaunchManager.getLaunchConfigurations(LaunchManager.java:1439)
	at org.eclipse.launchbar.core.internal.LaunchBarManager.init(LaunchBarManager.java:130)
	at org.eclipse.launchbar.core.internal.LaunchBarManager$1.run(LaunchBarManager.java:96)
	at org.eclipse.core.internal.jobs.Worker.run(Worker.java:63)
Caused by: org.xml.sax.SAXParseException; lineNumber: 3; columnNumber: 66; 在实体引用中, 实体名称必须紧跟在 '&' 后面。
	at com.sun.org.apache.xerces.internal.util.ErrorHandlerWrapper.createSAXParseException(ErrorHandlerWrapper.java:203)
	at com.sun.org.apache.xerces.internal.util.ErrorHandlerWrapper.fatalError(ErrorHandlerWrapper.java:177)
	at com.sun.org.apache.xerces.internal.impl.XMLErrorReporter.reportError(XMLErrorReporter.java:400)
	at com.sun.org.apache.xerces.internal.impl.XMLErrorReporter.reportError(XMLErrorReporter.java:327)
	at com.sun.org.apache.xerces.internal.impl.XMLScanner.reportFatalError(XMLScanner.java:1472)
	at com.sun.org.apache.xerces.internal.impl.XMLScanner.scanAttributeValue(XMLScanner.java:908)
	at com.sun.org.apache.xerces.internal.impl.XMLDocumentFragmentScannerImpl.scanAttribute(XMLDocumentFragmentScannerImpl.java:1548)
	at com.sun.org.apache.xerces.internal.impl.XMLDocumentFragmentScannerImpl.scanStartElement(XMLDocumentFragmentScannerImpl.java:1315)
	at com.sun.org.apache.xerces.internal.impl.XMLDocumentFragmentScannerImpl$FragmentContentDriver.next(XMLDocumentFragmentScannerImpl.java:2784)
	at com.sun.org.apache.xerces.internal.impl.XMLDocumentScannerImpl.next(XMLDocumentScannerImpl.java:602)
	at com.sun.org.apache.xerces.internal.impl.XMLDocumentFragmentScannerImpl.scanDocument(XMLDocumentFragmentScannerImpl.java:505)
	at com.sun.org.apache.xerces.internal.parsers.XML11Configuration.parse(XML11Configuration.java:841)
	at com.sun.org.apache.xerces.internal.parsers.XML11Configuration.parse(XML11Configuration.java:770)
	at com.sun.org.apache.xerces.internal.parsers.XMLParser.parse(XMLParser.java:141)
	at com.sun.org.apache.xerces.internal.parsers.DOMParser.parse(DOMParser.java:243)
	at com.sun.org.apache.xerces.internal.jaxp.DocumentBuilderImpl.parse(DocumentBuilderImpl.java:339)
	at org.eclipse.debug.internal.core.LaunchManager.createInfoFromXML(LaunchManager.java:935)
	at org.eclipse.debug.internal.core.LaunchManager.getInfo(LaunchManager.java:1359)
	... 10 more
!SUBENTRY 1 org.eclipse.debug.core 4 5012 2026-07-28 11:20:41.427
!MESSAGE 读取启动配置文件 F:\code\vibe_project\rollerball\M55\libraries\components\mtb-device-support-pse8xxgp\make\make\scripts\interface_version_4\eclipse\CM33\flash\normal\JLink\combine_sign\Debug.launch 时发生了 org.xml.sax.SAXParseException; lineNumber: 3; columnNumber: 66; 在实体引用中, 实体名称必须紧跟在 '&' 后面。。
!STACK 0
org.xml.sax.SAXParseException; lineNumber: 3; columnNumber: 66; 在实体引用中, 实体名称必须紧跟在 '&' 后面。
	at com.sun.org.apache.xerces.internal.util.ErrorHandlerWrapper.createSAXParseException(ErrorHandlerWrapper.java:203)
	at com.sun.org.apache.xerces.internal.util.ErrorHandlerWrapper.fatalError(ErrorHandlerWrapper.java:177)
	at com.sun.org.apache.xerces.internal.impl.XMLErrorReporter.reportError(XMLErrorReporter.java:400)
	at com.sun.org.apache.xerces.internal.impl.XMLErrorReporter.reportError(XMLErrorReporter.java:327)
	at com.sun.org.apache.xerces.internal.impl.XMLScanner.reportFatalError(XMLScanner.java:1472)
	at com.sun.org.apache.xerces.internal.impl.XMLScanner.scanAttributeValue(XMLScanner.java:908)
	at com.sun.org.apache.xerces.internal.impl.XMLDocumentFragmentScannerImpl.scanAttribute(XMLDocumentFragmentScannerImpl.java:1548)
	at com.sun.org.apache.xerces.internal.impl.XMLDocumentFragmentScannerImpl.scanStartElement(XMLDocumentFragmentScannerImpl.java:1315)
	at com.sun.org.apache.xerces.internal.impl.XMLDocumentFragmentScannerImpl$FragmentContentDriver.next(XMLDocumentFragmentScannerImpl.java:2784)
	at com.sun.org.apache.xerces.internal.impl.XMLDocumentScannerImpl.next(XMLDocumentScannerImpl.java:602)
	at com.sun.org.apache.xerces.internal.impl.XMLDocumentFragmentScannerImpl.scanDocument(XMLDocumentFragmentScannerImpl.java:505)
	at com.sun.org.apache.xerces.internal.parsers.XML11Configuration.parse(XML11Configuration.java:841)
	at com.sun.org.apache.xerces.internal.parsers.XML11Configuration.parse(XML11Configuration.java:770)
	at com.sun.org.apache.xerces.internal.parsers.XMLParser.parse(XMLParser.java:141)
	at com.sun.org.apache.xerces.internal.parsers.DOMParser.parse(DOMParser.java:243)
	at com.sun.org.apache.xerces.internal.jaxp.DocumentBuilderImpl.parse(DocumentBuilderImpl.java:339)
	at org.eclipse.debug.internal.core.LaunchManager.createInfoFromXML(LaunchManager.java:935)
	at org.eclipse.debug.internal.core.LaunchManager.getInfo(LaunchManager.java:1359)
	at org.eclipse.debug.internal.core.LaunchConfiguration.getInfo(LaunchConfiguration.java:490)
	at org.eclipse.debug.internal.core.LaunchConfiguration.getType(LaunchConfiguration.java:645)
	at org.eclipse.debug.internal.core.LaunchManager.isValid(LaunchManager.java:2091)
	at org.eclipse.debug.internal.core.LaunchManager.verifyConfigurations(LaunchManager.java:2462)
	at org.eclipse.debug.internal.core.LaunchManager.getAllLaunchConfigurations(LaunchManager.java:1140)
	at org.eclipse.debug.internal.core.LaunchManager.getLaunchConfigurations(LaunchManager.java:1444)
	at org.eclipse.debug.internal.core.LaunchManager.getLaunchConfigurations(LaunchManager.java:1439)
	at org.eclipse.launchbar.core.internal.LaunchBarManager.init(LaunchBarManager.java:130)
	at org.eclipse.launchbar.core.internal.LaunchBarManager$1.run(LaunchBarManager.java:96)
	at org.eclipse.core.internal.jobs.Worker.run(Worker.java:63)

!ENTRY org.eclipse.debug.core 4 125 2026-07-28 11:20:41.427
!MESSAGE 调试核心所记录的错误：
!STACK 1
org.eclipse.debug.core.DebugException: 读取启动配置文件 F:\code\vibe_project\rollerball\M55\libraries\components\mtb-device-support-pse8xxgp\make\make\scripts\interface_version_4\eclipse\CM33\flash\normal\KitProg3\any\&&_PRJ_NAME&& Attach (KitProg3_MiniProg4).launch 时发生了 org.xml.sax.SAXParseException; lineNumber: 3; columnNumber: 66; 在实体引用中, 实体名称必须紧跟在 '&' 后面。。
	at org.eclipse.debug.internal.core.LaunchManager.createDebugException(LaunchManager.java:886)
	at org.eclipse.debug.internal.core.LaunchManager.throwException(LaunchManager.java:2448)
	at org.eclipse.debug.internal.core.LaunchManager.getInfo(LaunchManager.java:1366)
	at org.eclipse.debug.internal.core.LaunchConfiguration.getInfo(LaunchConfiguration.java:490)
	at org.eclipse.debug.internal.core.LaunchConfiguration.getType(LaunchConfiguration.java:645)
	at org.eclipse.debug.internal.core.LaunchManager.isValid(LaunchManager.java:2091)
	at org.eclipse.debug.internal.core.LaunchManager.verifyConfigurations(LaunchManager.java:2462)
	at org.eclipse.debug.internal.core.LaunchManager.getAllLaunchConfigurations(LaunchManager.java:1140)
	at org.eclipse.debug.internal.core.LaunchManager.getLaunchConfigurations(LaunchManager.java:1444)
	at org.eclipse.debug.internal.core.LaunchManager.getLaunchConfigurations(LaunchManager.java:1439)
	at org.eclipse.launchbar.core.internal.LaunchBarManager.init(LaunchBarManager.java:130)
	at org.eclipse.launchbar.core.internal.LaunchBarManager$1.run(LaunchBarManager.java:96)
	at org.eclipse.core.internal.jobs.Worker.run(Worker.java:63)
Caused by: org.xml.sax.SAXParseException; lineNumber: 3; columnNumber: 66; 在实体引用中, 实体名称必须紧跟在 '&' 后面。
	at com.sun.org.apache.xerces.internal.util.ErrorHandlerWrapper.createSAXParseException(ErrorHandlerWrapper.java:203)
	at com.sun.org.apache.xerces.internal.util.ErrorHandlerWrapper.fatalError(ErrorHandlerWrapper.java:177)
	at com.sun.org.apache.xerces.internal.impl.XMLErrorReporter.reportError(XMLErrorReporter.java:400)
	at com.sun.org.apache.xerces.internal.impl.XMLErrorReporter.reportError(XMLErrorReporter.java:327)
	at com.sun.org.apache.xerces.internal.impl.XMLScanner.reportFatalError(XMLScanner.java:1472)
	at com.sun.org.apache.xerces.internal.impl.XMLScanner.scanAttributeValue(XMLScanner.java:908)
	at com.sun.org.apache.xerces.internal.impl.XMLDocumentFragmentScannerImpl.scanAttribute(XMLDocumentFragmentScannerImpl.java:1548)
	at com.sun.org.apache.xerces.internal.impl.XMLDocumentFragmentScannerImpl.scanStartElement(XMLDocumentFragmentScannerImpl.java:1315)
	at com.sun.org.apache.xerces.internal.impl.XMLDocumentFragmentScannerImpl$FragmentContentDriver.next(XMLDocumentFragmentScannerImpl.java:2784)
	at com.sun.org.apache.xerces.internal.impl.XMLDocumentScannerImpl.next(XMLDocumentScannerImpl.java:602)
	at com.sun.org.apache.xerces.internal.impl.XMLDocumentFragmentScannerImpl.scanDocument(XMLDocumentFragmentScannerImpl.java:505)
	at com.sun.org.apache.xerces.internal.parsers.XML11Configuration.parse(XML11Configuration.java:841)
	at com.sun.org.apache.xerces.internal.parsers.XML11Configuration.parse(XML11Configuration.java:770)
	at com.sun.org.apache.xerces.internal.parsers.XMLParser.parse(XMLParser.java:141)
	at com.sun.org.apache.xerces.internal.parsers.DOMParser.parse(DOMParser.java:243)
	at com.sun.org.apache.xerces.internal.jaxp.DocumentBuilderImpl.parse(DocumentBuilderImpl.java:339)
	at org.eclipse.debug.internal.core.LaunchManager.createInfoFromXML(LaunchManager.java:935)
	at org.eclipse.debug.internal.core.LaunchManager.getInfo(LaunchManager.java:1359)
	... 10 more
!SUBENTRY 1 org.eclipse.debug.core 4 5012 2026-07-28 11:20:41.427
!MESSAGE 读取启动配置文件 F:\code\vibe_project\rollerball\M55\libraries\components\mtb-device-support-pse8xxgp\make\make\scripts\interface_version_4\eclipse\CM33\flash\normal\KitProg3\any\&&_PRJ_NAME&& Attach (KitProg3_MiniProg4).launch 时发生了 org.xml.sax.SAXParseException; lineNumber: 3; columnNumber: 66; 在实体引用中, 实体名称必须紧跟在 '&' 后面。。
!STACK 0
org.xml.sax.SAXParseException; lineNumber: 3; columnNumber: 66; 在实体引用中, 实体名称必须紧跟在 '&' 后面。
	at com.sun.org.apache.xerces.internal.util.ErrorHandlerWrapper.createSAXParseException(ErrorHandlerWrapper.java:203)
	at com.sun.org.apache.xerces.internal.util.ErrorHandlerWrapper.fatalError(ErrorHandlerWrapper.java:177)
	at com.sun.org.apache.xerces.internal.impl.XMLErrorReporter.reportError(XMLErrorReporter.java:400)
	at com.sun.org.apache.xerces.internal.impl.XMLErrorReporter.reportError(XMLErrorReporter.java:327)
	at com.sun.org.apache.xerces.internal.impl.XMLScanner.reportFatalError(XMLScanner.java:1472)
	at com.sun.org.apache.xerces.internal.impl.XMLScanner.scanAttributeValue(XMLScanner.java:908)
	at com.sun.org.apache.xerces.internal.impl.XMLDocumentFragmentScannerImpl.scanAttribute(XMLDocumentFragmentScannerImpl.java:1548)
	at com.sun.org.apache.xerces.internal.impl.XMLDocumentFragmentScannerImpl.scanStartElement(XMLDocumentFragmentScannerImpl.java:1315)
	at com.sun.org.apache.xerces.internal.impl.XMLDocumentFragmentScannerImpl$FragmentContentDriver.next(XMLDocumentFragmentScannerImpl.java:2784)
	at com.sun.org.apache.xerces.internal.impl.XMLDocumentScannerImpl.next(XMLDocumentScannerImpl.java:602)
	at com.sun.org.apache.xerces.internal.impl.XMLDocumentFragmentScannerImpl.scanDocument(XMLDocumentFragmentScannerImpl.java:505)
	at com.sun.org.apache.xerces.internal.parsers.XML11Configuration.parse(XML11Configuration.java:841)
	at com.sun.org.apache.xerces.internal.parsers.XML11Configuration.parse(XML11Configuration.java:770)
	at com.sun.org.apache.xerces.internal.parsers.XMLParser.parse(XMLParser.java:141)
	at com.sun.org.apache.xerces.internal.parsers.DOMParser.parse(DOMParser.java:243)
	at com.sun.org.apache.xerces.internal.jaxp.DocumentBuilderImpl.parse(DocumentBuilderImpl.java:339)
	at org.eclipse.debug.internal.core.LaunchManager.createInfoFromXML(LaunchManager.java:935)
	at org.eclipse.debug.internal.core.LaunchManager.getInfo(LaunchManager.java:1359)
	at org.eclipse.debug.internal.core.LaunchConfiguration.getInfo(LaunchConfiguration.java:490)
	at org.eclipse.debug.internal.core.LaunchConfiguration.getType(LaunchConfiguration.java:645)
	at org.eclipse.debug.internal.core.LaunchManager.isValid(LaunchManager.java:2091)
	at org.eclipse.debug.internal.core.LaunchManager.verifyConfigurations(LaunchManager.java:2462)
	at org.eclipse.debug.internal.core.LaunchManager.getAllLaunchConfigurations(LaunchManager.java:1140)
	at org.eclipse.debug.internal.core.LaunchManager.getLaunchConfigurations(LaunchManager.java:1444)
	at org.eclipse.debug.internal.core.LaunchManager.getLaunchConfigurations(LaunchManager.java:1439)
	at org.eclipse.launchbar.core.internal.LaunchBarManager.init(LaunchBarManager.java:130)
	at org.eclipse.launchbar.core.internal.LaunchBarManager$1.run(LaunchBarManager.java:96)
	at org.eclipse.core.internal.jobs.Worker.run(Worker.java:63)

!ENTRY org.eclipse.debug.core 4 125 2026-07-28 11:20:41.431
!MESSAGE 调试核心所记录的错误：
!STACK 1
org.eclipse.debug.core.DebugException: 读取启动配置文件 F:\code\vibe_project\rollerball\M55\libraries\components\mtb-device-support-pse8xxgp\make\make\scripts\interface_version_4\eclipse\CM33\flash\normal\KitProg3\any\&&_PRJ_NAME&& Debug (KitProg3_MiniProg4).launch 时发生了 org.xml.sax.SAXParseException; lineNumber: 3; columnNumber: 66; 在实体引用中, 实体名称必须紧跟在 '&' 后面。。
	at org.eclipse.debug.internal.core.LaunchManager.createDebugException(LaunchManager.java:886)
	at org.eclipse.debug.internal.core.LaunchManager.throwException(LaunchManager.java:2448)
	at org.eclipse.debug.internal.core.LaunchManager.getInfo(LaunchManager.java:1366)
	at org.eclipse.debug.internal.core.LaunchConfiguration.getInfo(LaunchConfiguration.java:490)
	at org.eclipse.debug.internal.core.LaunchConfiguration.getType(LaunchConfiguration.java:645)
	at org.eclipse.debug.internal.core.LaunchManager.isValid(LaunchManager.java:2091)
	at org.eclipse.debug.internal.core.LaunchManager.verifyConfigurations(LaunchManager.java:2462)
	at org.eclipse.debug.internal.core.LaunchManager.getAllLaunchConfigurations(LaunchManager.java:1140)
	at org.eclipse.debug.internal.core.LaunchManager.getLaunchConfigurations(LaunchManager.java:1444)
	at org.eclipse.debug.internal.core.LaunchManager.getLaunchConfigurations(LaunchManager.java:1439)
	at org.eclipse.launchbar.core.internal.LaunchBarManager.init(LaunchBarManager.java:130)
	at org.eclipse.launchbar.core.internal.LaunchBarManager$1.run(LaunchBarManager.java:96)
	at org.eclipse.core.internal.jobs.Worker.run(Worker.java:63)
Caused by: org.xml.sax.SAXParseException; lineNumber: 3; columnNumber: 66; 在实体引用中, 实体名称必须紧跟在 '&' 后面。
	at com.sun.org.apache.xerces.internal.util.ErrorHandlerWrapper.createSAXParseException(ErrorHandlerWrapper.java:203)
	at com.sun.org.apache.xerces.internal.util.ErrorHandlerWrapper.fatalError(ErrorHandlerWrapper.java:177)
	at com.sun.org.apache.xerces.internal.impl.XMLErrorReporter.reportError(XMLErrorReporter.java:400)
	at com.sun.org.apache.xerces.internal.impl.XMLErrorReporter.reportError(XMLErrorReporter.java:327)
	at com.sun.org.apache.xerces.internal.impl.XMLScanner.reportFatalError(XMLScanner.java:1472)
	at com.sun.org.apache.xerces.internal.impl.XMLScanner.scanAttributeValue(XMLScanner.java:908)
	at com.sun.org.apache.xerces.internal.impl.XMLDocumentFragmentScannerImpl.scanAttribute(XMLDocumentFragmentScannerImpl.java:1548)
	at com.sun.org.apache.xerces.internal.impl.XMLDocumentFragmentScannerImpl.scanStartElement(XMLDocumentFragmentScannerImpl.java:1315)
	at com.sun.org.apache.xerces.internal.impl.XMLDocumentFragmentScannerImpl$FragmentContentDriver.next(XMLDocumentFragmentScannerImpl.java:2784)
	at com.sun.org.apache.xerces.internal.impl.XMLDocumentScannerImpl.next(XMLDocumentScannerImpl.java:602)
	at com.sun.org.apache.xerces.internal.impl.XMLDocumentFragmentScannerImpl.scanDocument(XMLDocumentFragmentScannerImpl.java:505)
	at com.sun.org.apache.xerces.internal.parsers.XML11Configuration.parse(XML11Configuration.java:841)
	at com.sun.org.apache.xerces.internal.parsers.XML11Configuration.parse(XML11Configuration.java:770)
	at com.sun.org.apache.xerces.internal.parsers.XMLParser.parse(XMLParser.java:141)
	at com.sun.org.apache.xerces.internal.parsers.DOMParser.parse(DOMParser.java:243)
	at com.sun.org.apache.xerces.internal.jaxp.DocumentBuilderImpl.parse(DocumentBuilderImpl.java:339)
	at org.eclipse.debug.internal.core.LaunchManager.createInfoFromXML(LaunchManager.java:935)
	at org.eclipse.debug.internal.core.LaunchManager.getInfo(LaunchManager.java:1359)
	... 10 more
!SUBENTRY 1 org.eclipse.debug.core 4 5012 2026-07-28 11:20:41.431
!MESSAGE 读取启动配置文件 F:\code\vibe_project\rollerball\M55\libraries\components\mtb-device-support-pse8xxgp\make\make\scripts\interface_version_4\eclipse\CM33\flash\normal\KitProg3\any\&&_PRJ_NAME&& Debug (KitProg3_MiniProg4).launch 时发生了 org.xml.sax.SAXParseException; lineNumber: 3; columnNumber: 66; 在实体引用中, 实体名称必须紧跟在 '&' 后面。。
!STACK 0
org.xml.sax.SAXParseException; lineNumber: 3; columnNumber: 66; 在实体引用中, 实体名称必须紧跟在 '&' 后面。
	at com.sun.org.apache.xerces.internal.util.ErrorHandlerWrapper.createSAXParseException(ErrorHandlerWrapper.java:203)
	at com.sun.org.apache.xerces.internal.util.ErrorHandlerWrapper.fatalError(ErrorHandlerWrapper.java:177)
	at com.sun.org.apache.xerces.internal.impl.XMLErrorReporter.reportError(XMLErrorReporter.java:400)
	at com.sun.org.apache.xerces.internal.impl.XMLErrorReporter.reportError(XMLErrorReporter.java:327)
	at com.sun.org.apache.xerces.internal.impl.XMLScanner.reportFatalError(XMLScanner.java:1472)
	at com.sun.org.apache.xerces.internal.impl.XMLScanner.scanAttributeValue(XMLScanner.java:908)
	at com.sun.org.apache.xerces.internal.impl.XMLDocumentFragmentScannerImpl.scanAttribute(XMLDocumentFragmentScannerImpl.java:1548)
	at com.sun.org.apache.xerces.internal.impl.XMLDocumentFragmentScannerImpl.scanStartElement(XMLDocumentFragmentScannerImpl.java:1315)
	at com.sun.org.apache.xerces.internal.impl.XMLDocumentFragmentScannerImpl$FragmentContentDriver.next(XMLDocumentFragmentScannerImpl.java:2784)
	at com.sun.org.apache.xerces.internal.impl.XMLDocumentScannerImpl.next(XMLDocumentScannerImpl.java:602)
	at com.sun.org.apache.xerces.internal.impl.XMLDocumentFragmentScannerImpl.scanDocument(XMLDocumentFragmentScannerImpl.java:505)
	at com.sun.org.apache.xerces.internal.parsers.XML11Configuration.parse(XML11Configuration.java:841)
	at com.sun.org.apache.xerces.internal.parsers.XML11Configuration.parse(XML11Configuration.java:770)
	at com.sun.org.apache.xerces.internal.parsers.XMLParser.parse(XMLParser.java:141)
	at com.sun.org.apache.xerces.internal.parsers.DOMParser.parse(DOMParser.java:243)
	at com.sun.org.apache.xerces.internal.jaxp.DocumentBuilderImpl.parse(DocumentBuilderImpl.java:339)
	at org.eclipse.debug.internal.core.LaunchManager.createInfoFromXML(LaunchManager.java:935)
	at org.eclipse.debug.internal.core.LaunchManager.getInfo(LaunchManager.java:1359)
	at org.eclipse.debug.internal.core.LaunchConfiguration.getInfo(LaunchConfiguration.java:490)
	at org.eclipse.debug.internal.core.LaunchConfiguration.getType(LaunchConfiguration.java:645)
	at org.eclipse.debug.internal.core.LaunchManager.isValid(LaunchManager.java:2091)
	at org.eclipse.debug.internal.core.LaunchManager.verifyConfigurations(LaunchManager.java:2462)
	at org.eclipse.debug.internal.core.LaunchManager.getAllLaunchConfigurations(LaunchManager.java:1140)
	at org.eclipse.debug.internal.core.LaunchManager.getLaunchConfigurations(LaunchManager.java:1444)
	at org.eclipse.debug.internal.core.LaunchManager.getLaunchConfigurations(LaunchManager.java:1439)
	at org.eclipse.launchbar.core.internal.LaunchBarManager.init(LaunchBarManager.java:130)
	at org.eclipse.launchbar.core.internal.LaunchBarManager$1.run(LaunchBarManager.java:96)
	at org.eclipse.core.internal.jobs.Worker.run(Worker.java:63)

!ENTRY org.eclipse.debug.core 4 125 2026-07-28 11:20:41.435
!MESSAGE 调试核心所记录的错误：
!STACK 1
org.eclipse.debug.core.DebugException: 读取启动配置文件 F:\code\vibe_project\rollerball\M55\libraries\components\mtb-device-support-pse8xxgp\make\make\scripts\interface_version_4\eclipse\CM33\flash\normal\KitProg3\combine_sign\Attach.launch 时发生了 org.xml.sax.SAXParseException; lineNumber: 3; columnNumber: 66; 在实体引用中, 实体名称必须紧跟在 '&' 后面。。
	at org.eclipse.debug.internal.core.LaunchManager.createDebugException(LaunchManager.java:886)
	at org.eclipse.debug.internal.core.LaunchManager.throwException(LaunchManager.java:2448)
	at org.eclipse.debug.internal.core.LaunchManager.getInfo(LaunchManager.java:1366)
	at org.eclipse.debug.internal.core.LaunchConfiguration.getInfo(LaunchConfiguration.java:490)
	at org.eclipse.debug.internal.core.LaunchConfiguration.getType(LaunchConfiguration.java:645)
	at org.eclipse.debug.internal.core.LaunchManager.isValid(LaunchManager.java:2091)
	at org.eclipse.debug.internal.core.LaunchManager.verifyConfigurations(LaunchManager.java:2462)
	at org.eclipse.debug.internal.core.LaunchManager.getAllLaunchConfigurations(LaunchManager.java:1140)
	at org.eclipse.debug.internal.core.LaunchManager.getLaunchConfigurations(LaunchManager.java:1444)
	at org.eclipse.debug.internal.core.LaunchManager.getLaunchConfigurations(LaunchManager.java:1439)
	at org.eclipse.launchbar.core.internal.LaunchBarManager.init(LaunchBarManager.java:130)
	at org.eclipse.launchbar.core.internal.LaunchBarManager$1.run(LaunchBarManager.java:96)
	at org.eclipse.core.internal.jobs.Worker.run(Worker.java:63)
Caused by: org.xml.sax.SAXParseException; lineNumber: 3; columnNumber: 66; 在实体引用中, 实体名称必须紧跟在 '&' 后面。
	at com.sun.org.apache.xerces.internal.util.ErrorHandlerWrapper.createSAXParseException(ErrorHandlerWrapper.java:203)
	at com.sun.org.apache.xerces.internal.util.ErrorHandlerWrapper.fatalError(ErrorHandlerWrapper.java:177)
	at com.sun.org.apache.xerces.internal.impl.XMLErrorReporter.reportError(XMLErrorReporter.java:400)
	at com.sun.org.apache.xerces.internal.impl.XMLErrorReporter.reportError(XMLErrorReporter.java:327)
	at com.sun.org.apache.xerces.internal.impl.XMLScanner.reportFatalError(XMLScanner.java:1472)
	at com.sun.org.apache.xerces.internal.impl.XMLScanner.scanAttributeValue(XMLScanner.java:908)
	at com.sun.org.apache.xerces.internal.impl.XMLDocumentFragmentScannerImpl.scanAttribute(XMLDocumentFragmentScannerImpl.java:1548)
	at com.sun.org.apache.xerces.internal.impl.XMLDocumentFragmentScannerImpl.scanStartElement(XMLDocumentFragmentScannerImpl.java:1315)
	at com.sun.org.apache.xerces.internal.impl.XMLDocumentFragmentScannerImpl$FragmentContentDriver.next(XMLDocumentFragmentScannerImpl.java:2784)
	at com.sun.org.apache.xerces.internal.impl.XMLDocumentScannerImpl.next(XMLDocumentScannerImpl.java:602)
	at com.sun.org.apache.xerces.internal.impl.XMLDocumentFragmentScannerImpl.scanDocument(XMLDocumentFragmentScannerImpl.java:505)
	at com.sun.org.apache.xerces.internal.parsers.XML11Configuration.parse(XML11Configuration.java:841)
	at com.sun.org.apache.xerces.internal.parsers.XML11Configuration.parse(XML11Configuration.java:770)
	at com.sun.org.apache.xerces.internal.parsers.XMLParser.parse(XMLParser.java:141)
	at com.sun.org.apache.xerces.internal.parsers.DOMParser.parse(DOMParser.java:243)
	at com.sun.org.apache.xerces.internal.jaxp.DocumentBuilderImpl.parse(DocumentBuilderImpl.java:339)
	at org.eclipse.debug.internal.core.LaunchManager.createInfoFromXML(LaunchManager.java:935)
	at org.eclipse.debug.internal.core.LaunchManager.getInfo(LaunchManager.java:1359)
	... 10 more
!SUBENTRY 1 org.eclipse.debug.core 4 5012 2026-07-28 11:20:41.435
!MESSAGE 读取启动配置文件 F:\code\vibe_project\rollerball\M55\libraries\components\mtb-device-support-pse8xxgp\make\make\scripts\interface_version_4\eclipse\CM33\flash\normal\KitProg3\combine_sign\Attach.launch 时发生了 org.xml.sax.SAXParseException; lineNumber: 3; columnNumber: 66; 在实体引用中, 实体名称必须紧跟在 '&' 后面。。
!STACK 0
org.xml.sax.SAXParseException; lineNumber: 3; columnNumber: 66; 在实体引用中, 实体名称必须紧跟在 '&' 后面。
	at com.sun.org.apache.xerces.internal.util.ErrorHandlerWrapper.createSAXParseException(ErrorHandlerWrapper.java:203)
	at com.sun.org.apache.xerces.internal.util.ErrorHandlerWrapper.fatalError(ErrorHandlerWrapper.java:177)
	at com.sun.org.apache.xerces.internal.impl.XMLErrorReporter.reportError(XMLErrorReporter.java:400)
	at com.sun.org.apache.xerces.internal.impl.XMLErrorReporter.reportError(XMLErrorReporter.java:327)
	at com.sun.org.apache.xerces.internal.impl.XMLScanner.reportFatalError(XMLScanner.java:1472)
	at com.sun.org.apache.xerces.internal.impl.XMLScanner.scanAttributeValue(XMLScanner.java:908)
	at com.sun.org.apache.xerces.internal.impl.XMLDocumentFragmentScannerImpl.scanAttribute(XMLDocumentFragmentScannerImpl.java:1548)
	at com.sun.org.apache.xerces.internal.impl.XMLDocumentFragmentScannerImpl.scanStartElement(XMLDocumentFragmentScannerImpl.java:1315)
	at com.sun.org.apache.xerces.internal.impl.XMLDocumentFragmentScannerImpl$FragmentContentDriver.next(XMLDocumentFragmentScannerImpl.java:2784)
	at com.sun.org.apache.xerces.internal.impl.XMLDocumentScannerImpl.next(XMLDocumentScannerImpl.java:602)
	at com.sun.org.apache.xerces.internal.impl.XMLDocumentFragmentScannerImpl.scanDocument(XMLDocumentFragmentScannerImpl.java:505)
	at com.sun.org.apache.xerces.internal.parsers.XML11Configuration.parse(XML11Configuration.java:841)
	at com.sun.org.apache.xerces.internal.parsers.XML11Configuration.parse(XML11Configuration.java:770)
	at com.sun.org.apache.xerces.internal.parsers.XMLParser.parse(XMLParser.java:141)
	at com.sun.org.apache.xerces.internal.parsers.DOMParser.parse(DOMParser.java:243)
	at com.sun.org.apache.xerces.internal.jaxp.DocumentBuilderImpl.parse(DocumentBuilderImpl.java:339)
	at org.eclipse.debug.internal.core.LaunchManager.createInfoFromXML(LaunchManager.java:935)
	at org.eclipse.debug.internal.core.LaunchManager.getInfo(LaunchManager.java:1359)
	at org.eclipse.debug.internal.core.LaunchConfiguration.getInfo(LaunchConfiguration.java:490)
	at org.eclipse.debug.internal.core.LaunchConfiguration.getType(LaunchConfiguration.java:645)
	at org.eclipse.debug.internal.core.LaunchManager.isValid(LaunchManager.java:2091)
	at org.eclipse.debug.internal.core.LaunchManager.verifyConfigurations(LaunchManager.java:2462)
	at org.eclipse.debug.internal.core.LaunchManager.getAllLaunchConfigurations(LaunchManager.java:1140)
	at org.eclipse.debug.internal.core.LaunchManager.getLaunchConfigurations(LaunchManager.java:1444)
	at org.eclipse.debug.internal.core.LaunchManager.getLaunchConfigurations(LaunchManager.java:1439)
	at org.eclipse.launchbar.core.internal.LaunchBarManager.init(LaunchBarManager.java:130)
	at org.eclipse.launchbar.core.internal.LaunchBarManager$1.run(LaunchBarManager.java:96)
	at org.eclipse.core.internal.jobs.Worker.run(Worker.java:63)

!ENTRY org.eclipse.debug.core 4 125 2026-07-28 11:20:41.436
!MESSAGE 调试核心所记录的错误：
!STACK 1
org.eclipse.debug.core.DebugException: 读取启动配置文件 F:\code\vibe_project\rollerball\M55\libraries\components\mtb-device-support-pse8xxgp\make\make\scripts\interface_version_4\eclipse\CM33\flash\normal\KitProg3\combine_sign\Debug.launch 时发生了 org.xml.sax.SAXParseException; lineNumber: 3; columnNumber: 66; 在实体引用中, 实体名称必须紧跟在 '&' 后面。。
	at org.eclipse.debug.internal.core.LaunchManager.createDebugException(LaunchManager.java:886)
	at org.eclipse.debug.internal.core.LaunchManager.throwException(LaunchManager.java:2448)
	at org.eclipse.debug.internal.core.LaunchManager.getInfo(LaunchManager.java:1366)
	at org.eclipse.debug.internal.core.LaunchConfiguration.getInfo(LaunchConfiguration.java:490)
	at org.eclipse.debug.internal.core.LaunchConfiguration.getType(LaunchConfiguration.java:645)
	at org.eclipse.debug.internal.core.LaunchManager.isValid(LaunchManager.java:2091)
	at org.eclipse.debug.internal.core.LaunchManager.verifyConfigurations(LaunchManager.java:2462)
	at org.eclipse.debug.internal.core.LaunchManager.getAllLaunchConfigurations(LaunchManager.java:1140)
	at org.eclipse.debug.internal.core.LaunchManager.getLaunchConfigurations(LaunchManager.java:1444)
	at org.eclipse.debug.internal.core.LaunchManager.getLaunchConfigurations(LaunchManager.java:1439)
	at org.eclipse.launchbar.core.internal.LaunchBarManager.init(LaunchBarManager.java:130)
	at org.eclipse.launchbar.core.internal.LaunchBarManager$1.run(LaunchBarManager.java:96)
	at org.eclipse.core.internal.jobs.Worker.run(Worker.java:63)
Caused by: org.xml.sax.SAXParseException; lineNumber: 3; columnNumber: 66; 在实体引用中, 实体名称必须紧跟在 '&' 后面。
	at com.sun.org.apache.xerces.internal.util.ErrorHandlerWrapper.createSAXParseException(ErrorHandlerWrapper.java:203)
	at com.sun.org.apache.xerces.internal.util.ErrorHandlerWrapper.fatalError(ErrorHandlerWrapper.java:177)
	at com.sun.org.apache.xerces.internal.impl.XMLErrorReporter.reportError(XMLErrorReporter.java:400)
	at com.sun.org.apache.xerces.internal.impl.XMLErrorReporter.reportError(XMLErrorReporter.java:327)
	at com.sun.org.apache.xerces.internal.impl.XMLScanner.reportFatalError(XMLScanner.java:1472)
	at com.sun.org.apache.xerces.internal.impl.XMLScanner.scanAttributeValue(XMLScanner.java:908)
	at com.sun.org.apache.xerces.internal.impl.XMLDocumentFragmentScannerImpl.scanAttribute(XMLDocumentFragmentScannerImpl.java:1548)
	at com.sun.org.apache.xerces.internal.impl.XMLDocumentFragmentScannerImpl.scanStartElement(XMLDocumentFragmentScannerImpl.java:1315)
	at com.sun.org.apache.xerces.internal.impl.XMLDocumentFragmentScannerImpl$FragmentContentDriver.next(XMLDocumentFragmentScannerImpl.java:2784)
	at com.sun.org.apache.xerces.internal.impl.XMLDocumentScannerImpl.next(XMLDocumentScannerImpl.java:602)
	at com.sun.org.apache.xerces.internal.impl.XMLDocumentFragmentScannerImpl.scanDocument(XMLDocumentFragmentScannerImpl.java:505)
	at com.sun.org.apache.xerces.internal.parsers.XML11Configuration.parse(XML11Configuration.java:841)
	at com.sun.org.apache.xerces.internal.parsers.XML11Configuration.parse(XML11Configuration.java:770)
	at com.sun.org.apache.xerces.internal.parsers.XMLParser.parse(XMLParser.java:141)
	at com.sun.org.apache.xerces.internal.parsers.DOMParser.parse(DOMParser.java:243)
	at com.sun.org.apache.xerces.internal.jaxp.DocumentBuilderImpl.parse(DocumentBuilderImpl.java:339)
	at org.eclipse.debug.internal.core.LaunchManager.createInfoFromXML(LaunchManager.java:935)
	at org.eclipse.debug.internal.core.LaunchManager.getInfo(LaunchManager.java:1359)
	... 10 more
!SUBENTRY 1 org.eclipse.debug.core 4 5012 2026-07-28 11:20:41.436
!MESSAGE 读取启动配置文件 F:\code\vibe_project\rollerball\M55\libraries\components\mtb-device-support-pse8xxgp\make\make\scripts\interface_version_4\eclipse\CM33\flash\normal\KitProg3\combine_sign\Debug.launch 时发生了 org.xml.sax.SAXParseException; lineNumber: 3; columnNumber: 66; 在实体引用中, 实体名称必须紧跟在 '&' 后面。。
!STACK 0
org.xml.sax.SAXParseException; lineNumber: 3; columnNumber: 66; 在实体引用中, 实体名称必须紧跟在 '&' 后面。
	at com.sun.org.apache.xerces.internal.util.ErrorHandlerWrapper.createSAXParseException(ErrorHandlerWrapper.java:203)
	at com.sun.org.apache.xerces.internal.util.ErrorHandlerWrapper.fatalError(ErrorHandlerWrapper.java:177)
	at com.sun.org.apache.xerces.internal.impl.XMLErrorReporter.reportError(XMLErrorReporter.java:400)
	at com.sun.org.apache.xerces.internal.impl.XMLErrorReporter.reportError(XMLErrorReporter.java:327)
	at com.sun.org.apache.xerces.internal.impl.XMLScanner.reportFatalError(XMLScanner.java:1472)
	at com.sun.org.apache.xerces.internal.impl.XMLScanner.scanAttributeValue(XMLScanner.java:908)
	at com.sun.org.apache.xerces.internal.impl.XMLDocumentFragmentScannerImpl.scanAttribute(XMLDocumentFragmentScannerImpl.java:1548)
	at com.sun.org.apache.xerces.internal.impl.XMLDocumentFragmentScannerImpl.scanStartElement(XMLDocumentFragmentScannerImpl.java:1315)
	at com.sun.org.apache.xerces.internal.impl.XMLDocumentFragmentScannerImpl$FragmentContentDriver.next(XMLDocumentFragmentScannerImpl.java:2784)
	at com.sun.org.apache.xerces.internal.impl.XMLDocumentScannerImpl.next(XMLDocumentScannerImpl.java:602)
	at com.sun.org.apache.xerces.internal.impl.XMLDocumentFragmentScannerImpl.scanDocument(XMLDocumentFragmentScannerImpl.java:505)
	at com.sun.org.apache.xerces.internal.parsers.XML11Configuration.parse(XML11Configuration.java:841)
	at com.sun.org.apache.xerces.internal.parsers.XML11Configuration.parse(XML11Configuration.java:770)
	at com.sun.org.apache.xerces.internal.parsers.XMLParser.parse(XMLParser.java:141)
	at com.sun.org.apache.xerces.internal.parsers.DOMParser.parse(DOMParser.java:243)
	at com.sun.org.apache.xerces.internal.jaxp.DocumentBuilderImpl.parse(DocumentBuilderImpl.java:339)
	at org.eclipse.debug.internal.core.LaunchManager.createInfoFromXML(LaunchManager.java:935)
	at org.eclipse.debug.internal.core.LaunchManager.getInfo(LaunchManager.java:1359)
	at org.eclipse.debug.internal.core.LaunchConfiguration.getInfo(LaunchConfiguration.java:490)
	at org.eclipse.debug.internal.core.LaunchConfiguration.getType(LaunchConfiguration.java:645)
	at org.eclipse.debug.internal.core.LaunchManager.isValid(LaunchManager.java:2091)
	at org.eclipse.debug.internal.core.LaunchManager.verifyConfigurations(LaunchManager.java:2462)
	at org.eclipse.debug.internal.core.LaunchManager.getAllLaunchConfigurations(LaunchManager.java:1140)
	at org.eclipse.debug.internal.core.LaunchManager.getLaunchConfigurations(LaunchManager.java:1444)
	at org.eclipse.debug.internal.core.LaunchManager.getLaunchConfigurations(LaunchManager.java:1439)
	at org.eclipse.launchbar.core.internal.LaunchBarManager.init(LaunchBarManager.java:130)
	at org.eclipse.launchbar.core.internal.LaunchBarManager$1.run(LaunchBarManager.java:96)
	at org.eclipse.core.internal.jobs.Worker.run(Worker.java:63)

!ENTRY org.eclipse.debug.core 4 125 2026-07-28 11:20:41.436
!MESSAGE 调试核心所记录的错误：
!STACK 1
org.eclipse.debug.core.DebugException: 读取启动配置文件 F:\code\vibe_project\rollerball\M55\libraries\components\mtb-device-support-pse8xxgp\make\make\scripts\interface_version_4\eclipse\CM33\flash\virgin\JLink\any\&&_PRJ_NAME&& Attach (JLink).launch 时发生了 org.xml.sax.SAXParseException; lineNumber: 3; columnNumber: 66; 在实体引用中, 实体名称必须紧跟在 '&' 后面。。
	at org.eclipse.debug.internal.core.LaunchManager.createDebugException(LaunchManager.java:886)
	at org.eclipse.debug.internal.core.LaunchManager.throwException(LaunchManager.java:2448)
	at org.eclipse.debug.internal.core.LaunchManager.getInfo(LaunchManager.java:1366)
	at org.eclipse.debug.internal.core.LaunchConfiguration.getInfo(LaunchConfiguration.java:490)
	at org.eclipse.debug.internal.core.LaunchConfiguration.getType(LaunchConfiguration.java:645)
	at org.eclipse.debug.internal.core.LaunchManager.isValid(LaunchManager.java:2091)
	at org.eclipse.debug.internal.core.LaunchManager.verifyConfigurations(LaunchManager.java:2462)
	at org.eclipse.debug.internal.core.LaunchManager.getAllLaunchConfigurations(LaunchManager.java:1140)
	at org.eclipse.debug.internal.core.LaunchManager.getLaunchConfigurations(LaunchManager.java:1444)
	at org.eclipse.debug.internal.core.LaunchManager.getLaunchConfigurations(LaunchManager.java:1439)
	at org.eclipse.launchbar.core.internal.LaunchBarManager.init(LaunchBarManager.java:130)
	at org.eclipse.launchbar.core.internal.LaunchBarManager$1.run(LaunchBarManager.java:96)
	at org.eclipse.core.internal.jobs.Worker.run(Worker.java:63)
Caused by: org.xml.sax.SAXParseException; lineNumber: 3; columnNumber: 66; 在实体引用中, 实体名称必须紧跟在 '&' 后面。
	at com.sun.org.apache.xerces.internal.util.ErrorHandlerWrapper.createSAXParseException(ErrorHandlerWrapper.java:203)
	at com.sun.org.apache.xerces.internal.util.ErrorHandlerWrapper.fatalError(ErrorHandlerWrapper.java:177)
	at com.sun.org.apache.xerces.internal.impl.XMLErrorReporter.reportError(XMLErrorReporter.java:400)
	at com.sun.org.apache.xerces.internal.impl.XMLErrorReporter.reportError(XMLErrorReporter.java:327)
	at com.sun.org.apache.xerces.internal.impl.XMLScanner.reportFatalError(XMLScanner.java:1472)
	at com.sun.org.apache.xerces.internal.impl.XMLScanner.scanAttributeValue(XMLScanner.java:908)
	at com.sun.org.apache.xerces.internal.impl.XMLDocumentFragmentScannerImpl.scanAttribute(XMLDocumentFragmentScannerImpl.java:1548)
	at com.sun.org.apache.xerces.internal.impl.XMLDocumentFragmentScannerImpl.scanStartElement(XMLDocumentFragmentScannerImpl.java:1315)
	at com.sun.org.apache.xerces.internal.impl.XMLDocumentFragmentScannerImpl$FragmentContentDriver.next(XMLDocumentFragmentScannerImpl.java:2784)
	at com.sun.org.apache.xerces.internal.impl.XMLDocumentScannerImpl.next(XMLDocumentScannerImpl.java:602)
	at com.sun.org.apache.xerces.internal.impl.XMLDocumentFragmentScannerImpl.scanDocument(XMLDocumentFragmentScannerImpl.java:505)
	at com.sun.org.apache.xerces.internal.parsers.XML11Configuration.parse(XML11Configuration.java:841)
	at com.sun.org.apache.xerces.internal.parsers.XML11Configuration.parse(XML11Configuration.java:770)
	at com.sun.org.apache.xerces.internal.parsers.XMLParser.parse(XMLParser.java:141)
	at com.sun.org.apache.xerces.internal.parsers.DOMParser.parse(DOMParser.java:243)
	at com.sun.org.apache.xerces.internal.jaxp.DocumentBuilderImpl.parse(DocumentBuilderImpl.java:339)
	at org.eclipse.debug.internal.core.LaunchManager.createInfoFromXML(LaunchManager.java:935)
	at org.eclipse.debug.internal.core.LaunchManager.getInfo(LaunchManager.java:1359)
	... 10 more
!SUBENTRY 1 org.eclipse.debug.core 4 5012 2026-07-28 11:20:41.436
!MESSAGE 读取启动配置文件 F:\code\vibe_project\rollerball\M55\libraries\components\mtb-device-support-pse8xxgp\make\make\scripts\interface_version_4\eclipse\CM33\flash\virgin\JLink\any\&&_PRJ_NAME&& Attach (JLink).launch 时发生了 org.xml.sax.SAXParseException; lineNumber: 3; columnNumber: 66; 在实体引用中, 实体名称必须紧跟在 '&' 后面。。
!STACK 0
org.xml.sax.SAXParseException; lineNumber: 3; columnNumber: 66; 在实体引用中, 实体名称必须紧跟在 '&' 后面。
	at com.sun.org.apache.xerces.internal.util.ErrorHandlerWrapper.createSAXParseException(ErrorHandlerWrapper.java:203)
	at com.sun.org.apache.xerces.internal.util.ErrorHandlerWrapper.fatalError(ErrorHandlerWrapper.java:177)
	at com.sun.org.apache.xerces.internal.impl.XMLErrorReporter.reportError(XMLErrorReporter.java:400)
	at com.sun.org.apache.xerces.internal.impl.XMLErrorReporter.reportError(XMLErrorReporter.java:327)
	at com.sun.org.apache.xerces.internal.impl.XMLScanner.reportFatalError(XMLScanner.java:1472)
	at com.sun.org.apache.xerces.internal.impl.XMLScanner.scanAttributeValue(XMLScanner.java:908)
	at com.sun.org.apache.xerces.internal.impl.XMLDocumentFragmentScannerImpl.scanAttribute(XMLDocumentFragmentScannerImpl.java:1548)
	at com.sun.org.apache.xerces.internal.impl.XMLDocumentFragmentScannerImpl.scanStartElement(XMLDocumentFragmentScannerImpl.java:1315)
	at com.sun.org.apache.xerces.internal.impl.XMLDocumentFragmentScannerImpl$FragmentContentDriver.next(XMLDocumentFragmentScannerImpl.java:2784)
	at com.sun.org.apache.xerces.internal.impl.XMLDocumentScannerImpl.next(XMLDocumentScannerImpl.java:602)
	at com.sun.org.apache.xerces.internal.impl.XMLDocumentFragmentScannerImpl.scanDocument(XMLDocumentFragmentScannerImpl.java:505)
	at com.sun.org.apache.xerces.internal.parsers.XML11Configuration.parse(XML11Configuration.java:841)
	at com.sun.org.apache.xerces.internal.parsers.XML11Configuration.parse(XML11Configuration.java:770)
	at com.sun.org.apache.xerces.internal.parsers.XMLParser.parse(XMLParser.java:141)
	at com.sun.org.apache.xerces.internal.parsers.DOMParser.parse(DOMParser.java:243)
	at com.sun.org.apache.xerces.internal.jaxp.DocumentBuilderImpl.parse(DocumentBuilderImpl.java:339)
	at org.eclipse.debug.internal.core.LaunchManager.createInfoFromXML(LaunchManager.java:935)
	at org.eclipse.debug.internal.core.LaunchManager.getInfo(LaunchManager.java:1359)
	at org.eclipse.debug.internal.core.LaunchConfiguration.getInfo(LaunchConfiguration.java:490)
	at org.eclipse.debug.internal.core.LaunchConfiguration.getType(LaunchConfiguration.java:645)
	at org.eclipse.debug.internal.core.LaunchManager.isValid(LaunchManager.java:2091)
	at org.eclipse.debug.internal.core.LaunchManager.verifyConfigurations(LaunchManager.java:2462)
	at org.eclipse.debug.internal.core.LaunchManager.getAllLaunchConfigurations(LaunchManager.java:1140)
	at org.eclipse.debug.internal.core.LaunchManager.getLaunchConfigurations(LaunchManager.java:1444)
	at org.eclipse.debug.internal.core.LaunchManager.getLaunchConfigurations(LaunchManager.java:1439)
	at org.eclipse.launchbar.core.internal.LaunchBarManager.init(LaunchBarManager.java:130)
	at org.eclipse.launchbar.core.internal.LaunchBarManager$1.run(LaunchBarManager.java:96)
	at org.eclipse.core.internal.jobs.Worker.run(Worker.java:63)

!ENTRY org.eclipse.debug.core 4 125 2026-07-28 11:20:41.440
!MESSAGE 调试核心所记录的错误：
!STACK 1
org.eclipse.debug.core.DebugException: 读取启动配置文件 F:\code\vibe_project\rollerball\M55\libraries\components\mtb-device-support-pse8xxgp\make\make\scripts\interface_version_4\eclipse\CM33\flash\virgin\JLink\any\&&_PRJ_NAME&& Debug (JLink).launch 时发生了 org.xml.sax.SAXParseException; lineNumber: 3; columnNumber: 66; 在实体引用中, 实体名称必须紧跟在 '&' 后面。。
	at org.eclipse.debug.internal.core.LaunchManager.createDebugException(LaunchManager.java:886)
	at org.eclipse.debug.internal.core.LaunchManager.throwException(LaunchManager.java:2448)
	at org.eclipse.debug.internal.core.LaunchManager.getInfo(LaunchManager.java:1366)
	at org.eclipse.debug.internal.core.LaunchConfiguration.getInfo(LaunchConfiguration.java:490)
	at org.eclipse.debug.internal.core.LaunchConfiguration.getType(LaunchConfiguration.java:645)
	at org.eclipse.debug.internal.core.LaunchManager.isValid(LaunchManager.java:2091)
	at org.eclipse.debug.internal.core.LaunchManager.verifyConfigurations(LaunchManager.java:2462)
	at org.eclipse.debug.internal.core.LaunchManager.getAllLaunchConfigurations(LaunchManager.java:1140)
	at org.eclipse.debug.internal.core.LaunchManager.getLaunchConfigurations(LaunchManager.java:1444)
	at org.eclipse.debug.internal.core.LaunchManager.getLaunchConfigurations(LaunchManager.java:1439)
	at org.eclipse.launchbar.core.internal.LaunchBarManager.init(LaunchBarManager.java:130)
	at org.eclipse.launchbar.core.internal.LaunchBarManager$1.run(LaunchBarManager.java:96)
	at org.eclipse.core.internal.jobs.Worker.run(Worker.java:63)
Caused by: org.xml.sax.SAXParseException; lineNumber: 3; columnNumber: 66; 在实体引用中, 实体名称必须紧跟在 '&' 后面。
	at com.sun.org.apache.xerces.internal.util.ErrorHandlerWrapper.createSAXParseException(ErrorHandlerWrapper.java:203)
	at com.sun.org.apache.xerces.internal.util.ErrorHandlerWrapper.fatalError(ErrorHandlerWrapper.java:177)
	at com.sun.org.apache.xerces.internal.impl.XMLErrorReporter.reportError(XMLErrorReporter.java:400)
	at com.sun.org.apache.xerces.internal.impl.XMLErrorReporter.reportError(XMLErrorReporter.java:327)
	at com.sun.org.apache.xerces.internal.impl.XMLScanner.reportFatalError(XMLScanner.java:1472)
	at com.sun.org.apache.xerces.internal.impl.XMLScanner.scanAttributeValue(XMLScanner.java:908)
	at com.sun.org.apache.xerces.internal.impl.XMLDocumentFragmentScannerImpl.scanAttribute(XMLDocumentFragmentScannerImpl.java:1548)
	at com.sun.org.apache.xerces.internal.impl.XMLDocumentFragmentScannerImpl.scanStartElement(XMLDocumentFragmentScannerImpl.java:1315)
	at com.sun.org.apache.xerces.internal.impl.XMLDocumentFragmentScannerImpl$FragmentContentDriver.next(XMLDocumentFragmentScannerImpl.java:2784)
	at com.sun.org.apache.xerces.internal.impl.XMLDocumentScannerImpl.next(XMLDocumentScannerImpl.java:602)
	at com.sun.org.apache.xerces.internal.impl.XMLDocumentFragmentScannerImpl.scanDocument(XMLDocumentFragmentScannerImpl.java:505)
	at com.sun.org.apache.xerces.internal.parsers.XML11Configuration.parse(XML11Configuration.java:841)
	at com.sun.org.apache.xerces.internal.parsers.XML11Configuration.parse(XML11Configuration.java:770)
	at com.sun.org.apache.xerces.internal.parsers.XMLParser.parse(XMLParser.java:141)
	at com.sun.org.apache.xerces.internal.parsers.DOMParser.parse(DOMParser.java:243)
	at com.sun.org.apache.xerces.internal.jaxp.DocumentBuilderImpl.parse(DocumentBuilderImpl.java:339)
	at org.eclipse.debug.internal.core.LaunchManager.createInfoFromXML(LaunchManager.java:935)
	at org.eclipse.debug.internal.core.LaunchManager.getInfo(LaunchManager.java:1359)
	... 10 more
!SUBENTRY 1 org.eclipse.debug.core 4 5012 2026-07-28 11:20:41.440
!MESSAGE 读取启动配置文件 F:\code\vibe_project\rollerball\M55\libraries\components\mtb-device-support-pse8xxgp\make\make\scripts\interface_version_4\eclipse\CM33\flash\virgin\JLink\any\&&_PRJ_NAME&& Debug (JLink).launch 时发生了 org.xml.sax.SAXParseException; lineNumber: 3; columnNumber: 66; 在实体引用中, 实体名称必须紧跟在 '&' 后面。。
!STACK 0
org.xml.sax.SAXParseException; lineNumber: 3; columnNumber: 66; 在实体引用中, 实体名称必须紧跟在 '&' 后面。
	at com.sun.org.apache.xerces.internal.util.ErrorHandlerWrapper.createSAXParseException(ErrorHandlerWrapper.java:203)
	at com.sun.org.apache.xerces.internal.util.ErrorHandlerWrapper.fatalError(ErrorHandlerWrapper.java:177)
	at com.sun.org.apache.xerces.internal.impl.XMLErrorReporter.reportError(XMLErrorReporter.java:400)
	at com.sun.org.apache.xerces.internal.impl.XMLErrorReporter.reportError(XMLErrorReporter.java:327)
	at com.sun.org.apache.xerces.internal.impl.XMLScanner.reportFatalError(XMLScanner.java:1472)
	at com.sun.org.apache.xerces.internal.impl.XMLScanner.scanAttributeValue(XMLScanner.java:908)
	at com.sun.org.apache.xerces.internal.impl.XMLDocumentFragmentScannerImpl.scanAttribute(XMLDocumentFragmentScannerImpl.java:1548)
	at com.sun.org.apache.xerces.internal.impl.XMLDocumentFragmentScannerImpl.scanStartElement(XMLDocumentFragmentScannerImpl.java:1315)
	at com.sun.org.apache.xerces.internal.impl.XMLDocumentFragmentScannerImpl$FragmentContentDriver.next(XMLDocumentFragmentScannerImpl.java:2784)
	at com.sun.org.apache.xerces.internal.impl.XMLDocumentScannerImpl.next(XMLDocumentScannerImpl.java:602)
	at com.sun.org.apache.xerces.internal.impl.XMLDocumentFragmentScannerImpl.scanDocument(XMLDocumentFragmentScannerImpl.java:505)
	at com.sun.org.apache.xerces.internal.parsers.XML11Configuration.parse(XML11Configuration.java:841)
	at com.sun.org.apache.xerces.internal.parsers.XML11Configuration.parse(XML11Configuration.java:770)
	at com.sun.org.apache.xerces.internal.parsers.XMLParser.parse(XMLParser.java:141)
	at com.sun.org.apache.xerces.internal.parsers.DOMParser.parse(DOMParser.java:243)
	at com.sun.org.apache.xerces.internal.jaxp.DocumentBuilderImpl.parse(DocumentBuilderImpl.java:339)
	at org.eclipse.debug.internal.core.LaunchManager.createInfoFromXML(LaunchManager.java:935)
	at org.eclipse.debug.internal.core.LaunchManager.getInfo(LaunchManager.java:1359)
	at org.eclipse.debug.internal.core.LaunchConfiguration.getInfo(LaunchConfiguration.java:490)
	at org.eclipse.debug.internal.core.LaunchConfiguration.getType(LaunchConfiguration.java:645)
	at org.eclipse.debug.internal.core.LaunchManager.isValid(LaunchManager.java:2091)
	at org.eclipse.debug.internal.core.LaunchManager.verifyConfigurations(LaunchManager.java:2462)
	at org.eclipse.debug.internal.core.LaunchManager.getAllLaunchConfigurations(LaunchManager.java:1140)
	at org.eclipse.debug.internal.core.LaunchManager.getLaunchConfigurations(LaunchManager.java:1444)
	at org.eclipse.debug.internal.core.LaunchManager.getLaunchConfigurations(LaunchManager.java:1439)
	at org.eclipse.launchbar.core.internal.LaunchBarManager.init(LaunchBarManager.java:130)
	at org.eclipse.launchbar.core.internal.LaunchBarManager$1.run(LaunchBarManager.java:96)
	at org.eclipse.core.internal.jobs.Worker.run(Worker.java:63)

!ENTRY org.eclipse.debug.core 4 125 2026-07-28 11:20:41.440
!MESSAGE 调试核心所记录的错误：
!STACK 1
org.eclipse.debug.core.DebugException: 读取启动配置文件 F:\code\vibe_project\rollerball\M55\libraries\components\mtb-device-support-pse8xxgp\make\make\scripts\interface_version_4\eclipse\CM33\flash\virgin\JLink\any\&&_PRJ_NAME&& Erase All (JLink).launch 时发生了 org.xml.sax.SAXParseException; lineNumber: 3; columnNumber: 66; 在实体引用中, 实体名称必须紧跟在 '&' 后面。。
	at org.eclipse.debug.internal.core.LaunchManager.createDebugException(LaunchManager.java:886)
	at org.eclipse.debug.internal.core.LaunchManager.throwException(LaunchManager.java:2448)
	at org.eclipse.debug.internal.core.LaunchManager.getInfo(LaunchManager.java:1366)
	at org.eclipse.debug.internal.core.LaunchConfiguration.getInfo(LaunchConfiguration.java:490)
	at org.eclipse.debug.internal.core.LaunchConfiguration.getType(LaunchConfiguration.java:645)
	at org.eclipse.debug.internal.core.LaunchManager.isValid(LaunchManager.java:2091)
	at org.eclipse.debug.internal.core.LaunchManager.verifyConfigurations(LaunchManager.java:2462)
	at org.eclipse.debug.internal.core.LaunchManager.getAllLaunchConfigurations(LaunchManager.java:1140)
	at org.eclipse.debug.internal.core.LaunchManager.getLaunchConfigurations(LaunchManager.java:1444)
	at org.eclipse.debug.internal.core.LaunchManager.getLaunchConfigurations(LaunchManager.java:1439)
	at org.eclipse.launchbar.core.internal.LaunchBarManager.init(LaunchBarManager.java:130)
	at org.eclipse.launchbar.core.internal.LaunchBarManager$1.run(LaunchBarManager.java:96)
	at org.eclipse.core.internal.jobs.Worker.run(Worker.java:63)
Caused by: org.xml.sax.SAXParseException; lineNumber: 3; columnNumber: 66; 在实体引用中, 实体名称必须紧跟在 '&' 后面。
	at com.sun.org.apache.xerces.internal.util.ErrorHandlerWrapper.createSAXParseException(ErrorHandlerWrapper.java:203)
	at com.sun.org.apache.xerces.internal.util.ErrorHandlerWrapper.fatalError(ErrorHandlerWrapper.java:177)
	at com.sun.org.apache.xerces.internal.impl.XMLErrorReporter.reportError(XMLErrorReporter.java:400)
	at com.sun.org.apache.xerces.internal.impl.XMLErrorReporter.reportError(XMLErrorReporter.java:327)
	at com.sun.org.apache.xerces.internal.impl.XMLScanner.reportFatalError(XMLScanner.java:1472)
	at com.sun.org.apache.xerces.internal.impl.XMLScanner.scanAttributeValue(XMLScanner.java:908)
	at com.sun.org.apache.xerces.internal.impl.XMLDocumentFragmentScannerImpl.scanAttribute(XMLDocumentFragmentScannerImpl.java:1548)
	at com.sun.org.apache.xerces.internal.impl.XMLDocumentFragmentScannerImpl.scanStartElement(XMLDocumentFragmentScannerImpl.java:1315)
	at com.sun.org.apache.xerces.internal.impl.XMLDocumentFragmentScannerImpl$FragmentContentDriver.next(XMLDocumentFragmentScannerImpl.java:2784)
	at com.sun.org.apache.xerces.internal.impl.XMLDocumentScannerImpl.next(XMLDocumentScannerImpl.java:602)
	at com.sun.org.apache.xerces.internal.impl.XMLDocumentFragmentScannerImpl.scanDocument(XMLDocumentFragmentScannerImpl.java:505)
	at com.sun.org.apache.xerces.internal.parsers.XML11Configuration.parse(XML11Configuration.java:841)
	at com.sun.org.apache.xerces.internal.parsers.XML11Configuration.parse(XML11Configuration.java:770)
	at com.sun.org.apache.xerces.internal.parsers.XMLParser.parse(XMLParser.java:141)
	at com.sun.org.apache.xerces.internal.parsers.DOMParser.parse(DOMParser.java:243)
	at com.sun.org.apache.xerces.internal.jaxp.DocumentBuilderImpl.parse(DocumentBuilderImpl.java:339)
	at org.eclipse.debug.internal.core.LaunchManager.createInfoFromXML(LaunchManager.java:935)
	at org.eclipse.debug.internal.core.LaunchManager.getInfo(LaunchManager.java:1359)
	... 10 more
!SUBENTRY 1 org.eclipse.debug.core 4 5012 2026-07-28 11:20:41.440
!MESSAGE 读取启动配置文件 F:\code\vibe_project\rollerball\M55\libraries\components\mtb-device-support-pse8xxgp\make\make\scripts\interface_version_4\eclipse\CM33\flash\virgin\JLink\any\&&_PRJ_NAME&& Erase All (JLink).launch 时发生了 org.xml.sax.SAXParseException; lineNumber: 3; columnNumber: 66; 在实体引用中, 实体名称必须紧跟在 '&' 后面。。
!STACK 0
org.xml.sax.SAXParseException; lineNumber: 3; columnNumber: 66; 在实体引用中, 实体名称必须紧跟在 '&' 后面。
	at com.sun.org.apache.xerces.internal.util.ErrorHandlerWrapper.createSAXParseException(ErrorHandlerWrapper.java:203)
	at com.sun.org.apache.xerces.internal.util.ErrorHandlerWrapper.fatalError(ErrorHandlerWrapper.java:177)
	at com.sun.org.apache.xerces.internal.impl.XMLErrorReporter.reportError(XMLErrorReporter.java:400)
	at com.sun.org.apache.xerces.internal.impl.XMLErrorReporter.reportError(XMLErrorReporter.java:327)
	at com.sun.org.apache.xerces.internal.impl.XMLScanner.reportFatalError(XMLScanner.java:1472)
	at com.sun.org.apache.xerces.internal.impl.XMLScanner.scanAttributeValue(XMLScanner.java:908)
	at com.sun.org.apache.xerces.internal.impl.XMLDocumentFragmentScannerImpl.scanAttribute(XMLDocumentFragmentScannerImpl.java:1548)
	at com.sun.org.apache.xerces.internal.impl.XMLDocumentFragmentScannerImpl.scanStartElement(XMLDocumentFragmentScannerImpl.java:1315)
	at com.sun.org.apache.xerces.internal.impl.XMLDocumentFragmentScannerImpl$FragmentContentDriver.next(XMLDocumentFragmentScannerImpl.java:2784)
	at com.sun.org.apache.xerces.internal.impl.XMLDocumentScannerImpl.next(XMLDocumentScannerImpl.java:602)
	at com.sun.org.apache.xerces.internal.impl.XMLDocumentFragmentScannerImpl.scanDocument(XMLDocumentFragmentScannerImpl.java:505)
	at com.sun.org.apache.xerces.internal.parsers.XML11Configuration.parse(XML11Configuration.java:841)
	at com.sun.org.apache.xerces.internal.parsers.XML11Configuration.parse(XML11Configuration.java:770)
	at com.sun.org.apache.xerces.internal.parsers.XMLParser.parse(XMLParser.java:141)
	at com.sun.org.apache.xerces.internal.parsers.DOMParser.parse(DOMParser.java:243)
	at com.sun.org.apache.xerces.internal.jaxp.DocumentBuilderImpl.parse(DocumentBuilderImpl.java:339)
	at org.eclipse.debug.internal.core.LaunchManager.createInfoFromXML(LaunchManager.java:935)
	at org.eclipse.debug.internal.core.LaunchManager.getInfo(LaunchManager.java:1359)
	at org.eclipse.debug.internal.core.LaunchConfiguration.getInfo(LaunchConfiguration.java:490)
	at org.eclipse.debug.internal.core.LaunchConfiguration.getType(LaunchConfiguration.java:645)
	at org.eclipse.debug.internal.core.LaunchManager.isValid(LaunchManager.java:2091)
	at org.eclipse.debug.internal.core.LaunchManager.verifyConfigurations(LaunchManager.java:2462)
	at org.eclipse.debug.internal.core.LaunchManager.getAllLaunchConfigurations(LaunchManager.java:1140)
	at org.eclipse.debug.internal.core.LaunchManager.getLaunchConfigurations(LaunchManager.java:1444)
	at org.eclipse.debug.internal.core.LaunchManager.getLaunchConfigurations(LaunchManager.java:1439)
	at org.eclipse.launchbar.core.internal.LaunchBarManager.init(LaunchBarManager.java:130)
	at org.eclipse.launchbar.core.internal.LaunchBarManager$1.run(LaunchBarManager.java:96)
	at org.eclipse.core.internal.jobs.Worker.run(Worker.java:63)

!ENTRY org.eclipse.debug.core 4 125 2026-07-28 11:20:41.440
!MESSAGE 调试核心所记录的错误：
!STACK 1
org.eclipse.debug.core.DebugException: 读取启动配置文件 F:\code\vibe_project\rollerball\M55\libraries\components\mtb-device-support-pse8xxgp\make\make\scripts\interface_version_4\eclipse\CM33\flash\virgin\JLink\any\&&_PRJ_NAME&& Erase Device (JLink).launch 时发生了 org.xml.sax.SAXParseException; lineNumber: 3; columnNumber: 66; 在实体引用中, 实体名称必须紧跟在 '&' 后面。。
	at org.eclipse.debug.internal.core.LaunchManager.createDebugException(LaunchManager.java:886)
	at org.eclipse.debug.internal.core.LaunchManager.throwException(LaunchManager.java:2448)
	at org.eclipse.debug.internal.core.LaunchManager.getInfo(LaunchManager.java:1366)
	at org.eclipse.debug.internal.core.LaunchConfiguration.getInfo(LaunchConfiguration.java:490)
	at org.eclipse.debug.internal.core.LaunchConfiguration.getType(LaunchConfiguration.java:645)
	at org.eclipse.debug.internal.core.LaunchManager.isValid(LaunchManager.java:2091)
	at org.eclipse.debug.internal.core.LaunchManager.verifyConfigurations(LaunchManager.java:2462)
	at org.eclipse.debug.internal.core.LaunchManager.getAllLaunchConfigurations(LaunchManager.java:1140)
	at org.eclipse.debug.internal.core.LaunchManager.getLaunchConfigurations(LaunchManager.java:1444)
	at org.eclipse.debug.internal.core.LaunchManager.getLaunchConfigurations(LaunchManager.java:1439)
	at org.eclipse.launchbar.core.internal.LaunchBarManager.init(LaunchBarManager.java:130)
	at org.eclipse.launchbar.core.internal.LaunchBarManager$1.run(LaunchBarManager.java:96)
	at org.eclipse.core.internal.jobs.Worker.run(Worker.java:63)
Caused by: org.xml.sax.SAXParseException; lineNumber: 3; columnNumber: 66; 在实体引用中, 实体名称必须紧跟在 '&' 后面。
	at com.sun.org.apache.xerces.internal.util.ErrorHandlerWrapper.createSAXParseException(ErrorHandlerWrapper.java:203)
	at com.sun.org.apache.xerces.internal.util.ErrorHandlerWrapper.fatalError(ErrorHandlerWrapper.java:177)
	at com.sun.org.apache.xerces.internal.impl.XMLErrorReporter.reportError(XMLErrorReporter.java:400)
	at com.sun.org.apache.xerces.internal.impl.XMLErrorReporter.reportError(XMLErrorReporter.java:327)
	at com.sun.org.apache.xerces.internal.impl.XMLScanner.reportFatalError(XMLScanner.java:1472)
	at com.sun.org.apache.xerces.internal.impl.XMLScanner.scanAttributeValue(XMLScanner.java:908)
	at com.sun.org.apache.xerces.internal.impl.XMLDocumentFragmentScannerImpl.scanAttribute(XMLDocumentFragmentScannerImpl.java:1548)
	at com.sun.org.apache.xerces.internal.impl.XMLDocumentFragmentScannerImpl.scanStartElement(XMLDocumentFragmentScannerImpl.java:1315)
	at com.sun.org.apache.xerces.internal.impl.XMLDocumentFragmentScannerImpl$FragmentContentDriver.next(XMLDocumentFragmentScannerImpl.java:2784)
	at com.sun.org.apache.xerces.internal.impl.XMLDocumentScannerImpl.next(XMLDocumentScannerImpl.java:602)
	at com.sun.org.apache.xerces.internal.impl.XMLDocumentFragmentScannerImpl.scanDocument(XMLDocumentFragmentScannerImpl.java:505)
	at com.sun.org.apache.xerces.internal.parsers.XML11Configuration.parse(XML11Configuration.java:841)
	at com.sun.org.apache.xerces.internal.parsers.XML11Configuration.parse(XML11Configuration.java:770)
	at com.sun.org.apache.xerces.internal.parsers.XMLParser.parse(XMLParser.java:141)
	at com.sun.org.apache.xerces.internal.parsers.DOMParser.parse(DOMParser.java:243)
	at com.sun.org.apache.xerces.internal.jaxp.DocumentBuilderImpl.parse(DocumentBuilderImpl.java:339)
	at org.eclipse.debug.internal.core.LaunchManager.createInfoFromXML(LaunchManager.java:935)
	at org.eclipse.debug.internal.core.LaunchManager.getInfo(LaunchManager.java:1359)
	... 10 more
!SUBENTRY 1 org.eclipse.debug.core 4 5012 2026-07-28 11:20:41.444
!MESSAGE 读取启动配置文件 F:\code\vibe_project\rollerball\M55\libraries\components\mtb-device-support-pse8xxgp\make\make\scripts\interface_version_4\eclipse\CM33\flash\virgin\JLink\any\&&_PRJ_NAME&& Erase Device (JLink).launch 时发生了 org.xml.sax.SAXParseException; lineNumber: 3; columnNumber: 66; 在实体引用中, 实体名称必须紧跟在 '&' 后面。。
!STACK 0
org.xml.sax.SAXParseException; lineNumber: 3; columnNumber: 66; 在实体引用中, 实体名称必须紧跟在 '&' 后面。
	at com.sun.org.apache.xerces.internal.util.ErrorHandlerWrapper.createSAXParseException(ErrorHandlerWrapper.java:203)
	at com.sun.org.apache.xerces.internal.util.ErrorHandlerWrapper.fatalError(ErrorHandlerWrapper.java:177)
	at com.sun.org.apache.xerces.internal.impl.XMLErrorReporter.reportError(XMLErrorReporter.java:400)
	at com.sun.org.apache.xerces.internal.impl.XMLErrorReporter.reportError(XMLErrorReporter.java:327)
	at com.sun.org.apache.xerces.internal.impl.XMLScanner.reportFatalError(XMLScanner.java:1472)
	at com.sun.org.apache.xerces.internal.impl.XMLScanner.scanAttributeValue(XMLScanner.java:908)
	at com.sun.org.apache.xerces.internal.impl.XMLDocumentFragmentScannerImpl.scanAttribute(XMLDocumentFragmentScannerImpl.java:1548)
	at com.sun.org.apache.xerces.internal.impl.XMLDocumentFragmentScannerImpl.scanStartElement(XMLDocumentFragmentScannerImpl.java:1315)
	at com.sun.org.apache.xerces.internal.impl.XMLDocumentFragmentScannerImpl$FragmentContentDriver.next(XMLDocumentFragmentScannerImpl.java:2784)
	at com.sun.org.apache.xerces.internal.impl.XMLDocumentScannerImpl.next(XMLDocumentScannerImpl.java:602)
	at com.sun.org.apache.xerces.internal.impl.XMLDocumentFragmentScannerImpl.scanDocument(XMLDocumentFragmentScannerImpl.java:505)
	at com.sun.org.apache.xerces.internal.parsers.XML11Configuration.parse(XML11Configuration.java:841)
	at com.sun.org.apache.xerces.internal.parsers.XML11Configuration.parse(XML11Configuration.java:770)
	at com.sun.org.apache.xerces.internal.parsers.XMLParser.parse(XMLParser.java:141)
	at com.sun.org.apache.xerces.internal.parsers.DOMParser.parse(DOMParser.java:243)
	at com.sun.org.apache.xerces.internal.jaxp.DocumentBuilderImpl.parse(DocumentBuilderImpl.java:339)
	at org.eclipse.debug.internal.core.LaunchManager.createInfoFromXML(LaunchManager.java:935)
	at org.eclipse.debug.internal.core.LaunchManager.getInfo(LaunchManager.java:1359)
	at org.eclipse.debug.internal.core.LaunchConfiguration.getInfo(LaunchConfiguration.java:490)
	at org.eclipse.debug.internal.core.LaunchConfiguration.getType(LaunchConfiguration.java:645)
	at org.eclipse.debug.internal.core.LaunchManager.isValid(LaunchManager.java:2091)
	at org.eclipse.debug.internal.core.LaunchManager.verifyConfigurations(LaunchManager.java:2462)
	at org.eclipse.debug.internal.core.LaunchManager.getAllLaunchConfigurations(LaunchManager.java:1140)
	at org.eclipse.debug.internal.core.LaunchManager.getLaunchConfigurations(LaunchManager.java:1444)
	at org.eclipse.debug.internal.core.LaunchManager.getLaunchConfigurations(LaunchManager.java:1439)
	at org.eclipse.launchbar.core.internal.LaunchBarManager.init(LaunchBarManager.java:130)
	at org.eclipse.launchbar.core.internal.LaunchBarManager$1.run(LaunchBarManager.java:96)
	at org.eclipse.core.internal.jobs.Worker.run(Worker.java:63)

!ENTRY org.eclipse.debug.core 4 125 2026-07-28 11:20:41.444
!MESSAGE 调试核心所记录的错误：
!STACK 1
org.eclipse.debug.core.DebugException: 读取启动配置文件 F:\code\vibe_project\rollerball\M55\libraries\components\mtb-device-support-pse8xxgp\make\make\scripts\interface_version_4\eclipse\CM33\flash\virgin\JLink\combine_sign\Debug (JLink).launch 时发生了 org.xml.sax.SAXParseException; lineNumber: 3; columnNumber: 66; 在实体引用中, 实体名称必须紧跟在 '&' 后面。。
	at org.eclipse.debug.internal.core.LaunchManager.createDebugException(LaunchManager.java:886)
	at org.eclipse.debug.internal.core.LaunchManager.throwException(LaunchManager.java:2448)
	at org.eclipse.debug.internal.core.LaunchManager.getInfo(LaunchManager.java:1366)
	at org.eclipse.debug.internal.core.LaunchConfiguration.getInfo(LaunchConfiguration.java:490)
	at org.eclipse.debug.internal.core.LaunchConfiguration.getType(LaunchConfiguration.java:645)
	at org.eclipse.debug.internal.core.LaunchManager.isValid(LaunchManager.java:2091)
	at org.eclipse.debug.internal.core.LaunchManager.verifyConfigurations(LaunchManager.java:2462)
	at org.eclipse.debug.internal.core.LaunchManager.getAllLaunchConfigurations(LaunchManager.java:1140)
	at org.eclipse.debug.internal.core.LaunchManager.getLaunchConfigurations(LaunchManager.java:1444)
	at org.eclipse.debug.internal.core.LaunchManager.getLaunchConfigurations(LaunchManager.java:1439)
	at org.eclipse.launchbar.core.internal.LaunchBarManager.init(LaunchBarManager.java:130)
	at org.eclipse.launchbar.core.internal.LaunchBarManager$1.run(LaunchBarManager.java:96)
	at org.eclipse.core.internal.jobs.Worker.run(Worker.java:63)
Caused by: org.xml.sax.SAXParseException; lineNumber: 3; columnNumber: 66; 在实体引用中, 实体名称必须紧跟在 '&' 后面。
	at com.sun.org.apache.xerces.internal.util.ErrorHandlerWrapper.createSAXParseException(ErrorHandlerWrapper.java:203)
	at com.sun.org.apache.xerces.internal.util.ErrorHandlerWrapper.fatalError(ErrorHandlerWrapper.java:177)
	at com.sun.org.apache.xerces.internal.impl.XMLErrorReporter.reportError(XMLErrorReporter.java:400)
	at com.sun.org.apache.xerces.internal.impl.XMLErrorReporter.reportError(XMLErrorReporter.java:327)
	at com.sun.org.apache.xerces.internal.impl.XMLScanner.reportFatalError(XMLScanner.java:1472)
	at com.sun.org.apache.xerces.internal.impl.XMLScanner.scanAttributeValue(XMLScanner.java:908)
	at com.sun.org.apache.xerces.internal.impl.XMLDocumentFragmentScannerImpl.scanAttribute(XMLDocumentFragmentScannerImpl.java:1548)
	at com.sun.org.apache.xerces.internal.impl.XMLDocumentFragmentScannerImpl.scanStartElement(XMLDocumentFragmentScannerImpl.java:1315)
	at com.sun.org.apache.xerces.internal.impl.XMLDocumentFragmentScannerImpl$FragmentContentDriver.next(XMLDocumentFragmentScannerImpl.java:2784)
	at com.sun.org.apache.xerces.internal.impl.XMLDocumentScannerImpl.next(XMLDocumentScannerImpl.java:602)
	at com.sun.org.apache.xerces.internal.impl.XMLDocumentFragmentScannerImpl.scanDocument(XMLDocumentFragmentScannerImpl.java:505)
	at com.sun.org.apache.xerces.internal.parsers.XML11Configuration.parse(XML11Configuration.java:841)
	at com.sun.org.apache.xerces.internal.parsers.XML11Configuration.parse(XML11Configuration.java:770)
	at com.sun.org.apache.xerces.internal.parsers.XMLParser.parse(XMLParser.java:141)
	at com.sun.org.apache.xerces.internal.parsers.DOMParser.parse(DOMParser.java:243)
	at com.sun.org.apache.xerces.internal.jaxp.DocumentBuilderImpl.parse(DocumentBuilderImpl.java:339)
	at org.eclipse.debug.internal.core.LaunchManager.createInfoFromXML(LaunchManager.java:935)
	at org.eclipse.debug.internal.core.LaunchManager.getInfo(LaunchManager.java:1359)
	... 10 more
!SUBENTRY 1 org.eclipse.debug.core 4 5012 2026-07-28 11:20:41.444
!MESSAGE 读取启动配置文件 F:\code\vibe_project\rollerball\M55\libraries\components\mtb-device-support-pse8xxgp\make\make\scripts\interface_version_4\eclipse\CM33\flash\virgin\JLink\combine_sign\Debug (JLink).launch 时发生了 org.xml.sax.SAXParseException; lineNumber: 3; columnNumber: 66; 在实体引用中, 实体名称必须紧跟在 '&' 后面。。
!STACK 0
org.xml.sax.SAXParseException; lineNumber: 3; columnNumber: 66; 在实体引用中, 实体名称必须紧跟在 '&' 后面。
	at com.sun.org.apache.xerces.internal.util.ErrorHandlerWrapper.createSAXParseException(ErrorHandlerWrapper.java:203)
	at com.sun.org.apache.xerces.internal.util.ErrorHandlerWrapper.fatalError(ErrorHandlerWrapper.java:177)
	at com.sun.org.apache.xerces.internal.impl.XMLErrorReporter.reportError(XMLErrorReporter.java:400)
	at com.sun.org.apache.xerces.internal.impl.XMLErrorReporter.reportError(XMLErrorReporter.java:327)
	at com.sun.org.apache.xerces.internal.impl.XMLScanner.reportFatalError(XMLScanner.java:1472)
	at com.sun.org.apache.xerces.internal.impl.XMLScanner.scanAttributeValue(XMLScanner.java:908)
	at com.sun.org.apache.xerces.internal.impl.XMLDocumentFragmentScannerImpl.scanAttribute(XMLDocumentFragmentScannerImpl.java:1548)
	at com.sun.org.apache.xerces.internal.impl.XMLDocumentFragmentScannerImpl.scanStartElement(XMLDocumentFragmentScannerImpl.java:1315)
	at com.sun.org.apache.xerces.internal.impl.XMLDocumentFragmentScannerImpl$FragmentContentDriver.next(XMLDocumentFragmentScannerImpl.java:2784)
	at com.sun.org.apache.xerces.internal.impl.XMLDocumentScannerImpl.next(XMLDocumentScannerImpl.java:602)
	at com.sun.org.apache.xerces.internal.impl.XMLDocumentFragmentScannerImpl.scanDocument(XMLDocumentFragmentScannerImpl.java:505)
	at com.sun.org.apache.xerces.internal.parsers.XML11Configuration.parse(XML11Configuration.java:841)
	at com.sun.org.apache.xerces.internal.parsers.XML11Configuration.parse(XML11Configuration.java:770)
	at com.sun.org.apache.xerces.internal.parsers.XMLParser.parse(XMLParser.java:141)
	at com.sun.org.apache.xerces.internal.parsers.DOMParser.parse(DOMParser.java:243)
	at com.sun.org.apache.xerces.internal.jaxp.DocumentBuilderImpl.parse(DocumentBuilderImpl.java:339)
	at org.eclipse.debug.internal.core.LaunchManager.createInfoFromXML(LaunchManager.java:935)
	at org.eclipse.debug.internal.core.LaunchManager.getInfo(LaunchManager.java:1359)
	at org.eclipse.debug.internal.core.LaunchConfiguration.getInfo(LaunchConfiguration.java:490)
	at org.eclipse.debug.internal.core.LaunchConfiguration.getType(LaunchConfiguration.java:645)
	at org.eclipse.debug.internal.core.LaunchManager.isValid(LaunchManager.java:2091)
	at org.eclipse.debug.internal.core.LaunchManager.verifyConfigurations(LaunchManager.java:2462)
	at org.eclipse.debug.internal.core.LaunchManager.getAllLaunchConfigurations(LaunchManager.java:1140)
	at org.eclipse.debug.internal.core.LaunchManager.getLaunchConfigurations(LaunchManager.java:1444)
	at org.eclipse.debug.internal.core.LaunchManager.getLaunchConfigurations(LaunchManager.java:1439)
	at org.eclipse.launchbar.core.internal.LaunchBarManager.init(LaunchBarManager.java:130)
	at org.eclipse.launchbar.core.internal.LaunchBarManager$1.run(LaunchBarManager.java:96)
	at org.eclipse.core.internal.jobs.Worker.run(Worker.java:63)

!ENTRY org.eclipse.debug.core 4 125 2026-07-28 11:20:41.444
!MESSAGE 调试核心所记录的错误：
!STACK 1
org.eclipse.debug.core.DebugException: 读取启动配置文件 F:\code\vibe_project\rollerball\M55\libraries\components\mtb-device-support-pse8xxgp\make\make\scripts\interface_version_4\eclipse\CM33\flash\virgin\JLink\multi\&&_PRJ_NAME&& Debug Multicore (JLink).launch 时发生了 org.xml.sax.SAXParseException; lineNumber: 3; columnNumber: 66; 在实体引用中, 实体名称必须紧跟在 '&' 后面。。
	at org.eclipse.debug.internal.core.LaunchManager.createDebugException(LaunchManager.java:886)
	at org.eclipse.debug.internal.core.LaunchManager.throwException(LaunchManager.java:2448)
	at org.eclipse.debug.internal.core.LaunchManager.getInfo(LaunchManager.java:1366)
	at org.eclipse.debug.internal.core.LaunchConfiguration.getInfo(LaunchConfiguration.java:490)
	at org.eclipse.debug.internal.core.LaunchConfiguration.getType(LaunchConfiguration.java:645)
	at org.eclipse.debug.internal.core.LaunchManager.isValid(LaunchManager.java:2091)
	at org.eclipse.debug.internal.core.LaunchManager.verifyConfigurations(LaunchManager.java:2462)
	at org.eclipse.debug.internal.core.LaunchManager.getAllLaunchConfigurations(LaunchManager.java:1140)
	at org.eclipse.debug.internal.core.LaunchManager.getLaunchConfigurations(LaunchManager.java:1444)
	at org.eclipse.debug.internal.core.LaunchManager.getLaunchConfigurations(LaunchManager.java:1439)
	at org.eclipse.launchbar.core.internal.LaunchBarManager.init(LaunchBarManager.java:130)
	at org.eclipse.launchbar.core.internal.LaunchBarManager$1.run(LaunchBarManager.java:96)
	at org.eclipse.core.internal.jobs.Worker.run(Worker.java:63)
Caused by: org.xml.sax.SAXParseException; lineNumber: 3; columnNumber: 66; 在实体引用中, 实体名称必须紧跟在 '&' 后面。
	at com.sun.org.apache.xerces.internal.util.ErrorHandlerWrapper.createSAXParseException(ErrorHandlerWrapper.java:203)
	at com.sun.org.apache.xerces.internal.util.ErrorHandlerWrapper.fatalError(ErrorHandlerWrapper.java:177)
	at com.sun.org.apache.xerces.internal.impl.XMLErrorReporter.reportError(XMLErrorReporter.java:400)
	at com.sun.org.apache.xerces.internal.impl.XMLErrorReporter.reportError(XMLErrorReporter.java:327)
	at com.sun.org.apache.xerces.internal.impl.XMLScanner.reportFatalError(XMLScanner.java:1472)
	at com.sun.org.apache.xerces.internal.impl.XMLScanner.scanAttributeValue(XMLScanner.java:908)
	at com.sun.org.apache.xerces.internal.impl.XMLDocumentFragmentScannerImpl.scanAttribute(XMLDocumentFragmentScannerImpl.java:1548)
	at com.sun.org.apache.xerces.internal.impl.XMLDocumentFragmentScannerImpl.scanStartElement(XMLDocumentFragmentScannerImpl.java:1315)
	at com.sun.org.apache.xerces.internal.impl.XMLDocumentFragmentScannerImpl$FragmentContentDriver.next(XMLDocumentFragmentScannerImpl.java:2784)
	at com.sun.org.apache.xerces.internal.impl.XMLDocumentScannerImpl.next(XMLDocumentScannerImpl.java:602)
	at com.sun.org.apache.xerces.internal.impl.XMLDocumentFragmentScannerImpl.scanDocument(XMLDocumentFragmentScannerImpl.java:505)
	at com.sun.org.apache.xerces.internal.parsers.XML11Configuration.parse(XML11Configuration.java:841)
	at com.sun.org.apache.xerces.internal.parsers.XML11Configuration.parse(XML11Configuration.java:770)
	at com.sun.org.apache.xerces.internal.parsers.XMLParser.parse(XMLParser.java:141)
	at com.sun.org.apache.xerces.internal.parsers.DOMParser.parse(DOMParser.java:243)
	at com.sun.org.apache.xerces.internal.jaxp.DocumentBuilderImpl.parse(DocumentBuilderImpl.java:339)
	at org.eclipse.debug.internal.core.LaunchManager.createInfoFromXML(LaunchManager.java:935)
	at org.eclipse.debug.internal.core.LaunchManager.getInfo(LaunchManager.java:1359)
	... 10 more
!SUBENTRY 1 org.eclipse.debug.core 4 5012 2026-07-28 11:20:41.444
!MESSAGE 读取启动配置文件 F:\code\vibe_project\rollerball\M55\libraries\components\mtb-device-support-pse8xxgp\make\make\scripts\interface_version_4\eclipse\CM33\flash\virgin\JLink\multi\&&_PRJ_NAME&& Debug Multicore (JLink).launch 时发生了 org.xml.sax.SAXParseException; lineNumber: 3; columnNumber: 66; 在实体引用中, 实体名称必须紧跟在 '&' 后面。。
!STACK 0
org.xml.sax.SAXParseException; lineNumber: 3; columnNumber: 66; 在实体引用中, 实体名称必须紧跟在 '&' 后面。
	at com.sun.org.apache.xerces.internal.util.ErrorHandlerWrapper.createSAXParseException(ErrorHandlerWrapper.java:203)
	at com.sun.org.apache.xerces.internal.util.ErrorHandlerWrapper.fatalError(ErrorHandlerWrapper.java:177)
	at com.sun.org.apache.xerces.internal.impl.XMLErrorReporter.reportError(XMLErrorReporter.java:400)
	at com.sun.org.apache.xerces.internal.impl.XMLErrorReporter.reportError(XMLErrorReporter.java:327)
	at com.sun.org.apache.xerces.internal.impl.XMLScanner.reportFatalError(XMLScanner.java:1472)
	at com.sun.org.apache.xerces.internal.impl.XMLScanner.scanAttributeValue(XMLScanner.java:908)
	at com.sun.org.apache.xerces.internal.impl.XMLDocumentFragmentScannerImpl.scanAttribute(XMLDocumentFragmentScannerImpl.java:1548)
	at com.sun.org.apache.xerces.internal.impl.XMLDocumentFragmentScannerImpl.scanStartElement(XMLDocumentFragmentScannerImpl.java:1315)
	at com.sun.org.apache.xerces.internal.impl.XMLDocumentFragmentScannerImpl$FragmentContentDriver.next(XMLDocumentFragmentScannerImpl.java:2784)
	at com.sun.org.apache.xerces.internal.impl.XMLDocumentScannerImpl.next(XMLDocumentScannerImpl.java:602)
	at com.sun.org.apache.xerces.internal.impl.XMLDocumentFragmentScannerImpl.scanDocument(XMLDocumentFragmentScannerImpl.java:505)
	at com.sun.org.apache.xerces.internal.parsers.XML11Configuration.parse(XML11Configuration.java:841)
	at com.sun.org.apache.xerces.internal.parsers.XML11Configuration.parse(XML11Configuration.java:770)
	at com.sun.org.apache.xerces.internal.parsers.XMLParser.parse(XMLParser.java:141)
	at com.sun.org.apache.xerces.internal.parsers.DOMParser.parse(DOMParser.java:243)
	at com.sun.org.apache.xerces.internal.jaxp.DocumentBuilderImpl.parse(DocumentBuilderImpl.java:339)
	at org.eclipse.debug.internal.core.LaunchManager.createInfoFromXML(LaunchManager.java:935)
	at org.eclipse.debug.internal.core.LaunchManager.getInfo(LaunchManager.java:1359)
	at org.eclipse.debug.internal.core.LaunchConfiguration.getInfo(LaunchConfiguration.java:490)
	at org.eclipse.debug.internal.core.LaunchConfiguration.getType(LaunchConfiguration.java:645)
	at org.eclipse.debug.internal.core.LaunchManager.isValid(LaunchManager.java:2091)
	at org.eclipse.debug.internal.core.LaunchManager.verifyConfigurations(LaunchManager.java:2462)
	at org.eclipse.debug.internal.core.LaunchManager.getAllLaunchConfigurations(LaunchManager.java:1140)
	at org.eclipse.debug.internal.core.LaunchManager.getLaunchConfigurations(LaunchManager.java:1444)
	at org.eclipse.debug.internal.core.LaunchManager.getLaunchConfigurations(LaunchManager.java:1439)
	at org.eclipse.launchbar.core.internal.LaunchBarManager.init(LaunchBarManager.java:130)
	at org.eclipse.launchbar.core.internal.LaunchBarManager$1.run(LaunchBarManager.java:96)
	at org.eclipse.core.internal.jobs.Worker.run(Worker.java:63)

!ENTRY org.eclipse.debug.core 4 125 2026-07-28 11:20:41.448
!MESSAGE 调试核心所记录的错误：
!STACK 1
org.eclipse.debug.core.DebugException: 读取启动配置文件 F:\code\vibe_project\rollerball\M55\libraries\components\mtb-device-support-pse8xxgp\make\make\scripts\interface_version_4\eclipse\CM33\flash\virgin\JLink\single\&&_PRJ_NAME&& Program (JLink).launch 时发生了 org.xml.sax.SAXParseException; lineNumber: 3; columnNumber: 66; 在实体引用中, 实体名称必须紧跟在 '&' 后面。。
	at org.eclipse.debug.internal.core.LaunchManager.createDebugException(LaunchManager.java:886)
	at org.eclipse.debug.internal.core.LaunchManager.throwException(LaunchManager.java:2448)
	at org.eclipse.debug.internal.core.LaunchManager.getInfo(LaunchManager.java:1366)
	at org.eclipse.debug.internal.core.LaunchConfiguration.getInfo(LaunchConfiguration.java:490)
	at org.eclipse.debug.internal.core.LaunchConfiguration.getType(LaunchConfiguration.java:645)
	at org.eclipse.debug.internal.core.LaunchManager.isValid(LaunchManager.java:2091)
	at org.eclipse.debug.internal.core.LaunchManager.verifyConfigurations(LaunchManager.java:2462)
	at org.eclipse.debug.internal.core.LaunchManager.getAllLaunchConfigurations(LaunchManager.java:1140)
	at org.eclipse.debug.internal.core.LaunchManager.getLaunchConfigurations(LaunchManager.java:1444)
	at org.eclipse.debug.internal.core.LaunchManager.getLaunchConfigurations(LaunchManager.java:1439)
	at org.eclipse.launchbar.core.internal.LaunchBarManager.init(LaunchBarManager.java:130)
	at org.eclipse.launchbar.core.internal.LaunchBarManager$1.run(LaunchBarManager.java:96)
	at org.eclipse.core.internal.jobs.Worker.run(Worker.java:63)
Caused by: org.xml.sax.SAXParseException; lineNumber: 3; columnNumber: 66; 在实体引用中, 实体名称必须紧跟在 '&' 后面。
	at com.sun.org.apache.xerces.internal.util.ErrorHandlerWrapper.createSAXParseException(ErrorHandlerWrapper.java:203)
	at com.sun.org.apache.xerces.internal.util.ErrorHandlerWrapper.fatalError(ErrorHandlerWrapper.java:177)
	at com.sun.org.apache.xerces.internal.impl.XMLErrorReporter.reportError(XMLErrorReporter.java:400)
	at com.sun.org.apache.xerces.internal.impl.XMLErrorReporter.reportError(XMLErrorReporter.java:327)
	at com.sun.org.apache.xerces.internal.impl.XMLScanner.reportFatalError(XMLScanner.java:1472)
	at com.sun.org.apache.xerces.internal.impl.XMLScanner.scanAttributeValue(XMLScanner.java:908)
	at com.sun.org.apache.xerces.internal.impl.XMLDocumentFragmentScannerImpl.scanAttribute(XMLDocumentFragmentScannerImpl.java:1548)
	at com.sun.org.apache.xerces.internal.impl.XMLDocumentFragmentScannerImpl.scanStartElement(XMLDocumentFragmentScannerImpl.java:1315)
	at com.sun.org.apache.xerces.internal.impl.XMLDocumentFragmentScannerImpl$FragmentContentDriver.next(XMLDocumentFragmentScannerImpl.java:2784)
	at com.sun.org.apache.xerces.internal.impl.XMLDocumentScannerImpl.next(XMLDocumentScannerImpl.java:602)
	at com.sun.org.apache.xerces.internal.impl.XMLDocumentFragmentScannerImpl.scanDocument(XMLDocumentFragmentScannerImpl.java:505)
	at com.sun.org.apache.xerces.internal.parsers.XML11Configuration.parse(XML11Configuration.java:841)
	at com.sun.org.apache.xerces.internal.parsers.XML11Configuration.parse(XML11Configuration.java:770)
	at com.sun.org.apache.xerces.internal.parsers.XMLParser.parse(XMLParser.java:141)
	at com.sun.org.apache.xerces.internal.parsers.DOMParser.parse(DOMParser.java:243)
	at com.sun.org.apache.xerces.internal.jaxp.DocumentBuilderImpl.parse(DocumentBuilderImpl.java:339)
	at org.eclipse.debug.internal.core.LaunchManager.createInfoFromXML(LaunchManager.java:935)
	at org.eclipse.debug.internal.core.LaunchManager.getInfo(LaunchManager.java:1359)
	... 10 more
!SUBENTRY 1 org.eclipse.debug.core 4 5012 2026-07-28 11:20:41.448
!MESSAGE 读取启动配置文件 F:\code\vibe_project\rollerball\M55\libraries\components\mtb-device-support-pse8xxgp\make\make\scripts\interface_version_4\eclipse\CM33\flash\virgin\JLink\single\&&_PRJ_NAME&& Program (JLink).launch 时发生了 org.xml.sax.SAXParseException; lineNumber: 3; columnNumber: 66; 在实体引用中, 实体名称必须紧跟在 '&' 后面。。
!STACK 0
org.xml.sax.SAXParseException; lineNumber: 3; columnNumber: 66; 在实体引用中, 实体名称必须紧跟在 '&' 后面。
	at com.sun.org.apache.xerces.internal.util.ErrorHandlerWrapper.createSAXParseException(ErrorHandlerWrapper.java:203)
	at com.sun.org.apache.xerces.internal.util.ErrorHandlerWrapper.fatalError(ErrorHandlerWrapper.java:177)
	at com.sun.org.apache.xerces.internal.impl.XMLErrorReporter.reportError(XMLErrorReporter.java:400)
	at com.sun.org.apache.xerces.internal.impl.XMLErrorReporter.reportError(XMLErrorReporter.java:327)
	at com.sun.org.apache.xerces.internal.impl.XMLScanner.reportFatalError(XMLScanner.java:1472)
	at com.sun.org.apache.xerces.internal.impl.XMLScanner.scanAttributeValue(XMLScanner.java:908)
	at com.sun.org.apache.xerces.internal.impl.XMLDocumentFragmentScannerImpl.scanAttribute(XMLDocumentFragmentScannerImpl.java:1548)
	at com.sun.org.apache.xerces.internal.impl.XMLDocumentFragmentScannerImpl.scanStartElement(XMLDocumentFragmentScannerImpl.java:1315)
	at com.sun.org.apache.xerces.internal.impl.XMLDocumentFragmentScannerImpl$FragmentContentDriver.next(XMLDocumentFragmentScannerImpl.java:2784)
	at com.sun.org.apache.xerces.internal.impl.XMLDocumentScannerImpl.next(XMLDocumentScannerImpl.java:602)
	at com.sun.org.apache.xerces.internal.impl.XMLDocumentFragmentScannerImpl.scanDocument(XMLDocumentFragmentScannerImpl.java:505)
	at com.sun.org.apache.xerces.internal.parsers.XML11Configuration.parse(XML11Configuration.java:841)
	at com.sun.org.apache.xerces.internal.parsers.XML11Configuration.parse(XML11Configuration.java:770)
	at com.sun.org.apache.xerces.internal.parsers.XMLParser.parse(XMLParser.java:141)
	at com.sun.org.apache.xerces.internal.parsers.DOMParser.parse(DOMParser.java:243)
	at com.sun.org.apache.xerces.internal.jaxp.DocumentBuilderImpl.parse(DocumentBuilderImpl.java:339)
	at org.eclipse.debug.internal.core.LaunchManager.createInfoFromXML(LaunchManager.java:935)
	at org.eclipse.debug.internal.core.LaunchManager.getInfo(LaunchManager.java:1359)
	at org.eclipse.debug.internal.core.LaunchConfiguration.getInfo(LaunchConfiguration.java:490)
	at org.eclipse.debug.internal.core.LaunchConfiguration.getType(LaunchConfiguration.java:645)
	at org.eclipse.debug.internal.core.LaunchManager.isValid(LaunchManager.java:2091)
	at org.eclipse.debug.internal.core.LaunchManager.verifyConfigurations(LaunchManager.java:2462)
	at org.eclipse.debug.internal.core.LaunchManager.getAllLaunchConfigurations(LaunchManager.java:1140)
	at org.eclipse.debug.internal.core.LaunchManager.getLaunchConfigurations(LaunchManager.java:1444)
	at org.eclipse.debug.internal.core.LaunchManager.getLaunchConfigurations(LaunchManager.java:1439)
	at org.eclipse.launchbar.core.internal.LaunchBarManager.init(LaunchBarManager.java:130)
	at org.eclipse.launchbar.core.internal.LaunchBarManager$1.run(LaunchBarManager.java:96)
	at org.eclipse.core.internal.jobs.Worker.run(Worker.java:63)

!ENTRY org.eclipse.debug.core 4 125 2026-07-28 11:20:41.448
!MESSAGE 调试核心所记录的错误：
!STACK 1
org.eclipse.debug.core.DebugException: 读取启动配置文件 F:\code\vibe_project\rollerball\M55\libraries\components\mtb-device-support-pse8xxgp\make\make\scripts\interface_version_4\eclipse\CM33\flash\virgin\KitProg3\any\&&_PRJ_NAME&& Attach (KitProg3_MiniProg4).launch 时发生了 org.xml.sax.SAXParseException; lineNumber: 3; columnNumber: 66; 在实体引用中, 实体名称必须紧跟在 '&' 后面。。
	at org.eclipse.debug.internal.core.LaunchManager.createDebugException(LaunchManager.java:886)
	at org.eclipse.debug.internal.core.LaunchManager.throwException(LaunchManager.java:2448)
	at org.eclipse.debug.internal.core.LaunchManager.getInfo(LaunchManager.java:1366)
	at org.eclipse.debug.internal.core.LaunchConfiguration.getInfo(LaunchConfiguration.java:490)
	at org.eclipse.debug.internal.core.LaunchConfiguration.getType(LaunchConfiguration.java:645)
	at org.eclipse.debug.internal.core.LaunchManager.isValid(LaunchManager.java:2091)
	at org.eclipse.debug.internal.core.LaunchManager.verifyConfigurations(LaunchManager.java:2462)
	at org.eclipse.debug.internal.core.LaunchManager.getAllLaunchConfigurations(LaunchManager.java:1140)
	at org.eclipse.debug.internal.core.LaunchManager.getLaunchConfigurations(LaunchManager.java:1444)
	at org.eclipse.debug.internal.core.LaunchManager.getLaunchConfigurations(LaunchManager.java:1439)
	at org.eclipse.launchbar.core.internal.LaunchBarManager.init(LaunchBarManager.java:130)
	at org.eclipse.launchbar.core.internal.LaunchBarManager$1.run(LaunchBarManager.java:96)
	at org.eclipse.core.internal.jobs.Worker.run(Worker.java:63)
Caused by: org.xml.sax.SAXParseException; lineNumber: 3; columnNumber: 66; 在实体引用中, 实体名称必须紧跟在 '&' 后面。
	at com.sun.org.apache.xerces.internal.util.ErrorHandlerWrapper.createSAXParseException(ErrorHandlerWrapper.java:203)
	at com.sun.org.apache.xerces.internal.util.ErrorHandlerWrapper.fatalError(ErrorHandlerWrapper.java:177)
	at com.sun.org.apache.xerces.internal.impl.XMLErrorReporter.reportError(XMLErrorReporter.java:400)
	at com.sun.org.apache.xerces.internal.impl.XMLErrorReporter.reportError(XMLErrorReporter.java:327)
	at com.sun.org.apache.xerces.internal.impl.XMLScanner.reportFatalError(XMLScanner.java:1472)
	at com.sun.org.apache.xerces.internal.impl.XMLScanner.scanAttributeValue(XMLScanner.java:908)
	at com.sun.org.apache.xerces.internal.impl.XMLDocumentFragmentScannerImpl.scanAttribute(XMLDocumentFragmentScannerImpl.java:1548)
	at com.sun.org.apache.xerces.internal.impl.XMLDocumentFragmentScannerImpl.scanStartElement(XMLDocumentFragmentScannerImpl.java:1315)
	at com.sun.org.apache.xerces.internal.impl.XMLDocumentFragmentScannerImpl$FragmentContentDriver.next(XMLDocumentFragmentScannerImpl.java:2784)
	at com.sun.org.apache.xerces.internal.impl.XMLDocumentScannerImpl.next(XMLDocumentScannerImpl.java:602)
	at com.sun.org.apache.xerces.internal.impl.XMLDocumentFragmentScannerImpl.scanDocument(XMLDocumentFragmentScannerImpl.java:505)
	at com.sun.org.apache.xerces.internal.parsers.XML11Configuration.parse(XML11Configuration.java:841)
	at com.sun.org.apache.xerces.internal.parsers.XML11Configuration.parse(XML11Configuration.java:770)
	at com.sun.org.apache.xerces.internal.parsers.XMLParser.parse(XMLParser.java:141)
	at com.sun.org.apache.xerces.internal.parsers.DOMParser.parse(DOMParser.java:243)
	at com.sun.org.apache.xerces.internal.jaxp.DocumentBuilderImpl.parse(DocumentBuilderImpl.java:339)
	at org.eclipse.debug.internal.core.LaunchManager.createInfoFromXML(LaunchManager.java:935)
	at org.eclipse.debug.internal.core.LaunchManager.getInfo(LaunchManager.java:1359)
	... 10 more
!SUBENTRY 1 org.eclipse.debug.core 4 5012 2026-07-28 11:20:41.448
!MESSAGE 读取启动配置文件 F:\code\vibe_project\rollerball\M55\libraries\components\mtb-device-support-pse8xxgp\make\make\scripts\interface_version_4\eclipse\CM33\flash\virgin\KitProg3\any\&&_PRJ_NAME&& Attach (KitProg3_MiniProg4).launch 时发生了 org.xml.sax.SAXParseException; lineNumber: 3; columnNumber: 66; 在实体引用中, 实体名称必须紧跟在 '&' 后面。。
!STACK 0
org.xml.sax.SAXParseException; lineNumber: 3; columnNumber: 66; 在实体引用中, 实体名称必须紧跟在 '&' 后面。
	at com.sun.org.apache.xerces.internal.util.ErrorHandlerWrapper.createSAXParseException(ErrorHandlerWrapper.java:203)
	at com.sun.org.apache.xerces.internal.util.ErrorHandlerWrapper.fatalError(ErrorHandlerWrapper.java:177)
	at com.sun.org.apache.xerces.internal.impl.XMLErrorReporter.reportError(XMLErrorReporter.java:400)
	at com.sun.org.apache.xerces.internal.impl.XMLErrorReporter.reportError(XMLErrorReporter.java:327)
	at com.sun.org.apache.xerces.internal.impl.XMLScanner.reportFatalError(XMLScanner.java:1472)
	at com.sun.org.apache.xerces.internal.impl.XMLScanner.scanAttributeValue(XMLScanner.java:908)
	at com.sun.org.apache.xerces.internal.impl.XMLDocumentFragmentScannerImpl.scanAttribute(XMLDocumentFragmentScannerImpl.java:1548)
	at com.sun.org.apache.xerces.internal.impl.XMLDocumentFragmentScannerImpl.scanStartElement(XMLDocumentFragmentScannerImpl.java:1315)
	at com.sun.org.apache.xerces.internal.impl.XMLDocumentFragmentScannerImpl$FragmentContentDriver.next(XMLDocumentFragmentScannerImpl.java:2784)
	at com.sun.org.apache.xerces.internal.impl.XMLDocumentScannerImpl.next(XMLDocumentScannerImpl.java:602)
	at com.sun.org.apache.xerces.internal.impl.XMLDocumentFragmentScannerImpl.scanDocument(XMLDocumentFragmentScannerImpl.java:505)
	at com.sun.org.apache.xerces.internal.parsers.XML11Configuration.parse(XML11Configuration.java:841)
	at com.sun.org.apache.xerces.internal.parsers.XML11Configuration.parse(XML11Configuration.java:770)
	at com.sun.org.apache.xerces.internal.parsers.XMLParser.parse(XMLParser.java:141)
	at com.sun.org.apache.xerces.internal.parsers.DOMParser.parse(DOMParser.java:243)
	at com.sun.org.apache.xerces.internal.jaxp.DocumentBuilderImpl.parse(DocumentBuilderImpl.java:339)
	at org.eclipse.debug.internal.core.LaunchManager.createInfoFromXML(LaunchManager.java:935)
	at org.eclipse.debug.internal.core.LaunchManager.getInfo(LaunchManager.java:1359)
	at org.eclipse.debug.internal.core.LaunchConfiguration.getInfo(LaunchConfiguration.java:490)
	at org.eclipse.debug.internal.core.LaunchConfiguration.getType(LaunchConfiguration.java:645)
	at org.eclipse.debug.internal.core.LaunchManager.isValid(LaunchManager.java:2091)
	at org.eclipse.debug.internal.core.LaunchManager.verifyConfigurations(LaunchManager.java:2462)
	at org.eclipse.debug.internal.core.LaunchManager.getAllLaunchConfigurations(LaunchManager.java:1140)
	at org.eclipse.debug.internal.core.LaunchManager.getLaunchConfigurations(LaunchManager.java:1444)
	at org.eclipse.debug.internal.core.LaunchManager.getLaunchConfigurations(LaunchManager.java:1439)
	at org.eclipse.launchbar.core.internal.LaunchBarManager.init(LaunchBarManager.java:130)
	at org.eclipse.launchbar.core.internal.LaunchBarManager$1.run(LaunchBarManager.java:96)
	at org.eclipse.core.internal.jobs.Worker.run(Worker.java:63)

!ENTRY org.eclipse.debug.core 4 125 2026-07-28 11:20:41.452
!MESSAGE 调试核心所记录的错误：
!STACK 1
org.eclipse.debug.core.DebugException: 读取启动配置文件 F:\code\vibe_project\rollerball\M55\libraries\components\mtb-device-support-pse8xxgp\make\make\scripts\interface_version_4\eclipse\CM33\flash\virgin\KitProg3\any\&&_PRJ_NAME&& Program (KitProg3_MiniProg4).launch 时发生了 org.xml.sax.SAXParseException; lineNumber: 3; columnNumber: 66; 在实体引用中, 实体名称必须紧跟在 '&' 后面。。
	at org.eclipse.debug.internal.core.LaunchManager.createDebugException(LaunchManager.java:886)
	at org.eclipse.debug.internal.core.LaunchManager.throwException(LaunchManager.java:2448)
	at org.eclipse.debug.internal.core.LaunchManager.getInfo(LaunchManager.java:1366)
	at org.eclipse.debug.internal.core.LaunchConfiguration.getInfo(LaunchConfiguration.java:490)
	at org.eclipse.debug.internal.core.LaunchConfiguration.getType(LaunchConfiguration.java:645)
	at org.eclipse.debug.internal.core.LaunchManager.isValid(LaunchManager.java:2091)
	at org.eclipse.debug.internal.core.LaunchManager.verifyConfigurations(LaunchManager.java:2462)
	at org.eclipse.debug.internal.core.LaunchManager.getAllLaunchConfigurations(LaunchManager.java:1140)
	at org.eclipse.debug.internal.core.LaunchManager.getLaunchConfigurations(LaunchManager.java:1444)
	at org.eclipse.debug.internal.core.LaunchManager.getLaunchConfigurations(LaunchManager.java:1439)
	at org.eclipse.launchbar.core.internal.LaunchBarManager.init(LaunchBarManager.java:130)
	at org.eclipse.launchbar.core.internal.LaunchBarManager$1.run(LaunchBarManager.java:96)
	at org.eclipse.core.internal.jobs.Worker.run(Worker.java:63)
Caused by: org.xml.sax.SAXParseException; lineNumber: 3; columnNumber: 66; 在实体引用中, 实体名称必须紧跟在 '&' 后面。
	at com.sun.org.apache.xerces.internal.util.ErrorHandlerWrapper.createSAXParseException(ErrorHandlerWrapper.java:203)
	at com.sun.org.apache.xerces.internal.util.ErrorHandlerWrapper.fatalError(ErrorHandlerWrapper.java:177)
	at com.sun.org.apache.xerces.internal.impl.XMLErrorReporter.reportError(XMLErrorReporter.java:400)
	at com.sun.org.apache.xerces.internal.impl.XMLErrorReporter.reportError(XMLErrorReporter.java:327)
	at com.sun.org.apache.xerces.internal.impl.XMLScanner.reportFatalError(XMLScanner.java:1472)
	at com.sun.org.apache.xerces.internal.impl.XMLScanner.scanAttributeValue(XMLScanner.java:908)
	at com.sun.org.apache.xerces.internal.impl.XMLDocumentFragmentScannerImpl.scanAttribute(XMLDocumentFragmentScannerImpl.java:1548)
	at com.sun.org.apache.xerces.internal.impl.XMLDocumentFragmentScannerImpl.scanStartElement(XMLDocumentFragmentScannerImpl.java:1315)
	at com.sun.org.apache.xerces.internal.impl.XMLDocumentFragmentScannerImpl$FragmentContentDriver.next(XMLDocumentFragmentScannerImpl.java:2784)
	at com.sun.org.apache.xerces.internal.impl.XMLDocumentScannerImpl.next(XMLDocumentScannerImpl.java:602)
	at com.sun.org.apache.xerces.internal.impl.XMLDocumentFragmentScannerImpl.scanDocument(XMLDocumentFragmentScannerImpl.java:505)
	at com.sun.org.apache.xerces.internal.parsers.XML11Configuration.parse(XML11Configuration.java:841)
	at com.sun.org.apache.xerces.internal.parsers.XML11Configuration.parse(XML11Configuration.java:770)
	at com.sun.org.apache.xerces.internal.parsers.XMLParser.parse(XMLParser.java:141)
	at com.sun.org.apache.xerces.internal.parsers.DOMParser.parse(DOMParser.java:243)
	at com.sun.org.apache.xerces.internal.jaxp.DocumentBuilderImpl.parse(DocumentBuilderImpl.java:339)
	at org.eclipse.debug.internal.core.LaunchManager.createInfoFromXML(LaunchManager.java:935)
	at org.eclipse.debug.internal.core.LaunchManager.getInfo(LaunchManager.java:1359)
	... 10 more
!SUBENTRY 1 org.eclipse.debug.core 4 5012 2026-07-28 11:20:41.452
!MESSAGE 读取启动配置文件 F:\code\vibe_project\rollerball\M55\libraries\components\mtb-device-support-pse8xxgp\make\make\scripts\interface_version_4\eclipse\CM33\flash\virgin\KitProg3\any\&&_PRJ_NAME&& Program (KitProg3_MiniProg4).launch 时发生了 org.xml.sax.SAXParseException; lineNumber: 3; columnNumber: 66; 在实体引用中, 实体名称必须紧跟在 '&' 后面。。
!STACK 0
org.xml.sax.SAXParseException; lineNumber: 3; columnNumber: 66; 在实体引用中, 实体名称必须紧跟在 '&' 后面。
	at com.sun.org.apache.xerces.internal.util.ErrorHandlerWrapper.createSAXParseException(ErrorHandlerWrapper.java:203)
	at com.sun.org.apache.xerces.internal.util.ErrorHandlerWrapper.fatalError(ErrorHandlerWrapper.java:177)
	at com.sun.org.apache.xerces.internal.impl.XMLErrorReporter.reportError(XMLErrorReporter.java:400)
	at com.sun.org.apache.xerces.internal.impl.XMLErrorReporter.reportError(XMLErrorReporter.java:327)
	at com.sun.org.apache.xerces.internal.impl.XMLScanner.reportFatalError(XMLScanner.java:1472)
	at com.sun.org.apache.xerces.internal.impl.XMLScanner.scanAttributeValue(XMLScanner.java:908)
	at com.sun.org.apache.xerces.internal.impl.XMLDocumentFragmentScannerImpl.scanAttribute(XMLDocumentFragmentScannerImpl.java:1548)
	at com.sun.org.apache.xerces.internal.impl.XMLDocumentFragmentScannerImpl.scanStartElement(XMLDocumentFragmentScannerImpl.java:1315)
	at com.sun.org.apache.xerces.internal.impl.XMLDocumentFragmentScannerImpl$FragmentContentDriver.next(XMLDocumentFragmentScannerImpl.java:2784)
	at com.sun.org.apache.xerces.internal.impl.XMLDocumentScannerImpl.next(XMLDocumentScannerImpl.java:602)
	at com.sun.org.apache.xerces.internal.impl.XMLDocumentFragmentScannerImpl.scanDocument(XMLDocumentFragmentScannerImpl.java:505)
	at com.sun.org.apache.xerces.internal.parsers.XML11Configuration.parse(XML11Configuration.java:841)
	at com.sun.org.apache.xerces.internal.parsers.XML11Configuration.parse(XML11Configuration.java:770)
	at com.sun.org.apache.xerces.internal.parsers.XMLParser.parse(XMLParser.java:141)
	at com.sun.org.apache.xerces.internal.parsers.DOMParser.parse(DOMParser.java:243)
	at com.sun.org.apache.xerces.internal.jaxp.DocumentBuilderImpl.parse(DocumentBuilderImpl.java:339)
	at org.eclipse.debug.internal.core.LaunchManager.createInfoFromXML(LaunchManager.java:935)
	at org.eclipse.debug.internal.core.LaunchManager.getInfo(LaunchManager.java:1359)
	at org.eclipse.debug.internal.core.LaunchConfiguration.getInfo(LaunchConfiguration.java:490)
	at org.eclipse.debug.internal.core.LaunchConfiguration.getType(LaunchConfiguration.java:645)
	at org.eclipse.debug.internal.core.LaunchManager.isValid(LaunchManager.java:2091)
	at org.eclipse.debug.internal.core.LaunchManager.verifyConfigurations(LaunchManager.java:2462)
	at org.eclipse.debug.internal.core.LaunchManager.getAllLaunchConfigurations(LaunchManager.java:1140)
	at org.eclipse.debug.internal.core.LaunchManager.getLaunchConfigurations(LaunchManager.java:1444)
	at org.eclipse.debug.internal.core.LaunchManager.getLaunchConfigurations(LaunchManager.java:1439)
	at org.eclipse.launchbar.core.internal.LaunchBarManager.init(LaunchBarManager.java:130)
	at org.eclipse.launchbar.core.internal.LaunchBarManager$1.run(LaunchBarManager.java:96)
	at org.eclipse.core.internal.jobs.Worker.run(Worker.java:63)

!ENTRY org.eclipse.debug.core 4 125 2026-07-28 11:20:41.454
!MESSAGE 调试核心所记录的错误：
!STACK 1
org.eclipse.debug.core.DebugException: 读取启动配置文件 F:\code\vibe_project\rollerball\M55\libraries\components\mtb-device-support-pse8xxgp\make\make\scripts\interface_version_4\eclipse\CM33\flash\virgin\KitProg3\single\&&_PRJ_NAME&& Erase All (KitProg3_MiniProg4).launch 时发生了 org.xml.sax.SAXParseException; lineNumber: 3; columnNumber: 66; 在实体引用中, 实体名称必须紧跟在 '&' 后面。。
	at org.eclipse.debug.internal.core.LaunchManager.createDebugException(LaunchManager.java:886)
	at org.eclipse.debug.internal.core.LaunchManager.throwException(LaunchManager.java:2448)
	at org.eclipse.debug.internal.core.LaunchManager.getInfo(LaunchManager.java:1366)
	at org.eclipse.debug.internal.core.LaunchConfiguration.getInfo(LaunchConfiguration.java:490)
	at org.eclipse.debug.internal.core.LaunchConfiguration.getType(LaunchConfiguration.java:645)
	at org.eclipse.debug.internal.core.LaunchManager.isValid(LaunchManager.java:2091)
	at org.eclipse.debug.internal.core.LaunchManager.verifyConfigurations(LaunchManager.java:2462)
	at org.eclipse.debug.internal.core.LaunchManager.getAllLaunchConfigurations(LaunchManager.java:1140)
	at org.eclipse.debug.internal.core.LaunchManager.getLaunchConfigurations(LaunchManager.java:1444)
	at org.eclipse.debug.internal.core.LaunchManager.getLaunchConfigurations(LaunchManager.java:1439)
	at org.eclipse.launchbar.core.internal.LaunchBarManager.init(LaunchBarManager.java:130)
	at org.eclipse.launchbar.core.internal.LaunchBarManager$1.run(LaunchBarManager.java:96)
	at org.eclipse.core.internal.jobs.Worker.run(Worker.java:63)
Caused by: org.xml.sax.SAXParseException; lineNumber: 3; columnNumber: 66; 在实体引用中, 实体名称必须紧跟在 '&' 后面。
	at com.sun.org.apache.xerces.internal.util.ErrorHandlerWrapper.createSAXParseException(ErrorHandlerWrapper.java:203)
	at com.sun.org.apache.xerces.internal.util.ErrorHandlerWrapper.fatalError(ErrorHandlerWrapper.java:177)
	at com.sun.org.apache.xerces.internal.impl.XMLErrorReporter.reportError(XMLErrorReporter.java:400)
	at com.sun.org.apache.xerces.internal.impl.XMLErrorReporter.reportError(XMLErrorReporter.java:327)
	at com.sun.org.apache.xerces.internal.impl.XMLScanner.reportFatalError(XMLScanner.java:1472)
	at com.sun.org.apache.xerces.internal.impl.XMLScanner.scanAttributeValue(XMLScanner.java:908)
	at com.sun.org.apache.xerces.internal.impl.XMLDocumentFragmentScannerImpl.scanAttribute(XMLDocumentFragmentScannerImpl.java:1548)
	at com.sun.org.apache.xerces.internal.impl.XMLDocumentFragmentScannerImpl.scanStartElement(XMLDocumentFragmentScannerImpl.java:1315)
	at com.sun.org.apache.xerces.internal.impl.XMLDocumentFragmentScannerImpl$FragmentContentDriver.next(XMLDocumentFragmentScannerImpl.java:2784)
	at com.sun.org.apache.xerces.internal.impl.XMLDocumentScannerImpl.next(XMLDocumentScannerImpl.java:602)
	at com.sun.org.apache.xerces.internal.impl.XMLDocumentFragmentScannerImpl.scanDocument(XMLDocumentFragmentScannerImpl.java:505)
	at com.sun.org.apache.xerces.internal.parsers.XML11Configuration.parse(XML11Configuration.java:841)
	at com.sun.org.apache.xerces.internal.parsers.XML11Configuration.parse(XML11Configuration.java:770)
	at com.sun.org.apache.xerces.internal.parsers.XMLParser.parse(XMLParser.java:141)
	at com.sun.org.apache.xerces.internal.parsers.DOMParser.parse(DOMParser.java:243)
	at com.sun.org.apache.xerces.internal.jaxp.DocumentBuilderImpl.parse(DocumentBuilderImpl.java:339)
	at org.eclipse.debug.internal.core.LaunchManager.createInfoFromXML(LaunchManager.java:935)
	at org.eclipse.debug.internal.core.LaunchManager.getInfo(LaunchManager.java:1359)
	... 10 more
!SUBENTRY 1 org.eclipse.debug.core 4 5012 2026-07-28 11:20:41.454
!MESSAGE 读取启动配置文件 F:\code\vibe_project\rollerball\M55\libraries\components\mtb-device-support-pse8xxgp\make\make\scripts\interface_version_4\eclipse\CM33\flash\virgin\KitProg3\single\&&_PRJ_NAME&& Erase All (KitProg3_MiniProg4).launch 时发生了 org.xml.sax.SAXParseException; lineNumber: 3; columnNumber: 66; 在实体引用中, 实体名称必须紧跟在 '&' 后面。。
!STACK 0
org.xml.sax.SAXParseException; lineNumber: 3; columnNumber: 66; 在实体引用中, 实体名称必须紧跟在 '&' 后面。
	at com.sun.org.apache.xerces.internal.util.ErrorHandlerWrapper.createSAXParseException(ErrorHandlerWrapper.java:203)
	at com.sun.org.apache.xerces.internal.util.ErrorHandlerWrapper.fatalError(ErrorHandlerWrapper.java:177)
	at com.sun.org.apache.xerces.internal.impl.XMLErrorReporter.reportError(XMLErrorReporter.java:400)
	at com.sun.org.apache.xerces.internal.impl.XMLErrorReporter.reportError(XMLErrorReporter.java:327)
	at com.sun.org.apache.xerces.internal.impl.XMLScanner.reportFatalError(XMLScanner.java:1472)
	at com.sun.org.apache.xerces.internal.impl.XMLScanner.scanAttributeValue(XMLScanner.java:908)
	at com.sun.org.apache.xerces.internal.impl.XMLDocumentFragmentScannerImpl.scanAttribute(XMLDocumentFragmentScannerImpl.java:1548)
	at com.sun.org.apache.xerces.internal.impl.XMLDocumentFragmentScannerImpl.scanStartElement(XMLDocumentFragmentScannerImpl.java:1315)
	at com.sun.org.apache.xerces.internal.impl.XMLDocumentFragmentScannerImpl$FragmentContentDriver.next(XMLDocumentFragmentScannerImpl.java:2784)
	at com.sun.org.apache.xerces.internal.impl.XMLDocumentScannerImpl.next(XMLDocumentScannerImpl.java:602)
	at com.sun.org.apache.xerces.internal.impl.XMLDocumentFragmentScannerImpl.scanDocument(XMLDocumentFragmentScannerImpl.java:505)
	at com.sun.org.apache.xerces.internal.parsers.XML11Configuration.parse(XML11Configuration.java:841)
	at com.sun.org.apache.xerces.internal.parsers.XML11Configuration.parse(XML11Configuration.java:770)
	at com.sun.org.apache.xerces.internal.parsers.XMLParser.parse(XMLParser.java:141)
	at com.sun.org.apache.xerces.internal.parsers.DOMParser.parse(DOMParser.java:243)
	at com.sun.org.apache.xerces.internal.jaxp.DocumentBuilderImpl.parse(DocumentBuilderImpl.java:339)
	at org.eclipse.debug.internal.core.LaunchManager.createInfoFromXML(LaunchManager.java:935)
	at org.eclipse.debug.internal.core.LaunchManager.getInfo(LaunchManager.java:1359)
	at org.eclipse.debug.internal.core.LaunchConfiguration.getInfo(LaunchConfiguration.java:490)
	at org.eclipse.debug.internal.core.LaunchConfiguration.getType(LaunchConfiguration.java:645)
	at org.eclipse.debug.internal.core.LaunchManager.isValid(LaunchManager.java:2091)
	at org.eclipse.debug.internal.core.LaunchManager.verifyConfigurations(LaunchManager.java:2462)
	at org.eclipse.debug.internal.core.LaunchManager.getAllLaunchConfigurations(LaunchManager.java:1140)
	at org.eclipse.debug.internal.core.LaunchManager.getLaunchConfigurations(LaunchManager.java:1444)
	at org.eclipse.debug.internal.core.LaunchManager.getLaunchConfigurations(LaunchManager.java:1439)
	at org.eclipse.launchbar.core.internal.LaunchBarManager.init(LaunchBarManager.java:130)
	at org.eclipse.launchbar.core.internal.LaunchBarManager$1.run(LaunchBarManager.java:96)
	at org.eclipse.core.internal.jobs.Worker.run(Worker.java:63)

!ENTRY org.eclipse.debug.core 4 125 2026-07-28 11:20:41.456
!MESSAGE 调试核心所记录的错误：
!STACK 1
org.eclipse.debug.core.DebugException: 读取启动配置文件 F:\code\vibe_project\rollerball\M55\libraries\components\mtb-device-support-pse8xxgp\make\make\scripts\interface_version_4\eclipse\CM33\flash\virgin\KitProg3\single\&&_PRJ_NAME&& Erase Device (KitProg3_MiniProg4).launch 时发生了 org.xml.sax.SAXParseException; lineNumber: 3; columnNumber: 66; 在实体引用中, 实体名称必须紧跟在 '&' 后面。。
	at org.eclipse.debug.internal.core.LaunchManager.createDebugException(LaunchManager.java:886)
	at org.eclipse.debug.internal.core.LaunchManager.throwException(LaunchManager.java:2448)
	at org.eclipse.debug.internal.core.LaunchManager.getInfo(LaunchManager.java:1366)
	at org.eclipse.debug.internal.core.LaunchConfiguration.getInfo(LaunchConfiguration.java:490)
	at org.eclipse.debug.internal.core.LaunchConfiguration.getType(LaunchConfiguration.java:645)
	at org.eclipse.debug.internal.core.LaunchManager.isValid(LaunchManager.java:2091)
	at org.eclipse.debug.internal.core.LaunchManager.verifyConfigurations(LaunchManager.java:2462)
	at org.eclipse.debug.internal.core.LaunchManager.getAllLaunchConfigurations(LaunchManager.java:1140)
	at org.eclipse.debug.internal.core.LaunchManager.getLaunchConfigurations(LaunchManager.java:1444)
	at org.eclipse.debug.internal.core.LaunchManager.getLaunchConfigurations(LaunchManager.java:1439)
	at org.eclipse.launchbar.core.internal.LaunchBarManager.init(LaunchBarManager.java:130)
	at org.eclipse.launchbar.core.internal.LaunchBarManager$1.run(LaunchBarManager.java:96)
	at org.eclipse.core.internal.jobs.Worker.run(Worker.java:63)
Caused by: org.xml.sax.SAXParseException; lineNumber: 3; columnNumber: 66; 在实体引用中, 实体名称必须紧跟在 '&' 后面。
	at com.sun.org.apache.xerces.internal.util.ErrorHandlerWrapper.createSAXParseException(ErrorHandlerWrapper.java:203)
	at com.sun.org.apache.xerces.internal.util.ErrorHandlerWrapper.fatalError(ErrorHandlerWrapper.java:177)
	at com.sun.org.apache.xerces.internal.impl.XMLErrorReporter.reportError(XMLErrorReporter.java:400)
	at com.sun.org.apache.xerces.internal.impl.XMLErrorReporter.reportError(XMLErrorReporter.java:327)
	at com.sun.org.apache.xerces.internal.impl.XMLScanner.reportFatalError(XMLScanner.java:1472)
	at com.sun.org.apache.xerces.internal.impl.XMLScanner.scanAttributeValue(XMLScanner.java:908)
	at com.sun.org.apache.xerces.internal.impl.XMLDocumentFragmentScannerImpl.scanAttribute(XMLDocumentFragmentScannerImpl.java:1548)
	at com.sun.org.apache.xerces.internal.impl.XMLDocumentFragmentScannerImpl.scanStartElement(XMLDocumentFragmentScannerImpl.java:1315)
	at com.sun.org.apache.xerces.internal.impl.XMLDocumentFragmentScannerImpl$FragmentContentDriver.next(XMLDocumentFragmentScannerImpl.java:2784)
	at com.sun.org.apache.xerces.internal.impl.XMLDocumentScannerImpl.next(XMLDocumentScannerImpl.java:602)
	at com.sun.org.apache.xerces.internal.impl.XMLDocumentFragmentScannerImpl.scanDocument(XMLDocumentFragmentScannerImpl.java:505)
	at com.sun.org.apache.xerces.internal.parsers.XML11Configuration.parse(XML11Configuration.java:841)
	at com.sun.org.apache.xerces.internal.parsers.XML11Configuration.parse(XML11Configuration.java:770)
	at com.sun.org.apache.xerces.internal.parsers.XMLParser.parse(XMLParser.java:141)
	at com.sun.org.apache.xerces.internal.parsers.DOMParser.parse(DOMParser.java:243)
	at com.sun.org.apache.xerces.internal.jaxp.DocumentBuilderImpl.parse(DocumentBuilderImpl.java:339)
	at org.eclipse.debug.internal.core.LaunchManager.createInfoFromXML(LaunchManager.java:935)
	at org.eclipse.debug.internal.core.LaunchManager.getInfo(LaunchManager.java:1359)
	... 10 more
!SUBENTRY 1 org.eclipse.debug.core 4 5012 2026-07-28 11:20:41.456
!MESSAGE 读取启动配置文件 F:\code\vibe_project\rollerball\M55\libraries\components\mtb-device-support-pse8xxgp\make\make\scripts\interface_version_4\eclipse\CM33\flash\virgin\KitProg3\single\&&_PRJ_NAME&& Erase Device (KitProg3_MiniProg4).launch 时发生了 org.xml.sax.SAXParseException; lineNumber: 3; columnNumber: 66; 在实体引用中, 实体名称必须紧跟在 '&' 后面。。
!STACK 0
org.xml.sax.SAXParseException; lineNumber: 3; columnNumber: 66; 在实体引用中, 实体名称必须紧跟在 '&' 后面。
	at com.sun.org.apache.xerces.internal.util.ErrorHandlerWrapper.createSAXParseException(ErrorHandlerWrapper.java:203)
	at com.sun.org.apache.xerces.internal.util.ErrorHandlerWrapper.fatalError(ErrorHandlerWrapper.java:177)
	at com.sun.org.apache.xerces.internal.impl.XMLErrorReporter.reportError(XMLErrorReporter.java:400)
	at com.sun.org.apache.xerces.internal.impl.XMLErrorReporter.reportError(XMLErrorReporter.java:327)
	at com.sun.org.apache.xerces.internal.impl.XMLScanner.reportFatalError(XMLScanner.java:1472)
	at com.sun.org.apache.xerces.internal.impl.XMLScanner.scanAttributeValue(XMLScanner.java:908)
	at com.sun.org.apache.xerces.internal.impl.XMLDocumentFragmentScannerImpl.scanAttribute(XMLDocumentFragmentScannerImpl.java:1548)
	at com.sun.org.apache.xerces.internal.impl.XMLDocumentFragmentScannerImpl.scanStartElement(XMLDocumentFragmentScannerImpl.java:1315)
	at com.sun.org.apache.xerces.internal.impl.XMLDocumentFragmentScannerImpl$FragmentContentDriver.next(XMLDocumentFragmentScannerImpl.java:2784)
	at com.sun.org.apache.xerces.internal.impl.XMLDocumentScannerImpl.next(XMLDocumentScannerImpl.java:602)
	at com.sun.org.apache.xerces.internal.impl.XMLDocumentFragmentScannerImpl.scanDocument(XMLDocumentFragmentScannerImpl.java:505)
	at com.sun.org.apache.xerces.internal.parsers.XML11Configuration.parse(XML11Configuration.java:841)
	at com.sun.org.apache.xerces.internal.parsers.XML11Configuration.parse(XML11Configuration.java:770)
	at com.sun.org.apache.xerces.internal.parsers.XMLParser.parse(XMLParser.java:141)
	at com.sun.org.apache.xerces.internal.parsers.DOMParser.parse(DOMParser.java:243)
	at com.sun.org.apache.xerces.internal.jaxp.DocumentBuilderImpl.parse(DocumentBuilderImpl.java:339)
	at org.eclipse.debug.internal.core.LaunchManager.createInfoFromXML(LaunchManager.java:935)
	at org.eclipse.debug.internal.core.LaunchManager.getInfo(LaunchManager.java:1359)
	at org.eclipse.debug.internal.core.LaunchConfiguration.getInfo(LaunchConfiguration.java:490)
	at org.eclipse.debug.internal.core.LaunchConfiguration.getType(LaunchConfiguration.java:645)
	at org.eclipse.debug.internal.core.LaunchManager.isValid(LaunchManager.java:2091)
	at org.eclipse.debug.internal.core.LaunchManager.verifyConfigurations(LaunchManager.java:2462)
	at org.eclipse.debug.internal.core.LaunchManager.getAllLaunchConfigurations(LaunchManager.java:1140)
	at org.eclipse.debug.internal.core.LaunchManager.getLaunchConfigurations(LaunchManager.java:1444)
	at org.eclipse.debug.internal.core.LaunchManager.getLaunchConfigurations(LaunchManager.java:1439)
	at org.eclipse.launchbar.core.internal.LaunchBarManager.init(LaunchBarManager.java:130)
	at org.eclipse.launchbar.core.internal.LaunchBarManager$1.run(LaunchBarManager.java:96)
	at org.eclipse.core.internal.jobs.Worker.run(Worker.java:63)

!ENTRY org.eclipse.debug.core 4 125 2026-07-28 11:20:41.457
!MESSAGE 调试核心所记录的错误：
!STACK 1
org.eclipse.debug.core.DebugException: 读取启动配置文件 F:\code\vibe_project\rollerball\M55\libraries\components\mtb-device-support-pse8xxgp\make\make\scripts\interface_version_4\eclipse\CM33\flash\virgin\KitProg3\single\&&_PRJ_NAME&& Start App (KitProg3_MiniProg4).launch 时发生了 org.xml.sax.SAXParseException; lineNumber: 3; columnNumber: 66; 在实体引用中, 实体名称必须紧跟在 '&' 后面。。
	at org.eclipse.debug.internal.core.LaunchManager.createDebugException(LaunchManager.java:886)
	at org.eclipse.debug.internal.core.LaunchManager.throwException(LaunchManager.java:2448)
	at org.eclipse.debug.internal.core.LaunchManager.getInfo(LaunchManager.java:1366)
	at org.eclipse.debug.internal.core.LaunchConfiguration.getInfo(LaunchConfiguration.java:490)
	at org.eclipse.debug.internal.core.LaunchConfiguration.getType(LaunchConfiguration.java:645)
	at org.eclipse.debug.internal.core.LaunchManager.isValid(LaunchManager.java:2091)
	at org.eclipse.debug.internal.core.LaunchManager.verifyConfigurations(LaunchManager.java:2462)
	at org.eclipse.debug.internal.core.LaunchManager.getAllLaunchConfigurations(LaunchManager.java:1140)
	at org.eclipse.debug.internal.core.LaunchManager.getLaunchConfigurations(LaunchManager.java:1444)
	at org.eclipse.debug.internal.core.LaunchManager.getLaunchConfigurations(LaunchManager.java:1439)
	at org.eclipse.launchbar.core.internal.LaunchBarManager.init(LaunchBarManager.java:130)
	at org.eclipse.launchbar.core.internal.LaunchBarManager$1.run(LaunchBarManager.java:96)
	at org.eclipse.core.internal.jobs.Worker.run(Worker.java:63)
Caused by: org.xml.sax.SAXParseException; lineNumber: 3; columnNumber: 66; 在实体引用中, 实体名称必须紧跟在 '&' 后面。
	at com.sun.org.apache.xerces.internal.util.ErrorHandlerWrapper.createSAXParseException(ErrorHandlerWrapper.java:203)
	at com.sun.org.apache.xerces.internal.util.ErrorHandlerWrapper.fatalError(ErrorHandlerWrapper.java:177)
	at com.sun.org.apache.xerces.internal.impl.XMLErrorReporter.reportError(XMLErrorReporter.java:400)
	at com.sun.org.apache.xerces.internal.impl.XMLErrorReporter.reportError(XMLErrorReporter.java:327)
	at com.sun.org.apache.xerces.internal.impl.XMLScanner.reportFatalError(XMLScanner.java:1472)
	at com.sun.org.apache.xerces.internal.impl.XMLScanner.scanAttributeValue(XMLScanner.java:908)
	at com.sun.org.apache.xerces.internal.impl.XMLDocumentFragmentScannerImpl.scanAttribute(XMLDocumentFragmentScannerImpl.java:1548)
	at com.sun.org.apache.xerces.internal.impl.XMLDocumentFragmentScannerImpl.scanStartElement(XMLDocumentFragmentScannerImpl.java:1315)
	at com.sun.org.apache.xerces.internal.impl.XMLDocumentFragmentScannerImpl$FragmentContentDriver.next(XMLDocumentFragmentScannerImpl.java:2784)
	at com.sun.org.apache.xerces.internal.impl.XMLDocumentScannerImpl.next(XMLDocumentScannerImpl.java:602)
	at com.sun.org.apache.xerces.internal.impl.XMLDocumentFragmentScannerImpl.scanDocument(XMLDocumentFragmentScannerImpl.java:505)
	at com.sun.org.apache.xerces.internal.parsers.XML11Configuration.parse(XML11Configuration.java:841)
	at com.sun.org.apache.xerces.internal.parsers.XML11Configuration.parse(XML11Configuration.java:770)
	at com.sun.org.apache.xerces.internal.parsers.XMLParser.parse(XMLParser.java:141)
	at com.sun.org.apache.xerces.internal.parsers.DOMParser.parse(DOMParser.java:243)
	at com.sun.org.apache.xerces.internal.jaxp.DocumentBuilderImpl.parse(DocumentBuilderImpl.java:339)
	at org.eclipse.debug.internal.core.LaunchManager.createInfoFromXML(LaunchManager.java:935)
	at org.eclipse.debug.internal.core.LaunchManager.getInfo(LaunchManager.java:1359)
	... 10 more
!SUBENTRY 1 org.eclipse.debug.core 4 5012 2026-07-28 11:20:41.457
!MESSAGE 读取启动配置文件 F:\code\vibe_project\rollerball\M55\libraries\components\mtb-device-support-pse8xxgp\make\make\scripts\interface_version_4\eclipse\CM33\flash\virgin\KitProg3\single\&&_PRJ_NAME&& Start App (KitProg3_MiniProg4).launch 时发生了 org.xml.sax.SAXParseException; lineNumber: 3; columnNumber: 66; 在实体引用中, 实体名称必须紧跟在 '&' 后面。。
!STACK 0
org.xml.sax.SAXParseException; lineNumber: 3; columnNumber: 66; 在实体引用中, 实体名称必须紧跟在 '&' 后面。
	at com.sun.org.apache.xerces.internal.util.ErrorHandlerWrapper.createSAXParseException(ErrorHandlerWrapper.java:203)
	at com.sun.org.apache.xerces.internal.util.ErrorHandlerWrapper.fatalError(ErrorHandlerWrapper.java:177)
	at com.sun.org.apache.xerces.internal.impl.XMLErrorReporter.reportError(XMLErrorReporter.java:400)
	at com.sun.org.apache.xerces.internal.impl.XMLErrorReporter.reportError(XMLErrorReporter.java:327)
	at com.sun.org.apache.xerces.internal.impl.XMLScanner.reportFatalError(XMLScanner.java:1472)
	at com.sun.org.apache.xerces.internal.impl.XMLScanner.scanAttributeValue(XMLScanner.java:908)
	at com.sun.org.apache.xerces.internal.impl.XMLDocumentFragmentScannerImpl.scanAttribute(XMLDocumentFragmentScannerImpl.java:1548)
	at com.sun.org.apache.xerces.internal.impl.XMLDocumentFragmentScannerImpl.scanStartElement(XMLDocumentFragmentScannerImpl.java:1315)
	at com.sun.org.apache.xerces.internal.impl.XMLDocumentFragmentScannerImpl$FragmentContentDriver.next(XMLDocumentFragmentScannerImpl.java:2784)
	at com.sun.org.apache.xerces.internal.impl.XMLDocumentScannerImpl.next(XMLDocumentScannerImpl.java:602)
	at com.sun.org.apache.xerces.internal.impl.XMLDocumentFragmentScannerImpl.scanDocument(XMLDocumentFragmentScannerImpl.java:505)
	at com.sun.org.apache.xerces.internal.parsers.XML11Configuration.parse(XML11Configuration.java:841)
	at com.sun.org.apache.xerces.internal.parsers.XML11Configuration.parse(XML11Configuration.java:770)
	at com.sun.org.apache.xerces.internal.parsers.XMLParser.parse(XMLParser.java:141)
	at com.sun.org.apache.xerces.internal.parsers.DOMParser.parse(DOMParser.java:243)
	at com.sun.org.apache.xerces.internal.jaxp.DocumentBuilderImpl.parse(DocumentBuilderImpl.java:339)
	at org.eclipse.debug.internal.core.LaunchManager.createInfoFromXML(LaunchManager.java:935)
	at org.eclipse.debug.internal.core.LaunchManager.getInfo(LaunchManager.java:1359)
	at org.eclipse.debug.internal.core.LaunchConfiguration.getInfo(LaunchConfiguration.java:490)
	at org.eclipse.debug.internal.core.LaunchConfiguration.getType(LaunchConfiguration.java:645)
	at org.eclipse.debug.internal.core.LaunchManager.isValid(LaunchManager.java:2091)
	at org.eclipse.debug.internal.core.LaunchManager.verifyConfigurations(LaunchManager.java:2462)
	at org.eclipse.debug.internal.core.LaunchManager.getAllLaunchConfigurations(LaunchManager.java:1140)
	at org.eclipse.debug.internal.core.LaunchManager.getLaunchConfigurations(LaunchManager.java:1444)
	at org.eclipse.debug.internal.core.LaunchManager.getLaunchConfigurations(LaunchManager.java:1439)
	at org.eclipse.launchbar.core.internal.LaunchBarManager.init(LaunchBarManager.java:130)
	at org.eclipse.launchbar.core.internal.LaunchBarManager$1.run(LaunchBarManager.java:96)
	at org.eclipse.core.internal.jobs.Worker.run(Worker.java:63)
