!SESSION 2026-07-28 11:02:53.530 -----------------------------------------------
eclipse.buildId=unknown
java.version=1.8.0_144
java.vendor=Oracle Corporation
BootLoader constants: OS=win32, ARCH=x86_64, WS=win32, NL=zh_CN
Command-line arguments:  -os win32 -ws win32 -arch x86_64 -clean

This is a continuation of log file F:\code\vibe_project\rollerball\.metadata\.bak_0.log
Created Time: 2026-07-28 11:20:40.906

!ENTRY org.eclipse.debug.core 4 125 2026-07-28 11:20:40.906
!MESSAGE 调试核心所记录的错误：
!STACK 1
org.eclipse.debug.core.DebugException: 读取启动配置文件 F:\code\vibe_project\rollerball\M33\libraries\components\mtb-device-support-pse8xxgp\make\make\scripts\interface_version_4\eclipse\Application\flash\_normal\JLink\&&_APP_NAME&& Program RAM Application (JLink).launch 时发生了 org.xml.sax.SAXParseException; lineNumber: 3; columnNumber: 66; 在实体引用中, 实体名称必须紧跟在 '&' 后面。。
	at org.eclipse.debug.internal.core.LaunchManager.createDebugException(LaunchManager.java:886)
	at org.eclipse.debug.internal.core.LaunchManager.throwException(LaunchManager.java:2448)
	at org.eclipse.debug.internal.core.LaunchManager.getInfo(LaunchManager.java:1366)
	at org.eclipse.debug.internal.core.LaunchConfiguration.getInfo(LaunchConfiguration.java:490)
	at org.eclipse.debug.internal.core.LaunchConfiguration.getType(LaunchConfiguration.java:645)
	at org.eclipse.debug.internal.core.LaunchManager.isValid(LaunchManager.java:2091)
	at org.eclipse.debug.internal.core.LaunchManager.verifyConfigurations(LaunchManager.java:2462)
	at org.eclipse.debug.internal.core.LaunchManager.getAllLaunchConfigurations(LaunchManager.java:1140)
	at org.eclipse.debug.internal.core.LaunchManager.getLaunchConfigurations(LaunchManager.java:1444)
	at org.eclipse.debug.internal.core.LaunchManager.getLaunchConfigurations(LaunchManager.java:1439)
	at org.eclipse.launchbar.core.internal.LaunchBarManager.init(LaunchBarManager.java:130)
	at org.eclipse.launchbar.core.internal.LaunchBarManager$1.run(LaunchBarManager.java:96)
	at org.eclipse.core.internal.jobs.Worker.run(Worker.java:63)
Caused by: org.xml.sax.SAXParseException; lineNumber: 3; columnNumber: 66; 在实体引用中, 实体名称必须紧跟在 '&' 后面。
	at com.sun.org.apache.xerces.internal.util.ErrorHandlerWrapper.createSAXParseException(ErrorHandlerWrapper.java:203)
	at com.sun.org.apache.xerces.internal.util.ErrorHandlerWrapper.fatalError(ErrorHandlerWrapper.java:177)
	at com.sun.org.apache.xerces.internal.impl.XMLErrorReporter.reportError(XMLErrorReporter.java:400)
	at com.sun.org.apache.xerces.internal.impl.XMLErrorReporter.reportError(XMLErrorReporter.java:327)
	at com.sun.org.apache.xerces.internal.impl.XMLScanner.reportFatalError(XMLScanner.java:1472)
	at com.sun.org.apache.xerces.internal.impl.XMLScanner.scanAttributeValue(XMLScanner.java:908)
	at com.sun.org.apache.xerces.internal.impl.XMLDocumentFragmentScannerImpl.scanAttribute(XMLDocumentFragmentScannerImpl.java:1548)
	at com.sun.org.apache.xerces.internal.impl.XMLDocumentFragmentScannerImpl.scanStartElement(XMLDocumentFragmentScannerImpl.java:1315)
	at com.sun.org.apache.xerces.internal.impl.XMLDocumentFragmentScannerImpl$FragmentContentDriver.next(XMLDocumentFragmentScannerImpl.java:2784)
	at com.sun.org.apache.xerces.internal.impl.XMLDocumentScannerImpl.next(XMLDocumentScannerImpl.java:602)
	at com.sun.org.apache.xerces.internal.impl.XMLDocumentFragmentScannerImpl.scanDocument(XMLDocumentFragmentScannerImpl.java:505)
	at com.sun.org.apache.xerces.internal.parsers.XML11Configuration.parse(XML11Configuration.java:841)
	at com.sun.org.apache.xerces.internal.parsers.XML11Configuration.parse(XML11Configuration.java:770)
	at com.sun.org.apache.xerces.internal.parsers.XMLParser.parse(XMLParser.java:141)
	at com.sun.org.apache.xerces.internal.parsers.DOMParser.parse(DOMParser.java:243)
	at com.sun.org.apache.xerces.internal.jaxp.DocumentBuilderImpl.parse(DocumentBuilderImpl.java:339)
	at org.eclipse.debug.internal.core.LaunchManager.createInfoFromXML(LaunchManager.java:935)
	at org.eclipse.debug.internal.core.LaunchManager.getInfo(LaunchManager.java:1359)
	... 10 more
!SUBENTRY 1 org.eclipse.debug.core 4 5012 2026-07-28 11:20:40.910
!MESSAGE 读取启动配置文件 F:\code\vibe_project\rollerball\M33\libraries\components\mtb-device-support-pse8xxgp\make\make\scripts\interface_version_4\eclipse\Application\flash\_normal\JLink\&&_APP_NAME&& Program RAM Application (JLink).launch 时发生了 org.xml.sax.SAXParseException; lineNumber: 3; columnNumber: 66; 在实体引用中, 实体名称必须紧跟在 '&' 后面。。
!STACK 0
org.xml.sax.SAXParseException; lineNumber: 3; columnNumber: 66; 在实体引用中, 实体名称必须紧跟在 '&' 后面。
	at com.sun.org.apache.xerces.internal.util.ErrorHandlerWrapper.createSAXParseException(ErrorHandlerWrapper.java:203)
	at com.sun.org.apache.xerces.internal.util.ErrorHandlerWrapper.fatalError(ErrorHandlerWrapper.java:177)
	at com.sun.org.apache.xerces.internal.impl.XMLErrorReporter.reportError(XMLErrorReporter.java:400)
	at com.sun.org.apache.xerces.internal.impl.XMLErrorReporter.reportError(XMLErrorReporter.java:327)
	at com.sun.org.apache.xerces.internal.impl.XMLScanner.reportFatalError(XMLScanner.java:1472)
	at com.sun.org.apache.xerces.internal.impl.XMLScanner.scanAttributeValue(XMLScanner.java:908)
	at com.sun.org.apache.xerces.internal.impl.XMLDocumentFragmentScannerImpl.scanAttribute(XMLDocumentFragmentScannerImpl.java:1548)
	at com.sun.org.apache.xerces.internal.impl.XMLDocumentFragmentScannerImpl.scanStartElement(XMLDocumentFragmentScannerImpl.java:1315)
	at com.sun.org.apache.xerces.internal.impl.XMLDocumentFragmentScannerImpl$FragmentContentDriver.next(XMLDocumentFragmentScannerImpl.java:2784)
	at com.sun.org.apache.xerces.internal.impl.XMLDocumentScannerImpl.next(XMLDocumentScannerImpl.java:602)
	at com.sun.org.apache.xerces.internal.impl.XMLDocumentFragmentScannerImpl.scanDocument(XMLDocumentFragmentScannerImpl.java:505)
	at com.sun.org.apache.xerces.internal.parsers.XML11Configuration.parse(XML11Configuration.java:841)
	at com.sun.org.apache.xerces.internal.parsers.XML11Configuration.parse(XML11Configuration.java:770)
	at com.sun.org.apache.xerces.internal.parsers.XMLParser.parse(XMLParser.java:141)
	at com.sun.org.apache.xerces.internal.parsers.DOMParser.parse(DOMParser.java:243)
	at com.sun.org.apache.xerces.internal.jaxp.DocumentBuilderImpl.parse(DocumentBuilderImpl.java:339)
	at org.eclipse.debug.internal.core.LaunchManager.createInfoFromXML(LaunchManager.java:935)
	at org.eclipse.debug.internal.core.LaunchManager.getInfo(LaunchManager.java:1359)
	at org.eclipse.debug.internal.core.LaunchConfiguration.getInfo(LaunchConfiguration.java:490)
	at org.eclipse.debug.internal.core.LaunchConfiguration.getType(LaunchConfiguration.java:645)
	at org.eclipse.debug.internal.core.LaunchManager.isValid(LaunchManager.java:2091)
	at org.eclipse.debug.internal.core.LaunchManager.verifyConfigurations(LaunchManager.java:2462)
	at org.eclipse.debug.internal.core.LaunchManager.getAllLaunchConfigurations(LaunchManager.java:1140)
	at org.eclipse.debug.internal.core.LaunchManager.getLaunchConfigurations(LaunchManager.java:1444)
	at org.eclipse.debug.internal.core.LaunchManager.getLaunchConfigurations(LaunchManager.java:1439)
	at org.eclipse.launchbar.core.internal.LaunchBarManager.init(LaunchBarManager.java:130)
	at org.eclipse.launchbar.core.internal.LaunchBarManager$1.run(LaunchBarManager.java:96)
	at org.eclipse.core.internal.jobs.Worker.run(Worker.java:63)

!ENTRY org.eclipse.debug.core 4 125 2026-07-28 11:20:40.912
!MESSAGE 调试核心所记录的错误：
!STACK 1
org.eclipse.debug.core.DebugException: 读取启动配置文件 F:\code\vibe_project\rollerball\M33\libraries\components\mtb-device-support-pse8xxgp\make\make\scripts\interface_version_4\eclipse\Application\flash\_normal\KitProg3\&&_APP_NAME&& Debug MultiCore (KitProg3_MiniProg4).launch 时发生了 org.xml.sax.SAXParseException; lineNumber: 3; columnNumber: 66; 在实体引用中, 实体名称必须紧跟在 '&' 后面。。
	at org.eclipse.debug.internal.core.LaunchManager.createDebugException(LaunchManager.java:886)
	at org.eclipse.debug.internal.core.LaunchManager.throwException(LaunchManager.java:2448)
	at org.eclipse.debug.internal.core.LaunchManager.getInfo(LaunchManager.java:1366)
	at org.eclipse.debug.internal.core.LaunchConfiguration.getInfo(LaunchConfiguration.java:490)
	at org.eclipse.debug.internal.core.LaunchConfiguration.getType(LaunchConfiguration.java:645)
	at org.eclipse.debug.internal.core.LaunchManager.isValid(LaunchManager.java:2091)
	at org.eclipse.debug.internal.core.LaunchManager.verifyConfigurations(LaunchManager.java:2462)
	at org.eclipse.debug.internal.core.LaunchManager.getAllLaunchConfigurations(LaunchManager.java:1140)
	at org.eclipse.debug.internal.core.LaunchManager.getLaunchConfigurations(LaunchManager.java:1444)
	at org.eclipse.debug.internal.core.LaunchManager.getLaunchConfigurations(LaunchManager.java:1439)
	at org.eclipse.launchbar.core.internal.LaunchBarManager.init(LaunchBarManager.java:130)
	at org.eclipse.launchbar.core.internal.LaunchBarManager$1.run(LaunchBarManager.java:96)
	at org.eclipse.core.internal.jobs.Worker.run(Worker.java:63)
Caused by: org.xml.sax.SAXParseException; lineNumber: 3; columnNumber: 66; 在实体引用中, 实体名称必须紧跟在 '&' 后面。
	at com.sun.org.apache.xerces.internal.util.ErrorHandlerWrapper.createSAXParseException(ErrorHandlerWrapper.java:203)
	at com.sun.org.apache.xerces.internal.util.ErrorHandlerWrapper.fatalError(ErrorHandlerWrapper.java:177)
	at com.sun.org.apache.xerces.internal.impl.XMLErrorReporter.reportError(XMLErrorReporter.java:400)
	at com.sun.org.apache.xerces.internal.impl.XMLErrorReporter.reportError(XMLErrorReporter.java:327)
	at com.sun.org.apache.xerces.internal.impl.XMLScanner.reportFatalError(XMLScanner.java:1472)
	at com.sun.org.apache.xerces.internal.impl.XMLScanner.scanAttributeValue(XMLScanner.java:908)
	at com.sun.org.apache.xerces.internal.impl.XMLDocumentFragmentScannerImpl.scanAttribute(XMLDocumentFragmentScannerImpl.java:1548)
	at com.sun.org.apache.xerces.internal.impl.XMLDocumentFragmentScannerImpl.scanStartElement(XMLDocumentFragmentScannerImpl.java:1315)
	at com.sun.org.apache.xerces.internal.impl.XMLDocumentFragmentScannerImpl$FragmentContentDriver.next(XMLDocumentFragmentScannerImpl.java:2784)
	at com.sun.org.apache.xerces.internal.impl.XMLDocumentScannerImpl.next(XMLDocumentScannerImpl.java:602)
	at com.sun.org.apache.xerces.internal.impl.XMLDocumentFragmentScannerImpl.scanDocument(XMLDocumentFragmentScannerImpl.java:505)
	at com.sun.org.apache.xerces.internal.parsers.XML11Configuration.parse(XML11Configuration.java:841)
	at com.sun.org.apache.xerces.internal.parsers.XML11Configuration.parse(XML11Configuration.java:770)
	at com.sun.org.apache.xerces.internal.parsers.XMLParser.parse(XMLParser.java:141)
	at com.sun.org.apache.xerces.internal.parsers.DOMParser.parse(DOMParser.java:243)
	at com.sun.org.apache.xerces.internal.jaxp.DocumentBuilderImpl.parse(DocumentBuilderImpl.java:339)
	at org.eclipse.debug.internal.core.LaunchManager.createInfoFromXML(LaunchManager.java:935)
	at org.eclipse.debug.internal.core.LaunchManager.getInfo(LaunchManager.java:1359)
	... 10 more
!SUBENTRY 1 org.eclipse.debug.core 4 5012 2026-07-28 11:20:40.912
!MESSAGE 读取启动配置文件 F:\code\vibe_project\rollerball\M33\libraries\components\mtb-device-support-pse8xxgp\make\make\scripts\interface_version_4\eclipse\Application\flash\_normal\KitProg3\&&_APP_NAME&& Debug MultiCore (KitProg3_MiniProg4).launch 时发生了 org.xml.sax.SAXParseException; lineNumber: 3; columnNumber: 66; 在实体引用中, 实体名称必须紧跟在 '&' 后面。。
!STACK 0
org.xml.sax.SAXParseException; lineNumber: 3; columnNumber: 66; 在实体引用中, 实体名称必须紧跟在 '&' 后面。
	at com.sun.org.apache.xerces.internal.util.ErrorHandlerWrapper.createSAXParseException(ErrorHandlerWrapper.java:203)
	at com.sun.org.apache.xerces.internal.util.ErrorHandlerWrapper.fatalError(ErrorHandlerWrapper.java:177)
	at com.sun.org.apache.xerces.internal.impl.XMLErrorReporter.reportError(XMLErrorReporter.java:400)
	at com.sun.org.apache.xerces.internal.impl.XMLErrorReporter.reportError(XMLErrorReporter.java:327)
	at com.sun.org.apache.xerces.internal.impl.XMLScanner.reportFatalError(XMLScanner.java:1472)
	at com.sun.org.apache.xerces.internal.impl.XMLScanner.scanAttributeValue(XMLScanner.java:908)
	at com.sun.org.apache.xerces.internal.impl.XMLDocumentFragmentScannerImpl.scanAttribute(XMLDocumentFragmentScannerImpl.java:1548)
	at com.sun.org.apache.xerces.internal.impl.XMLDocumentFragmentScannerImpl.scanStartElement(XMLDocumentFragmentScannerImpl.java:1315)
	at com.sun.org.apache.xerces.internal.impl.XMLDocumentFragmentScannerImpl$FragmentContentDriver.next(XMLDocumentFragmentScannerImpl.java:2784)
	at com.sun.org.apache.xerces.internal.impl.XMLDocumentScannerImpl.next(XMLDocumentScannerImpl.java:602)
	at com.sun.org.apache.xerces.internal.impl.XMLDocumentFragmentScannerImpl.scanDocument(XMLDocumentFragmentScannerImpl.java:505)
	at com.sun.org.apache.xerces.internal.parsers.XML11Configuration.parse(XML11Configuration.java:841)
	at com.sun.org.apache.xerces.internal.parsers.XML11Configuration.parse(XML11Configuration.java:770)
	at com.sun.org.apache.xerces.internal.parsers.XMLParser.parse(XMLParser.java:141)
	at com.sun.org.apache.xerces.internal.parsers.DOMParser.parse(DOMParser.java:243)
	at com.sun.org.apache.xerces.internal.jaxp.DocumentBuilderImpl.parse(DocumentBuilderImpl.java:339)
	at org.eclipse.debug.internal.core.LaunchManager.createInfoFromXML(LaunchManager.java:935)
	at org.eclipse.debug.internal.core.LaunchManager.getInfo(LaunchManager.java:1359)
	at org.eclipse.debug.internal.core.LaunchConfiguration.getInfo(LaunchConfiguration.java:490)
	at org.eclipse.debug.internal.core.LaunchConfiguration.getType(LaunchConfiguration.java:645)
	at org.eclipse.debug.internal.core.LaunchManager.isValid(LaunchManager.java:2091)
	at org.eclipse.debug.internal.core.LaunchManager.verifyConfigurations(LaunchManager.java:2462)
	at org.eclipse.debug.internal.core.LaunchManager.getAllLaunchConfigurations(LaunchManager.java:1140)
	at org.eclipse.debug.internal.core.LaunchManager.getLaunchConfigurations(LaunchManager.java:1444)
	at org.eclipse.debug.internal.core.LaunchManager.getLaunchConfigurations(LaunchManager.java:1439)
	at org.eclipse.launchbar.core.internal.LaunchBarManager.init(LaunchBarManager.java:130)
	at org.eclipse.launchbar.core.internal.LaunchBarManager$1.run(LaunchBarManager.java:96)
	at org.eclipse.core.internal.jobs.Worker.run(Worker.java:63)

!ENTRY org.eclipse.debug.core 4 125 2026-07-28 11:20:40.914
!MESSAGE 调试核心所记录的错误：
!STACK 1
org.eclipse.debug.core.DebugException: 读取启动配置文件 F:\code\vibe_project\rollerball\M33\libraries\components\mtb-device-support-pse8xxgp\make\make\scripts\interface_version_4\eclipse\Application\flash\normal\JLink\&&_APP_NAME&& Debug MultiCore (JLink).launch 时发生了 org.xml.sax.SAXParseException; lineNumber: 3; columnNumber: 66; 在实体引用中, 实体名称必须紧跟在 '&' 后面。。
	at org.eclipse.debug.internal.core.LaunchManager.createDebugException(LaunchManager.java:886)
	at org.eclipse.debug.internal.core.LaunchManager.throwException(LaunchManager.java:2448)
	at org.eclipse.debug.internal.core.LaunchManager.getInfo(LaunchManager.java:1366)
	at org.eclipse.debug.internal.core.LaunchConfiguration.getInfo(LaunchConfiguration.java:490)
	at org.eclipse.debug.internal.core.LaunchConfiguration.getType(LaunchConfiguration.java:645)
	at org.eclipse.debug.internal.core.LaunchManager.isValid(LaunchManager.java:2091)
	at org.eclipse.debug.internal.core.LaunchManager.verifyConfigurations(LaunchManager.java:2462)
	at org.eclipse.debug.internal.core.LaunchManager.getAllLaunchConfigurations(LaunchManager.java:1140)
	at org.eclipse.debug.internal.core.LaunchManager.getLaunchConfigurations(LaunchManager.java:1444)
	at org.eclipse.debug.internal.core.LaunchManager.getLaunchConfigurations(LaunchManager.java:1439)
	at org.eclipse.launchbar.core.internal.LaunchBarManager.init(LaunchBarManager.java:130)
	at org.eclipse.launchbar.core.internal.LaunchBarManager$1.run(LaunchBarManager.java:96)
	at org.eclipse.core.internal.jobs.Worker.run(Worker.java:63)
Caused by: org.xml.sax.SAXParseException; lineNumber: 3; columnNumber: 66; 在实体引用中, 实体名称必须紧跟在 '&' 后面。
	at com.sun.org.apache.xerces.internal.util.ErrorHandlerWrapper.createSAXParseException(ErrorHandlerWrapper.java:203)
	at com.sun.org.apache.xerces.internal.util.ErrorHandlerWrapper.fatalError(ErrorHandlerWrapper.java:177)
	at com.sun.org.apache.xerces.internal.impl.XMLErrorReporter.reportError(XMLErrorReporter.java:400)
	at com.sun.org.apache.xerces.internal.impl.XMLErrorReporter.reportError(XMLErrorReporter.java:327)
	at com.sun.org.apache.xerces.internal.impl.XMLScanner.reportFatalError(XMLScanner.java:1472)
	at com.sun.org.apache.xerces.internal.impl.XMLScanner.scanAttributeValue(XMLScanner.java:908)
	at com.sun.org.apache.xerces.internal.impl.XMLDocumentFragmentScannerImpl.scanAttribute(XMLDocumentFragmentScannerImpl.java:1548)
	at com.sun.org.apache.xerces.internal.impl.XMLDocumentFragmentScannerImpl.scanStartElement(XMLDocumentFragmentScannerImpl.java:1315)
	at com.sun.org.apache.xerces.internal.impl.XMLDocumentFragmentScannerImpl$FragmentContentDriver.next(XMLDocumentFragmentScannerImpl.java:2784)
	at com.sun.org.apache.xerces.internal.impl.XMLDocumentScannerImpl.next(XMLDocumentScannerImpl.java:602)
	at com.sun.org.apache.xerces.internal.impl.XMLDocumentFragmentScannerImpl.scanDocument(XMLDocumentFragmentScannerImpl.java:505)
	at com.sun.org.apache.xerces.internal.parsers.XML11Configuration.parse(XML11Configuration.java:841)
	at com.sun.org.apache.xerces.internal.parsers.XML11Configuration.parse(XML11Configuration.java:770)
	at com.sun.org.apache.xerces.internal.parsers.XMLParser.parse(XMLParser.java:141)
	at com.sun.org.apache.xerces.internal.parsers.DOMParser.parse(DOMParser.java:243)
	at com.sun.org.apache.xerces.internal.jaxp.DocumentBuilderImpl.parse(DocumentBuilderImpl.java:339)
	at org.eclipse.debug.internal.core.LaunchManager.createInfoFromXML(LaunchManager.java:935)
	at org.eclipse.debug.internal.core.LaunchManager.getInfo(LaunchManager.java:1359)
	... 10 more
!SUBENTRY 1 org.eclipse.debug.core 4 5012 2026-07-28 11:20:40.914
!MESSAGE 读取启动配置文件 F:\code\vibe_project\rollerball\M33\libraries\components\mtb-device-support-pse8xxgp\make\make\scripts\interface_version_4\eclipse\Application\flash\normal\JLink\&&_APP_NAME&& Debug MultiCore (JLink).launch 时发生了 org.xml.sax.SAXParseException; lineNumber: 3; columnNumber: 66; 在实体引用中, 实体名称必须紧跟在 '&' 后面。。
!STACK 0
org.xml.sax.SAXParseException; lineNumber: 3; columnNumber: 66; 在实体引用中, 实体名称必须紧跟在 '&' 后面。
	at com.sun.org.apache.xerces.internal.util.ErrorHandlerWrapper.createSAXParseException(ErrorHandlerWrapper.java:203)
	at com.sun.org.apache.xerces.internal.util.ErrorHandlerWrapper.fatalError(ErrorHandlerWrapper.java:177)
	at com.sun.org.apache.xerces.internal.impl.XMLErrorReporter.reportError(XMLErrorReporter.java:400)
	at com.sun.org.apache.xerces.internal.impl.XMLErrorReporter.reportError(XMLErrorReporter.java:327)
	at com.sun.org.apache.xerces.internal.impl.XMLScanner.reportFatalError(XMLScanner.java:1472)
	at com.sun.org.apache.xerces.internal.impl.XMLScanner.scanAttributeValue(XMLScanner.java:908)
	at com.sun.org.apache.xerces.internal.impl.XMLDocumentFragmentScannerImpl.scanAttribute(XMLDocumentFragmentScannerImpl.java:1548)
	at com.sun.org.apache.xerces.internal.impl.XMLDocumentFragmentScannerImpl.scanStartElement(XMLDocumentFragmentScannerImpl.java:1315)
	at com.sun.org.apache.xerces.internal.impl.XMLDocumentFragmentScannerImpl$FragmentContentDriver.next(XMLDocumentFragmentScannerImpl.java:2784)
	at com.sun.org.apache.xerces.internal.impl.XMLDocumentScannerImpl.next(XMLDocumentScannerImpl.java:602)
	at com.sun.org.apache.xerces.internal.impl.XMLDocumentFragmentScannerImpl.scanDocument(XMLDocumentFragmentScannerImpl.java:505)
	at com.sun.org.apache.xerces.internal.parsers.XML11Configuration.parse(XML11Configuration.java:841)
	at com.sun.org.apache.xerces.internal.parsers.XML11Configuration.parse(XML11Configuration.java:770)
	at com.sun.org.apache.xerces.internal.parsers.XMLParser.parse(XMLParser.java:141)
	at com.sun.org.apache.xerces.internal.parsers.DOMParser.parse(DOMParser.java:243)
	at com.sun.org.apache.xerces.internal.jaxp.DocumentBuilderImpl.parse(DocumentBuilderImpl.java:339)
	at org.eclipse.debug.internal.core.LaunchManager.createInfoFromXML(LaunchManager.java:935)
	at org.eclipse.debug.internal.core.LaunchManager.getInfo(LaunchManager.java:1359)
	at org.eclipse.debug.internal.core.LaunchConfiguration.getInfo(LaunchConfiguration.java:490)
	at org.eclipse.debug.internal.core.LaunchConfiguration.getType(LaunchConfiguration.java:645)
	at org.eclipse.debug.internal.core.LaunchManager.isValid(LaunchManager.java:2091)
	at org.eclipse.debug.internal.core.LaunchManager.verifyConfigurations(LaunchManager.java:2462)
	at org.eclipse.debug.internal.core.LaunchManager.getAllLaunchConfigurations(LaunchManager.java:1140)
	at org.eclipse.debug.internal.core.LaunchManager.getLaunchConfigurations(LaunchManager.java:1444)
	at org.eclipse.debug.internal.core.LaunchManager.getLaunchConfigurations(LaunchManager.java:1439)
	at org.eclipse.launchbar.core.internal.LaunchBarManager.init(LaunchBarManager.java:130)
	at org.eclipse.launchbar.core.internal.LaunchBarManager$1.run(LaunchBarManager.java:96)
	at org.eclipse.core.internal.jobs.Worker.run(Worker.java:63)

!ENTRY org.eclipse.debug.core 4 125 2026-07-28 11:20:40.914
!MESSAGE 调试核心所记录的错误：
!STACK 1
org.eclipse.debug.core.DebugException: 读取启动配置文件 F:\code\vibe_project\rollerball\M33\libraries\components\mtb-device-support-pse8xxgp\make\make\scripts\interface_version_4\eclipse\Application\flash\normal\JLink\&&_PRJ_NAME&& Debug Multicore (JLink).launch 时发生了 org.xml.sax.SAXParseException; lineNumber: 3; columnNumber: 66; 在实体引用中, 实体名称必须紧跟在 '&' 后面。。
	at org.eclipse.debug.internal.core.LaunchManager.createDebugException(LaunchManager.java:886)
	at org.eclipse.debug.internal.core.LaunchManager.throwException(LaunchManager.java:2448)
	at org.eclipse.debug.internal.core.LaunchManager.getInfo(LaunchManager.java:1366)
	at org.eclipse.debug.internal.core.LaunchConfiguration.getInfo(LaunchConfiguration.java:490)
	at org.eclipse.debug.internal.core.LaunchConfiguration.getType(LaunchConfiguration.java:645)
	at org.eclipse.debug.internal.core.LaunchManager.isValid(LaunchManager.java:2091)
	at org.eclipse.debug.internal.core.LaunchManager.verifyConfigurations(LaunchManager.java:2462)
	at org.eclipse.debug.internal.core.LaunchManager.getAllLaunchConfigurations(LaunchManager.java:1140)
	at org.eclipse.debug.internal.core.LaunchManager.getLaunchConfigurations(LaunchManager.java:1444)
	at org.eclipse.debug.internal.core.LaunchManager.getLaunchConfigurations(LaunchManager.java:1439)
	at org.eclipse.launchbar.core.internal.LaunchBarManager.init(LaunchBarManager.java:130)
	at org.eclipse.launchbar.core.internal.LaunchBarManager$1.run(LaunchBarManager.java:96)
	at org.eclipse.core.internal.jobs.Worker.run(Worker.java:63)
Caused by: org.xml.sax.SAXParseException; lineNumber: 3; columnNumber: 66; 在实体引用中, 实体名称必须紧跟在 '&' 后面。
	at com.sun.org.apache.xerces.internal.util.ErrorHandlerWrapper.createSAXParseException(ErrorHandlerWrapper.java:203)
	at com.sun.org.apache.xerces.internal.util.ErrorHandlerWrapper.fatalError(ErrorHandlerWrapper.java:177)
	at com.sun.org.apache.xerces.internal.impl.XMLErrorReporter.reportError(XMLErrorReporter.java:400)
	at com.sun.org.apache.xerces.internal.impl.XMLErrorReporter.reportError(XMLErrorReporter.java:327)
	at com.sun.org.apache.xerces.internal.impl.XMLScanner.reportFatalError(XMLScanner.java:1472)
	at com.sun.org.apache.xerces.internal.impl.XMLScanner.scanAttributeValue(XMLScanner.java:908)
	at com.sun.org.apache.xerces.internal.impl.XMLDocumentFragmentScannerImpl.scanAttribute(XMLDocumentFragmentScannerImpl.java:1548)
	at com.sun.org.apache.xerces.internal.impl.XMLDocumentFragmentScannerImpl.scanStartElement(XMLDocumentFragmentScannerImpl.java:1315)
	at com.sun.org.apache.xerces.internal.impl.XMLDocumentFragmentScannerImpl$FragmentContentDriver.next(XMLDocumentFragmentScannerImpl.java:2784)
	at com.sun.org.apache.xerces.internal.impl.XMLDocumentScannerImpl.next(XMLDocumentScannerImpl.java:602)
	at com.sun.org.apache.xerces.internal.impl.XMLDocumentFragmentScannerImpl.scanDocument(XMLDocumentFragmentScannerImpl.java:505)
	at com.sun.org.apache.xerces.internal.parsers.XML11Configuration.parse(XML11Configuration.java:841)
	at com.sun.org.apache.xerces.internal.parsers.XML11Configuration.parse(XML11Configuration.java:770)
	at com.sun.org.apache.xerces.internal.parsers.XMLParser.parse(XMLParser.java:141)
	at com.sun.org.apache.xerces.internal.parsers.DOMParser.parse(DOMParser.java:243)
	at com.sun.org.apache.xerces.internal.jaxp.DocumentBuilderImpl.parse(DocumentBuilderImpl.java:339)
	at org.eclipse.debug.internal.core.LaunchManager.createInfoFromXML(LaunchManager.java:935)
	at org.eclipse.debug.internal.core.LaunchManager.getInfo(LaunchManager.java:1359)
	... 10 more
!SUBENTRY 1 org.eclipse.debug.core 4 5012 2026-07-28 11:20:40.914
!MESSAGE 读取启动配置文件 F:\code\vibe_project\rollerball\M33\libraries\components\mtb-device-support-pse8xxgp\make\make\scripts\interface_version_4\eclipse\Application\flash\normal\JLink\&&_PRJ_NAME&& Debug Multicore (JLink).launch 时发生了 org.xml.sax.SAXParseException; lineNumber: 3; columnNumber: 66; 在实体引用中, 实体名称必须紧跟在 '&' 后面。。
!STACK 0
org.xml.sax.SAXParseException; lineNumber: 3; columnNumber: 66; 在实体引用中, 实体名称必须紧跟在 '&' 后面。
	at com.sun.org.apache.xerces.internal.util.ErrorHandlerWrapper.createSAXParseException(ErrorHandlerWrapper.java:203)
	at com.sun.org.apache.xerces.internal.util.ErrorHandlerWrapper.fatalError(ErrorHandlerWrapper.java:177)
	at com.sun.org.apache.xerces.internal.impl.XMLErrorReporter.reportError(XMLErrorReporter.java:400)
	at com.sun.org.apache.xerces.internal.impl.XMLErrorReporter.reportError(XMLErrorReporter.java:327)
	at com.sun.org.apache.xerces.internal.impl.XMLScanner.reportFatalError(XMLScanner.java:1472)
	at com.sun.org.apache.xerces.internal.impl.XMLScanner.scanAttributeValue(XMLScanner.java:908)
	at com.sun.org.apache.xerces.internal.impl.XMLDocumentFragmentScannerImpl.scanAttribute(XMLDocumentFragmentScannerImpl.java:1548)
	at com.sun.org.apache.xerces.internal.impl.XMLDocumentFragmentScannerImpl.scanStartElement(XMLDocumentFragmentScannerImpl.java:1315)
	at com.sun.org.apache.xerces.internal.impl.XMLDocumentFragmentScannerImpl$FragmentContentDriver.next(XMLDocumentFragmentScannerImpl.java:2784)
	at com.sun.org.apache.xerces.internal.impl.XMLDocumentScannerImpl.next(XMLDocumentScannerImpl.java:602)
	at com.sun.org.apache.xerces.internal.impl.XMLDocumentFragmentScannerImpl.scanDocument(XMLDocumentFragmentScannerImpl.java:505)
	at com.sun.org.apache.xerces.internal.parsers.XML11Configuration.parse(XML11Configuration.java:841)
	at com.sun.org.apache.xerces.internal.parsers.XML11Configuration.parse(XML11Configuration.java:770)
	at com.sun.org.apache.xerces.internal.parsers.XMLParser.parse(XMLParser.java:141)
	at com.sun.org.apache.xerces.internal.parsers.DOMParser.parse(DOMParser.java:243)
	at com.sun.org.apache.xerces.internal.jaxp.DocumentBuilderImpl.parse(DocumentBuilderImpl.java:339)
	at org.eclipse.debug.internal.core.LaunchManager.createInfoFromXML(LaunchManager.java:935)
	at org.eclipse.debug.internal.core.LaunchManager.getInfo(LaunchManager.java:1359)
	at org.eclipse.debug.internal.core.LaunchConfiguration.getInfo(LaunchConfiguration.java:490)
	at org.eclipse.debug.internal.core.LaunchConfiguration.getType(LaunchConfiguration.java:645)
	at org.eclipse.debug.internal.core.LaunchManager.isValid(LaunchManager.java:2091)
	at org.eclipse.debug.internal.core.LaunchManager.verifyConfigurations(LaunchManager.java:2462)
	at org.eclipse.debug.internal.core.LaunchManager.getAllLaunchConfigurations(LaunchManager.java:1140)
	at org.eclipse.debug.internal.core.LaunchManager.getLaunchConfigurations(LaunchManager.java:1444)
	at org.eclipse.debug.internal.core.LaunchManager.getLaunchConfigurations(LaunchManager.java:1439)
	at org.eclipse.launchbar.core.internal.LaunchBarManager.init(LaunchBarManager.java:130)
	at org.eclipse.launchbar.core.internal.LaunchBarManager$1.run(LaunchBarManager.java:96)
	at org.eclipse.core.internal.jobs.Worker.run(Worker.java:63)

!ENTRY org.eclipse.debug.core 4 125 2026-07-28 11:20:40.919
!MESSAGE 调试核心所记录的错误：
!STACK 1
org.eclipse.debug.core.DebugException: 读取启动配置文件 F:\code\vibe_project\rollerball\M33\libraries\components\mtb-device-support-pse8xxgp\make\make\scripts\interface_version_4\eclipse\Application\flash\normal\KitProg3\&&_APP_NAME&& Debug MultiCore (KitProg3_MiniProg4).launch 时发生了 org.xml.sax.SAXParseException; lineNumber: 3; columnNumber: 66; 在实体引用中, 实体名称必须紧跟在 '&' 后面。。
	at org.eclipse.debug.internal.core.LaunchManager.createDebugException(LaunchManager.java:886)
	at org.eclipse.debug.internal.core.LaunchManager.throwException(LaunchManager.java:2448)
	at org.eclipse.debug.internal.core.LaunchManager.getInfo(LaunchManager.java:1366)
	at org.eclipse.debug.internal.core.LaunchConfiguration.getInfo(LaunchConfiguration.java:490)
	at org.eclipse.debug.internal.core.LaunchConfiguration.getType(LaunchConfiguration.java:645)
	at org.eclipse.debug.internal.core.LaunchManager.isValid(LaunchManager.java:2091)
	at org.eclipse.debug.internal.core.LaunchManager.verifyConfigurations(LaunchManager.java:2462)
	at org.eclipse.debug.internal.core.LaunchManager.getAllLaunchConfigurations(LaunchManager.java:1140)
	at org.eclipse.debug.internal.core.LaunchManager.getLaunchConfigurations(LaunchManager.java:1444)
	at org.eclipse.debug.internal.core.LaunchManager.getLaunchConfigurations(LaunchManager.java:1439)
	at org.eclipse.launchbar.core.internal.LaunchBarManager.init(LaunchBarManager.java:130)
	at org.eclipse.launchbar.core.internal.LaunchBarManager$1.run(LaunchBarManager.java:96)
	at org.eclipse.core.internal.jobs.Worker.run(Worker.java:63)
Caused by: org.xml.sax.SAXParseException; lineNumber: 3; columnNumber: 66; 在实体引用中, 实体名称必须紧跟在 '&' 后面。
	at com.sun.org.apache.xerces.internal.util.ErrorHandlerWrapper.createSAXParseException(ErrorHandlerWrapper.java:203)
	at com.sun.org.apache.xerces.internal.util.ErrorHandlerWrapper.fatalError(ErrorHandlerWrapper.java:177)
	at com.sun.org.apache.xerces.internal.impl.XMLErrorReporter.reportError(XMLErrorReporter.java:400)
	at com.sun.org.apache.xerces.internal.impl.XMLErrorReporter.reportError(XMLErrorReporter.java:327)
	at com.sun.org.apache.xerces.internal.impl.XMLScanner.reportFatalError(XMLScanner.java:1472)
	at com.sun.org.apache.xerces.internal.impl.XMLScanner.scanAttributeValue(XMLScanner.java:908)
	at com.sun.org.apache.xerces.internal.impl.XMLDocumentFragmentScannerImpl.scanAttribute(XMLDocumentFragmentScannerImpl.java:1548)
	at com.sun.org.apache.xerces.internal.impl.XMLDocumentFragmentScannerImpl.scanStartElement(XMLDocumentFragmentScannerImpl.java:1315)
	at com.sun.org.apache.xerces.internal.impl.XMLDocumentFragmentScannerImpl$FragmentContentDriver.next(XMLDocumentFragmentScannerImpl.java:2784)
	at com.sun.org.apache.xerces.internal.impl.XMLDocumentScannerImpl.next(XMLDocumentScannerImpl.java:602)
	at com.sun.org.apache.xerces.internal.impl.XMLDocumentFragmentScannerImpl.scanDocument(XMLDocumentFragmentScannerImpl.java:505)
	at com.sun.org.apache.xerces.internal.parsers.XML11Configuration.parse(XML11Configuration.java:841)
	at com.sun.org.apache.xerces.internal.parsers.XML11Configuration.parse(XML11Configuration.java:770)
	at com.sun.org.apache.xerces.internal.parsers.XMLParser.parse(XMLParser.java:141)
	at com.sun.org.apache.xerces.internal.parsers.DOMParser.parse(DOMParser.java:243)
	at com.sun.org.apache.xerces.internal.jaxp.DocumentBuilderImpl.parse(DocumentBuilderImpl.java:339)
	at org.eclipse.debug.internal.core.LaunchManager.createInfoFromXML(LaunchManager.java:935)
	at org.eclipse.debug.internal.core.LaunchManager.getInfo(LaunchManager.java:1359)
	... 10 more
!SUBENTRY 1 org.eclipse.debug.core 4 5012 2026-07-28 11:20:40.919
!MESSAGE 读取启动配置文件 F:\code\vibe_project\rollerball\M33\libraries\components\mtb-device-support-pse8xxgp\make\make\scripts\interface_version_4\eclipse\Application\flash\normal\KitProg3\&&_APP_NAME&& Debug MultiCore (KitProg3_MiniProg4).launch 时发生了 org.xml.sax.SAXParseException; lineNumber: 3; columnNumber: 66; 在实体引用中, 实体名称必须紧跟在 '&' 后面。。
!STACK 0
org.xml.sax.SAXParseException; lineNumber: 3; columnNumber: 66; 在实体引用中, 实体名称必须紧跟在 '&' 后面。
	at com.sun.org.apache.xerces.internal.util.ErrorHandlerWrapper.createSAXParseException(ErrorHandlerWrapper.java:203)
	at com.sun.org.apache.xerces.internal.util.ErrorHandlerWrapper.fatalError(ErrorHandlerWrapper.java:177)
	at com.sun.org.apache.xerces.internal.impl.XMLErrorReporter.reportError(XMLErrorReporter.java:400)
	at com.sun.org.apache.xerces.internal.impl.XMLErrorReporter.reportError(XMLErrorReporter.java:327)
	at com.sun.org.apache.xerces.internal.impl.XMLScanner.reportFatalError(XMLScanner.java:1472)
	at com.sun.org.apache.xerces.internal.impl.XMLScanner.scanAttributeValue(XMLScanner.java:908)
	at com.sun.org.apache.xerces.internal.impl.XMLDocumentFragmentScannerImpl.scanAttribute(XMLDocumentFragmentScannerImpl.java:1548)
	at com.sun.org.apache.xerces.internal.impl.XMLDocumentFragmentScannerImpl.scanStartElement(XMLDocumentFragmentScannerImpl.java:1315)
	at com.sun.org.apache.xerces.internal.impl.XMLDocumentFragmentScannerImpl$FragmentContentDriver.next(XMLDocumentFragmentScannerImpl.java:2784)
	at com.sun.org.apache.xerces.internal.impl.XMLDocumentScannerImpl.next(XMLDocumentScannerImpl.java:602)
	at com.sun.org.apache.xerces.internal.impl.XMLDocumentFragmentScannerImpl.scanDocument(XMLDocumentFragmentScannerImpl.java:505)
	at com.sun.org.apache.xerces.internal.parsers.XML11Configuration.parse(XML11Configuration.java:841)
	at com.sun.org.apache.xerces.internal.parsers.XML11Configuration.parse(XML11Configuration.java:770)
	at com.sun.org.apache.xerces.internal.parsers.XMLParser.parse(XMLParser.java:141)
	at com.sun.org.apache.xerces.internal.parsers.DOMParser.parse(DOMParser.java:243)
	at com.sun.org.apache.xerces.internal.jaxp.DocumentBuilderImpl.parse(DocumentBuilderImpl.java:339)
	at org.eclipse.debug.internal.core.LaunchManager.createInfoFromXML(LaunchManager.java:935)
	at org.eclipse.debug.internal.core.LaunchManager.getInfo(LaunchManager.java:1359)
	at org.eclipse.debug.internal.core.LaunchConfiguration.getInfo(LaunchConfiguration.java:490)
	at org.eclipse.debug.internal.core.LaunchConfiguration.getType(LaunchConfiguration.java:645)
	at org.eclipse.debug.internal.core.LaunchManager.isValid(LaunchManager.java:2091)
	at org.eclipse.debug.internal.core.LaunchManager.verifyConfigurations(LaunchManager.java:2462)
	at org.eclipse.debug.internal.core.LaunchManager.getAllLaunchConfigurations(LaunchManager.java:1140)
	at org.eclipse.debug.internal.core.LaunchManager.getLaunchConfigurations(LaunchManager.java:1444)
	at org.eclipse.debug.internal.core.LaunchManager.getLaunchConfigurations(LaunchManager.java:1439)
	at org.eclipse.launchbar.core.internal.LaunchBarManager.init(LaunchBarManager.java:130)
	at org.eclipse.launchbar.core.internal.LaunchBarManager$1.run(LaunchBarManager.java:96)
	at org.eclipse.core.internal.jobs.Worker.run(Worker.java:63)

!ENTRY org.eclipse.debug.core 4 125 2026-07-28 11:20:40.920
!MESSAGE 调试核心所记录的错误：
!STACK 1
org.eclipse.debug.core.DebugException: 读取启动配置文件 F:\code\vibe_project\rollerball\M33\libraries\components\mtb-device-support-pse8xxgp\make\make\scripts\interface_version_4\eclipse\Application\flash\normal\KitProg3\&&_PRJ_NAME&& Debug Multicore (KitProg3_MiniProg4).launch 时发生了 org.xml.sax.SAXParseException; lineNumber: 3; columnNumber: 66; 在实体引用中, 实体名称必须紧跟在 '&' 后面。。
	at org.eclipse.debug.internal.core.LaunchManager.createDebugException(LaunchManager.java:886)
	at org.eclipse.debug.internal.core.LaunchManager.throwException(LaunchManager.java:2448)
	at org.eclipse.debug.internal.core.LaunchManager.getInfo(LaunchManager.java:1366)
	at org.eclipse.debug.internal.core.LaunchConfiguration.getInfo(LaunchConfiguration.java:490)
	at org.eclipse.debug.internal.core.LaunchConfiguration.getType(LaunchConfiguration.java:645)
	at org.eclipse.debug.internal.core.LaunchManager.isValid(LaunchManager.java:2091)
	at org.eclipse.debug.internal.core.LaunchManager.verifyConfigurations(LaunchManager.java:2462)
	at org.eclipse.debug.internal.core.LaunchManager.getAllLaunchConfigurations(LaunchManager.java:1140)
	at org.eclipse.debug.internal.core.LaunchManager.getLaunchConfigurations(LaunchManager.java:1444)
	at org.eclipse.debug.internal.core.LaunchManager.getLaunchConfigurations(LaunchManager.java:1439)
	at org.eclipse.launchbar.core.internal.LaunchBarManager.init(LaunchBarManager.java:130)
	at org.eclipse.launchbar.core.internal.LaunchBarManager$1.run(LaunchBarManager.java:96)
	at org.eclipse.core.internal.jobs.Worker.run(Worker.java:63)
Caused by: org.xml.sax.SAXParseException; lineNumber: 3; columnNumber: 66; 在实体引用中, 实体名称必须紧跟在 '&' 后面。
	at com.sun.org.apache.xerces.internal.util.ErrorHandlerWrapper.createSAXParseException(ErrorHandlerWrapper.java:203)
	at com.sun.org.apache.xerces.internal.util.ErrorHandlerWrapper.fatalError(ErrorHandlerWrapper.java:177)
	at com.sun.org.apache.xerces.internal.impl.XMLErrorReporter.reportError(XMLErrorReporter.java:400)
	at com.sun.org.apache.xerces.internal.impl.XMLErrorReporter.reportError(XMLErrorReporter.java:327)
	at com.sun.org.apache.xerces.internal.impl.XMLScanner.reportFatalError(XMLScanner.java:1472)
	at com.sun.org.apache.xerces.internal.impl.XMLScanner.scanAttributeValue(XMLScanner.java:908)
	at com.sun.org.apache.xerces.internal.impl.XMLDocumentFragmentScannerImpl.scanAttribute(XMLDocumentFragmentScannerImpl.java:1548)
	at com.sun.org.apache.xerces.internal.impl.XMLDocumentFragmentScannerImpl.scanStartElement(XMLDocumentFragmentScannerImpl.java:1315)
	at com.sun.org.apache.xerces.internal.impl.XMLDocumentFragmentScannerImpl$FragmentContentDriver.next(XMLDocumentFragmentScannerImpl.java:2784)
	at com.sun.org.apache.xerces.internal.impl.XMLDocumentScannerImpl.next(XMLDocumentScannerImpl.java:602)
	at com.sun.org.apache.xerces.internal.impl.XMLDocumentFragmentScannerImpl.scanDocument(XMLDocumentFragmentScannerImpl.java:505)
	at com.sun.org.apache.xerces.internal.parsers.XML11Configuration.parse(XML11Configuration.java:841)
	at com.sun.org.apache.xerces.internal.parsers.XML11Configuration.parse(XML11Configuration.java:770)
	at com.sun.org.apache.xerces.internal.parsers.XMLParser.parse(XMLParser.java:141)
	at com.sun.org.apache.xerces.internal.parsers.DOMParser.parse(DOMParser.java:243)
	at com.sun.org.apache.xerces.internal.jaxp.DocumentBuilderImpl.parse(DocumentBuilderImpl.java:339)
	at org.eclipse.debug.internal.core.LaunchManager.createInfoFromXML(LaunchManager.java:935)
	at org.eclipse.debug.internal.core.LaunchManager.getInfo(LaunchManager.java:1359)
	... 10 more
!SUBENTRY 1 org.eclipse.debug.core 4 5012 2026-07-28 11:20:40.920
!MESSAGE 读取启动配置文件 F:\code\vibe_project\rollerball\M33\libraries\components\mtb-device-support-pse8xxgp\make\make\scripts\interface_version_4\eclipse\Application\flash\normal\KitProg3\&&_PRJ_NAME&& Debug Multicore (KitProg3_MiniProg4).launch 时发生了 org.xml.sax.SAXParseException; lineNumber: 3; columnNumber: 66; 在实体引用中, 实体名称必须紧跟在 '&' 后面。。
!STACK 0
org.xml.sax.SAXParseException; lineNumber: 3; columnNumber: 66; 在实体引用中, 实体名称必须紧跟在 '&' 后面。
	at com.sun.org.apache.xerces.internal.util.ErrorHandlerWrapper.createSAXParseException(ErrorHandlerWrapper.java:203)
	at com.sun.org.apache.xerces.internal.util.ErrorHandlerWrapper.fatalError(ErrorHandlerWrapper.java:177)
	at com.sun.org.apache.xerces.internal.impl.XMLErrorReporter.reportError(XMLErrorReporter.java:400)
	at com.sun.org.apache.xerces.internal.impl.XMLErrorReporter.reportError(XMLErrorReporter.java:327)
	at com.sun.org.apache.xerces.internal.impl.XMLScanner.reportFatalError(XMLScanner.java:1472)
	at com.sun.org.apache.xerces.internal.impl.XMLScanner.scanAttributeValue(XMLScanner.java:908)
	at com.sun.org.apache.xerces.internal.impl.XMLDocumentFragmentScannerImpl.scanAttribute(XMLDocumentFragmentScannerImpl.java:1548)
	at com.sun.org.apache.xerces.internal.impl.XMLDocumentFragmentScannerImpl.scanStartElement(XMLDocumentFragmentScannerImpl.java:1315)
	at com.sun.org.apache.xerces.internal.impl.XMLDocumentFragmentScannerImpl$FragmentContentDriver.next(XMLDocumentFragmentScannerImpl.java:2784)
	at com.sun.org.apache.xerces.internal.impl.XMLDocumentScannerImpl.next(XMLDocumentScannerImpl.java:602)
	at com.sun.org.apache.xerces.internal.impl.XMLDocumentFragmentScannerImpl.scanDocument(XMLDocumentFragmentScannerImpl.java:505)
	at com.sun.org.apache.xerces.internal.parsers.XML11Configuration.parse(XML11Configuration.java:841)
	at com.sun.org.apache.xerces.internal.parsers.XML11Configuration.parse(XML11Configuration.java:770)
	at com.sun.org.apache.xerces.internal.parsers.XMLParser.parse(XMLParser.java:141)
	at com.sun.org.apache.xerces.internal.parsers.DOMParser.parse(DOMParser.java:243)
	at com.sun.org.apache.xerces.internal.jaxp.DocumentBuilderImpl.parse(DocumentBuilderImpl.java:339)
	at org.eclipse.debug.internal.core.LaunchManager.createInfoFromXML(LaunchManager.java:935)
	at org.eclipse.debug.internal.core.LaunchManager.getInfo(LaunchManager.java:1359)
	at org.eclipse.debug.internal.core.LaunchConfiguration.getInfo(LaunchConfiguration.java:490)
	at org.eclipse.debug.internal.core.LaunchConfiguration.getType(LaunchConfiguration.java:645)
	at org.eclipse.debug.internal.core.LaunchManager.isValid(LaunchManager.java:2091)
	at org.eclipse.debug.internal.core.LaunchManager.verifyConfigurations(LaunchManager.java:2462)
	at org.eclipse.debug.internal.core.LaunchManager.getAllLaunchConfigurations(LaunchManager.java:1140)
	at org.eclipse.debug.internal.core.LaunchManager.getLaunchConfigurations(LaunchManager.java:1444)
	at org.eclipse.debug.internal.core.LaunchManager.getLaunchConfigurations(LaunchManager.java:1439)
	at org.eclipse.launchbar.core.internal.LaunchBarManager.init(LaunchBarManager.java:130)
	at org.eclipse.launchbar.core.internal.LaunchBarManager$1.run(LaunchBarManager.java:96)
	at org.eclipse.core.internal.jobs.Worker.run(Worker.java:63)

!ENTRY org.eclipse.debug.core 4 125 2026-07-28 11:20:40.922
!MESSAGE 调试核心所记录的错误：
!STACK 1
org.eclipse.debug.core.DebugException: 读取启动配置文件 F:\code\vibe_project\rollerball\M33\libraries\components\mtb-device-support-pse8xxgp\make\make\scripts\interface_version_4\eclipse\Application\flash\virgin\JLink\any\&&_PRJ_NAME&& Attach (JLink).launch 时发生了 org.xml.sax.SAXParseException; lineNumber: 3; columnNumber: 66; 在实体引用中, 实体名称必须紧跟在 '&' 后面。。
	at org.eclipse.debug.internal.core.LaunchManager.createDebugException(LaunchManager.java:886)
	at org.eclipse.debug.internal.core.LaunchManager.throwException(LaunchManager.java:2448)
	at org.eclipse.debug.internal.core.LaunchManager.getInfo(LaunchManager.java:1366)
	at org.eclipse.debug.internal.core.LaunchConfiguration.getInfo(LaunchConfiguration.java:490)
	at org.eclipse.debug.internal.core.LaunchConfiguration.getType(LaunchConfiguration.java:645)
	at org.eclipse.debug.internal.core.LaunchManager.isValid(LaunchManager.java:2091)
	at org.eclipse.debug.internal.core.LaunchManager.verifyConfigurations(LaunchManager.java:2462)
	at org.eclipse.debug.internal.core.LaunchManager.getAllLaunchConfigurations(LaunchManager.java:1140)
	at org.eclipse.debug.internal.core.LaunchManager.getLaunchConfigurations(LaunchManager.java:1444)
	at org.eclipse.debug.internal.core.LaunchManager.getLaunchConfigurations(LaunchManager.java:1439)
	at org.eclipse.launchbar.core.internal.LaunchBarManager.init(LaunchBarManager.java:130)
	at org.eclipse.launchbar.core.internal.LaunchBarManager$1.run(LaunchBarManager.java:96)
	at org.eclipse.core.internal.jobs.Worker.run(Worker.java:63)
Caused by: org.xml.sax.SAXParseException; lineNumber: 3; columnNumber: 66; 在实体引用中, 实体名称必须紧跟在 '&' 后面。
	at com.sun.org.apache.xerces.internal.util.ErrorHandlerWrapper.createSAXParseException(ErrorHandlerWrapper.java:203)
	at com.sun.org.apache.xerces.internal.util.ErrorHandlerWrapper.fatalError(ErrorHandlerWrapper.java:177)
	at com.sun.org.apache.xerces.internal.impl.XMLErrorReporter.reportError(XMLErrorReporter.java:400)
	at com.sun.org.apache.xerces.internal.impl.XMLErrorReporter.reportError(XMLErrorReporter.java:327)
	at com.sun.org.apache.xerces.internal.impl.XMLScanner.reportFatalError(XMLScanner.java:1472)
	at com.sun.org.apache.xerces.internal.impl.XMLScanner.scanAttributeValue(XMLScanner.java:908)
	at com.sun.org.apache.xerces.internal.impl.XMLDocumentFragmentScannerImpl.scanAttribute(XMLDocumentFragmentScannerImpl.java:1548)
	at com.sun.org.apache.xerces.internal.impl.XMLDocumentFragmentScannerImpl.scanStartElement(XMLDocumentFragmentScannerImpl.java:1315)
	at com.sun.org.apache.xerces.internal.impl.XMLDocumentFragmentScannerImpl$FragmentContentDriver.next(XMLDocumentFragmentScannerImpl.java:2784)
	at com.sun.org.apache.xerces.internal.impl.XMLDocumentScannerImpl.next(XMLDocumentScannerImpl.java:602)
	at com.sun.org.apache.xerces.internal.impl.XMLDocumentFragmentScannerImpl.scanDocument(XMLDocumentFragmentScannerImpl.java:505)
	at com.sun.org.apache.xerces.internal.parsers.XML11Configuration.parse(XML11Configuration.java:841)
	at com.sun.org.apache.xerces.internal.parsers.XML11Configuration.parse(XML11Configuration.java:770)
	at com.sun.org.apache.xerces.internal.parsers.XMLParser.parse(XMLParser.java:141)
	at com.sun.org.apache.xerces.internal.parsers.DOMParser.parse(DOMParser.java:243)
	at com.sun.org.apache.xerces.internal.jaxp.DocumentBuilderImpl.parse(DocumentBuilderImpl.java:339)
	at org.eclipse.debug.internal.core.LaunchManager.createInfoFromXML(LaunchManager.java:935)
	at org.eclipse.debug.internal.core.LaunchManager.getInfo(LaunchManager.java:1359)
	... 10 more
!SUBENTRY 1 org.eclipse.debug.core 4 5012 2026-07-28 11:20:40.924
!MESSAGE 读取启动配置文件 F:\code\vibe_project\rollerball\M33\libraries\components\mtb-device-support-pse8xxgp\make\make\scripts\interface_version_4\eclipse\Application\flash\virgin\JLink\any\&&_PRJ_NAME&& Attach (JLink).launch 时发生了 org.xml.sax.SAXParseException; lineNumber: 3; columnNumber: 66; 在实体引用中, 实体名称必须紧跟在 '&' 后面。。
!STACK 0
org.xml.sax.SAXParseException; lineNumber: 3; columnNumber: 66; 在实体引用中, 实体名称必须紧跟在 '&' 后面。
	at com.sun.org.apache.xerces.internal.util.ErrorHandlerWrapper.createSAXParseException(ErrorHandlerWrapper.java:203)
	at com.sun.org.apache.xerces.internal.util.ErrorHandlerWrapper.fatalError(ErrorHandlerWrapper.java:177)
	at com.sun.org.apache.xerces.internal.impl.XMLErrorReporter.reportError(XMLErrorReporter.java:400)
	at com.sun.org.apache.xerces.internal.impl.XMLErrorReporter.reportError(XMLErrorReporter.java:327)
	at com.sun.org.apache.xerces.internal.impl.XMLScanner.reportFatalError(XMLScanner.java:1472)
	at com.sun.org.apache.xerces.internal.impl.XMLScanner.scanAttributeValue(XMLScanner.java:908)
	at com.sun.org.apache.xerces.internal.impl.XMLDocumentFragmentScannerImpl.scanAttribute(XMLDocumentFragmentScannerImpl.java:1548)
	at com.sun.org.apache.xerces.internal.impl.XMLDocumentFragmentScannerImpl.scanStartElement(XMLDocumentFragmentScannerImpl.java:1315)
	at com.sun.org.apache.xerces.internal.impl.XMLDocumentFragmentScannerImpl$FragmentContentDriver.next(XMLDocumentFragmentScannerImpl.java:2784)
	at com.sun.org.apache.xerces.internal.impl.XMLDocumentScannerImpl.next(XMLDocumentScannerImpl.java:602)
	at com.sun.org.apache.xerces.internal.impl.XMLDocumentFragmentScannerImpl.scanDocument(XMLDocumentFragmentScannerImpl.java:505)
	at com.sun.org.apache.xerces.internal.parsers.XML11Configuration.parse(XML11Configuration.java:841)
	at com.sun.org.apache.xerces.internal.parsers.XML11Configuration.parse(XML11Configuration.java:770)
	at com.sun.org.apache.xerces.internal.parsers.XMLParser.parse(XMLParser.java:141)
	at com.sun.org.apache.xerces.internal.parsers.DOMParser.parse(DOMParser.java:243)
	at com.sun.org.apache.xerces.internal.jaxp.DocumentBuilderImpl.parse(DocumentBuilderImpl.java:339)
	at org.eclipse.debug.internal.core.LaunchManager.createInfoFromXML(LaunchManager.java:935)
	at org.eclipse.debug.internal.core.LaunchManager.getInfo(LaunchManager.java:1359)
	at org.eclipse.debug.internal.core.LaunchConfiguration.getInfo(LaunchConfiguration.java:490)
	at org.eclipse.debug.internal.core.LaunchConfiguration.getType(LaunchConfiguration.java:645)
	at org.eclipse.debug.internal.core.LaunchManager.isValid(LaunchManager.java:2091)
	at org.eclipse.debug.internal.core.LaunchManager.verifyConfigurations(LaunchManager.java:2462)
	at org.eclipse.debug.internal.core.LaunchManager.getAllLaunchConfigurations(LaunchManager.java:1140)
	at org.eclipse.debug.internal.core.LaunchManager.getLaunchConfigurations(LaunchManager.java:1444)
	at org.eclipse.debug.internal.core.LaunchManager.getLaunchConfigurations(LaunchManager.java:1439)
	at org.eclipse.launchbar.core.internal.LaunchBarManager.init(LaunchBarManager.java:130)
	at org.eclipse.launchbar.core.internal.LaunchBarManager$1.run(LaunchBarManager.java:96)
	at org.eclipse.core.internal.jobs.Worker.run(Worker.java:63)

!ENTRY org.eclipse.debug.core 4 125 2026-07-28 11:20:40.926
!MESSAGE 调试核心所记录的错误：
!STACK 1
org.eclipse.debug.core.DebugException: 读取启动配置文件 F:\code\vibe_project\rollerball\M33\libraries\components\mtb-device-support-pse8xxgp\make\make\scripts\interface_version_4\eclipse\Application\flash\virgin\JLink\any\&&_PRJ_NAME&& Debug (JLink).launch 时发生了 org.xml.sax.SAXParseException; lineNumber: 3; columnNumber: 66; 在实体引用中, 实体名称必须紧跟在 '&' 后面。。
	at org.eclipse.debug.internal.core.LaunchManager.createDebugException(LaunchManager.java:886)
	at org.eclipse.debug.internal.core.LaunchManager.throwException(LaunchManager.java:2448)
	at org.eclipse.debug.internal.core.LaunchManager.getInfo(LaunchManager.java:1366)
	at org.eclipse.debug.internal.core.LaunchConfiguration.getInfo(LaunchConfiguration.java:490)
	at org.eclipse.debug.internal.core.LaunchConfiguration.getType(LaunchConfiguration.java:645)
	at org.eclipse.debug.internal.core.LaunchManager.isValid(LaunchManager.java:2091)
	at org.eclipse.debug.internal.core.LaunchManager.verifyConfigurations(LaunchManager.java:2462)
	at org.eclipse.debug.internal.core.LaunchManager.getAllLaunchConfigurations(LaunchManager.java:1140)
	at org.eclipse.debug.internal.core.LaunchManager.getLaunchConfigurations(LaunchManager.java:1444)
	at org.eclipse.debug.internal.core.LaunchManager.getLaunchConfigurations(LaunchManager.java:1439)
	at org.eclipse.launchbar.core.internal.LaunchBarManager.init(LaunchBarManager.java:130)
	at org.eclipse.launchbar.core.internal.LaunchBarManager$1.run(LaunchBarManager.java:96)
	at org.eclipse.core.internal.jobs.Worker.run(Worker.java:63)
Caused by: org.xml.sax.SAXParseException; lineNumber: 3; columnNumber: 66; 在实体引用中, 实体名称必须紧跟在 '&' 后面。
	at com.sun.org.apache.xerces.internal.util.ErrorHandlerWrapper.createSAXParseException(ErrorHandlerWrapper.java:203)
	at com.sun.org.apache.xerces.internal.util.ErrorHandlerWrapper.fatalError(ErrorHandlerWrapper.java:177)
	at com.sun.org.apache.xerces.internal.impl.XMLErrorReporter.reportError(XMLErrorReporter.java:400)
	at com.sun.org.apache.xerces.internal.impl.XMLErrorReporter.reportError(XMLErrorReporter.java:327)
	at com.sun.org.apache.xerces.internal.impl.XMLScanner.reportFatalError(XMLScanner.java:1472)
	at com.sun.org.apache.xerces.internal.impl.XMLScanner.scanAttributeValue(XMLScanner.java:908)
	at com.sun.org.apache.xerces.internal.impl.XMLDocumentFragmentScannerImpl.scanAttribute(XMLDocumentFragmentScannerImpl.java:1548)
	at com.sun.org.apache.xerces.internal.impl.XMLDocumentFragmentScannerImpl.scanStartElement(XMLDocumentFragmentScannerImpl.java:1315)
	at com.sun.org.apache.xerces.internal.impl.XMLDocumentFragmentScannerImpl$FragmentContentDriver.next(XMLDocumentFragmentScannerImpl.java:2784)
	at com.sun.org.apache.xerces.internal.impl.XMLDocumentScannerImpl.next(XMLDocumentScannerImpl.java:602)
	at com.sun.org.apache.xerces.internal.impl.XMLDocumentFragmentScannerImpl.scanDocument(XMLDocumentFragmentScannerImpl.java:505)
	at com.sun.org.apache.xerces.internal.parsers.XML11Configuration.parse(XML11Configuration.java:841)
	at com.sun.org.apache.xerces.internal.parsers.XML11Configuration.parse(XML11Configuration.java:770)
	at com.sun.org.apache.xerces.internal.parsers.XMLParser.parse(XMLParser.java:141)
	at com.sun.org.apache.xerces.internal.parsers.DOMParser.parse(DOMParser.java:243)
	at com.sun.org.apache.xerces.internal.jaxp.DocumentBuilderImpl.parse(DocumentBuilderImpl.java:339)
	at org.eclipse.debug.internal.core.LaunchManager.createInfoFromXML(LaunchManager.java:935)
	at org.eclipse.debug.internal.core.LaunchManager.getInfo(LaunchManager.java:1359)
	... 10 more
!SUBENTRY 1 org.eclipse.debug.core 4 5012 2026-07-28 11:20:40.926
!MESSAGE 读取启动配置文件 F:\code\vibe_project\rollerball\M33\libraries\components\mtb-device-support-pse8xxgp\make\make\scripts\interface_version_4\eclipse\Application\flash\virgin\JLink\any\&&_PRJ_NAME&& Debug (JLink).launch 时发生了 org.xml.sax.SAXParseException; lineNumber: 3; columnNumber: 66; 在实体引用中, 实体名称必须紧跟在 '&' 后面。。
!STACK 0
org.xml.sax.SAXParseException; lineNumber: 3; columnNumber: 66; 在实体引用中, 实体名称必须紧跟在 '&' 后面。
	at com.sun.org.apache.xerces.internal.util.ErrorHandlerWrapper.createSAXParseException(ErrorHandlerWrapper.java:203)
	at com.sun.org.apache.xerces.internal.util.ErrorHandlerWrapper.fatalError(ErrorHandlerWrapper.java:177)
	at com.sun.org.apache.xerces.internal.impl.XMLErrorReporter.reportError(XMLErrorReporter.java:400)
	at com.sun.org.apache.xerces.internal.impl.XMLErrorReporter.reportError(XMLErrorReporter.java:327)
	at com.sun.org.apache.xerces.internal.impl.XMLScanner.reportFatalError(XMLScanner.java:1472)
	at com.sun.org.apache.xerces.internal.impl.XMLScanner.scanAttributeValue(XMLScanner.java:908)
	at com.sun.org.apache.xerces.internal.impl.XMLDocumentFragmentScannerImpl.scanAttribute(XMLDocumentFragmentScannerImpl.java:1548)
	at com.sun.org.apache.xerces.internal.impl.XMLDocumentFragmentScannerImpl.scanStartElement(XMLDocumentFragmentScannerImpl.java:1315)
	at com.sun.org.apache.xerces.internal.impl.XMLDocumentFragmentScannerImpl$FragmentContentDriver.next(XMLDocumentFragmentScannerImpl.java:2784)
	at com.sun.org.apache.xerces.internal.impl.XMLDocumentScannerImpl.next(XMLDocumentScannerImpl.java:602)
	at com.sun.org.apache.xerces.internal.impl.XMLDocumentFragmentScannerImpl.scanDocument(XMLDocumentFragmentScannerImpl.java:505)
	at com.sun.org.apache.xerces.internal.parsers.XML11Configuration.parse(XML11Configuration.java:841)
	at com.sun.org.apache.xerces.internal.parsers.XML11Configuration.parse(XML11Configuration.java:770)
	at com.sun.org.apache.xerces.internal.parsers.XMLParser.parse(XMLParser.java:141)
	at com.sun.org.apache.xerces.internal.parsers.DOMParser.parse(DOMParser.java:243)
	at com.sun.org.apache.xerces.internal.jaxp.DocumentBuilderImpl.parse(DocumentBuilderImpl.java:339)
	at org.eclipse.debug.internal.core.LaunchManager.createInfoFromXML(LaunchManager.java:935)
	at org.eclipse.debug.internal.core.LaunchManager.getInfo(LaunchManager.java:1359)
	at org.eclipse.debug.internal.core.LaunchConfiguration.getInfo(LaunchConfiguration.java:490)
	at org.eclipse.debug.internal.core.LaunchConfiguration.getType(LaunchConfiguration.java:645)
	at org.eclipse.debug.internal.core.LaunchManager.isValid(LaunchManager.java:2091)
	at org.eclipse.debug.internal.core.LaunchManager.verifyConfigurations(LaunchManager.java:2462)
	at org.eclipse.debug.internal.core.LaunchManager.getAllLaunchConfigurations(LaunchManager.java:1140)
	at org.eclipse.debug.internal.core.LaunchManager.getLaunchConfigurations(LaunchManager.java:1444)
	at org.eclipse.debug.internal.core.LaunchManager.getLaunchConfigurations(LaunchManager.java:1439)
	at org.eclipse.launchbar.core.internal.LaunchBarManager.init(LaunchBarManager.java:130)
	at org.eclipse.launchbar.core.internal.LaunchBarManager$1.run(LaunchBarManager.java:96)
	at org.eclipse.core.internal.jobs.Worker.run(Worker.java:63)

!ENTRY org.eclipse.debug.core 4 125 2026-07-28 11:20:40.928
!MESSAGE 调试核心所记录的错误：
!STACK 1
org.eclipse.debug.core.DebugException: 读取启动配置文件 F:\code\vibe_project\rollerball\M33\libraries\components\mtb-device-support-pse8xxgp\make\make\scripts\interface_version_4\eclipse\Application\flash\virgin\JLink\single\&&_PRJ_NAME&& Erase All (JLink).launch 时发生了 org.xml.sax.SAXParseException; lineNumber: 3; columnNumber: 66; 在实体引用中, 实体名称必须紧跟在 '&' 后面。。
	at org.eclipse.debug.internal.core.LaunchManager.createDebugException(LaunchManager.java:886)
	at org.eclipse.debug.internal.core.LaunchManager.throwException(LaunchManager.java:2448)
	at org.eclipse.debug.internal.core.LaunchManager.getInfo(LaunchManager.java:1366)
	at org.eclipse.debug.internal.core.LaunchConfiguration.getInfo(LaunchConfiguration.java:490)
	at org.eclipse.debug.internal.core.LaunchConfiguration.getType(LaunchConfiguration.java:645)
	at org.eclipse.debug.internal.core.LaunchManager.isValid(LaunchManager.java:2091)
	at org.eclipse.debug.internal.core.LaunchManager.verifyConfigurations(LaunchManager.java:2462)
	at org.eclipse.debug.internal.core.LaunchManager.getAllLaunchConfigurations(LaunchManager.java:1140)
	at org.eclipse.debug.internal.core.LaunchManager.getLaunchConfigurations(LaunchManager.java:1444)
	at org.eclipse.debug.internal.core.LaunchManager.getLaunchConfigurations(LaunchManager.java:1439)
	at org.eclipse.launchbar.core.internal.LaunchBarManager.init(LaunchBarManager.java:130)
	at org.eclipse.launchbar.core.internal.LaunchBarManager$1.run(LaunchBarManager.java:96)
	at org.eclipse.core.internal.jobs.Worker.run(Worker.java:63)
Caused by: org.xml.sax.SAXParseException; lineNumber: 3; columnNumber: 66; 在实体引用中, 实体名称必须紧跟在 '&' 后面。
	at com.sun.org.apache.xerces.internal.util.ErrorHandlerWrapper.createSAXParseException(ErrorHandlerWrapper.java:203)
	at com.sun.org.apache.xerces.internal.util.ErrorHandlerWrapper.fatalError(ErrorHandlerWrapper.java:177)
	at com.sun.org.apache.xerces.internal.impl.XMLErrorReporter.reportError(XMLErrorReporter.java:400)
	at com.sun.org.apache.xerces.internal.impl.XMLErrorReporter.reportError(XMLErrorReporter.java:327)
	at com.sun.org.apache.xerces.internal.impl.XMLScanner.reportFatalError(XMLScanner.java:1472)
	at com.sun.org.apache.xerces.internal.impl.XMLScanner.scanAttributeValue(XMLScanner.java:908)
	at com.sun.org.apache.xerces.internal.impl.XMLDocumentFragmentScannerImpl.scanAttribute(XMLDocumentFragmentScannerImpl.java:1548)
	at com.sun.org.apache.xerces.internal.impl.XMLDocumentFragmentScannerImpl.scanStartElement(XMLDocumentFragmentScannerImpl.java:1315)
	at com.sun.org.apache.xerces.internal.impl.XMLDocumentFragmentScannerImpl$FragmentContentDriver.next(XMLDocumentFragmentScannerImpl.java:2784)
	at com.sun.org.apache.xerces.internal.impl.XMLDocumentScannerImpl.next(XMLDocumentScannerImpl.java:602)
	at com.sun.org.apache.xerces.internal.impl.XMLDocumentFragmentScannerImpl.scanDocument(XMLDocumentFragmentScannerImpl.java:505)
	at com.sun.org.apache.xerces.internal.parsers.XML11Configuration.parse(XML11Configuration.java:841)
	at com.sun.org.apache.xerces.internal.parsers.XML11Configuration.parse(XML11Configuration.java:770)
	at com.sun.org.apache.xerces.internal.parsers.XMLParser.parse(XMLParser.java:141)
	at com.sun.org.apache.xerces.internal.parsers.DOMParser.parse(DOMParser.java:243)
	at com.sun.org.apache.xerces.internal.jaxp.DocumentBuilderImpl.parse(DocumentBuilderImpl.java:339)
	at org.eclipse.debug.internal.core.LaunchManager.createInfoFromXML(LaunchManager.java:935)
	at org.eclipse.debug.internal.core.LaunchManager.getInfo(LaunchManager.java:1359)
	... 10 more
!SUBENTRY 1 org.eclipse.debug.core 4 5012 2026-07-28 11:20:40.928
!MESSAGE 读取启动配置文件 F:\code\vibe_project\rollerball\M33\libraries\components\mtb-device-support-pse8xxgp\make\make\scripts\interface_version_4\eclipse\Application\flash\virgin\JLink\single\&&_PRJ_NAME&& Erase All (JLink).launch 时发生了 org.xml.sax.SAXParseException; lineNumber: 3; columnNumber: 66; 在实体引用中, 实体名称必须紧跟在 '&' 后面。。
!STACK 0
org.xml.sax.SAXParseException; lineNumber: 3; columnNumber: 66; 在实体引用中, 实体名称必须紧跟在 '&' 后面。
	at com.sun.org.apache.xerces.internal.util.ErrorHandlerWrapper.createSAXParseException(ErrorHandlerWrapper.java:203)
	at com.sun.org.apache.xerces.internal.util.ErrorHandlerWrapper.fatalError(ErrorHandlerWrapper.java:177)
	at com.sun.org.apache.xerces.internal.impl.XMLErrorReporter.reportError(XMLErrorReporter.java:400)
	at com.sun.org.apache.xerces.internal.impl.XMLErrorReporter.reportError(XMLErrorReporter.java:327)
	at com.sun.org.apache.xerces.internal.impl.XMLScanner.reportFatalError(XMLScanner.java:1472)
	at com.sun.org.apache.xerces.internal.impl.XMLScanner.scanAttributeValue(XMLScanner.java:908)
	at com.sun.org.apache.xerces.internal.impl.XMLDocumentFragmentScannerImpl.scanAttribute(XMLDocumentFragmentScannerImpl.java:1548)
	at com.sun.org.apache.xerces.internal.impl.XMLDocumentFragmentScannerImpl.scanStartElement(XMLDocumentFragmentScannerImpl.java:1315)
	at com.sun.org.apache.xerces.internal.impl.XMLDocumentFragmentScannerImpl$FragmentContentDriver.next(XMLDocumentFragmentScannerImpl.java:2784)
	at com.sun.org.apache.xerces.internal.impl.XMLDocumentScannerImpl.next(XMLDocumentScannerImpl.java:602)
	at com.sun.org.apache.xerces.internal.impl.XMLDocumentFragmentScannerImpl.scanDocument(XMLDocumentFragmentScannerImpl.java:505)
	at com.sun.org.apache.xerces.internal.parsers.XML11Configuration.parse(XML11Configuration.java:841)
	at com.sun.org.apache.xerces.internal.parsers.XML11Configuration.parse(XML11Configuration.java:770)
	at com.sun.org.apache.xerces.internal.parsers.XMLParser.parse(XMLParser.java:141)
	at com.sun.org.apache.xerces.internal.parsers.DOMParser.parse(DOMParser.java:243)
	at com.sun.org.apache.xerces.internal.jaxp.DocumentBuilderImpl.parse(DocumentBuilderImpl.java:339)
	at org.eclipse.debug.internal.core.LaunchManager.createInfoFromXML(LaunchManager.java:935)
	at org.eclipse.debug.internal.core.LaunchManager.getInfo(LaunchManager.java:1359)
	at org.eclipse.debug.internal.core.LaunchConfiguration.getInfo(LaunchConfiguration.java:490)
	at org.eclipse.debug.internal.core.LaunchConfiguration.getType(LaunchConfiguration.java:645)
	at org.eclipse.debug.internal.core.LaunchManager.isValid(LaunchManager.java:2091)
	at org.eclipse.debug.internal.core.LaunchManager.verifyConfigurations(LaunchManager.java:2462)
	at org.eclipse.debug.internal.core.LaunchManager.getAllLaunchConfigurations(LaunchManager.java:1140)
	at org.eclipse.debug.internal.core.LaunchManager.getLaunchConfigurations(LaunchManager.java:1444)
	at org.eclipse.debug.internal.core.LaunchManager.getLaunchConfigurations(LaunchManager.java:1439)
	at org.eclipse.launchbar.core.internal.LaunchBarManager.init(LaunchBarManager.java:130)
	at org.eclipse.launchbar.core.internal.LaunchBarManager$1.run(LaunchBarManager.java:96)
	at org.eclipse.core.internal.jobs.Worker.run(Worker.java:63)

!ENTRY org.eclipse.debug.core 4 125 2026-07-28 11:20:40.930
!MESSAGE 调试核心所记录的错误：
!STACK 1
org.eclipse.debug.core.DebugException: 读取启动配置文件 F:\code\vibe_project\rollerball\M33\libraries\components\mtb-device-support-pse8xxgp\make\make\scripts\interface_version_4\eclipse\Application\flash\virgin\JLink\single\&&_PRJ_NAME&& Erase Device (JLink).launch 时发生了 org.xml.sax.SAXParseException; lineNumber: 3; columnNumber: 66; 在实体引用中, 实体名称必须紧跟在 '&' 后面。。
	at org.eclipse.debug.internal.core.LaunchManager.createDebugException(LaunchManager.java:886)
	at org.eclipse.debug.internal.core.LaunchManager.throwException(LaunchManager.java:2448)
	at org.eclipse.debug.internal.core.LaunchManager.getInfo(LaunchManager.java:1366)
	at org.eclipse.debug.internal.core.LaunchConfiguration.getInfo(LaunchConfiguration.java:490)
	at org.eclipse.debug.internal.core.LaunchConfiguration.getType(LaunchConfiguration.java:645)
	at org.eclipse.debug.internal.core.LaunchManager.isValid(LaunchManager.java:2091)
	at org.eclipse.debug.internal.core.LaunchManager.verifyConfigurations(LaunchManager.java:2462)
	at org.eclipse.debug.internal.core.LaunchManager.getAllLaunchConfigurations(LaunchManager.java:1140)
	at org.eclipse.debug.internal.core.LaunchManager.getLaunchConfigurations(LaunchManager.java:1444)
	at org.eclipse.debug.internal.core.LaunchManager.getLaunchConfigurations(LaunchManager.java:1439)
	at org.eclipse.launchbar.core.internal.LaunchBarManager.init(LaunchBarManager.java:130)
	at org.eclipse.launchbar.core.internal.LaunchBarManager$1.run(LaunchBarManager.java:96)
	at org.eclipse.core.internal.jobs.Worker.run(Worker.java:63)
Caused by: org.xml.sax.SAXParseException; lineNumber: 3; columnNumber: 66; 在实体引用中, 实体名称必须紧跟在 '&' 后面。
	at com.sun.org.apache.xerces.internal.util.ErrorHandlerWrapper.createSAXParseException(ErrorHandlerWrapper.java:203)
	at com.sun.org.apache.xerces.internal.util.ErrorHandlerWrapper.fatalError(ErrorHandlerWrapper.java:177)
	at com.sun.org.apache.xerces.internal.impl.XMLErrorReporter.reportError(XMLErrorReporter.java:400)
	at com.sun.org.apache.xerces.internal.impl.XMLErrorReporter.reportError(XMLErrorReporter.java:327)
	at com.sun.org.apache.xerces.internal.impl.XMLScanner.reportFatalError(XMLScanner.java:1472)
	at com.sun.org.apache.xerces.internal.impl.XMLScanner.scanAttributeValue(XMLScanner.java:908)
	at com.sun.org.apache.xerces.internal.impl.XMLDocumentFragmentScannerImpl.scanAttribute(XMLDocumentFragmentScannerImpl.java:1548)
	at com.sun.org.apache.xerces.internal.impl.XMLDocumentFragmentScannerImpl.scanStartElement(XMLDocumentFragmentScannerImpl.java:1315)
	at com.sun.org.apache.xerces.internal.impl.XMLDocumentFragmentScannerImpl$FragmentContentDriver.next(XMLDocumentFragmentScannerImpl.java:2784)
	at com.sun.org.apache.xerces.internal.impl.XMLDocumentScannerImpl.next(XMLDocumentScannerImpl.java:602)
	at com.sun.org.apache.xerces.internal.impl.XMLDocumentFragmentScannerImpl.scanDocument(XMLDocumentFragmentScannerImpl.java:505)
	at com.sun.org.apache.xerces.internal.parsers.XML11Configuration.parse(XML11Configuration.java:841)
	at com.sun.org.apache.xerces.internal.parsers.XML11Configuration.parse(XML11Configuration.java:770)
	at com.sun.org.apache.xerces.internal.parsers.XMLParser.parse(XMLParser.java:141)
	at com.sun.org.apache.xerces.internal.parsers.DOMParser.parse(DOMParser.java:243)
	at com.sun.org.apache.xerces.internal.jaxp.DocumentBuilderImpl.parse(DocumentBuilderImpl.java:339)
	at org.eclipse.debug.internal.core.LaunchManager.createInfoFromXML(LaunchManager.java:935)
	at org.eclipse.debug.internal.core.LaunchManager.getInfo(LaunchManager.java:1359)
	... 10 more
!SUBENTRY 1 org.eclipse.debug.core 4 5012 2026-07-28 11:20:40.930
!MESSAGE 读取启动配置文件 F:\code\vibe_project\rollerball\M33\libraries\components\mtb-device-support-pse8xxgp\make\make\scripts\interface_version_4\eclipse\Application\flash\virgin\JLink\single\&&_PRJ_NAME&& Erase Device (JLink).launch 时发生了 org.xml.sax.SAXParseException; lineNumber: 3; columnNumber: 66; 在实体引用中, 实体名称必须紧跟在 '&' 后面。。
!STACK 0
org.xml.sax.SAXParseException; lineNumber: 3; columnNumber: 66; 在实体引用中, 实体名称必须紧跟在 '&' 后面。
	at com.sun.org.apache.xerces.internal.util.ErrorHandlerWrapper.createSAXParseException(ErrorHandlerWrapper.java:203)
	at com.sun.org.apache.xerces.internal.util.ErrorHandlerWrapper.fatalError(ErrorHandlerWrapper.java:177)
	at com.sun.org.apache.xerces.internal.impl.XMLErrorReporter.reportError(XMLErrorReporter.java:400)
	at com.sun.org.apache.xerces.internal.impl.XMLErrorReporter.reportError(XMLErrorReporter.java:327)
	at com.sun.org.apache.xerces.internal.impl.XMLScanner.reportFatalError(XMLScanner.java:1472)
	at com.sun.org.apache.xerces.internal.impl.XMLScanner.scanAttributeValue(XMLScanner.java:908)
	at com.sun.org.apache.xerces.internal.impl.XMLDocumentFragmentScannerImpl.scanAttribute(XMLDocumentFragmentScannerImpl.java:1548)
	at com.sun.org.apache.xerces.internal.impl.XMLDocumentFragmentScannerImpl.scanStartElement(XMLDocumentFragmentScannerImpl.java:1315)
	at com.sun.org.apache.xerces.internal.impl.XMLDocumentFragmentScannerImpl$FragmentContentDriver.next(XMLDocumentFragmentScannerImpl.java:2784)
	at com.sun.org.apache.xerces.internal.impl.XMLDocumentScannerImpl.next(XMLDocumentScannerImpl.java:602)
	at com.sun.org.apache.xerces.internal.impl.XMLDocumentFragmentScannerImpl.scanDocument(XMLDocumentFragmentScannerImpl.java:505)
	at com.sun.org.apache.xerces.internal.parsers.XML11Configuration.parse(XML11Configuration.java:841)
	at com.sun.org.apache.xerces.internal.parsers.XML11Configuration.parse(XML11Configuration.java:770)
	at com.sun.org.apache.xerces.internal.parsers.XMLParser.parse(XMLParser.java:141)
	at com.sun.org.apache.xerces.internal.parsers.DOMParser.parse(DOMParser.java:243)
	at com.sun.org.apache.xerces.internal.jaxp.DocumentBuilderImpl.parse(DocumentBuilderImpl.java:339)
	at org.eclipse.debug.internal.core.LaunchManager.createInfoFromXML(LaunchManager.java:935)
	at org.eclipse.debug.internal.core.LaunchManager.getInfo(LaunchManager.java:1359)
	at org.eclipse.debug.internal.core.LaunchConfiguration.getInfo(LaunchConfiguration.java:490)
	at org.eclipse.debug.internal.core.LaunchConfiguration.getType(LaunchConfiguration.java:645)
	at org.eclipse.debug.internal.core.LaunchManager.isValid(LaunchManager.java:2091)
	at org.eclipse.debug.internal.core.LaunchManager.verifyConfigurations(LaunchManager.java:2462)
	at org.eclipse.debug.internal.core.LaunchManager.getAllLaunchConfigurations(LaunchManager.java:1140)
	at org.eclipse.debug.internal.core.LaunchManager.getLaunchConfigurations(LaunchManager.java:1444)
	at org.eclipse.debug.internal.core.LaunchManager.getLaunchConfigurations(LaunchManager.java:1439)
	at org.eclipse.launchbar.core.internal.LaunchBarManager.init(LaunchBarManager.java:130)
	at org.eclipse.launchbar.core.internal.LaunchBarManager$1.run(LaunchBarManager.java:96)
	at org.eclipse.core.internal.jobs.Worker.run(Worker.java:63)

!ENTRY org.eclipse.debug.core 4 125 2026-07-28 11:20:40.932
!MESSAGE 调试核心所记录的错误：
!STACK 1
org.eclipse.debug.core.DebugException: 读取启动配置文件 F:\code\vibe_project\rollerball\M33\libraries\components\mtb-device-support-pse8xxgp\make\make\scripts\interface_version_4\eclipse\Application\flash\virgin\JLink\single\&&_PRJ_NAME&& Program (JLink).launch 时发生了 org.xml.sax.SAXParseException; lineNumber: 3; columnNumber: 66; 在实体引用中, 实体名称必须紧跟在 '&' 后面。。
	at org.eclipse.debug.internal.core.LaunchManager.createDebugException(LaunchManager.java:886)
	at org.eclipse.debug.internal.core.LaunchManager.throwException(LaunchManager.java:2448)
	at org.eclipse.debug.internal.core.LaunchManager.getInfo(LaunchManager.java:1366)
	at org.eclipse.debug.internal.core.LaunchConfiguration.getInfo(LaunchConfiguration.java:490)
	at org.eclipse.debug.internal.core.LaunchConfiguration.getType(LaunchConfiguration.java:645)
	at org.eclipse.debug.internal.core.LaunchManager.isValid(LaunchManager.java:2091)
	at org.eclipse.debug.internal.core.LaunchManager.verifyConfigurations(LaunchManager.java:2462)
	at org.eclipse.debug.internal.core.LaunchManager.getAllLaunchConfigurations(LaunchManager.java:1140)
	at org.eclipse.debug.internal.core.LaunchManager.getLaunchConfigurations(LaunchManager.java:1444)
	at org.eclipse.debug.internal.core.LaunchManager.getLaunchConfigurations(LaunchManager.java:1439)
	at org.eclipse.launchbar.core.internal.LaunchBarManager.init(LaunchBarManager.java:130)
	at org.eclipse.launchbar.core.internal.LaunchBarManager$1.run(LaunchBarManager.java:96)
	at org.eclipse.core.internal.jobs.Worker.run(Worker.java:63)
Caused by: org.xml.sax.SAXParseException; lineNumber: 3; columnNumber: 66; 在实体引用中, 实体名称必须紧跟在 '&' 后面。
	at com.sun.org.apache.xerces.internal.util.ErrorHandlerWrapper.createSAXParseException(ErrorHandlerWrapper.java:203)
	at com.sun.org.apache.xerces.internal.util.ErrorHandlerWrapper.fatalError(ErrorHandlerWrapper.java:177)
	at com.sun.org.apache.xerces.internal.impl.XMLErrorReporter.reportError(XMLErrorReporter.java:400)
	at com.sun.org.apache.xerces.internal.impl.XMLErrorReporter.reportError(XMLErrorReporter.java:327)
	at com.sun.org.apache.xerces.internal.impl.XMLScanner.reportFatalError(XMLScanner.java:1472)
	at com.sun.org.apache.xerces.internal.impl.XMLScanner.scanAttributeValue(XMLScanner.java:908)
	at com.sun.org.apache.xerces.internal.impl.XMLDocumentFragmentScannerImpl.scanAttribute(XMLDocumentFragmentScannerImpl.java:1548)
	at com.sun.org.apache.xerces.internal.impl.XMLDocumentFragmentScannerImpl.scanStartElement(XMLDocumentFragmentScannerImpl.java:1315)
	at com.sun.org.apache.xerces.internal.impl.XMLDocumentFragmentScannerImpl$FragmentContentDriver.next(XMLDocumentFragmentScannerImpl.java:2784)
	at com.sun.org.apache.xerces.internal.impl.XMLDocumentScannerImpl.next(XMLDocumentScannerImpl.java:602)
	at com.sun.org.apache.xerces.internal.impl.XMLDocumentFragmentScannerImpl.scanDocument(XMLDocumentFragmentScannerImpl.java:505)
	at com.sun.org.apache.xerces.internal.parsers.XML11Configuration.parse(XML11Configuration.java:841)
	at com.sun.org.apache.xerces.internal.parsers.XML11Configuration.parse(XML11Configuration.java:770)
	at com.sun.org.apache.xerces.internal.parsers.XMLParser.parse(XMLParser.java:141)
	at com.sun.org.apache.xerces.internal.parsers.DOMParser.parse(DOMParser.java:243)
	at com.sun.org.apache.xerces.internal.jaxp.DocumentBuilderImpl.parse(DocumentBuilderImpl.java:339)
	at org.eclipse.debug.internal.core.LaunchManager.createInfoFromXML(LaunchManager.java:935)
	at org.eclipse.debug.internal.core.LaunchManager.getInfo(LaunchManager.java:1359)
	... 10 more
!SUBENTRY 1 org.eclipse.debug.core 4 5012 2026-07-28 11:20:40.932
!MESSAGE 读取启动配置文件 F:\code\vibe_project\rollerball\M33\libraries\components\mtb-device-support-pse8xxgp\make\make\scripts\interface_version_4\eclipse\Application\flash\virgin\JLink\single\&&_PRJ_NAME&& Program (JLink).launch 时发生了 org.xml.sax.SAXParseException; lineNumber: 3; columnNumber: 66; 在实体引用中, 实体名称必须紧跟在 '&' 后面。。
!STACK 0
org.xml.sax.SAXParseException; lineNumber: 3; columnNumber: 66; 在实体引用中, 实体名称必须紧跟在 '&' 后面。
	at com.sun.org.apache.xerces.internal.util.ErrorHandlerWrapper.createSAXParseException(ErrorHandlerWrapper.java:203)
	at com.sun.org.apache.xerces.internal.util.ErrorHandlerWrapper.fatalError(ErrorHandlerWrapper.java:177)
	at com.sun.org.apache.xerces.internal.impl.XMLErrorReporter.reportError(XMLErrorReporter.java:400)
	at com.sun.org.apache.xerces.internal.impl.XMLErrorReporter.reportError(XMLErrorReporter.java:327)
	at com.sun.org.apache.xerces.internal.impl.XMLScanner.reportFatalError(XMLScanner.java:1472)
	at com.sun.org.apache.xerces.internal.impl.XMLScanner.scanAttributeValue(XMLScanner.java:908)
	at com.sun.org.apache.xerces.internal.impl.XMLDocumentFragmentScannerImpl.scanAttribute(XMLDocumentFragmentScannerImpl.java:1548)
	at com.sun.org.apache.xerces.internal.impl.XMLDocumentFragmentScannerImpl.scanStartElement(XMLDocumentFragmentScannerImpl.java:1315)
	at com.sun.org.apache.xerces.internal.impl.XMLDocumentFragmentScannerImpl$FragmentContentDriver.next(XMLDocumentFragmentScannerImpl.java:2784)
	at com.sun.org.apache.xerces.internal.impl.XMLDocumentScannerImpl.next(XMLDocumentScannerImpl.java:602)
	at com.sun.org.apache.xerces.internal.impl.XMLDocumentFragmentScannerImpl.scanDocument(XMLDocumentFragmentScannerImpl.java:505)
	at com.sun.org.apache.xerces.internal.parsers.XML11Configuration.parse(XML11Configuration.java:841)
	at com.sun.org.apache.xerces.internal.parsers.XML11Configuration.parse(XML11Configuration.java:770)
	at com.sun.org.apache.xerces.internal.parsers.XMLParser.parse(XMLParser.java:141)
	at com.sun.org.apache.xerces.internal.parsers.DOMParser.parse(DOMParser.java:243)
	at com.sun.org.apache.xerces.internal.jaxp.DocumentBuilderImpl.parse(DocumentBuilderImpl.java:339)
	at org.eclipse.debug.internal.core.LaunchManager.createInfoFromXML(LaunchManager.java:935)
	at org.eclipse.debug.internal.core.LaunchManager.getInfo(LaunchManager.java:1359)
	at org.eclipse.debug.internal.core.LaunchConfiguration.getInfo(LaunchConfiguration.java:490)
	at org.eclipse.debug.internal.core.LaunchConfiguration.getType(LaunchConfiguration.java:645)
	at org.eclipse.debug.internal.core.LaunchManager.isValid(LaunchManager.java:2091)
	at org.eclipse.debug.internal.core.LaunchManager.verifyConfigurations(LaunchManager.java:2462)
	at org.eclipse.debug.internal.core.LaunchManager.getAllLaunchConfigurations(LaunchManager.java:1140)
	at org.eclipse.debug.internal.core.LaunchManager.getLaunchConfigurations(LaunchManager.java:1444)
	at org.eclipse.debug.internal.core.LaunchManager.getLaunchConfigurations(LaunchManager.java:1439)
	at org.eclipse.launchbar.core.internal.LaunchBarManager.init(LaunchBarManager.java:130)
	at org.eclipse.launchbar.core.internal.LaunchBarManager$1.run(LaunchBarManager.java:96)
	at org.eclipse.core.internal.jobs.Worker.run(Worker.java:63)

!ENTRY org.eclipse.debug.core 4 125 2026-07-28 11:20:40.934
!MESSAGE 调试核心所记录的错误：
!STACK 1
org.eclipse.debug.core.DebugException: 读取启动配置文件 F:\code\vibe_project\rollerball\M33\libraries\components\mtb-device-support-pse8xxgp\make\make\scripts\interface_version_4\eclipse\Application\flash\virgin\KitProg3\&&_APP_NAME&& Debug MultiCore (KitProg3_MiniProg4).launch 时发生了 org.xml.sax.SAXParseException; lineNumber: 3; columnNumber: 66; 在实体引用中, 实体名称必须紧跟在 '&' 后面。。
	at org.eclipse.debug.internal.core.LaunchManager.createDebugException(LaunchManager.java:886)
	at org.eclipse.debug.internal.core.LaunchManager.throwException(LaunchManager.java:2448)
	at org.eclipse.debug.internal.core.LaunchManager.getInfo(LaunchManager.java:1366)
	at org.eclipse.debug.internal.core.LaunchConfiguration.getInfo(LaunchConfiguration.java:490)
	at org.eclipse.debug.internal.core.LaunchConfiguration.getType(LaunchConfiguration.java:645)
	at org.eclipse.debug.internal.core.LaunchManager.isValid(LaunchManager.java:2091)
	at org.eclipse.debug.internal.core.LaunchManager.verifyConfigurations(LaunchManager.java:2462)
	at org.eclipse.debug.internal.core.LaunchManager.getAllLaunchConfigurations(LaunchManager.java:1140)
	at org.eclipse.debug.internal.core.LaunchManager.getLaunchConfigurations(LaunchManager.java:1444)
	at org.eclipse.debug.internal.core.LaunchManager.getLaunchConfigurations(LaunchManager.java:1439)
	at org.eclipse.launchbar.core.internal.LaunchBarManager.init(LaunchBarManager.java:130)
	at org.eclipse.launchbar.core.internal.LaunchBarManager$1.run(LaunchBarManager.java:96)
	at org.eclipse.core.internal.jobs.Worker.run(Worker.java:63)
Caused by: org.xml.sax.SAXParseException; lineNumber: 3; columnNumber: 66; 在实体引用中, 实体名称必须紧跟在 '&' 后面。
	at com.sun.org.apache.xerces.internal.util.ErrorHandlerWrapper.createSAXParseException(ErrorHandlerWrapper.java:203)
	at com.sun.org.apache.xerces.internal.util.ErrorHandlerWrapper.fatalError(ErrorHandlerWrapper.java:177)
	at com.sun.org.apache.xerces.internal.impl.XMLErrorReporter.reportError(XMLErrorReporter.java:400)
	at com.sun.org.apache.xerces.internal.impl.XMLErrorReporter.reportError(XMLErrorReporter.java:327)
	at com.sun.org.apache.xerces.internal.impl.XMLScanner.reportFatalError(XMLScanner.java:1472)
	at com.sun.org.apache.xerces.internal.impl.XMLScanner.scanAttributeValue(XMLScanner.java:908)
	at com.sun.org.apache.xerces.internal.impl.XMLDocumentFragmentScannerImpl.scanAttribute(XMLDocumentFragmentScannerImpl.java:1548)
	at com.sun.org.apache.xerces.internal.impl.XMLDocumentFragmentScannerImpl.scanStartElement(XMLDocumentFragmentScannerImpl.java:1315)
	at com.sun.org.apache.xerces.internal.impl.XMLDocumentFragmentScannerImpl$FragmentContentDriver.next(XMLDocumentFragmentScannerImpl.java:2784)
	at com.sun.org.apache.xerces.internal.impl.XMLDocumentScannerImpl.next(XMLDocumentScannerImpl.java:602)
	at com.sun.org.apache.xerces.internal.impl.XMLDocumentFragmentScannerImpl.scanDocument(XMLDocumentFragmentScannerImpl.java:505)
	at com.sun.org.apache.xerces.internal.parsers.XML11Configuration.parse(XML11Configuration.java:841)
	at com.sun.org.apache.xerces.internal.parsers.XML11Configuration.parse(XML11Configuration.java:770)
	at com.sun.org.apache.xerces.internal.parsers.XMLParser.parse(XMLParser.java:141)
	at com.sun.org.apache.xerces.internal.parsers.DOMParser.parse(DOMParser.java:243)
	at com.sun.org.apache.xerces.internal.jaxp.DocumentBuilderImpl.parse(DocumentBuilderImpl.java:339)
	at org.eclipse.debug.internal.core.LaunchManager.createInfoFromXML(LaunchManager.java:935)
	at org.eclipse.debug.internal.core.LaunchManager.getInfo(LaunchManager.java:1359)
	... 10 more
!SUBENTRY 1 org.eclipse.debug.core 4 5012 2026-07-28 11:20:40.934
!MESSAGE 读取启动配置文件 F:\code\vibe_project\rollerball\M33\libraries\components\mtb-device-support-pse8xxgp\make\make\scripts\interface_version_4\eclipse\Application\flash\virgin\KitProg3\&&_APP_NAME&& Debug MultiCore (KitProg3_MiniProg4).launch 时发生了 org.xml.sax.SAXParseException; lineNumber: 3; columnNumber: 66; 在实体引用中, 实体名称必须紧跟在 '&' 后面。。
!STACK 0
org.xml.sax.SAXParseException; lineNumber: 3; columnNumber: 66; 在实体引用中, 实体名称必须紧跟在 '&' 后面。
	at com.sun.org.apache.xerces.internal.util.ErrorHandlerWrapper.createSAXParseException(ErrorHandlerWrapper.java:203)
	at com.sun.org.apache.xerces.internal.util.ErrorHandlerWrapper.fatalError(ErrorHandlerWrapper.java:177)
	at com.sun.org.apache.xerces.internal.impl.XMLErrorReporter.reportError(XMLErrorReporter.java:400)
	at com.sun.org.apache.xerces.internal.impl.XMLErrorReporter.reportError(XMLErrorReporter.java:327)
	at com.sun.org.apache.xerces.internal.impl.XMLScanner.reportFatalError(XMLScanner.java:1472)
	at com.sun.org.apache.xerces.internal.impl.XMLScanner.scanAttributeValue(XMLScanner.java:908)
	at com.sun.org.apache.xerces.internal.impl.XMLDocumentFragmentScannerImpl.scanAttribute(XMLDocumentFragmentScannerImpl.java:1548)
	at com.sun.org.apache.xerces.internal.impl.XMLDocumentFragmentScannerImpl.scanStartElement(XMLDocumentFragmentScannerImpl.java:1315)
	at com.sun.org.apache.xerces.internal.impl.XMLDocumentFragmentScannerImpl$FragmentContentDriver.next(XMLDocumentFragmentScannerImpl.java:2784)
	at com.sun.org.apache.xerces.internal.impl.XMLDocumentScannerImpl.next(XMLDocumentScannerImpl.java:602)
	at com.sun.org.apache.xerces.internal.impl.XMLDocumentFragmentScannerImpl.scanDocument(XMLDocumentFragmentScannerImpl.java:505)
	at com.sun.org.apache.xerces.internal.parsers.XML11Configuration.parse(XML11Configuration.java:841)
	at com.sun.org.apache.xerces.internal.parsers.XML11Configuration.parse(XML11Configuration.java:770)
	at com.sun.org.apache.xerces.internal.parsers.XMLParser.parse(XMLParser.java:141)
	at com.sun.org.apache.xerces.internal.parsers.DOMParser.parse(DOMParser.java:243)
	at com.sun.org.apache.xerces.internal.jaxp.DocumentBuilderImpl.parse(DocumentBuilderImpl.java:339)
	at org.eclipse.debug.internal.core.LaunchManager.createInfoFromXML(LaunchManager.java:935)
	at org.eclipse.debug.internal.core.LaunchManager.getInfo(LaunchManager.java:1359)
	at org.eclipse.debug.internal.core.LaunchConfiguration.getInfo(LaunchConfiguration.java:490)
	at org.eclipse.debug.internal.core.LaunchConfiguration.getType(LaunchConfiguration.java:645)
	at org.eclipse.debug.internal.core.LaunchManager.isValid(LaunchManager.java:2091)
	at org.eclipse.debug.internal.core.LaunchManager.verifyConfigurations(LaunchManager.java:2462)
	at org.eclipse.debug.internal.core.LaunchManager.getAllLaunchConfigurations(LaunchManager.java:1140)
	at org.eclipse.debug.internal.core.LaunchManager.getLaunchConfigurations(LaunchManager.java:1444)
	at org.eclipse.debug.internal.core.LaunchManager.getLaunchConfigurations(LaunchManager.java:1439)
	at org.eclipse.launchbar.core.internal.LaunchBarManager.init(LaunchBarManager.java:130)
	at org.eclipse.launchbar.core.internal.LaunchBarManager$1.run(LaunchBarManager.java:96)
	at org.eclipse.core.internal.jobs.Worker.run(Worker.java:63)

!ENTRY org.eclipse.debug.core 4 125 2026-07-28 11:20:40.936
!MESSAGE 调试核心所记录的错误：
!STACK 1
org.eclipse.debug.core.DebugException: 读取启动配置文件 F:\code\vibe_project\rollerball\M33\libraries\components\mtb-device-support-pse8xxgp\make\make\scripts\interface_version_4\eclipse\Application\flash\virgin\KitProg3\&&_APP_NAME&& Erase All (KitProg3_MiniProg4).launch 时发生了 org.xml.sax.SAXParseException; lineNumber: 3; columnNumber: 66; 在实体引用中, 实体名称必须紧跟在 '&' 后面。。
	at org.eclipse.debug.internal.core.LaunchManager.createDebugException(LaunchManager.java:886)
	at org.eclipse.debug.internal.core.LaunchManager.throwException(LaunchManager.java:2448)
	at org.eclipse.debug.internal.core.LaunchManager.getInfo(LaunchManager.java:1366)
	at org.eclipse.debug.internal.core.LaunchConfiguration.getInfo(LaunchConfiguration.java:490)
	at org.eclipse.debug.internal.core.LaunchConfiguration.getType(LaunchConfiguration.java:645)
	at org.eclipse.debug.internal.core.LaunchManager.isValid(LaunchManager.java:2091)
	at org.eclipse.debug.internal.core.LaunchManager.verifyConfigurations(LaunchManager.java:2462)
	at org.eclipse.debug.internal.core.LaunchManager.getAllLaunchConfigurations(LaunchManager.java:1140)
	at org.eclipse.debug.internal.core.LaunchManager.getLaunchConfigurations(LaunchManager.java:1444)
	at org.eclipse.debug.internal.core.LaunchManager.getLaunchConfigurations(LaunchManager.java:1439)
	at org.eclipse.launchbar.core.internal.LaunchBarManager.init(LaunchBarManager.java:130)
	at org.eclipse.launchbar.core.internal.LaunchBarManager$1.run(LaunchBarManager.java:96)
	at org.eclipse.core.internal.jobs.Worker.run(Worker.java:63)
Caused by: org.xml.sax.SAXParseException; lineNumber: 3; columnNumber: 66; 在实体引用中, 实体名称必须紧跟在 '&' 后面。
	at com.sun.org.apache.xerces.internal.util.ErrorHandlerWrapper.createSAXParseException(ErrorHandlerWrapper.java:203)
	at com.sun.org.apache.xerces.internal.util.ErrorHandlerWrapper.fatalError(ErrorHandlerWrapper.java:177)
	at com.sun.org.apache.xerces.internal.impl.XMLErrorReporter.reportError(XMLErrorReporter.java:400)
	at com.sun.org.apache.xerces.internal.impl.XMLErrorReporter.reportError(XMLErrorReporter.java:327)
	at com.sun.org.apache.xerces.internal.impl.XMLScanner.reportFatalError(XMLScanner.java:1472)
	at com.sun.org.apache.xerces.internal.impl.XMLScanner.scanAttributeValue(XMLScanner.java:908)
	at com.sun.org.apache.xerces.internal.impl.XMLDocumentFragmentScannerImpl.scanAttribute(XMLDocumentFragmentScannerImpl.java:1548)
	at com.sun.org.apache.xerces.internal.impl.XMLDocumentFragmentScannerImpl.scanStartElement(XMLDocumentFragmentScannerImpl.java:1315)
	at com.sun.org.apache.xerces.internal.impl.XMLDocumentFragmentScannerImpl$FragmentContentDriver.next(XMLDocumentFragmentScannerImpl.java:2784)
	at com.sun.org.apache.xerces.internal.impl.XMLDocumentScannerImpl.next(XMLDocumentScannerImpl.java:602)
	at com.sun.org.apache.xerces.internal.impl.XMLDocumentFragmentScannerImpl.scanDocument(XMLDocumentFragmentScannerImpl.java:505)
	at com.sun.org.apache.xerces.internal.parsers.XML11Configuration.parse(XML11Configuration.java:841)
	at com.sun.org.apache.xerces.internal.parsers.XML11Configuration.parse(XML11Configuration.java:770)
	at com.sun.org.apache.xerces.internal.parsers.XMLParser.parse(XMLParser.java:141)
	at com.sun.org.apache.xerces.internal.parsers.DOMParser.parse(DOMParser.java:243)
	at com.sun.org.apache.xerces.internal.jaxp.DocumentBuilderImpl.parse(DocumentBuilderImpl.java:339)
	at org.eclipse.debug.internal.core.LaunchManager.createInfoFromXML(LaunchManager.java:935)
	at org.eclipse.debug.internal.core.LaunchManager.getInfo(LaunchManager.java:1359)
	... 10 more
!SUBENTRY 1 org.eclipse.debug.core 4 5012 2026-07-28 11:20:40.936
!MESSAGE 读取启动配置文件 F:\code\vibe_project\rollerball\M33\libraries\components\mtb-device-support-pse8xxgp\make\make\scripts\interface_version_4\eclipse\Application\flash\virgin\KitProg3\&&_APP_NAME&& Erase All (KitProg3_MiniProg4).launch 时发生了 org.xml.sax.SAXParseException; lineNumber: 3; columnNumber: 66; 在实体引用中, 实体名称必须紧跟在 '&' 后面。。
!STACK 0
org.xml.sax.SAXParseException; lineNumber: 3; columnNumber: 66; 在实体引用中, 实体名称必须紧跟在 '&' 后面。
	at com.sun.org.apache.xerces.internal.util.ErrorHandlerWrapper.createSAXParseException(ErrorHandlerWrapper.java:203)
	at com.sun.org.apache.xerces.internal.util.ErrorHandlerWrapper.fatalError(ErrorHandlerWrapper.java:177)
	at com.sun.org.apache.xerces.internal.impl.XMLErrorReporter.reportError(XMLErrorReporter.java:400)
	at com.sun.org.apache.xerces.internal.impl.XMLErrorReporter.reportError(XMLErrorReporter.java:327)
	at com.sun.org.apache.xerces.internal.impl.XMLScanner.reportFatalError(XMLScanner.java:1472)
	at com.sun.org.apache.xerces.internal.impl.XMLScanner.scanAttributeValue(XMLScanner.java:908)
	at com.sun.org.apache.xerces.internal.impl.XMLDocumentFragmentScannerImpl.scanAttribute(XMLDocumentFragmentScannerImpl.java:1548)
	at com.sun.org.apache.xerces.internal.impl.XMLDocumentFragmentScannerImpl.scanStartElement(XMLDocumentFragmentScannerImpl.java:1315)
	at com.sun.org.apache.xerces.internal.impl.XMLDocumentFragmentScannerImpl$FragmentContentDriver.next(XMLDocumentFragmentScannerImpl.java:2784)
	at com.sun.org.apache.xerces.internal.impl.XMLDocumentScannerImpl.next(XMLDocumentScannerImpl.java:602)
	at com.sun.org.apache.xerces.internal.impl.XMLDocumentFragmentScannerImpl.scanDocument(XMLDocumentFragmentScannerImpl.java:505)
	at com.sun.org.apache.xerces.internal.parsers.XML11Configuration.parse(XML11Configuration.java:841)
	at com.sun.org.apache.xerces.internal.parsers.XML11Configuration.parse(XML11Configuration.java:770)
	at com.sun.org.apache.xerces.internal.parsers.XMLParser.parse(XMLParser.java:141)
	at com.sun.org.apache.xerces.internal.parsers.DOMParser.parse(DOMParser.java:243)
	at com.sun.org.apache.xerces.internal.jaxp.DocumentBuilderImpl.parse(DocumentBuilderImpl.java:339)
	at org.eclipse.debug.internal.core.LaunchManager.createInfoFromXML(LaunchManager.java:935)
	at org.eclipse.debug.internal.core.LaunchManager.getInfo(LaunchManager.java:1359)
	at org.eclipse.debug.internal.core.LaunchConfiguration.getInfo(LaunchConfiguration.java:490)
	at org.eclipse.debug.internal.core.LaunchConfiguration.getType(LaunchConfiguration.java:645)
	at org.eclipse.debug.internal.core.LaunchManager.isValid(LaunchManager.java:2091)
	at org.eclipse.debug.internal.core.LaunchManager.verifyConfigurations(LaunchManager.java:2462)
	at org.eclipse.debug.internal.core.LaunchManager.getAllLaunchConfigurations(LaunchManager.java:1140)
	at org.eclipse.debug.internal.core.LaunchManager.getLaunchConfigurations(LaunchManager.java:1444)
	at org.eclipse.debug.internal.core.LaunchManager.getLaunchConfigurations(LaunchManager.java:1439)
	at org.eclipse.launchbar.core.internal.LaunchBarManager.init(LaunchBarManager.java:130)
	at org.eclipse.launchbar.core.internal.LaunchBarManager$1.run(LaunchBarManager.java:96)
	at org.eclipse.core.internal.jobs.Worker.run(Worker.java:63)

!ENTRY org.eclipse.debug.core 4 125 2026-07-28 11:20:40.938
!MESSAGE 调试核心所记录的错误：
!STACK 1
org.eclipse.debug.core.DebugException: 读取启动配置文件 F:\code\vibe_project\rollerball\M33\libraries\components\mtb-device-support-pse8xxgp\make\make\scripts\interface_version_4\eclipse\Application\flash\virgin\KitProg3\&&_APP_NAME&& Erase Device (KitProg3_MiniProg4).launch 时发生了 org.xml.sax.SAXParseException; lineNumber: 3; columnNumber: 66; 在实体引用中, 实体名称必须紧跟在 '&' 后面。。
	at org.eclipse.debug.internal.core.LaunchManager.createDebugException(LaunchManager.java:886)
	at org.eclipse.debug.internal.core.LaunchManager.throwException(LaunchManager.java:2448)
	at org.eclipse.debug.internal.core.LaunchManager.getInfo(LaunchManager.java:1366)
	at org.eclipse.debug.internal.core.LaunchConfiguration.getInfo(LaunchConfiguration.java:490)
	at org.eclipse.debug.internal.core.LaunchConfiguration.getType(LaunchConfiguration.java:645)
	at org.eclipse.debug.internal.core.LaunchManager.isValid(LaunchManager.java:2091)
	at org.eclipse.debug.internal.core.LaunchManager.verifyConfigurations(LaunchManager.java:2462)
	at org.eclipse.debug.internal.core.LaunchManager.getAllLaunchConfigurations(LaunchManager.java:1140)
	at org.eclipse.debug.internal.core.LaunchManager.getLaunchConfigurations(LaunchManager.java:1444)
	at org.eclipse.debug.internal.core.LaunchManager.getLaunchConfigurations(LaunchManager.java:1439)
	at org.eclipse.launchbar.core.internal.LaunchBarManager.init(LaunchBarManager.java:130)
	at org.eclipse.launchbar.core.internal.LaunchBarManager$1.run(LaunchBarManager.java:96)
	at org.eclipse.core.internal.jobs.Worker.run(Worker.java:63)
Caused by: org.xml.sax.SAXParseException; lineNumber: 3; columnNumber: 66; 在实体引用中, 实体名称必须紧跟在 '&' 后面。
	at com.sun.org.apache.xerces.internal.util.ErrorHandlerWrapper.createSAXParseException(ErrorHandlerWrapper.java:203)
	at com.sun.org.apache.xerces.internal.util.ErrorHandlerWrapper.fatalError(ErrorHandlerWrapper.java:177)
	at com.sun.org.apache.xerces.internal.impl.XMLErrorReporter.reportError(XMLErrorReporter.java:400)
	at com.sun.org.apache.xerces.internal.impl.XMLErrorReporter.reportError(XMLErrorReporter.java:327)
	at com.sun.org.apache.xerces.internal.impl.XMLScanner.reportFatalError(XMLScanner.java:1472)
	at com.sun.org.apache.xerces.internal.impl.XMLScanner.scanAttributeValue(XMLScanner.java:908)
	at com.sun.org.apache.xerces.internal.impl.XMLDocumentFragmentScannerImpl.scanAttribute(XMLDocumentFragmentScannerImpl.java:1548)
	at com.sun.org.apache.xerces.internal.impl.XMLDocumentFragmentScannerImpl.scanStartElement(XMLDocumentFragmentScannerImpl.java:1315)
	at com.sun.org.apache.xerces.internal.impl.XMLDocumentFragmentScannerImpl$FragmentContentDriver.next(XMLDocumentFragmentScannerImpl.java:2784)
	at com.sun.org.apache.xerces.internal.impl.XMLDocumentScannerImpl.next(XMLDocumentScannerImpl.java:602)
	at com.sun.org.apache.xerces.internal.impl.XMLDocumentFragmentScannerImpl.scanDocument(XMLDocumentFragmentScannerImpl.java:505)
	at com.sun.org.apache.xerces.internal.parsers.XML11Configuration.parse(XML11Configuration.java:841)
	at com.sun.org.apache.xerces.internal.parsers.XML11Configuration.parse(XML11Configuration.java:770)
	at com.sun.org.apache.xerces.internal.parsers.XMLParser.parse(XMLParser.java:141)
	at com.sun.org.apache.xerces.internal.parsers.DOMParser.parse(DOMParser.java:243)
	at com.sun.org.apache.xerces.internal.jaxp.DocumentBuilderImpl.parse(DocumentBuilderImpl.java:339)
	at org.eclipse.debug.internal.core.LaunchManager.createInfoFromXML(LaunchManager.java:935)
	at org.eclipse.debug.internal.core.LaunchManager.getInfo(LaunchManager.java:1359)
	... 10 more
!SUBENTRY 1 org.eclipse.debug.core 4 5012 2026-07-28 11:20:40.938
!MESSAGE 读取启动配置文件 F:\code\vibe_project\rollerball\M33\libraries\components\mtb-device-support-pse8xxgp\make\make\scripts\interface_version_4\eclipse\Application\flash\virgin\KitProg3\&&_APP_NAME&& Erase Device (KitProg3_MiniProg4).launch 时发生了 org.xml.sax.SAXParseException; lineNumber: 3; columnNumber: 66; 在实体引用中, 实体名称必须紧跟在 '&' 后面。。
!STACK 0
org.xml.sax.SAXParseException; lineNumber: 3; columnNumber: 66; 在实体引用中, 实体名称必须紧跟在 '&' 后面。
	at com.sun.org.apache.xerces.internal.util.ErrorHandlerWrapper.createSAXParseException(ErrorHandlerWrapper.java:203)
	at com.sun.org.apache.xerces.internal.util.ErrorHandlerWrapper.fatalError(ErrorHandlerWrapper.java:177)
	at com.sun.org.apache.xerces.internal.impl.XMLErrorReporter.reportError(XMLErrorReporter.java:400)
	at com.sun.org.apache.xerces.internal.impl.XMLErrorReporter.reportError(XMLErrorReporter.java:327)
	at com.sun.org.apache.xerces.internal.impl.XMLScanner.reportFatalError(XMLScanner.java:1472)
	at com.sun.org.apache.xerces.internal.impl.XMLScanner.scanAttributeValue(XMLScanner.java:908)
	at com.sun.org.apache.xerces.internal.impl.XMLDocumentFragmentScannerImpl.scanAttribute(XMLDocumentFragmentScannerImpl.java:1548)
	at com.sun.org.apache.xerces.internal.impl.XMLDocumentFragmentScannerImpl.scanStartElement(XMLDocumentFragmentScannerImpl.java:1315)
	at com.sun.org.apache.xerces.internal.impl.XMLDocumentFragmentScannerImpl$FragmentContentDriver.next(XMLDocumentFragmentScannerImpl.java:2784)
	at com.sun.org.apache.xerces.internal.impl.XMLDocumentScannerImpl.next(XMLDocumentScannerImpl.java:602)
	at com.sun.org.apache.xerces.internal.impl.XMLDocumentFragmentScannerImpl.scanDocument(XMLDocumentFragmentScannerImpl.java:505)
	at com.sun.org.apache.xerces.internal.parsers.XML11Configuration.parse(XML11Configuration.java:841)
	at com.sun.org.apache.xerces.internal.parsers.XML11Configuration.parse(XML11Configuration.java:770)
	at com.sun.org.apache.xerces.internal.parsers.XMLParser.parse(XMLParser.java:141)
	at com.sun.org.apache.xerces.internal.parsers.DOMParser.parse(DOMParser.java:243)
	at com.sun.org.apache.xerces.internal.jaxp.DocumentBuilderImpl.parse(DocumentBuilderImpl.java:339)
	at org.eclipse.debug.internal.core.LaunchManager.createInfoFromXML(LaunchManager.java:935)
	at org.eclipse.debug.internal.core.LaunchManager.getInfo(LaunchManager.java:1359)
	at org.eclipse.debug.internal.core.LaunchConfiguration.getInfo(LaunchConfiguration.java:490)
	at org.eclipse.debug.internal.core.LaunchConfiguration.getType(LaunchConfiguration.java:645)
	at org.eclipse.debug.internal.core.LaunchManager.isValid(LaunchManager.java:2091)
	at org.eclipse.debug.internal.core.LaunchManager.verifyConfigurations(LaunchManager.java:2462)
	at org.eclipse.debug.internal.core.LaunchManager.getAllLaunchConfigurations(LaunchManager.java:1140)
	at org.eclipse.debug.internal.core.LaunchManager.getLaunchConfigurations(LaunchManager.java:1444)
	at org.eclipse.debug.internal.core.LaunchManager.getLaunchConfigurations(LaunchManager.java:1439)
	at org.eclipse.launchbar.core.internal.LaunchBarManager.init(LaunchBarManager.java:130)
	at org.eclipse.launchbar.core.internal.LaunchBarManager$1.run(LaunchBarManager.java:96)
	at org.eclipse.core.internal.jobs.Worker.run(Worker.java:63)

!ENTRY org.eclipse.debug.core 4 125 2026-07-28 11:20:40.943
!MESSAGE 调试核心所记录的错误：
!STACK 1
org.eclipse.debug.core.DebugException: 读取启动配置文件 F:\code\vibe_project\rollerball\M33\libraries\components\mtb-device-support-pse8xxgp\make\make\scripts\interface_version_4\eclipse\Application\flash\virgin\KitProg3\&&_APP_NAME&& Program Application (KitProg3_MiniProg4).launch 时发生了 org.xml.sax.SAXParseException; lineNumber: 3; columnNumber: 66; 在实体引用中, 实体名称必须紧跟在 '&' 后面。。
	at org.eclipse.debug.internal.core.LaunchManager.createDebugException(LaunchManager.java:886)
	at org.eclipse.debug.internal.core.LaunchManager.throwException(LaunchManager.java:2448)
	at org.eclipse.debug.internal.core.LaunchManager.getInfo(LaunchManager.java:1366)
	at org.eclipse.debug.internal.core.LaunchConfiguration.getInfo(LaunchConfiguration.java:490)
	at org.eclipse.debug.internal.core.LaunchConfiguration.getType(LaunchConfiguration.java:645)
	at org.eclipse.debug.internal.core.LaunchManager.isValid(LaunchManager.java:2091)
	at org.eclipse.debug.internal.core.LaunchManager.verifyConfigurations(LaunchManager.java:2462)
	at org.eclipse.debug.internal.core.LaunchManager.getAllLaunchConfigurations(LaunchManager.java:1140)
	at org.eclipse.debug.internal.core.LaunchManager.getLaunchConfigurations(LaunchManager.java:1444)
	at org.eclipse.debug.internal.core.LaunchManager.getLaunchConfigurations(LaunchManager.java:1439)
	at org.eclipse.launchbar.core.internal.LaunchBarManager.init(LaunchBarManager.java:130)
	at org.eclipse.launchbar.core.internal.LaunchBarManager$1.run(LaunchBarManager.java:96)
	at org.eclipse.core.internal.jobs.Worker.run(Worker.java:63)
Caused by: org.xml.sax.SAXParseException; lineNumber: 3; columnNumber: 66; 在实体引用中, 实体名称必须紧跟在 '&' 后面。
	at com.sun.org.apache.xerces.internal.util.ErrorHandlerWrapper.createSAXParseException(ErrorHandlerWrapper.java:203)
	at com.sun.org.apache.xerces.internal.util.ErrorHandlerWrapper.fatalError(ErrorHandlerWrapper.java:177)
	at com.sun.org.apache.xerces.internal.impl.XMLErrorReporter.reportError(XMLErrorReporter.java:400)
	at com.sun.org.apache.xerces.internal.impl.XMLErrorReporter.reportError(XMLErrorReporter.java:327)
	at com.sun.org.apache.xerces.internal.impl.XMLScanner.reportFatalError(XMLScanner.java:1472)
	at com.sun.org.apache.xerces.internal.impl.XMLScanner.scanAttributeValue(XMLScanner.java:908)
	at com.sun.org.apache.xerces.internal.impl.XMLDocumentFragmentScannerImpl.scanAttribute(XMLDocumentFragmentScannerImpl.java:1548)
	at com.sun.org.apache.xerces.internal.impl.XMLDocumentFragmentScannerImpl.scanStartElement(XMLDocumentFragmentScannerImpl.java:1315)
	at com.sun.org.apache.xerces.internal.impl.XMLDocumentFragmentScannerImpl$FragmentContentDriver.next(XMLDocumentFragmentScannerImpl.java:2784)
	at com.sun.org.apache.xerces.internal.impl.XMLDocumentScannerImpl.next(XMLDocumentScannerImpl.java:602)
	at com.sun.org.apache.xerces.internal.impl.XMLDocumentFragmentScannerImpl.scanDocument(XMLDocumentFragmentScannerImpl.java:505)
	at com.sun.org.apache.xerces.internal.parsers.XML11Configuration.parse(XML11Configuration.java:841)
	at com.sun.org.apache.xerces.internal.parsers.XML11Configuration.parse(XML11Configuration.java:770)
	at com.sun.org.apache.xerces.internal.parsers.XMLParser.parse(XMLParser.java:141)
	at com.sun.org.apache.xerces.internal.parsers.DOMParser.parse(DOMParser.java:243)
	at com.sun.org.apache.xerces.internal.jaxp.DocumentBuilderImpl.parse(DocumentBuilderImpl.java:339)
	at org.eclipse.debug.internal.core.LaunchManager.createInfoFromXML(LaunchManager.java:935)
	at org.eclipse.debug.internal.core.LaunchManager.getInfo(LaunchManager.java:1359)
	... 10 more
!SUBENTRY 1 org.eclipse.debug.core 4 5012 2026-07-28 11:20:40.943
!MESSAGE 读取启动配置文件 F:\code\vibe_project\rollerball\M33\libraries\components\mtb-device-support-pse8xxgp\make\make\scripts\interface_version_4\eclipse\Application\flash\virgin\KitProg3\&&_APP_NAME&& Program Application (KitProg3_MiniProg4).launch 时发生了 org.xml.sax.SAXParseException; lineNumber: 3; columnNumber: 66; 在实体引用中, 实体名称必须紧跟在 '&' 后面。。
!STACK 0
org.xml.sax.SAXParseException; lineNumber: 3; columnNumber: 66; 在实体引用中, 实体名称必须紧跟在 '&' 后面。
	at com.sun.org.apache.xerces.internal.util.ErrorHandlerWrapper.createSAXParseException(ErrorHandlerWrapper.java:203)
	at com.sun.org.apache.xerces.internal.util.ErrorHandlerWrapper.fatalError(ErrorHandlerWrapper.java:177)
	at com.sun.org.apache.xerces.internal.impl.XMLErrorReporter.reportError(XMLErrorReporter.java:400)
	at com.sun.org.apache.xerces.internal.impl.XMLErrorReporter.reportError(XMLErrorReporter.java:327)
	at com.sun.org.apache.xerces.internal.impl.XMLScanner.reportFatalError(XMLScanner.java:1472)
	at com.sun.org.apache.xerces.internal.impl.XMLScanner.scanAttributeValue(XMLScanner.java:908)
	at com.sun.org.apache.xerces.internal.impl.XMLDocumentFragmentScannerImpl.scanAttribute(XMLDocumentFragmentScannerImpl.java:1548)
	at com.sun.org.apache.xerces.internal.impl.XMLDocumentFragmentScannerImpl.scanStartElement(XMLDocumentFragmentScannerImpl.java:1315)
	at com.sun.org.apache.xerces.internal.impl.XMLDocumentFragmentScannerImpl$FragmentContentDriver.next(XMLDocumentFragmentScannerImpl.java:2784)
	at com.sun.org.apache.xerces.internal.impl.XMLDocumentScannerImpl.next(XMLDocumentScannerImpl.java:602)
	at com.sun.org.apache.xerces.internal.impl.XMLDocumentFragmentScannerImpl.scanDocument(XMLDocumentFragmentScannerImpl.java:505)
	at com.sun.org.apache.xerces.internal.parsers.XML11Configuration.parse(XML11Configuration.java:841)
	at com.sun.org.apache.xerces.internal.parsers.XML11Configuration.parse(XML11Configuration.java:770)
	at com.sun.org.apache.xerces.internal.parsers.XMLParser.parse(XMLParser.java:141)
	at com.sun.org.apache.xerces.internal.parsers.DOMParser.parse(DOMParser.java:243)
	at com.sun.org.apache.xerces.internal.jaxp.DocumentBuilderImpl.parse(DocumentBuilderImpl.java:339)
	at org.eclipse.debug.internal.core.LaunchManager.createInfoFromXML(LaunchManager.java:935)
	at org.eclipse.debug.internal.core.LaunchManager.getInfo(LaunchManager.java:1359)
	at org.eclipse.debug.internal.core.LaunchConfiguration.getInfo(LaunchConfiguration.java:490)
	at org.eclipse.debug.internal.core.LaunchConfiguration.getType(LaunchConfiguration.java:645)
	at org.eclipse.debug.internal.core.LaunchManager.isValid(LaunchManager.java:2091)
	at org.eclipse.debug.internal.core.LaunchManager.verifyConfigurations(LaunchManager.java:2462)
	at org.eclipse.debug.internal.core.LaunchManager.getAllLaunchConfigurations(LaunchManager.java:1140)
	at org.eclipse.debug.internal.core.LaunchManager.getLaunchConfigurations(LaunchManager.java:1444)
	at org.eclipse.debug.internal.core.LaunchManager.getLaunchConfigurations(LaunchManager.java:1439)
	at org.eclipse.launchbar.core.internal.LaunchBarManager.init(LaunchBarManager.java:130)
	at org.eclipse.launchbar.core.internal.LaunchBarManager$1.run(LaunchBarManager.java:96)
	at org.eclipse.core.internal.jobs.Worker.run(Worker.java:63)

!ENTRY org.eclipse.debug.core 4 125 2026-07-28 11:20:40.943
!MESSAGE 调试核心所记录的错误：
!STACK 1
org.eclipse.debug.core.DebugException: 读取启动配置文件 F:\code\vibe_project\rollerball\M33\libraries\components\mtb-device-support-pse8xxgp\make\make\scripts\interface_version_4\eclipse\Application\flash\virgin\KitProg3\&&_APP_NAME&& Start App (KitProg3_MiniProg4).launch 时发生了 org.xml.sax.SAXParseException; lineNumber: 3; columnNumber: 66; 在实体引用中, 实体名称必须紧跟在 '&' 后面。。
	at org.eclipse.debug.internal.core.LaunchManager.createDebugException(LaunchManager.java:886)
	at org.eclipse.debug.internal.core.LaunchManager.throwException(LaunchManager.java:2448)
	at org.eclipse.debug.internal.core.LaunchManager.getInfo(LaunchManager.java:1366)
	at org.eclipse.debug.internal.core.LaunchConfiguration.getInfo(LaunchConfiguration.java:490)
	at org.eclipse.debug.internal.core.LaunchConfiguration.getType(LaunchConfiguration.java:645)
	at org.eclipse.debug.internal.core.LaunchManager.isValid(LaunchManager.java:2091)
	at org.eclipse.debug.internal.core.LaunchManager.verifyConfigurations(LaunchManager.java:2462)
	at org.eclipse.debug.internal.core.LaunchManager.getAllLaunchConfigurations(LaunchManager.java:1140)
	at org.eclipse.debug.internal.core.LaunchManager.getLaunchConfigurations(LaunchManager.java:1444)
	at org.eclipse.debug.internal.core.LaunchManager.getLaunchConfigurations(LaunchManager.java:1439)
	at org.eclipse.launchbar.core.internal.LaunchBarManager.init(LaunchBarManager.java:130)
	at org.eclipse.launchbar.core.internal.LaunchBarManager$1.run(LaunchBarManager.java:96)
	at org.eclipse.core.internal.jobs.Worker.run(Worker.java:63)
Caused by: org.xml.sax.SAXParseException; lineNumber: 3; columnNumber: 66; 在实体引用中, 实体名称必须紧跟在 '&' 后面。
	at com.sun.org.apache.xerces.internal.util.ErrorHandlerWrapper.createSAXParseException(ErrorHandlerWrapper.java:203)
	at com.sun.org.apache.xerces.internal.util.ErrorHandlerWrapper.fatalError(ErrorHandlerWrapper.java:177)
	at com.sun.org.apache.xerces.internal.impl.XMLErrorReporter.reportError(XMLErrorReporter.java:400)
	at com.sun.org.apache.xerces.internal.impl.XMLErrorReporter.reportError(XMLErrorReporter.java:327)
	at com.sun.org.apache.xerces.internal.impl.XMLScanner.reportFatalError(XMLScanner.java:1472)
	at com.sun.org.apache.xerces.internal.impl.XMLScanner.scanAttributeValue(XMLScanner.java:908)
	at com.sun.org.apache.xerces.internal.impl.XMLDocumentFragmentScannerImpl.scanAttribute(XMLDocumentFragmentScannerImpl.java:1548)
	at com.sun.org.apache.xerces.internal.impl.XMLDocumentFragmentScannerImpl.scanStartElement(XMLDocumentFragmentScannerImpl.java:1315)
	at com.sun.org.apache.xerces.internal.impl.XMLDocumentFragmentScannerImpl$FragmentContentDriver.next(XMLDocumentFragmentScannerImpl.java:2784)
	at com.sun.org.apache.xerces.internal.impl.XMLDocumentScannerImpl.next(XMLDocumentScannerImpl.java:602)
	at com.sun.org.apache.xerces.internal.impl.XMLDocumentFragmentScannerImpl.scanDocument(XMLDocumentFragmentScannerImpl.java:505)
	at com.sun.org.apache.xerces.internal.parsers.XML11Configuration.parse(XML11Configuration.java:841)
	at com.sun.org.apache.xerces.internal.parsers.XML11Configuration.parse(XML11Configuration.java:770)
	at com.sun.org.apache.xerces.internal.parsers.XMLParser.parse(XMLParser.java:141)
	at com.sun.org.apache.xerces.internal.parsers.DOMParser.parse(DOMParser.java:243)
	at com.sun.org.apache.xerces.internal.jaxp.DocumentBuilderImpl.parse(DocumentBuilderImpl.java:339)
	at org.eclipse.debug.internal.core.LaunchManager.createInfoFromXML(LaunchManager.java:935)
	at org.eclipse.debug.internal.core.LaunchManager.getInfo(LaunchManager.java:1359)
	... 10 more
!SUBENTRY 1 org.eclipse.debug.core 4 5012 2026-07-28 11:20:40.943
!MESSAGE 读取启动配置文件 F:\code\vibe_project\rollerball\M33\libraries\components\mtb-device-support-pse8xxgp\make\make\scripts\interface_version_4\eclipse\Application\flash\virgin\KitProg3\&&_APP_NAME&& Start App (KitProg3_MiniProg4).launch 时发生了 org.xml.sax.SAXParseException; lineNumber: 3; columnNumber: 66; 在实体引用中, 实体名称必须紧跟在 '&' 后面。。
!STACK 0
org.xml.sax.SAXParseException; lineNumber: 3; columnNumber: 66; 在实体引用中, 实体名称必须紧跟在 '&' 后面。
	at com.sun.org.apache.xerces.internal.util.ErrorHandlerWrapper.createSAXParseException(ErrorHandlerWrapper.java:203)
	at com.sun.org.apache.xerces.internal.util.ErrorHandlerWrapper.fatalError(ErrorHandlerWrapper.java:177)
	at com.sun.org.apache.xerces.internal.impl.XMLErrorReporter.reportError(XMLErrorReporter.java:400)
	at com.sun.org.apache.xerces.internal.impl.XMLErrorReporter.reportError(XMLErrorReporter.java:327)
	at com.sun.org.apache.xerces.internal.impl.XMLScanner.reportFatalError(XMLScanner.java:1472)
	at com.sun.org.apache.xerces.internal.impl.XMLScanner.scanAttributeValue(XMLScanner.java:908)
	at com.sun.org.apache.xerces.internal.impl.XMLDocumentFragmentScannerImpl.scanAttribute(XMLDocumentFragmentScannerImpl.java:1548)
	at com.sun.org.apache.xerces.internal.impl.XMLDocumentFragmentScannerImpl.scanStartElement(XMLDocumentFragmentScannerImpl.java:1315)
	at com.sun.org.apache.xerces.internal.impl.XMLDocumentFragmentScannerImpl$FragmentContentDriver.next(XMLDocumentFragmentScannerImpl.java:2784)
	at com.sun.org.apache.xerces.internal.impl.XMLDocumentScannerImpl.next(XMLDocumentScannerImpl.java:602)
	at com.sun.org.apache.xerces.internal.impl.XMLDocumentFragmentScannerImpl.scanDocument(XMLDocumentFragmentScannerImpl.java:505)
	at com.sun.org.apache.xerces.internal.parsers.XML11Configuration.parse(XML11Configuration.java:841)
	at com.sun.org.apache.xerces.internal.parsers.XML11Configuration.parse(XML11Configuration.java:770)
	at com.sun.org.apache.xerces.internal.parsers.XMLParser.parse(XMLParser.java:141)
	at com.sun.org.apache.xerces.internal.parsers.DOMParser.parse(DOMParser.java:243)
	at com.sun.org.apache.xerces.internal.jaxp.DocumentBuilderImpl.parse(DocumentBuilderImpl.java:339)
	at org.eclipse.debug.internal.core.LaunchManager.createInfoFromXML(LaunchManager.java:935)
	at org.eclipse.debug.internal.core.LaunchManager.getInfo(LaunchManager.java:1359)
	at org.eclipse.debug.internal.core.LaunchConfiguration.getInfo(LaunchConfiguration.java:490)
	at org.eclipse.debug.internal.core.LaunchConfiguration.getType(LaunchConfiguration.java:645)
	at org.eclipse.debug.internal.core.LaunchManager.isValid(LaunchManager.java:2091)
	at org.eclipse.debug.internal.core.LaunchManager.verifyConfigurations(LaunchManager.java:2462)
	at org.eclipse.debug.internal.core.LaunchManager.getAllLaunchConfigurations(LaunchManager.java:1140)
	at org.eclipse.debug.internal.core.LaunchManager.getLaunchConfigurations(LaunchManager.java:1444)
	at org.eclipse.debug.internal.core.LaunchManager.getLaunchConfigurations(LaunchManager.java:1439)
	at org.eclipse.launchbar.core.internal.LaunchBarManager.init(LaunchBarManager.java:130)
	at org.eclipse.launchbar.core.internal.LaunchBarManager$1.run(LaunchBarManager.java:96)
	at org.eclipse.core.internal.jobs.Worker.run(Worker.java:63)

!ENTRY org.eclipse.debug.core 4 125 2026-07-28 11:20:40.946
!MESSAGE 调试核心所记录的错误：
!STACK 1
org.eclipse.debug.core.DebugException: 读取启动配置文件 F:\code\vibe_project\rollerball\M33\libraries\components\mtb-device-support-pse8xxgp\make\make\scripts\interface_version_4\eclipse\Application\ram\_normal\JLink\&&_APP_NAME&& Debug RAM MultiCore (JLink).launch 时发生了 org.xml.sax.SAXParseException; lineNumber: 3; columnNumber: 66; 在实体引用中, 实体名称必须紧跟在 '&' 后面。。
	at org.eclipse.debug.internal.core.LaunchManager.createDebugException(LaunchManager.java:886)
	at org.eclipse.debug.internal.core.LaunchManager.throwException(LaunchManager.java:2448)
	at org.eclipse.debug.internal.core.LaunchManager.getInfo(LaunchManager.java:1366)
	at org.eclipse.debug.internal.core.LaunchConfiguration.getInfo(LaunchConfiguration.java:490)
	at org.eclipse.debug.internal.core.LaunchConfiguration.getType(LaunchConfiguration.java:645)
	at org.eclipse.debug.internal.core.LaunchManager.isValid(LaunchManager.java:2091)
	at org.eclipse.debug.internal.core.LaunchManager.verifyConfigurations(LaunchManager.java:2462)
	at org.eclipse.debug.internal.core.LaunchManager.getAllLaunchConfigurations(LaunchManager.java:1140)
	at org.eclipse.debug.internal.core.LaunchManager.getLaunchConfigurations(LaunchManager.java:1444)
	at org.eclipse.debug.internal.core.LaunchManager.getLaunchConfigurations(LaunchManager.java:1439)
	at org.eclipse.launchbar.core.internal.LaunchBarManager.init(LaunchBarManager.java:130)
	at org.eclipse.launchbar.core.internal.LaunchBarManager$1.run(LaunchBarManager.java:96)
	at org.eclipse.core.internal.jobs.Worker.run(Worker.java:63)
Caused by: org.xml.sax.SAXParseException; lineNumber: 3; columnNumber: 66; 在实体引用中, 实体名称必须紧跟在 '&' 后面。
	at com.sun.org.apache.xerces.internal.util.ErrorHandlerWrapper.createSAXParseException(ErrorHandlerWrapper.java:203)
	at com.sun.org.apache.xerces.internal.util.ErrorHandlerWrapper.fatalError(ErrorHandlerWrapper.java:177)
	at com.sun.org.apache.xerces.internal.impl.XMLErrorReporter.reportError(XMLErrorReporter.java:400)
	at com.sun.org.apache.xerces.internal.impl.XMLErrorReporter.reportError(XMLErrorReporter.java:327)
	at com.sun.org.apache.xerces.internal.impl.XMLScanner.reportFatalError(XMLScanner.java:1472)
	at com.sun.org.apache.xerces.internal.impl.XMLScanner.scanAttributeValue(XMLScanner.java:908)
	at com.sun.org.apache.xerces.internal.impl.XMLDocumentFragmentScannerImpl.scanAttribute(XMLDocumentFragmentScannerImpl.java:1548)
	at com.sun.org.apache.xerces.internal.impl.XMLDocumentFragmentScannerImpl.scanStartElement(XMLDocumentFragmentScannerImpl.java:1315)
	at com.sun.org.apache.xerces.internal.impl.XMLDocumentFragmentScannerImpl$FragmentContentDriver.next(XMLDocumentFragmentScannerImpl.java:2784)
	at com.sun.org.apache.xerces.internal.impl.XMLDocumentScannerImpl.next(XMLDocumentScannerImpl.java:602)
	at com.sun.org.apache.xerces.internal.impl.XMLDocumentFragmentScannerImpl.scanDocument(XMLDocumentFragmentScannerImpl.java:505)
	at com.sun.org.apache.xerces.internal.parsers.XML11Configuration.parse(XML11Configuration.java:841)
	at com.sun.org.apache.xerces.internal.parsers.XML11Configuration.parse(XML11Configuration.java:770)
	at com.sun.org.apache.xerces.internal.parsers.XMLParser.parse(XMLParser.java:141)
	at com.sun.org.apache.xerces.internal.parsers.DOMParser.parse(DOMParser.java:243)
	at com.sun.org.apache.xerces.internal.jaxp.DocumentBuilderImpl.parse(DocumentBuilderImpl.java:339)
	at org.eclipse.debug.internal.core.LaunchManager.createInfoFromXML(LaunchManager.java:935)
	at org.eclipse.debug.internal.core.LaunchManager.getInfo(LaunchManager.java:1359)
	... 10 more
!SUBENTRY 1 org.eclipse.debug.core 4 5012 2026-07-28 11:20:40.946
!MESSAGE 读取启动配置文件 F:\code\vibe_project\rollerball\M33\libraries\components\mtb-device-support-pse8xxgp\make\make\scripts\interface_version_4\eclipse\Application\ram\_normal\JLink\&&_APP_NAME&& Debug RAM MultiCore (JLink).launch 时发生了 org.xml.sax.SAXParseException; lineNumber: 3; columnNumber: 66; 在实体引用中, 实体名称必须紧跟在 '&' 后面。。
!STACK 0
org.xml.sax.SAXParseException; lineNumber: 3; columnNumber: 66; 在实体引用中, 实体名称必须紧跟在 '&' 后面。
	at com.sun.org.apache.xerces.internal.util.ErrorHandlerWrapper.createSAXParseException(ErrorHandlerWrapper.java:203)
	at com.sun.org.apache.xerces.internal.util.ErrorHandlerWrapper.fatalError(ErrorHandlerWrapper.java:177)
	at com.sun.org.apache.xerces.internal.impl.XMLErrorReporter.reportError(XMLErrorReporter.java:400)
	at com.sun.org.apache.xerces.internal.impl.XMLErrorReporter.reportError(XMLErrorReporter.java:327)
	at com.sun.org.apache.xerces.internal.impl.XMLScanner.reportFatalError(XMLScanner.java:1472)
	at com.sun.org.apache.xerces.internal.impl.XMLScanner.scanAttributeValue(XMLScanner.java:908)
	at com.sun.org.apache.xerces.internal.impl.XMLDocumentFragmentScannerImpl.scanAttribute(XMLDocumentFragmentScannerImpl.java:1548)
	at com.sun.org.apache.xerces.internal.impl.XMLDocumentFragmentScannerImpl.scanStartElement(XMLDocumentFragmentScannerImpl.java:1315)
	at com.sun.org.apache.xerces.internal.impl.XMLDocumentFragmentScannerImpl$FragmentContentDriver.next(XMLDocumentFragmentScannerImpl.java:2784)
	at com.sun.org.apache.xerces.internal.impl.XMLDocumentScannerImpl.next(XMLDocumentScannerImpl.java:602)
	at com.sun.org.apache.xerces.internal.impl.XMLDocumentFragmentScannerImpl.scanDocument(XMLDocumentFragmentScannerImpl.java:505)
	at com.sun.org.apache.xerces.internal.parsers.XML11Configuration.parse(XML11Configuration.java:841)
	at com.sun.org.apache.xerces.internal.parsers.XML11Configuration.parse(XML11Configuration.java:770)
	at com.sun.org.apache.xerces.internal.parsers.XMLParser.parse(XMLParser.java:141)
	at com.sun.org.apache.xerces.internal.parsers.DOMParser.parse(DOMParser.java:243)
	at com.sun.org.apache.xerces.internal.jaxp.DocumentBuilderImpl.parse(DocumentBuilderImpl.java:339)
	at org.eclipse.debug.internal.core.LaunchManager.createInfoFromXML(LaunchManager.java:935)
	at org.eclipse.debug.internal.core.LaunchManager.getInfo(LaunchManager.java:1359)
	at org.eclipse.debug.internal.core.LaunchConfiguration.getInfo(LaunchConfiguration.java:490)
	at org.eclipse.debug.internal.core.LaunchConfiguration.getType(LaunchConfiguration.java:645)
	at org.eclipse.debug.internal.core.LaunchManager.isValid(LaunchManager.java:2091)
	at org.eclipse.debug.internal.core.LaunchManager.verifyConfigurations(LaunchManager.java:2462)
	at org.eclipse.debug.internal.core.LaunchManager.getAllLaunchConfigurations(LaunchManager.java:1140)
	at org.eclipse.debug.internal.core.LaunchManager.getLaunchConfigurations(LaunchManager.java:1444)
	at org.eclipse.debug.internal.core.LaunchManager.getLaunchConfigurations(LaunchManager.java:1439)
	at org.eclipse.launchbar.core.internal.LaunchBarManager.init(LaunchBarManager.java:130)
	at org.eclipse.launchbar.core.internal.LaunchBarManager$1.run(LaunchBarManager.java:96)
	at org.eclipse.core.internal.jobs.Worker.run(Worker.java:63)

!ENTRY org.eclipse.debug.core 4 125 2026-07-28 11:20:40.946
!MESSAGE 调试核心所记录的错误：
!STACK 1
org.eclipse.debug.core.DebugException: 读取启动配置文件 F:\code\vibe_project\rollerball\M33\libraries\components\mtb-device-support-pse8xxgp\make\make\scripts\interface_version_4\eclipse\Application\ram\_normal\JLink\&&_APP_NAME&& Program RAM Application (JLink).launch 时发生了 org.xml.sax.SAXParseException; lineNumber: 3; columnNumber: 66; 在实体引用中, 实体名称必须紧跟在 '&' 后面。。
	at org.eclipse.debug.internal.core.LaunchManager.createDebugException(LaunchManager.java:886)
	at org.eclipse.debug.internal.core.LaunchManager.throwException(LaunchManager.java:2448)
	at org.eclipse.debug.internal.core.LaunchManager.getInfo(LaunchManager.java:1366)
	at org.eclipse.debug.internal.core.LaunchConfiguration.getInfo(LaunchConfiguration.java:490)
	at org.eclipse.debug.internal.core.LaunchConfiguration.getType(LaunchConfiguration.java:645)
	at org.eclipse.debug.internal.core.LaunchManager.isValid(LaunchManager.java:2091)
	at org.eclipse.debug.internal.core.LaunchManager.verifyConfigurations(LaunchManager.java:2462)
	at org.eclipse.debug.internal.core.LaunchManager.getAllLaunchConfigurations(LaunchManager.java:1140)
	at org.eclipse.debug.internal.core.LaunchManager.getLaunchConfigurations(LaunchManager.java:1444)
	at org.eclipse.debug.internal.core.LaunchManager.getLaunchConfigurations(LaunchManager.java:1439)
	at org.eclipse.launchbar.core.internal.LaunchBarManager.init(LaunchBarManager.java:130)
	at org.eclipse.launchbar.core.internal.LaunchBarManager$1.run(LaunchBarManager.java:96)
	at org.eclipse.core.internal.jobs.Worker.run(Worker.java:63)
Caused by: org.xml.sax.SAXParseException; lineNumber: 3; columnNumber: 66; 在实体引用中, 实体名称必须紧跟在 '&' 后面。
	at com.sun.org.apache.xerces.internal.util.ErrorHandlerWrapper.createSAXParseException(ErrorHandlerWrapper.java:203)
	at com.sun.org.apache.xerces.internal.util.ErrorHandlerWrapper.fatalError(ErrorHandlerWrapper.java:177)
	at com.sun.org.apache.xerces.internal.impl.XMLErrorReporter.reportError(XMLErrorReporter.java:400)
	at com.sun.org.apache.xerces.internal.impl.XMLErrorReporter.reportError(XMLErrorReporter.java:327)
	at com.sun.org.apache.xerces.internal.impl.XMLScanner.reportFatalError(XMLScanner.java:1472)
	at com.sun.org.apache.xerces.internal.impl.XMLScanner.scanAttributeValue(XMLScanner.java:908)
	at com.sun.org.apache.xerces.internal.impl.XMLDocumentFragmentScannerImpl.scanAttribute(XMLDocumentFragmentScannerImpl.java:1548)
	at com.sun.org.apache.xerces.internal.impl.XMLDocumentFragmentScannerImpl.scanStartElement(XMLDocumentFragmentScannerImpl.java:1315)
	at com.sun.org.apache.xerces.internal.impl.XMLDocumentFragmentScannerImpl$FragmentContentDriver.next(XMLDocumentFragmentScannerImpl.java:2784)
	at com.sun.org.apache.xerces.internal.impl.XMLDocumentScannerImpl.next(XMLDocumentScannerImpl.java:602)
	at com.sun.org.apache.xerces.internal.impl.XMLDocumentFragmentScannerImpl.scanDocument(XMLDocumentFragmentScannerImpl.java:505)
	at com.sun.org.apache.xerces.internal.parsers.XML11Configuration.parse(XML11Configuration.java:841)
	at com.sun.org.apache.xerces.internal.parsers.XML11Configuration.parse(XML11Configuration.java:770)
	at com.sun.org.apache.xerces.internal.parsers.XMLParser.parse(XMLParser.java:141)
	at com.sun.org.apache.xerces.internal.parsers.DOMParser.parse(DOMParser.java:243)
	at com.sun.org.apache.xerces.internal.jaxp.DocumentBuilderImpl.parse(DocumentBuilderImpl.java:339)
	at org.eclipse.debug.internal.core.LaunchManager.createInfoFromXML(LaunchManager.java:935)
	at org.eclipse.debug.internal.core.LaunchManager.getInfo(LaunchManager.java:1359)
	... 10 more
!SUBENTRY 1 org.eclipse.debug.core 4 5012 2026-07-28 11:20:40.946
!MESSAGE 读取启动配置文件 F:\code\vibe_project\rollerball\M33\libraries\components\mtb-device-support-pse8xxgp\make\make\scripts\interface_version_4\eclipse\Application\ram\_normal\JLink\&&_APP_NAME&& Program RAM Application (JLink).launch 时发生了 org.xml.sax.SAXParseException; lineNumber: 3; columnNumber: 66; 在实体引用中, 实体名称必须紧跟在 '&' 后面。。
!STACK 0
org.xml.sax.SAXParseException; lineNumber: 3; columnNumber: 66; 在实体引用中, 实体名称必须紧跟在 '&' 后面。
	at com.sun.org.apache.xerces.internal.util.ErrorHandlerWrapper.createSAXParseException(ErrorHandlerWrapper.java:203)
	at com.sun.org.apache.xerces.internal.util.ErrorHandlerWrapper.fatalError(ErrorHandlerWrapper.java:177)
	at com.sun.org.apache.xerces.internal.impl.XMLErrorReporter.reportError(XMLErrorReporter.java:400)
	at com.sun.org.apache.xerces.internal.impl.XMLErrorReporter.reportError(XMLErrorReporter.java:327)
	at com.sun.org.apache.xerces.internal.impl.XMLScanner.reportFatalError(XMLScanner.java:1472)
	at com.sun.org.apache.xerces.internal.impl.XMLScanner.scanAttributeValue(XMLScanner.java:908)
	at com.sun.org.apache.xerces.internal.impl.XMLDocumentFragmentScannerImpl.scanAttribute(XMLDocumentFragmentScannerImpl.java:1548)
	at com.sun.org.apache.xerces.internal.impl.XMLDocumentFragmentScannerImpl.scanStartElement(XMLDocumentFragmentScannerImpl.java:1315)
	at com.sun.org.apache.xerces.internal.impl.XMLDocumentFragmentScannerImpl$FragmentContentDriver.next(XMLDocumentFragmentScannerImpl.java:2784)
	at com.sun.org.apache.xerces.internal.impl.XMLDocumentScannerImpl.next(XMLDocumentScannerImpl.java:602)
	at com.sun.org.apache.xerces.internal.impl.XMLDocumentFragmentScannerImpl.scanDocument(XMLDocumentFragmentScannerImpl.java:505)
	at com.sun.org.apache.xerces.internal.parsers.XML11Configuration.parse(XML11Configuration.java:841)
	at com.sun.org.apache.xerces.internal.parsers.XML11Configuration.parse(XML11Configuration.java:770)
	at com.sun.org.apache.xerces.internal.parsers.XMLParser.parse(XMLParser.java:141)
	at com.sun.org.apache.xerces.internal.parsers.DOMParser.parse(DOMParser.java:243)
	at com.sun.org.apache.xerces.internal.jaxp.DocumentBuilderImpl.parse(DocumentBuilderImpl.java:339)
	at org.eclipse.debug.internal.core.LaunchManager.createInfoFromXML(LaunchManager.java:935)
	at org.eclipse.debug.internal.core.LaunchManager.getInfo(LaunchManager.java:1359)
	at org.eclipse.debug.internal.core.LaunchConfiguration.getInfo(LaunchConfiguration.java:490)
	at org.eclipse.debug.internal.core.LaunchConfiguration.getType(LaunchConfiguration.java:645)
	at org.eclipse.debug.internal.core.LaunchManager.isValid(LaunchManager.java:2091)
	at org.eclipse.debug.internal.core.LaunchManager.verifyConfigurations(LaunchManager.java:2462)
	at org.eclipse.debug.internal.core.LaunchManager.getAllLaunchConfigurations(LaunchManager.java:1140)
	at org.eclipse.debug.internal.core.LaunchManager.getLaunchConfigurations(LaunchManager.java:1444)
	at org.eclipse.debug.internal.core.LaunchManager.getLaunchConfigurations(LaunchManager.java:1439)
	at org.eclipse.launchbar.core.internal.LaunchBarManager.init(LaunchBarManager.java:130)
	at org.eclipse.launchbar.core.internal.LaunchBarManager$1.run(LaunchBarManager.java:96)
	at org.eclipse.core.internal.jobs.Worker.run(Worker.java:63)

!ENTRY org.eclipse.debug.core 4 125 2026-07-28 11:20:40.946
!MESSAGE 调试核心所记录的错误：
!STACK 1
org.eclipse.debug.core.DebugException: 读取启动配置文件 F:\code\vibe_project\rollerball\M33\libraries\components\mtb-device-support-pse8xxgp\make\make\scripts\interface_version_4\eclipse\Application\ram\_normal\KitProg3\&&_APP_NAME&& Debug MultiCore (KitProg3_MiniProg4).launch 时发生了 org.xml.sax.SAXParseException; lineNumber: 3; columnNumber: 66; 在实体引用中, 实体名称必须紧跟在 '&' 后面。。
	at org.eclipse.debug.internal.core.LaunchManager.createDebugException(LaunchManager.java:886)
	at org.eclipse.debug.internal.core.LaunchManager.throwException(LaunchManager.java:2448)
	at org.eclipse.debug.internal.core.LaunchManager.getInfo(LaunchManager.java:1366)
	at org.eclipse.debug.internal.core.LaunchConfiguration.getInfo(LaunchConfiguration.java:490)
	at org.eclipse.debug.internal.core.LaunchConfiguration.getType(LaunchConfiguration.java:645)
	at org.eclipse.debug.internal.core.LaunchManager.isValid(LaunchManager.java:2091)
	at org.eclipse.debug.internal.core.LaunchManager.verifyConfigurations(LaunchManager.java:2462)
	at org.eclipse.debug.internal.core.LaunchManager.getAllLaunchConfigurations(LaunchManager.java:1140)
	at org.eclipse.debug.internal.core.LaunchManager.getLaunchConfigurations(LaunchManager.java:1444)
	at org.eclipse.debug.internal.core.LaunchManager.getLaunchConfigurations(LaunchManager.java:1439)
	at org.eclipse.launchbar.core.internal.LaunchBarManager.init(LaunchBarManager.java:130)
	at org.eclipse.launchbar.core.internal.LaunchBarManager$1.run(LaunchBarManager.java:96)
	at org.eclipse.core.internal.jobs.Worker.run(Worker.java:63)
Caused by: org.xml.sax.SAXParseException; lineNumber: 3; columnNumber: 66; 在实体引用中, 实体名称必须紧跟在 '&' 后面。
	at com.sun.org.apache.xerces.internal.util.ErrorHandlerWrapper.createSAXParseException(ErrorHandlerWrapper.java:203)
	at com.sun.org.apache.xerces.internal.util.ErrorHandlerWrapper.fatalError(ErrorHandlerWrapper.java:177)
	at com.sun.org.apache.xerces.internal.impl.XMLErrorReporter.reportError(XMLErrorReporter.java:400)
	at com.sun.org.apache.xerces.internal.impl.XMLErrorReporter.reportError(XMLErrorReporter.java:327)
	at com.sun.org.apache.xerces.internal.impl.XMLScanner.reportFatalError(XMLScanner.java:1472)
	at com.sun.org.apache.xerces.internal.impl.XMLScanner.scanAttributeValue(XMLScanner.java:908)
	at com.sun.org.apache.xerces.internal.impl.XMLDocumentFragmentScannerImpl.scanAttribute(XMLDocumentFragmentScannerImpl.java:1548)
	at com.sun.org.apache.xerces.internal.impl.XMLDocumentFragmentScannerImpl.scanStartElement(XMLDocumentFragmentScannerImpl.java:1315)
	at com.sun.org.apache.xerces.internal.impl.XMLDocumentFragmentScannerImpl$FragmentContentDriver.next(XMLDocumentFragmentScannerImpl.java:2784)
	at com.sun.org.apache.xerces.internal.impl.XMLDocumentScannerImpl.next(XMLDocumentScannerImpl.java:602)
	at com.sun.org.apache.xerces.internal.impl.XMLDocumentFragmentScannerImpl.scanDocument(XMLDocumentFragmentScannerImpl.java:505)
	at com.sun.org.apache.xerces.internal.parsers.XML11Configuration.parse(XML11Configuration.java:841)
	at com.sun.org.apache.xerces.internal.parsers.XML11Configuration.parse(XML11Configuration.java:770)
	at com.sun.org.apache.xerces.internal.parsers.XMLParser.parse(XMLParser.java:141)
	at com.sun.org.apache.xerces.internal.parsers.DOMParser.parse(DOMParser.java:243)
	at com.sun.org.apache.xerces.internal.jaxp.DocumentBuilderImpl.parse(DocumentBuilderImpl.java:339)
	at org.eclipse.debug.internal.core.LaunchManager.createInfoFromXML(LaunchManager.java:935)
	at org.eclipse.debug.internal.core.LaunchManager.getInfo(LaunchManager.java:1359)
	... 10 more
!SUBENTRY 1 org.eclipse.debug.core 4 5012 2026-07-28 11:20:40.950
!MESSAGE 读取启动配置文件 F:\code\vibe_project\rollerball\M33\libraries\components\mtb-device-support-pse8xxgp\make\make\scripts\interface_version_4\eclipse\Application\ram\_normal\KitProg3\&&_APP_NAME&& Debug MultiCore (KitProg3_MiniProg4).launch 时发生了 org.xml.sax.SAXParseException; lineNumber: 3; columnNumber: 66; 在实体引用中, 实体名称必须紧跟在 '&' 后面。。
!STACK 0
org.xml.sax.SAXParseException; lineNumber: 3; columnNumber: 66; 在实体引用中, 实体名称必须紧跟在 '&' 后面。
	at com.sun.org.apache.xerces.internal.util.ErrorHandlerWrapper.createSAXParseException(ErrorHandlerWrapper.java:203)
	at com.sun.org.apache.xerces.internal.util.ErrorHandlerWrapper.fatalError(ErrorHandlerWrapper.java:177)
	at com.sun.org.apache.xerces.internal.impl.XMLErrorReporter.reportError(XMLErrorReporter.java:400)
	at com.sun.org.apache.xerces.internal.impl.XMLErrorReporter.reportError(XMLErrorReporter.java:327)
	at com.sun.org.apache.xerces.internal.impl.XMLScanner.reportFatalError(XMLScanner.java:1472)
	at com.sun.org.apache.xerces.internal.impl.XMLScanner.scanAttributeValue(XMLScanner.java:908)
	at com.sun.org.apache.xerces.internal.impl.XMLDocumentFragmentScannerImpl.scanAttribute(XMLDocumentFragmentScannerImpl.java:1548)
	at com.sun.org.apache.xerces.internal.impl.XMLDocumentFragmentScannerImpl.scanStartElement(XMLDocumentFragmentScannerImpl.java:1315)
	at com.sun.org.apache.xerces.internal.impl.XMLDocumentFragmentScannerImpl$FragmentContentDriver.next(XMLDocumentFragmentScannerImpl.java:2784)
	at com.sun.org.apache.xerces.internal.impl.XMLDocumentScannerImpl.next(XMLDocumentScannerImpl.java:602)
	at com.sun.org.apache.xerces.internal.impl.XMLDocumentFragmentScannerImpl.scanDocument(XMLDocumentFragmentScannerImpl.java:505)
	at com.sun.org.apache.xerces.internal.parsers.XML11Configuration.parse(XML11Configuration.java:841)
	at com.sun.org.apache.xerces.internal.parsers.XML11Configuration.parse(XML11Configuration.java:770)
	at com.sun.org.apache.xerces.internal.parsers.XMLParser.parse(XMLParser.java:141)
	at com.sun.org.apache.xerces.internal.parsers.DOMParser.parse(DOMParser.java:243)
	at com.sun.org.apache.xerces.internal.jaxp.DocumentBuilderImpl.parse(DocumentBuilderImpl.java:339)
	at org.eclipse.debug.internal.core.LaunchManager.createInfoFromXML(LaunchManager.java:935)
	at org.eclipse.debug.internal.core.LaunchManager.getInfo(LaunchManager.java:1359)
	at org.eclipse.debug.internal.core.LaunchConfiguration.getInfo(LaunchConfiguration.java:490)
	at org.eclipse.debug.internal.core.LaunchConfiguration.getType(LaunchConfiguration.java:645)
	at org.eclipse.debug.internal.core.LaunchManager.isValid(LaunchManager.java:2091)
	at org.eclipse.debug.internal.core.LaunchManager.verifyConfigurations(LaunchManager.java:2462)
	at org.eclipse.debug.internal.core.LaunchManager.getAllLaunchConfigurations(LaunchManager.java:1140)
	at org.eclipse.debug.internal.core.LaunchManager.getLaunchConfigurations(LaunchManager.java:1444)
	at org.eclipse.debug.internal.core.LaunchManager.getLaunchConfigurations(LaunchManager.java:1439)
	at org.eclipse.launchbar.core.internal.LaunchBarManager.init(LaunchBarManager.java:130)
	at org.eclipse.launchbar.core.internal.LaunchBarManager$1.run(LaunchBarManager.java:96)
	at org.eclipse.core.internal.jobs.Worker.run(Worker.java:63)

!ENTRY org.eclipse.debug.core 4 125 2026-07-28 11:20:40.950
!MESSAGE 调试核心所记录的错误：
!STACK 1
org.eclipse.debug.core.DebugException: 读取启动配置文件 F:\code\vibe_project\rollerball\M33\libraries\components\mtb-device-support-pse8xxgp\make\make\scripts\interface_version_4\eclipse\Application\ram\_normal\KitProg3\&&_APP_NAME&& Erase All (KitProg3_MiniProg4).launch 时发生了 org.xml.sax.SAXParseException; lineNumber: 3; columnNumber: 66; 在实体引用中, 实体名称必须紧跟在 '&' 后面。。
	at org.eclipse.debug.internal.core.LaunchManager.createDebugException(LaunchManager.java:886)
	at org.eclipse.debug.internal.core.LaunchManager.throwException(LaunchManager.java:2448)
	at org.eclipse.debug.internal.core.LaunchManager.getInfo(LaunchManager.java:1366)
	at org.eclipse.debug.internal.core.LaunchConfiguration.getInfo(LaunchConfiguration.java:490)
	at org.eclipse.debug.internal.core.LaunchConfiguration.getType(LaunchConfiguration.java:645)
	at org.eclipse.debug.internal.core.LaunchManager.isValid(LaunchManager.java:2091)
	at org.eclipse.debug.internal.core.LaunchManager.verifyConfigurations(LaunchManager.java:2462)
	at org.eclipse.debug.internal.core.LaunchManager.getAllLaunchConfigurations(LaunchManager.java:1140)
	at org.eclipse.debug.internal.core.LaunchManager.getLaunchConfigurations(LaunchManager.java:1444)
	at org.eclipse.debug.internal.core.LaunchManager.getLaunchConfigurations(LaunchManager.java:1439)
	at org.eclipse.launchbar.core.internal.LaunchBarManager.init(LaunchBarManager.java:130)
	at org.eclipse.launchbar.core.internal.LaunchBarManager$1.run(LaunchBarManager.java:96)
	at org.eclipse.core.internal.jobs.Worker.run(Worker.java:63)
Caused by: org.xml.sax.SAXParseException; lineNumber: 3; columnNumber: 66; 在实体引用中, 实体名称必须紧跟在 '&' 后面。
	at com.sun.org.apache.xerces.internal.util.ErrorHandlerWrapper.createSAXParseException(ErrorHandlerWrapper.java:203)
	at com.sun.org.apache.xerces.internal.util.ErrorHandlerWrapper.fatalError(ErrorHandlerWrapper.java:177)
	at com.sun.org.apache.xerces.internal.impl.XMLErrorReporter.reportError(XMLErrorReporter.java:400)
	at com.sun.org.apache.xerces.internal.impl.XMLErrorReporter.reportError(XMLErrorReporter.java:327)
	at com.sun.org.apache.xerces.internal.impl.XMLScanner.reportFatalError(XMLScanner.java:1472)
	at com.sun.org.apache.xerces.internal.impl.XMLScanner.scanAttributeValue(XMLScanner.java:908)
	at com.sun.org.apache.xerces.internal.impl.XMLDocumentFragmentScannerImpl.scanAttribute(XMLDocumentFragmentScannerImpl.java:1548)
	at com.sun.org.apache.xerces.internal.impl.XMLDocumentFragmentScannerImpl.scanStartElement(XMLDocumentFragmentScannerImpl.java:1315)
	at com.sun.org.apache.xerces.internal.impl.XMLDocumentFragmentScannerImpl$FragmentContentDriver.next(XMLDocumentFragmentScannerImpl.java:2784)
	at com.sun.org.apache.xerces.internal.impl.XMLDocumentScannerImpl.next(XMLDocumentScannerImpl.java:602)
	at com.sun.org.apache.xerces.internal.impl.XMLDocumentFragmentScannerImpl.scanDocument(XMLDocumentFragmentScannerImpl.java:505)
	at com.sun.org.apache.xerces.internal.parsers.XML11Configuration.parse(XML11Configuration.java:841)
	at com.sun.org.apache.xerces.internal.parsers.XML11Configuration.parse(XML11Configuration.java:770)
	at com.sun.org.apache.xerces.internal.parsers.XMLParser.parse(XMLParser.java:141)
	at com.sun.org.apache.xerces.internal.parsers.DOMParser.parse(DOMParser.java:243)
	at com.sun.org.apache.xerces.internal.jaxp.DocumentBuilderImpl.parse(DocumentBuilderImpl.java:339)
	at org.eclipse.debug.internal.core.LaunchManager.createInfoFromXML(LaunchManager.java:935)
	at org.eclipse.debug.internal.core.LaunchManager.getInfo(LaunchManager.java:1359)
	... 10 more
!SUBENTRY 1 org.eclipse.debug.core 4 5012 2026-07-28 11:20:40.950
!MESSAGE 读取启动配置文件 F:\code\vibe_project\rollerball\M33\libraries\components\mtb-device-support-pse8xxgp\make\make\scripts\interface_version_4\eclipse\Application\ram\_normal\KitProg3\&&_APP_NAME&& Erase All (KitProg3_MiniProg4).launch 时发生了 org.xml.sax.SAXParseException; lineNumber: 3; columnNumber: 66; 在实体引用中, 实体名称必须紧跟在 '&' 后面。。
!STACK 0
org.xml.sax.SAXParseException; lineNumber: 3; columnNumber: 66; 在实体引用中, 实体名称必须紧跟在 '&' 后面。
	at com.sun.org.apache.xerces.internal.util.ErrorHandlerWrapper.createSAXParseException(ErrorHandlerWrapper.java:203)
	at com.sun.org.apache.xerces.internal.util.ErrorHandlerWrapper.fatalError(ErrorHandlerWrapper.java:177)
	at com.sun.org.apache.xerces.internal.impl.XMLErrorReporter.reportError(XMLErrorReporter.java:400)
	at com.sun.org.apache.xerces.internal.impl.XMLErrorReporter.reportError(XMLErrorReporter.java:327)
	at com.sun.org.apache.xerces.internal.impl.XMLScanner.reportFatalError(XMLScanner.java:1472)
	at com.sun.org.apache.xerces.internal.impl.XMLScanner.scanAttributeValue(XMLScanner.java:908)
	at com.sun.org.apache.xerces.internal.impl.XMLDocumentFragmentScannerImpl.scanAttribute(XMLDocumentFragmentScannerImpl.java:1548)
	at com.sun.org.apache.xerces.internal.impl.XMLDocumentFragmentScannerImpl.scanStartElement(XMLDocumentFragmentScannerImpl.java:1315)
	at com.sun.org.apache.xerces.internal.impl.XMLDocumentFragmentScannerImpl$FragmentContentDriver.next(XMLDocumentFragmentScannerImpl.java:2784)
	at com.sun.org.apache.xerces.internal.impl.XMLDocumentScannerImpl.next(XMLDocumentScannerImpl.java:602)
	at com.sun.org.apache.xerces.internal.impl.XMLDocumentFragmentScannerImpl.scanDocument(XMLDocumentFragmentScannerImpl.java:505)
	at com.sun.org.apache.xerces.internal.parsers.XML11Configuration.parse(XML11Configuration.java:841)
	at com.sun.org.apache.xerces.internal.parsers.XML11Configuration.parse(XML11Configuration.java:770)
	at com.sun.org.apache.xerces.internal.parsers.XMLParser.parse(XMLParser.java:141)
	at com.sun.org.apache.xerces.internal.parsers.DOMParser.parse(DOMParser.java:243)
	at com.sun.org.apache.xerces.internal.jaxp.DocumentBuilderImpl.parse(DocumentBuilderImpl.java:339)
	at org.eclipse.debug.internal.core.LaunchManager.createInfoFromXML(LaunchManager.java:935)
	at org.eclipse.debug.internal.core.LaunchManager.getInfo(LaunchManager.java:1359)
	at org.eclipse.debug.internal.core.LaunchConfiguration.getInfo(LaunchConfiguration.java:490)
	at org.eclipse.debug.internal.core.LaunchConfiguration.getType(LaunchConfiguration.java:645)
	at org.eclipse.debug.internal.core.LaunchManager.isValid(LaunchManager.java:2091)
	at org.eclipse.debug.internal.core.LaunchManager.verifyConfigurations(LaunchManager.java:2462)
	at org.eclipse.debug.internal.core.LaunchManager.getAllLaunchConfigurations(LaunchManager.java:1140)
	at org.eclipse.debug.internal.core.LaunchManager.getLaunchConfigurations(LaunchManager.java:1444)
	at org.eclipse.debug.internal.core.LaunchManager.getLaunchConfigurations(LaunchManager.java:1439)
	at org.eclipse.launchbar.core.internal.LaunchBarManager.init(LaunchBarManager.java:130)
	at org.eclipse.launchbar.core.internal.LaunchBarManager$1.run(LaunchBarManager.java:96)
	at org.eclipse.core.internal.jobs.Worker.run(Worker.java:63)

!ENTRY org.eclipse.debug.core 4 125 2026-07-28 11:20:40.955
!MESSAGE 调试核心所记录的错误：
!STACK 1
org.eclipse.debug.core.DebugException: 读取启动配置文件 F:\code\vibe_project\rollerball\M33\libraries\components\mtb-device-support-pse8xxgp\make\make\scripts\interface_version_4\eclipse\Application\ram\_normal\KitProg3\&&_APP_NAME&& Erase Device (KitProg3_MiniProg4).launch 时发生了 org.xml.sax.SAXParseException; lineNumber: 3; columnNumber: 66; 在实体引用中, 实体名称必须紧跟在 '&' 后面。。
	at org.eclipse.debug.internal.core.LaunchManager.createDebugException(LaunchManager.java:886)
	at org.eclipse.debug.internal.core.LaunchManager.throwException(LaunchManager.java:2448)
	at org.eclipse.debug.internal.core.LaunchManager.getInfo(LaunchManager.java:1366)
	at org.eclipse.debug.internal.core.LaunchConfiguration.getInfo(LaunchConfiguration.java:490)
	at org.eclipse.debug.internal.core.LaunchConfiguration.getType(LaunchConfiguration.java:645)
	at org.eclipse.debug.internal.core.LaunchManager.isValid(LaunchManager.java:2091)
	at org.eclipse.debug.internal.core.LaunchManager.verifyConfigurations(LaunchManager.java:2462)
	at org.eclipse.debug.internal.core.LaunchManager.getAllLaunchConfigurations(LaunchManager.java:1140)
	at org.eclipse.debug.internal.core.LaunchManager.getLaunchConfigurations(LaunchManager.java:1444)
	at org.eclipse.debug.internal.core.LaunchManager.getLaunchConfigurations(LaunchManager.java:1439)
	at org.eclipse.launchbar.core.internal.LaunchBarManager.init(LaunchBarManager.java:130)
	at org.eclipse.launchbar.core.internal.LaunchBarManager$1.run(LaunchBarManager.java:96)
	at org.eclipse.core.internal.jobs.Worker.run(Worker.java:63)
Caused by: org.xml.sax.SAXParseException; lineNumber: 3; columnNumber: 66; 在实体引用中, 实体名称必须紧跟在 '&' 后面。
	at com.sun.org.apache.xerces.internal.util.ErrorHandlerWrapper.createSAXParseException(ErrorHandlerWrapper.java:203)
	at com.sun.org.apache.xerces.internal.util.ErrorHandlerWrapper.fatalError(ErrorHandlerWrapper.java:177)
	at com.sun.org.apache.xerces.internal.impl.XMLErrorReporter.reportError(XMLErrorReporter.java:400)
	at com.sun.org.apache.xerces.internal.impl.XMLErrorReporter.reportError(XMLErrorReporter.java:327)
	at com.sun.org.apache.xerces.internal.impl.XMLScanner.reportFatalError(XMLScanner.java:1472)
	at com.sun.org.apache.xerces.internal.impl.XMLScanner.scanAttributeValue(XMLScanner.java:908)
	at com.sun.org.apache.xerces.internal.impl.XMLDocumentFragmentScannerImpl.scanAttribute(XMLDocumentFragmentScannerImpl.java:1548)
	at com.sun.org.apache.xerces.internal.impl.XMLDocumentFragmentScannerImpl.scanStartElement(XMLDocumentFragmentScannerImpl.java:1315)
	at com.sun.org.apache.xerces.internal.impl.XMLDocumentFragmentScannerImpl$FragmentContentDriver.next(XMLDocumentFragmentScannerImpl.java:2784)
	at com.sun.org.apache.xerces.internal.impl.XMLDocumentScannerImpl.next(XMLDocumentScannerImpl.java:602)
	at com.sun.org.apache.xerces.internal.impl.XMLDocumentFragmentScannerImpl.scanDocument(XMLDocumentFragmentScannerImpl.java:505)
	at com.sun.org.apache.xerces.internal.parsers.XML11Configuration.parse(XML11Configuration.java:841)
	at com.sun.org.apache.xerces.internal.parsers.XML11Configuration.parse(XML11Configuration.java:770)
	at com.sun.org.apache.xerces.internal.parsers.XMLParser.parse(XMLParser.java:141)
	at com.sun.org.apache.xerces.internal.parsers.DOMParser.parse(DOMParser.java:243)
	at com.sun.org.apache.xerces.internal.jaxp.DocumentBuilderImpl.parse(DocumentBuilderImpl.java:339)
	at org.eclipse.debug.internal.core.LaunchManager.createInfoFromXML(LaunchManager.java:935)
	at org.eclipse.debug.internal.core.LaunchManager.getInfo(LaunchManager.java:1359)
	... 10 more
!SUBENTRY 1 org.eclipse.debug.core 4 5012 2026-07-28 11:20:40.955
!MESSAGE 读取启动配置文件 F:\code\vibe_project\rollerball\M33\libraries\components\mtb-device-support-pse8xxgp\make\make\scripts\interface_version_4\eclipse\Application\ram\_normal\KitProg3\&&_APP_NAME&& Erase Device (KitProg3_MiniProg4).launch 时发生了 org.xml.sax.SAXParseException; lineNumber: 3; columnNumber: 66; 在实体引用中, 实体名称必须紧跟在 '&' 后面。。
!STACK 0
org.xml.sax.SAXParseException; lineNumber: 3; columnNumber: 66; 在实体引用中, 实体名称必须紧跟在 '&' 后面。
	at com.sun.org.apache.xerces.internal.util.ErrorHandlerWrapper.createSAXParseException(ErrorHandlerWrapper.java:203)
	at com.sun.org.apache.xerces.internal.util.ErrorHandlerWrapper.fatalError(ErrorHandlerWrapper.java:177)
	at com.sun.org.apache.xerces.internal.impl.XMLErrorReporter.reportError(XMLErrorReporter.java:400)
	at com.sun.org.apache.xerces.internal.impl.XMLErrorReporter.reportError(XMLErrorReporter.java:327)
	at com.sun.org.apache.xerces.internal.impl.XMLScanner.reportFatalError(XMLScanner.java:1472)
	at com.sun.org.apache.xerces.internal.impl.XMLScanner.scanAttributeValue(XMLScanner.java:908)
	at com.sun.org.apache.xerces.internal.impl.XMLDocumentFragmentScannerImpl.scanAttribute(XMLDocumentFragmentScannerImpl.java:1548)
	at com.sun.org.apache.xerces.internal.impl.XMLDocumentFragmentScannerImpl.scanStartElement(XMLDocumentFragmentScannerImpl.java:1315)
	at com.sun.org.apache.xerces.internal.impl.XMLDocumentFragmentScannerImpl$FragmentContentDriver.next(XMLDocumentFragmentScannerImpl.java:2784)
	at com.sun.org.apache.xerces.internal.impl.XMLDocumentScannerImpl.next(XMLDocumentScannerImpl.java:602)
	at com.sun.org.apache.xerces.internal.impl.XMLDocumentFragmentScannerImpl.scanDocument(XMLDocumentFragmentScannerImpl.java:505)
	at com.sun.org.apache.xerces.internal.parsers.XML11Configuration.parse(XML11Configuration.java:841)
	at com.sun.org.apache.xerces.internal.parsers.XML11Configuration.parse(XML11Configuration.java:770)
	at com.sun.org.apache.xerces.internal.parsers.XMLParser.parse(XMLParser.java:141)
	at com.sun.org.apache.xerces.internal.parsers.DOMParser.parse(DOMParser.java:243)
	at com.sun.org.apache.xerces.internal.jaxp.DocumentBuilderImpl.parse(DocumentBuilderImpl.java:339)
	at org.eclipse.debug.internal.core.LaunchManager.createInfoFromXML(LaunchManager.java:935)
	at org.eclipse.debug.internal.core.LaunchManager.getInfo(LaunchManager.java:1359)
	at org.eclipse.debug.internal.core.LaunchConfiguration.getInfo(LaunchConfiguration.java:490)
	at org.eclipse.debug.internal.core.LaunchConfiguration.getType(LaunchConfiguration.java:645)
	at org.eclipse.debug.internal.core.LaunchManager.isValid(LaunchManager.java:2091)
	at org.eclipse.debug.internal.core.LaunchManager.verifyConfigurations(LaunchManager.java:2462)
	at org.eclipse.debug.internal.core.LaunchManager.getAllLaunchConfigurations(LaunchManager.java:1140)
	at org.eclipse.debug.internal.core.LaunchManager.getLaunchConfigurations(LaunchManager.java:1444)
	at org.eclipse.debug.internal.core.LaunchManager.getLaunchConfigurations(LaunchManager.java:1439)
	at org.eclipse.launchbar.core.internal.LaunchBarManager.init(LaunchBarManager.java:130)
	at org.eclipse.launchbar.core.internal.LaunchBarManager$1.run(LaunchBarManager.java:96)
	at org.eclipse.core.internal.jobs.Worker.run(Worker.java:63)

!ENTRY org.eclipse.debug.core 4 125 2026-07-28 11:20:40.955
!MESSAGE 调试核心所记录的错误：
!STACK 1
org.eclipse.debug.core.DebugException: 读取启动配置文件 F:\code\vibe_project\rollerball\M33\libraries\components\mtb-device-support-pse8xxgp\make\make\scripts\interface_version_4\eclipse\Application\ram\_normal\KitProg3\&&_APP_NAME&& Program Application (KitProg3_MiniProg4).launch 时发生了 org.xml.sax.SAXParseException; lineNumber: 3; columnNumber: 66; 在实体引用中, 实体名称必须紧跟在 '&' 后面。。
	at org.eclipse.debug.internal.core.LaunchManager.createDebugException(LaunchManager.java:886)
	at org.eclipse.debug.internal.core.LaunchManager.throwException(LaunchManager.java:2448)
	at org.eclipse.debug.internal.core.LaunchManager.getInfo(LaunchManager.java:1366)
	at org.eclipse.debug.internal.core.LaunchConfiguration.getInfo(LaunchConfiguration.java:490)
	at org.eclipse.debug.internal.core.LaunchConfiguration.getType(LaunchConfiguration.java:645)
	at org.eclipse.debug.internal.core.LaunchManager.isValid(LaunchManager.java:2091)
	at org.eclipse.debug.internal.core.LaunchManager.verifyConfigurations(LaunchManager.java:2462)
	at org.eclipse.debug.internal.core.LaunchManager.getAllLaunchConfigurations(LaunchManager.java:1140)
	at org.eclipse.debug.internal.core.LaunchManager.getLaunchConfigurations(LaunchManager.java:1444)
	at org.eclipse.debug.internal.core.LaunchManager.getLaunchConfigurations(LaunchManager.java:1439)
	at org.eclipse.launchbar.core.internal.LaunchBarManager.init(LaunchBarManager.java:130)
	at org.eclipse.launchbar.core.internal.LaunchBarManager$1.run(LaunchBarManager.java:96)
	at org.eclipse.core.internal.jobs.Worker.run(Worker.java:63)
Caused by: org.xml.sax.SAXParseException; lineNumber: 3; columnNumber: 66; 在实体引用中, 实体名称必须紧跟在 '&' 后面。
	at com.sun.org.apache.xerces.internal.util.ErrorHandlerWrapper.createSAXParseException(ErrorHandlerWrapper.java:203)
	at com.sun.org.apache.xerces.internal.util.ErrorHandlerWrapper.fatalError(ErrorHandlerWrapper.java:177)
	at com.sun.org.apache.xerces.internal.impl.XMLErrorReporter.reportError(XMLErrorReporter.java:400)
	at com.sun.org.apache.xerces.internal.impl.XMLErrorReporter.reportError(XMLErrorReporter.java:327)
	at com.sun.org.apache.xerces.internal.impl.XMLScanner.reportFatalError(XMLScanner.java:1472)
	at com.sun.org.apache.xerces.internal.impl.XMLScanner.scanAttributeValue(XMLScanner.java:908)
	at com.sun.org.apache.xerces.internal.impl.XMLDocumentFragmentScannerImpl.scanAttribute(XMLDocumentFragmentScannerImpl.java:1548)
	at com.sun.org.apache.xerces.internal.impl.XMLDocumentFragmentScannerImpl.scanStartElement(XMLDocumentFragmentScannerImpl.java:1315)
	at com.sun.org.apache.xerces.internal.impl.XMLDocumentFragmentScannerImpl$FragmentContentDriver.next(XMLDocumentFragmentScannerImpl.java:2784)
	at com.sun.org.apache.xerces.internal.impl.XMLDocumentScannerImpl.next(XMLDocumentScannerImpl.java:602)
	at com.sun.org.apache.xerces.internal.impl.XMLDocumentFragmentScannerImpl.scanDocument(XMLDocumentFragmentScannerImpl.java:505)
	at com.sun.org.apache.xerces.internal.parsers.XML11Configuration.parse(XML11Configuration.java:841)
	at com.sun.org.apache.xerces.internal.parsers.XML11Configuration.parse(XML11Configuration.java:770)
	at com.sun.org.apache.xerces.internal.parsers.XMLParser.parse(XMLParser.java:141)
	at com.sun.org.apache.xerces.internal.parsers.DOMParser.parse(DOMParser.java:243)
	at com.sun.org.apache.xerces.internal.jaxp.DocumentBuilderImpl.parse(DocumentBuilderImpl.java:339)
	at org.eclipse.debug.internal.core.LaunchManager.createInfoFromXML(LaunchManager.java:935)
	at org.eclipse.debug.internal.core.LaunchManager.getInfo(LaunchManager.java:1359)
	... 10 more
!SUBENTRY 1 org.eclipse.debug.core 4 5012 2026-07-28 11:20:40.955
!MESSAGE 读取启动配置文件 F:\code\vibe_project\rollerball\M33\libraries\components\mtb-device-support-pse8xxgp\make\make\scripts\interface_version_4\eclipse\Application\ram\_normal\KitProg3\&&_APP_NAME&& Program Application (KitProg3_MiniProg4).launch 时发生了 org.xml.sax.SAXParseException; lineNumber: 3; columnNumber: 66; 在实体引用中, 实体名称必须紧跟在 '&' 后面。。
!STACK 0
org.xml.sax.SAXParseException; lineNumber: 3; columnNumber: 66; 在实体引用中, 实体名称必须紧跟在 '&' 后面。
	at com.sun.org.apache.xerces.internal.util.ErrorHandlerWrapper.createSAXParseException(ErrorHandlerWrapper.java:203)
	at com.sun.org.apache.xerces.internal.util.ErrorHandlerWrapper.fatalError(ErrorHandlerWrapper.java:177)
	at com.sun.org.apache.xerces.internal.impl.XMLErrorReporter.reportError(XMLErrorReporter.java:400)
	at com.sun.org.apache.xerces.internal.impl.XMLErrorReporter.reportError(XMLErrorReporter.java:327)
	at com.sun.org.apache.xerces.internal.impl.XMLScanner.reportFatalError(XMLScanner.java:1472)
	at com.sun.org.apache.xerces.internal.impl.XMLScanner.scanAttributeValue(XMLScanner.java:908)
	at com.sun.org.apache.xerces.internal.impl.XMLDocumentFragmentScannerImpl.scanAttribute(XMLDocumentFragmentScannerImpl.java:1548)
	at com.sun.org.apache.xerces.internal.impl.XMLDocumentFragmentScannerImpl.scanStartElement(XMLDocumentFragmentScannerImpl.java:1315)
	at com.sun.org.apache.xerces.internal.impl.XMLDocumentFragmentScannerImpl$FragmentContentDriver.next(XMLDocumentFragmentScannerImpl.java:2784)
	at com.sun.org.apache.xerces.internal.impl.XMLDocumentScannerImpl.next(XMLDocumentScannerImpl.java:602)
	at com.sun.org.apache.xerces.internal.impl.XMLDocumentFragmentScannerImpl.scanDocument(XMLDocumentFragmentScannerImpl.java:505)
	at com.sun.org.apache.xerces.internal.parsers.XML11Configuration.parse(XML11Configuration.java:841)
	at com.sun.org.apache.xerces.internal.parsers.XML11Configuration.parse(XML11Configuration.java:770)
	at com.sun.org.apache.xerces.internal.parsers.XMLParser.parse(XMLParser.java:141)
	at com.sun.org.apache.xerces.internal.parsers.DOMParser.parse(DOMParser.java:243)
	at com.sun.org.apache.xerces.internal.jaxp.DocumentBuilderImpl.parse(DocumentBuilderImpl.java:339)
	at org.eclipse.debug.internal.core.LaunchManager.createInfoFromXML(LaunchManager.java:935)
	at org.eclipse.debug.internal.core.LaunchManager.getInfo(LaunchManager.java:1359)
	at org.eclipse.debug.internal.core.LaunchConfiguration.getInfo(LaunchConfiguration.java:490)
	at org.eclipse.debug.internal.core.LaunchConfiguration.getType(LaunchConfiguration.java:645)
	at org.eclipse.debug.internal.core.LaunchManager.isValid(LaunchManager.java:2091)
	at org.eclipse.debug.internal.core.LaunchManager.verifyConfigurations(LaunchManager.java:2462)
	at org.eclipse.debug.internal.core.LaunchManager.getAllLaunchConfigurations(LaunchManager.java:1140)
	at org.eclipse.debug.internal.core.LaunchManager.getLaunchConfigurations(LaunchManager.java:1444)
	at org.eclipse.debug.internal.core.LaunchManager.getLaunchConfigurations(LaunchManager.java:1439)
	at org.eclipse.launchbar.core.internal.LaunchBarManager.init(LaunchBarManager.java:130)
	at org.eclipse.launchbar.core.internal.LaunchBarManager$1.run(LaunchBarManager.java:96)
	at org.eclipse.core.internal.jobs.Worker.run(Worker.java:63)

!ENTRY org.eclipse.debug.core 4 125 2026-07-28 11:20:40.957
!MESSAGE 调试核心所记录的错误：
!STACK 1
org.eclipse.debug.core.DebugException: 读取启动配置文件 F:\code\vibe_project\rollerball\M33\libraries\components\mtb-device-support-pse8xxgp\make\make\scripts\interface_version_4\eclipse\Application\ram\virgin\JLink\&&_APP_NAME&& Debug RAM MultiCore (JLink).launch 时发生了 org.xml.sax.SAXParseException; lineNumber: 3; columnNumber: 66; 在实体引用中, 实体名称必须紧跟在 '&' 后面。。
	at org.eclipse.debug.internal.core.LaunchManager.createDebugException(LaunchManager.java:886)
	at org.eclipse.debug.internal.core.LaunchManager.throwException(LaunchManager.java:2448)
	at org.eclipse.debug.internal.core.LaunchManager.getInfo(LaunchManager.java:1366)
	at org.eclipse.debug.internal.core.LaunchConfiguration.getInfo(LaunchConfiguration.java:490)
	at org.eclipse.debug.internal.core.LaunchConfiguration.getType(LaunchConfiguration.java:645)
	at org.eclipse.debug.internal.core.LaunchManager.isValid(LaunchManager.java:2091)
	at org.eclipse.debug.internal.core.LaunchManager.verifyConfigurations(LaunchManager.java:2462)
	at org.eclipse.debug.internal.core.LaunchManager.getAllLaunchConfigurations(LaunchManager.java:1140)
	at org.eclipse.debug.internal.core.LaunchManager.getLaunchConfigurations(LaunchManager.java:1444)
	at org.eclipse.debug.internal.core.LaunchManager.getLaunchConfigurations(LaunchManager.java:1439)
	at org.eclipse.launchbar.core.internal.LaunchBarManager.init(LaunchBarManager.java:130)
	at org.eclipse.launchbar.core.internal.LaunchBarManager$1.run(LaunchBarManager.java:96)
	at org.eclipse.core.internal.jobs.Worker.run(Worker.java:63)
Caused by: org.xml.sax.SAXParseException; lineNumber: 3; columnNumber: 66; 在实体引用中, 实体名称必须紧跟在 '&' 后面。
	at com.sun.org.apache.xerces.internal.util.ErrorHandlerWrapper.createSAXParseException(ErrorHandlerWrapper.java:203)
	at com.sun.org.apache.xerces.internal.util.ErrorHandlerWrapper.fatalError(ErrorHandlerWrapper.java:177)
	at com.sun.org.apache.xerces.internal.impl.XMLErrorReporter.reportError(XMLErrorReporter.java:400)
	at com.sun.org.apache.xerces.internal.impl.XMLErrorReporter.reportError(XMLErrorReporter.java:327)
	at com.sun.org.apache.xerces.internal.impl.XMLScanner.reportFatalError(XMLScanner.java:1472)
	at com.sun.org.apache.xerces.internal.impl.XMLScanner.scanAttributeValue(XMLScanner.java:908)
	at com.sun.org.apache.xerces.internal.impl.XMLDocumentFragmentScannerImpl.scanAttribute(XMLDocumentFragmentScannerImpl.java:1548)
	at com.sun.org.apache.xerces.internal.impl.XMLDocumentFragmentScannerImpl.scanStartElement(XMLDocumentFragmentScannerImpl.java:1315)
	at com.sun.org.apache.xerces.internal.impl.XMLDocumentFragmentScannerImpl$FragmentContentDriver.next(XMLDocumentFragmentScannerImpl.java:2784)
	at com.sun.org.apache.xerces.internal.impl.XMLDocumentScannerImpl.next(XMLDocumentScannerImpl.java:602)
	at com.sun.org.apache.xerces.internal.impl.XMLDocumentFragmentScannerImpl.scanDocument(XMLDocumentFragmentScannerImpl.java:505)
	at com.sun.org.apache.xerces.internal.parsers.XML11Configuration.parse(XML11Configuration.java:841)
	at com.sun.org.apache.xerces.internal.parsers.XML11Configuration.parse(XML11Configuration.java:770)
	at com.sun.org.apache.xerces.internal.parsers.XMLParser.parse(XMLParser.java:141)
	at com.sun.org.apache.xerces.internal.parsers.DOMParser.parse(DOMParser.java:243)
	at com.sun.org.apache.xerces.internal.jaxp.DocumentBuilderImpl.parse(DocumentBuilderImpl.java:339)
	at org.eclipse.debug.internal.core.LaunchManager.createInfoFromXML(LaunchManager.java:935)
	at org.eclipse.debug.internal.core.LaunchManager.getInfo(LaunchManager.java:1359)
	... 10 more
!SUBENTRY 1 org.eclipse.debug.core 4 5012 2026-07-28 11:20:40.957
!MESSAGE 读取启动配置文件 F:\code\vibe_project\rollerball\M33\libraries\components\mtb-device-support-pse8xxgp\make\make\scripts\interface_version_4\eclipse\Application\ram\virgin\JLink\&&_APP_NAME&& Debug RAM MultiCore (JLink).launch 时发生了 org.xml.sax.SAXParseException; lineNumber: 3; columnNumber: 66; 在实体引用中, 实体名称必须紧跟在 '&' 后面。。
!STACK 0
org.xml.sax.SAXParseException; lineNumber: 3; columnNumber: 66; 在实体引用中, 实体名称必须紧跟在 '&' 后面。
	at com.sun.org.apache.xerces.internal.util.ErrorHandlerWrapper.createSAXParseException(ErrorHandlerWrapper.java:203)
	at com.sun.org.apache.xerces.internal.util.ErrorHandlerWrapper.fatalError(ErrorHandlerWrapper.java:177)
	at com.sun.org.apache.xerces.internal.impl.XMLErrorReporter.reportError(XMLErrorReporter.java:400)
	at com.sun.org.apache.xerces.internal.impl.XMLErrorReporter.reportError(XMLErrorReporter.java:327)
	at com.sun.org.apache.xerces.internal.impl.XMLScanner.reportFatalError(XMLScanner.java:1472)
	at com.sun.org.apache.xerces.internal.impl.XMLScanner.scanAttributeValue(XMLScanner.java:908)
	at com.sun.org.apache.xerces.internal.impl.XMLDocumentFragmentScannerImpl.scanAttribute(XMLDocumentFragmentScannerImpl.java:1548)
	at com.sun.org.apache.xerces.internal.impl.XMLDocumentFragmentScannerImpl.scanStartElement(XMLDocumentFragmentScannerImpl.java:1315)
	at com.sun.org.apache.xerces.internal.impl.XMLDocumentFragmentScannerImpl$FragmentContentDriver.next(XMLDocumentFragmentScannerImpl.java:2784)
	at com.sun.org.apache.xerces.internal.impl.XMLDocumentScannerImpl.next(XMLDocumentScannerImpl.java:602)
	at com.sun.org.apache.xerces.internal.impl.XMLDocumentFragmentScannerImpl.scanDocument(XMLDocumentFragmentScannerImpl.java:505)
	at com.sun.org.apache.xerces.internal.parsers.XML11Configuration.parse(XML11Configuration.java:841)
	at com.sun.org.apache.xerces.internal.parsers.XML11Configuration.parse(XML11Configuration.java:770)
	at com.sun.org.apache.xerces.internal.parsers.XMLParser.parse(XMLParser.java:141)
	at com.sun.org.apache.xerces.internal.parsers.DOMParser.parse(DOMParser.java:243)
	at com.sun.org.apache.xerces.internal.jaxp.DocumentBuilderImpl.parse(DocumentBuilderImpl.java:339)
	at org.eclipse.debug.internal.core.LaunchManager.createInfoFromXML(LaunchManager.java:935)
	at org.eclipse.debug.internal.core.LaunchManager.getInfo(LaunchManager.java:1359)
	at org.eclipse.debug.internal.core.LaunchConfiguration.getInfo(LaunchConfiguration.java:490)
	at org.eclipse.debug.internal.core.LaunchConfiguration.getType(LaunchConfiguration.java:645)
	at org.eclipse.debug.internal.core.LaunchManager.isValid(LaunchManager.java:2091)
	at org.eclipse.debug.internal.core.LaunchManager.verifyConfigurations(LaunchManager.java:2462)
	at org.eclipse.debug.internal.core.LaunchManager.getAllLaunchConfigurations(LaunchManager.java:1140)
	at org.eclipse.debug.internal.core.LaunchManager.getLaunchConfigurations(LaunchManager.java:1444)
	at org.eclipse.debug.internal.core.LaunchManager.getLaunchConfigurations(LaunchManager.java:1439)
	at org.eclipse.launchbar.core.internal.LaunchBarManager.init(LaunchBarManager.java:130)
	at org.eclipse.launchbar.core.internal.LaunchBarManager$1.run(LaunchBarManager.java:96)
	at org.eclipse.core.internal.jobs.Worker.run(Worker.java:63)

!ENTRY org.eclipse.debug.core 4 125 2026-07-28 11:20:40.959
!MESSAGE 调试核心所记录的错误：
!STACK 1
org.eclipse.debug.core.DebugException: 读取启动配置文件 F:\code\vibe_project\rollerball\M33\libraries\components\mtb-device-support-pse8xxgp\make\make\scripts\interface_version_4\eclipse\Application\ram\virgin\JLink\&&_APP_NAME&& Program RAM Application (JLink).launch 时发生了 org.xml.sax.SAXParseException; lineNumber: 3; columnNumber: 66; 在实体引用中, 实体名称必须紧跟在 '&' 后面。。
	at org.eclipse.debug.internal.core.LaunchManager.createDebugException(LaunchManager.java:886)
	at org.eclipse.debug.internal.core.LaunchManager.throwException(LaunchManager.java:2448)
	at org.eclipse.debug.internal.core.LaunchManager.getInfo(LaunchManager.java:1366)
	at org.eclipse.debug.internal.core.LaunchConfiguration.getInfo(LaunchConfiguration.java:490)
	at org.eclipse.debug.internal.core.LaunchConfiguration.getType(LaunchConfiguration.java:645)
	at org.eclipse.debug.internal.core.LaunchManager.isValid(LaunchManager.java:2091)
	at org.eclipse.debug.internal.core.LaunchManager.verifyConfigurations(LaunchManager.java:2462)
	at org.eclipse.debug.internal.core.LaunchManager.getAllLaunchConfigurations(LaunchManager.java:1140)
	at org.eclipse.debug.internal.core.LaunchManager.getLaunchConfigurations(LaunchManager.java:1444)
	at org.eclipse.debug.internal.core.LaunchManager.getLaunchConfigurations(LaunchManager.java:1439)
	at org.eclipse.launchbar.core.internal.LaunchBarManager.init(LaunchBarManager.java:130)
	at org.eclipse.launchbar.core.internal.LaunchBarManager$1.run(LaunchBarManager.java:96)
	at org.eclipse.core.internal.jobs.Worker.run(Worker.java:63)
Caused by: org.xml.sax.SAXParseException; lineNumber: 3; columnNumber: 66; 在实体引用中, 实体名称必须紧跟在 '&' 后面。
	at com.sun.org.apache.xerces.internal.util.ErrorHandlerWrapper.createSAXParseException(ErrorHandlerWrapper.java:203)
	at com.sun.org.apache.xerces.internal.util.ErrorHandlerWrapper.fatalError(ErrorHandlerWrapper.java:177)
	at com.sun.org.apache.xerces.internal.impl.XMLErrorReporter.reportError(XMLErrorReporter.java:400)
	at com.sun.org.apache.xerces.internal.impl.XMLErrorReporter.reportError(XMLErrorReporter.java:327)
	at com.sun.org.apache.xerces.internal.impl.XMLScanner.reportFatalError(XMLScanner.java:1472)
	at com.sun.org.apache.xerces.internal.impl.XMLScanner.scanAttributeValue(XMLScanner.java:908)
	at com.sun.org.apache.xerces.internal.impl.XMLDocumentFragmentScannerImpl.scanAttribute(XMLDocumentFragmentScannerImpl.java:1548)
	at com.sun.org.apache.xerces.internal.impl.XMLDocumentFragmentScannerImpl.scanStartElement(XMLDocumentFragmentScannerImpl.java:1315)
	at com.sun.org.apache.xerces.internal.impl.XMLDocumentFragmentScannerImpl$FragmentContentDriver.next(XMLDocumentFragmentScannerImpl.java:2784)
	at com.sun.org.apache.xerces.internal.impl.XMLDocumentScannerImpl.next(XMLDocumentScannerImpl.java:602)
	at com.sun.org.apache.xerces.internal.impl.XMLDocumentFragmentScannerImpl.scanDocument(XMLDocumentFragmentScannerImpl.java:505)
	at com.sun.org.apache.xerces.internal.parsers.XML11Configuration.parse(XML11Configuration.java:841)
	at com.sun.org.apache.xerces.internal.parsers.XML11Configuration.parse(XML11Configuration.java:770)
	at com.sun.org.apache.xerces.internal.parsers.XMLParser.parse(XMLParser.java:141)
	at com.sun.org.apache.xerces.internal.parsers.DOMParser.parse(DOMParser.java:243)
	at com.sun.org.apache.xerces.internal.jaxp.DocumentBuilderImpl.parse(DocumentBuilderImpl.java:339)
	at org.eclipse.debug.internal.core.LaunchManager.createInfoFromXML(LaunchManager.java:935)
	at org.eclipse.debug.internal.core.LaunchManager.getInfo(LaunchManager.java:1359)
	... 10 more
!SUBENTRY 1 org.eclipse.debug.core 4 5012 2026-07-28 11:20:40.959
!MESSAGE 读取启动配置文件 F:\code\vibe_project\rollerball\M33\libraries\components\mtb-device-support-pse8xxgp\make\make\scripts\interface_version_4\eclipse\Application\ram\virgin\JLink\&&_APP_NAME&& Program RAM Application (JLink).launch 时发生了 org.xml.sax.SAXParseException; lineNumber: 3; columnNumber: 66; 在实体引用中, 实体名称必须紧跟在 '&' 后面。。
!STACK 0
org.xml.sax.SAXParseException; lineNumber: 3; columnNumber: 66; 在实体引用中, 实体名称必须紧跟在 '&' 后面。
	at com.sun.org.apache.xerces.internal.util.ErrorHandlerWrapper.createSAXParseException(ErrorHandlerWrapper.java:203)
	at com.sun.org.apache.xerces.internal.util.ErrorHandlerWrapper.fatalError(ErrorHandlerWrapper.java:177)
	at com.sun.org.apache.xerces.internal.impl.XMLErrorReporter.reportError(XMLErrorReporter.java:400)
	at com.sun.org.apache.xerces.internal.impl.XMLErrorReporter.reportError(XMLErrorReporter.java:327)
	at com.sun.org.apache.xerces.internal.impl.XMLScanner.reportFatalError(XMLScanner.java:1472)
	at com.sun.org.apache.xerces.internal.impl.XMLScanner.scanAttributeValue(XMLScanner.java:908)
	at com.sun.org.apache.xerces.internal.impl.XMLDocumentFragmentScannerImpl.scanAttribute(XMLDocumentFragmentScannerImpl.java:1548)
	at com.sun.org.apache.xerces.internal.impl.XMLDocumentFragmentScannerImpl.scanStartElement(XMLDocumentFragmentScannerImpl.java:1315)
	at com.sun.org.apache.xerces.internal.impl.XMLDocumentFragmentScannerImpl$FragmentContentDriver.next(XMLDocumentFragmentScannerImpl.java:2784)
	at com.sun.org.apache.xerces.internal.impl.XMLDocumentScannerImpl.next(XMLDocumentScannerImpl.java:602)
	at com.sun.org.apache.xerces.internal.impl.XMLDocumentFragmentScannerImpl.scanDocument(XMLDocumentFragmentScannerImpl.java:505)
	at com.sun.org.apache.xerces.internal.parsers.XML11Configuration.parse(XML11Configuration.java:841)
	at com.sun.org.apache.xerces.internal.parsers.XML11Configuration.parse(XML11Configuration.java:770)
	at com.sun.org.apache.xerces.internal.parsers.XMLParser.parse(XMLParser.java:141)
	at com.sun.org.apache.xerces.internal.parsers.DOMParser.parse(DOMParser.java:243)
	at com.sun.org.apache.xerces.internal.jaxp.DocumentBuilderImpl.parse(DocumentBuilderImpl.java:339)
	at org.eclipse.debug.internal.core.LaunchManager.createInfoFromXML(LaunchManager.java:935)
	at org.eclipse.debug.internal.core.LaunchManager.getInfo(LaunchManager.java:1359)
	at org.eclipse.debug.internal.core.LaunchConfiguration.getInfo(LaunchConfiguration.java:490)
	at org.eclipse.debug.internal.core.LaunchConfiguration.getType(LaunchConfiguration.java:645)
	at org.eclipse.debug.internal.core.LaunchManager.isValid(LaunchManager.java:2091)
	at org.eclipse.debug.internal.core.LaunchManager.verifyConfigurations(LaunchManager.java:2462)
	at org.eclipse.debug.internal.core.LaunchManager.getAllLaunchConfigurations(LaunchManager.java:1140)
	at org.eclipse.debug.internal.core.LaunchManager.getLaunchConfigurations(LaunchManager.java:1444)
	at org.eclipse.debug.internal.core.LaunchManager.getLaunchConfigurations(LaunchManager.java:1439)
	at org.eclipse.launchbar.core.internal.LaunchBarManager.init(LaunchBarManager.java:130)
	at org.eclipse.launchbar.core.internal.LaunchBarManager$1.run(LaunchBarManager.java:96)
	at org.eclipse.core.internal.jobs.Worker.run(Worker.java:63)

!ENTRY org.eclipse.debug.core 4 125 2026-07-28 11:20:40.961
!MESSAGE 调试核心所记录的错误：
!STACK 1
org.eclipse.debug.core.DebugException: 读取启动配置文件 F:\code\vibe_project\rollerball\M33\libraries\components\mtb-device-support-pse8xxgp\make\make\scripts\interface_version_4\eclipse\Application\ram\virgin\KitProg3\&&_APP_NAME&& Debug RAM MultiCore (KitProg3_MiniProg4).launch 时发生了 org.xml.sax.SAXParseException; lineNumber: 3; columnNumber: 66; 在实体引用中, 实体名称必须紧跟在 '&' 后面。。
	at org.eclipse.debug.internal.core.LaunchManager.createDebugException(LaunchManager.java:886)
	at org.eclipse.debug.internal.core.LaunchManager.throwException(LaunchManager.java:2448)
	at org.eclipse.debug.internal.core.LaunchManager.getInfo(LaunchManager.java:1366)
	at org.eclipse.debug.internal.core.LaunchConfiguration.getInfo(LaunchConfiguration.java:490)
	at org.eclipse.debug.internal.core.LaunchConfiguration.getType(LaunchConfiguration.java:645)
	at org.eclipse.debug.internal.core.LaunchManager.isValid(LaunchManager.java:2091)
	at org.eclipse.debug.internal.core.LaunchManager.verifyConfigurations(LaunchManager.java:2462)
	at org.eclipse.debug.internal.core.LaunchManager.getAllLaunchConfigurations(LaunchManager.java:1140)
	at org.eclipse.debug.internal.core.LaunchManager.getLaunchConfigurations(LaunchManager.java:1444)
	at org.eclipse.debug.internal.core.LaunchManager.getLaunchConfigurations(LaunchManager.java:1439)
	at org.eclipse.launchbar.core.internal.LaunchBarManager.init(LaunchBarManager.java:130)
	at org.eclipse.launchbar.core.internal.LaunchBarManager$1.run(LaunchBarManager.java:96)
	at org.eclipse.core.internal.jobs.Worker.run(Worker.java:63)
Caused by: org.xml.sax.SAXParseException; lineNumber: 3; columnNumber: 66; 在实体引用中, 实体名称必须紧跟在 '&' 后面。
	at com.sun.org.apache.xerces.internal.util.ErrorHandlerWrapper.createSAXParseException(ErrorHandlerWrapper.java:203)
	at com.sun.org.apache.xerces.internal.util.ErrorHandlerWrapper.fatalError(ErrorHandlerWrapper.java:177)
	at com.sun.org.apache.xerces.internal.impl.XMLErrorReporter.reportError(XMLErrorReporter.java:400)
	at com.sun.org.apache.xerces.internal.impl.XMLErrorReporter.reportError(XMLErrorReporter.java:327)
	at com.sun.org.apache.xerces.internal.impl.XMLScanner.reportFatalError(XMLScanner.java:1472)
	at com.sun.org.apache.xerces.internal.impl.XMLScanner.scanAttributeValue(XMLScanner.java:908)
	at com.sun.org.apache.xerces.internal.impl.XMLDocumentFragmentScannerImpl.scanAttribute(XMLDocumentFragmentScannerImpl.java:1548)
	at com.sun.org.apache.xerces.internal.impl.XMLDocumentFragmentScannerImpl.scanStartElement(XMLDocumentFragmentScannerImpl.java:1315)
	at com.sun.org.apache.xerces.internal.impl.XMLDocumentFragmentScannerImpl$FragmentContentDriver.next(XMLDocumentFragmentScannerImpl.java:2784)
	at com.sun.org.apache.xerces.internal.impl.XMLDocumentScannerImpl.next(XMLDocumentScannerImpl.java:602)
	at com.sun.org.apache.xerces.internal.impl.XMLDocumentFragmentScannerImpl.scanDocument(XMLDocumentFragmentScannerImpl.java:505)
	at com.sun.org.apache.xerces.internal.parsers.XML11Configuration.parse(XML11Configuration.java:841)
	at com.sun.org.apache.xerces.internal.parsers.XML11Configuration.parse(XML11Configuration.java:770)
	at com.sun.org.apache.xerces.internal.parsers.XMLParser.parse(XMLParser.java:141)
	at com.sun.org.apache.xerces.internal.parsers.DOMParser.parse(DOMParser.java:243)
	at com.sun.org.apache.xerces.internal.jaxp.DocumentBuilderImpl.parse(DocumentBuilderImpl.java:339)
	at org.eclipse.debug.internal.core.LaunchManager.createInfoFromXML(LaunchManager.java:935)
	at org.eclipse.debug.internal.core.LaunchManager.getInfo(LaunchManager.java:1359)
	... 10 more
!SUBENTRY 1 org.eclipse.debug.core 4 5012 2026-07-28 11:20:40.961
!MESSAGE 读取启动配置文件 F:\code\vibe_project\rollerball\M33\libraries\components\mtb-device-support-pse8xxgp\make\make\scripts\interface_version_4\eclipse\Application\ram\virgin\KitProg3\&&_APP_NAME&& Debug RAM MultiCore (KitProg3_MiniProg4).launch 时发生了 org.xml.sax.SAXParseException; lineNumber: 3; columnNumber: 66; 在实体引用中, 实体名称必须紧跟在 '&' 后面。。
!STACK 0
org.xml.sax.SAXParseException; lineNumber: 3; columnNumber: 66; 在实体引用中, 实体名称必须紧跟在 '&' 后面。
	at com.sun.org.apache.xerces.internal.util.ErrorHandlerWrapper.createSAXParseException(ErrorHandlerWrapper.java:203)
	at com.sun.org.apache.xerces.internal.util.ErrorHandlerWrapper.fatalError(ErrorHandlerWrapper.java:177)
	at com.sun.org.apache.xerces.internal.impl.XMLErrorReporter.reportError(XMLErrorReporter.java:400)
	at com.sun.org.apache.xerces.internal.impl.XMLErrorReporter.reportError(XMLErrorReporter.java:327)
	at com.sun.org.apache.xerces.internal.impl.XMLScanner.reportFatalError(XMLScanner.java:1472)
	at com.sun.org.apache.xerces.internal.impl.XMLScanner.scanAttributeValue(XMLScanner.java:908)
	at com.sun.org.apache.xerces.internal.impl.XMLDocumentFragmentScannerImpl.scanAttribute(XMLDocumentFragmentScannerImpl.java:1548)
	at com.sun.org.apache.xerces.internal.impl.XMLDocumentFragmentScannerImpl.scanStartElement(XMLDocumentFragmentScannerImpl.java:1315)
	at com.sun.org.apache.xerces.internal.impl.XMLDocumentFragmentScannerImpl$FragmentContentDriver.next(XMLDocumentFragmentScannerImpl.java:2784)
	at com.sun.org.apache.xerces.internal.impl.XMLDocumentScannerImpl.next(XMLDocumentScannerImpl.java:602)
	at com.sun.org.apache.xerces.internal.impl.XMLDocumentFragmentScannerImpl.scanDocument(XMLDocumentFragmentScannerImpl.java:505)
	at com.sun.org.apache.xerces.internal.parsers.XML11Configuration.parse(XML11Configuration.java:841)
	at com.sun.org.apache.xerces.internal.parsers.XML11Configuration.parse(XML11Configuration.java:770)
	at com.sun.org.apache.xerces.internal.parsers.XMLParser.parse(XMLParser.java:141)
	at com.sun.org.apache.xerces.internal.parsers.DOMParser.parse(DOMParser.java:243)
	at com.sun.org.apache.xerces.internal.jaxp.DocumentBuilderImpl.parse(DocumentBuilderImpl.java:339)
	at org.eclipse.debug.internal.core.LaunchManager.createInfoFromXML(LaunchManager.java:935)
	at org.eclipse.debug.internal.core.LaunchManager.getInfo(LaunchManager.java:1359)
	at org.eclipse.debug.internal.core.LaunchConfiguration.getInfo(LaunchConfiguration.java:490)
	at org.eclipse.debug.internal.core.LaunchConfiguration.getType(LaunchConfiguration.java:645)
	at org.eclipse.debug.internal.core.LaunchManager.isValid(LaunchManager.java:2091)
	at org.eclipse.debug.internal.core.LaunchManager.verifyConfigurations(LaunchManager.java:2462)
	at org.eclipse.debug.internal.core.LaunchManager.getAllLaunchConfigurations(LaunchManager.java:1140)
	at org.eclipse.debug.internal.core.LaunchManager.getLaunchConfigurations(LaunchManager.java:1444)
	at org.eclipse.debug.internal.core.LaunchManager.getLaunchConfigurations(LaunchManager.java:1439)
	at org.eclipse.launchbar.core.internal.LaunchBarManager.init(LaunchBarManager.java:130)
	at org.eclipse.launchbar.core.internal.LaunchBarManager$1.run(LaunchBarManager.java:96)
	at org.eclipse.core.internal.jobs.Worker.run(Worker.java:63)

!ENTRY org.eclipse.debug.core 4 125 2026-07-28 11:20:40.963
!MESSAGE 调试核心所记录的错误：
!STACK 1
org.eclipse.debug.core.DebugException: 读取启动配置文件 F:\code\vibe_project\rollerball\M33\libraries\components\mtb-device-support-pse8xxgp\make\make\scripts\interface_version_4\eclipse\Application\ram\virgin\KitProg3\&&_APP_NAME&& Program RAM Application (KitProg3_MiniProg4).launch 时发生了 org.xml.sax.SAXParseException; lineNumber: 3; columnNumber: 66; 在实体引用中, 实体名称必须紧跟在 '&' 后面。。
	at org.eclipse.debug.internal.core.LaunchManager.createDebugException(LaunchManager.java:886)
	at org.eclipse.debug.internal.core.LaunchManager.throwException(LaunchManager.java:2448)
	at org.eclipse.debug.internal.core.LaunchManager.getInfo(LaunchManager.java:1366)
	at org.eclipse.debug.internal.core.LaunchConfiguration.getInfo(LaunchConfiguration.java:490)
	at org.eclipse.debug.internal.core.LaunchConfiguration.getType(LaunchConfiguration.java:645)
	at org.eclipse.debug.internal.core.LaunchManager.isValid(LaunchManager.java:2091)
	at org.eclipse.debug.internal.core.LaunchManager.verifyConfigurations(LaunchManager.java:2462)
	at org.eclipse.debug.internal.core.LaunchManager.getAllLaunchConfigurations(LaunchManager.java:1140)
	at org.eclipse.debug.internal.core.LaunchManager.getLaunchConfigurations(LaunchManager.java:1444)
	at org.eclipse.debug.internal.core.LaunchManager.getLaunchConfigurations(LaunchManager.java:1439)
	at org.eclipse.launchbar.core.internal.LaunchBarManager.init(LaunchBarManager.java:130)
	at org.eclipse.launchbar.core.internal.LaunchBarManager$1.run(LaunchBarManager.java:96)
	at org.eclipse.core.internal.jobs.Worker.run(Worker.java:63)
Caused by: org.xml.sax.SAXParseException; lineNumber: 3; columnNumber: 66; 在实体引用中, 实体名称必须紧跟在 '&' 后面。
	at com.sun.org.apache.xerces.internal.util.ErrorHandlerWrapper.createSAXParseException(ErrorHandlerWrapper.java:203)
	at com.sun.org.apache.xerces.internal.util.ErrorHandlerWrapper.fatalError(ErrorHandlerWrapper.java:177)
	at com.sun.org.apache.xerces.internal.impl.XMLErrorReporter.reportError(XMLErrorReporter.java:400)
	at com.sun.org.apache.xerces.internal.impl.XMLErrorReporter.reportError(XMLErrorReporter.java:327)
	at com.sun.org.apache.xerces.internal.impl.XMLScanner.reportFatalError(XMLScanner.java:1472)
	at com.sun.org.apache.xerces.internal.impl.XMLScanner.scanAttributeValue(XMLScanner.java:908)
	at com.sun.org.apache.xerces.internal.impl.XMLDocumentFragmentScannerImpl.scanAttribute(XMLDocumentFragmentScannerImpl.java:1548)
	at com.sun.org.apache.xerces.internal.impl.XMLDocumentFragmentScannerImpl.scanStartElement(XMLDocumentFragmentScannerImpl.java:1315)
	at com.sun.org.apache.xerces.internal.impl.XMLDocumentFragmentScannerImpl$FragmentContentDriver.next(XMLDocumentFragmentScannerImpl.java:2784)
	at com.sun.org.apache.xerces.internal.impl.XMLDocumentScannerImpl.next(XMLDocumentScannerImpl.java:602)
	at com.sun.org.apache.xerces.internal.impl.XMLDocumentFragmentScannerImpl.scanDocument(XMLDocumentFragmentScannerImpl.java:505)
	at com.sun.org.apache.xerces.internal.parsers.XML11Configuration.parse(XML11Configuration.java:841)
	at com.sun.org.apache.xerces.internal.parsers.XML11Configuration.parse(XML11Configuration.java:770)
	at com.sun.org.apache.xerces.internal.parsers.XMLParser.parse(XMLParser.java:141)
	at com.sun.org.apache.xerces.internal.parsers.DOMParser.parse(DOMParser.java:243)
	at com.sun.org.apache.xerces.internal.jaxp.DocumentBuilderImpl.parse(DocumentBuilderImpl.java:339)
	at org.eclipse.debug.internal.core.LaunchManager.createInfoFromXML(LaunchManager.java:935)
	at org.eclipse.debug.internal.core.LaunchManager.getInfo(LaunchManager.java:1359)
	... 10 more
!SUBENTRY 1 org.eclipse.debug.core 4 5012 2026-07-28 11:20:40.963
!MESSAGE 读取启动配置文件 F:\code\vibe_project\rollerball\M33\libraries\components\mtb-device-support-pse8xxgp\make\make\scripts\interface_version_4\eclipse\Application\ram\virgin\KitProg3\&&_APP_NAME&& Program RAM Application (KitProg3_MiniProg4).launch 时发生了 org.xml.sax.SAXParseException; lineNumber: 3; columnNumber: 66; 在实体引用中, 实体名称必须紧跟在 '&' 后面。。
!STACK 0
org.xml.sax.SAXParseException; lineNumber: 3; columnNumber: 66; 在实体引用中, 实体名称必须紧跟在 '&' 后面。
	at com.sun.org.apache.xerces.internal.util.ErrorHandlerWrapper.createSAXParseException(ErrorHandlerWrapper.java:203)
	at com.sun.org.apache.xerces.internal.util.ErrorHandlerWrapper.fatalError(ErrorHandlerWrapper.java:177)
	at com.sun.org.apache.xerces.internal.impl.XMLErrorReporter.reportError(XMLErrorReporter.java:400)
	at com.sun.org.apache.xerces.internal.impl.XMLErrorReporter.reportError(XMLErrorReporter.java:327)
	at com.sun.org.apache.xerces.internal.impl.XMLScanner.reportFatalError(XMLScanner.java:1472)
	at com.sun.org.apache.xerces.internal.impl.XMLScanner.scanAttributeValue(XMLScanner.java:908)
	at com.sun.org.apache.xerces.internal.impl.XMLDocumentFragmentScannerImpl.scanAttribute(XMLDocumentFragmentScannerImpl.java:1548)
	at com.sun.org.apache.xerces.internal.impl.XMLDocumentFragmentScannerImpl.scanStartElement(XMLDocumentFragmentScannerImpl.java:1315)
	at com.sun.org.apache.xerces.internal.impl.XMLDocumentFragmentScannerImpl$FragmentContentDriver.next(XMLDocumentFragmentScannerImpl.java:2784)
	at com.sun.org.apache.xerces.internal.impl.XMLDocumentScannerImpl.next(XMLDocumentScannerImpl.java:602)
	at com.sun.org.apache.xerces.internal.impl.XMLDocumentFragmentScannerImpl.scanDocument(XMLDocumentFragmentScannerImpl.java:505)
	at com.sun.org.apache.xerces.internal.parsers.XML11Configuration.parse(XML11Configuration.java:841)
	at com.sun.org.apache.xerces.internal.parsers.XML11Configuration.parse(XML11Configuration.java:770)
	at com.sun.org.apache.xerces.internal.parsers.XMLParser.parse(XMLParser.java:141)
	at com.sun.org.apache.xerces.internal.parsers.DOMParser.parse(DOMParser.java:243)
	at com.sun.org.apache.xerces.internal.jaxp.DocumentBuilderImpl.parse(DocumentBuilderImpl.java:339)
	at org.eclipse.debug.internal.core.LaunchManager.createInfoFromXML(LaunchManager.java:935)
	at org.eclipse.debug.internal.core.LaunchManager.getInfo(LaunchManager.java:1359)
	at org.eclipse.debug.internal.core.LaunchConfiguration.getInfo(LaunchConfiguration.java:490)
	at org.eclipse.debug.internal.core.LaunchConfiguration.getType(LaunchConfiguration.java:645)
	at org.eclipse.debug.internal.core.LaunchManager.isValid(LaunchManager.java:2091)
	at org.eclipse.debug.internal.core.LaunchManager.verifyConfigurations(LaunchManager.java:2462)
	at org.eclipse.debug.internal.core.LaunchManager.getAllLaunchConfigurations(LaunchManager.java:1140)
	at org.eclipse.debug.internal.core.LaunchManager.getLaunchConfigurations(LaunchManager.java:1444)
	at org.eclipse.debug.internal.core.LaunchManager.getLaunchConfigurations(LaunchManager.java:1439)
	at org.eclipse.launchbar.core.internal.LaunchBarManager.init(LaunchBarManager.java:130)
	at org.eclipse.launchbar.core.internal.LaunchBarManager$1.run(LaunchBarManager.java:96)
	at org.eclipse.core.internal.jobs.Worker.run(Worker.java:63)

!ENTRY org.eclipse.debug.core 4 125 2026-07-28 11:20:40.965
!MESSAGE 调试核心所记录的错误：
!STACK 1
org.eclipse.debug.core.DebugException: 读取启动配置文件 F:\code\vibe_project\rollerball\M33\libraries\components\mtb-device-support-pse8xxgp\make\make\scripts\interface_version_4\eclipse\CM33\flash\_normal\JLink\any\&&_PRJ_NAME&& Attach RAM (JLink).launch 时发生了 org.xml.sax.SAXParseException; lineNumber: 3; columnNumber: 66; 在实体引用中, 实体名称必须紧跟在 '&' 后面。。
	at org.eclipse.debug.internal.core.LaunchManager.createDebugException(LaunchManager.java:886)
	at org.eclipse.debug.internal.core.LaunchManager.throwException(LaunchManager.java:2448)
	at org.eclipse.debug.internal.core.LaunchManager.getInfo(LaunchManager.java:1366)
	at org.eclipse.debug.internal.core.LaunchConfiguration.getInfo(LaunchConfiguration.java:490)
	at org.eclipse.debug.internal.core.LaunchConfiguration.getType(LaunchConfiguration.java:645)
	at org.eclipse.debug.internal.core.LaunchManager.isValid(LaunchManager.java:2091)
	at org.eclipse.debug.internal.core.LaunchManager.verifyConfigurations(LaunchManager.java:2462)
	at org.eclipse.debug.internal.core.LaunchManager.getAllLaunchConfigurations(LaunchManager.java:1140)
	at org.eclipse.debug.internal.core.LaunchManager.getLaunchConfigurations(LaunchManager.java:1444)
	at org.eclipse.debug.internal.core.LaunchManager.getLaunchConfigurations(LaunchManager.java:1439)
	at org.eclipse.launchbar.core.internal.LaunchBarManager.init(LaunchBarManager.java:130)
	at org.eclipse.launchbar.core.internal.LaunchBarManager$1.run(LaunchBarManager.java:96)
	at org.eclipse.core.internal.jobs.Worker.run(Worker.java:63)
Caused by: org.xml.sax.SAXParseException; lineNumber: 3; columnNumber: 66; 在实体引用中, 实体名称必须紧跟在 '&' 后面。
	at com.sun.org.apache.xerces.internal.util.ErrorHandlerWrapper.createSAXParseException(ErrorHandlerWrapper.java:203)
	at com.sun.org.apache.xerces.internal.util.ErrorHandlerWrapper.fatalError(ErrorHandlerWrapper.java:177)
	at com.sun.org.apache.xerces.internal.impl.XMLErrorReporter.reportError(XMLErrorReporter.java:400)
	at com.sun.org.apache.xerces.internal.impl.XMLErrorReporter.reportError(XMLErrorReporter.java:327)
	at com.sun.org.apache.xerces.internal.impl.XMLScanner.reportFatalError(XMLScanner.java:1472)
	at com.sun.org.apache.xerces.internal.impl.XMLScanner.scanAttributeValue(XMLScanner.java:908)
	at com.sun.org.apache.xerces.internal.impl.XMLDocumentFragmentScannerImpl.scanAttribute(XMLDocumentFragmentScannerImpl.java:1548)
	at com.sun.org.apache.xerces.internal.impl.XMLDocumentFragmentScannerImpl.scanStartElement(XMLDocumentFragmentScannerImpl.java:1315)
	at com.sun.org.apache.xerces.internal.impl.XMLDocumentFragmentScannerImpl$FragmentContentDriver.next(XMLDocumentFragmentScannerImpl.java:2784)
	at com.sun.org.apache.xerces.internal.impl.XMLDocumentScannerImpl.next(XMLDocumentScannerImpl.java:602)
	at com.sun.org.apache.xerces.internal.impl.XMLDocumentFragmentScannerImpl.scanDocument(XMLDocumentFragmentScannerImpl.java:505)
	at com.sun.org.apache.xerces.internal.parsers.XML11Configuration.parse(XML11Configuration.java:841)
	at com.sun.org.apache.xerces.internal.parsers.XML11Configuration.parse(XML11Configuration.java:770)
	at com.sun.org.apache.xerces.internal.parsers.XMLParser.parse(XMLParser.java:141)
	at com.sun.org.apache.xerces.internal.parsers.DOMParser.parse(DOMParser.java:243)
	at com.sun.org.apache.xerces.internal.jaxp.DocumentBuilderImpl.parse(DocumentBuilderImpl.java:339)
	at org.eclipse.debug.internal.core.LaunchManager.createInfoFromXML(LaunchManager.java:935)
	at org.eclipse.debug.internal.core.LaunchManager.getInfo(LaunchManager.java:1359)
	... 10 more
!SUBENTRY 1 org.eclipse.debug.core 4 5012 2026-07-28 11:20:40.967
!MESSAGE 读取启动配置文件 F:\code\vibe_project\rollerball\M33\libraries\components\mtb-device-support-pse8xxgp\make\make\scripts\interface_version_4\eclipse\CM33\flash\_normal\JLink\any\&&_PRJ_NAME&& Attach RAM (JLink).launch 时发生了 org.xml.sax.SAXParseException; lineNumber: 3; columnNumber: 66; 在实体引用中, 实体名称必须紧跟在 '&' 后面。。
!STACK 0
org.xml.sax.SAXParseException; lineNumber: 3; columnNumber: 66; 在实体引用中, 实体名称必须紧跟在 '&' 后面。
	at com.sun.org.apache.xerces.internal.util.ErrorHandlerWrapper.createSAXParseException(ErrorHandlerWrapper.java:203)
	at com.sun.org.apache.xerces.internal.util.ErrorHandlerWrapper.fatalError(ErrorHandlerWrapper.java:177)
	at com.sun.org.apache.xerces.internal.impl.XMLErrorReporter.reportError(XMLErrorReporter.java:400)
	at com.sun.org.apache.xerces.internal.impl.XMLErrorReporter.reportError(XMLErrorReporter.java:327)
	at com.sun.org.apache.xerces.internal.impl.XMLScanner.reportFatalError(XMLScanner.java:1472)
	at com.sun.org.apache.xerces.internal.impl.XMLScanner.scanAttributeValue(XMLScanner.java:908)
	at com.sun.org.apache.xerces.internal.impl.XMLDocumentFragmentScannerImpl.scanAttribute(XMLDocumentFragmentScannerImpl.java:1548)
	at com.sun.org.apache.xerces.internal.impl.XMLDocumentFragmentScannerImpl.scanStartElement(XMLDocumentFragmentScannerImpl.java:1315)
	at com.sun.org.apache.xerces.internal.impl.XMLDocumentFragmentScannerImpl$FragmentContentDriver.next(XMLDocumentFragmentScannerImpl.java:2784)
	at com.sun.org.apache.xerces.internal.impl.XMLDocumentScannerImpl.next(XMLDocumentScannerImpl.java:602)
	at com.sun.org.apache.xerces.internal.impl.XMLDocumentFragmentScannerImpl.scanDocument(XMLDocumentFragmentScannerImpl.java:505)
	at com.sun.org.apache.xerces.internal.parsers.XML11Configuration.parse(XML11Configuration.java:841)
	at com.sun.org.apache.xerces.internal.parsers.XML11Configuration.parse(XML11Configuration.java:770)
	at com.sun.org.apache.xerces.internal.parsers.XMLParser.parse(XMLParser.java:141)
	at com.sun.org.apache.xerces.internal.parsers.DOMParser.parse(DOMParser.java:243)
	at com.sun.org.apache.xerces.internal.jaxp.DocumentBuilderImpl.parse(DocumentBuilderImpl.java:339)
	at org.eclipse.debug.internal.core.LaunchManager.createInfoFromXML(LaunchManager.java:935)
	at org.eclipse.debug.internal.core.LaunchManager.getInfo(LaunchManager.java:1359)
	at org.eclipse.debug.internal.core.LaunchConfiguration.getInfo(LaunchConfiguration.java:490)
	at org.eclipse.debug.internal.core.LaunchConfiguration.getType(LaunchConfiguration.java:645)
	at org.eclipse.debug.internal.core.LaunchManager.isValid(LaunchManager.java:2091)
	at org.eclipse.debug.internal.core.LaunchManager.verifyConfigurations(LaunchManager.java:2462)
	at org.eclipse.debug.internal.core.LaunchManager.getAllLaunchConfigurations(LaunchManager.java:1140)
	at org.eclipse.debug.internal.core.LaunchManager.getLaunchConfigurations(LaunchManager.java:1444)
	at org.eclipse.debug.internal.core.LaunchManager.getLaunchConfigurations(LaunchManager.java:1439)
	at org.eclipse.launchbar.core.internal.LaunchBarManager.init(LaunchBarManager.java:130)
	at org.eclipse.launchbar.core.internal.LaunchBarManager$1.run(LaunchBarManager.java:96)
	at org.eclipse.core.internal.jobs.Worker.run(Worker.java:63)

!ENTRY org.eclipse.debug.core 4 125 2026-07-28 11:20:40.969
!MESSAGE 调试核心所记录的错误：
!STACK 1
org.eclipse.debug.core.DebugException: 读取启动配置文件 F:\code\vibe_project\rollerball\M33\libraries\components\mtb-device-support-pse8xxgp\make\make\scripts\interface_version_4\eclipse\CM33\flash\_normal\JLink\any\&&_PRJ_NAME&& Program RAM (JLink).launch 时发生了 org.xml.sax.SAXParseException; lineNumber: 3; columnNumber: 66; 在实体引用中, 实体名称必须紧跟在 '&' 后面。。
	at org.eclipse.debug.internal.core.LaunchManager.createDebugException(LaunchManager.java:886)
	at org.eclipse.debug.internal.core.LaunchManager.throwException(LaunchManager.java:2448)
	at org.eclipse.debug.internal.core.LaunchManager.getInfo(LaunchManager.java:1366)
	at org.eclipse.debug.internal.core.LaunchConfiguration.getInfo(LaunchConfiguration.java:490)
	at org.eclipse.debug.internal.core.LaunchConfiguration.getType(LaunchConfiguration.java:645)
	at org.eclipse.debug.internal.core.LaunchManager.isValid(LaunchManager.java:2091)
	at org.eclipse.debug.internal.core.LaunchManager.verifyConfigurations(LaunchManager.java:2462)
	at org.eclipse.debug.internal.core.LaunchManager.getAllLaunchConfigurations(LaunchManager.java:1140)
	at org.eclipse.debug.internal.core.LaunchManager.getLaunchConfigurations(LaunchManager.java:1444)
	at org.eclipse.debug.internal.core.LaunchManager.getLaunchConfigurations(LaunchManager.java:1439)
	at org.eclipse.launchbar.core.internal.LaunchBarManager.init(LaunchBarManager.java:130)
	at org.eclipse.launchbar.core.internal.LaunchBarManager$1.run(LaunchBarManager.java:96)
	at org.eclipse.core.internal.jobs.Worker.run(Worker.java:63)
Caused by: org.xml.sax.SAXParseException; lineNumber: 3; columnNumber: 66; 在实体引用中, 实体名称必须紧跟在 '&' 后面。
	at com.sun.org.apache.xerces.internal.util.ErrorHandlerWrapper.createSAXParseException(ErrorHandlerWrapper.java:203)
	at com.sun.org.apache.xerces.internal.util.ErrorHandlerWrapper.fatalError(ErrorHandlerWrapper.java:177)
	at com.sun.org.apache.xerces.internal.impl.XMLErrorReporter.reportError(XMLErrorReporter.java:400)
	at com.sun.org.apache.xerces.internal.impl.XMLErrorReporter.reportError(XMLErrorReporter.java:327)
	at com.sun.org.apache.xerces.internal.impl.XMLScanner.reportFatalError(XMLScanner.java:1472)
	at com.sun.org.apache.xerces.internal.impl.XMLScanner.scanAttributeValue(XMLScanner.java:908)
	at com.sun.org.apache.xerces.internal.impl.XMLDocumentFragmentScannerImpl.scanAttribute(XMLDocumentFragmentScannerImpl.java:1548)
	at com.sun.org.apache.xerces.internal.impl.XMLDocumentFragmentScannerImpl.scanStartElement(XMLDocumentFragmentScannerImpl.java:1315)
	at com.sun.org.apache.xerces.internal.impl.XMLDocumentFragmentScannerImpl$FragmentContentDriver.next(XMLDocumentFragmentScannerImpl.java:2784)
	at com.sun.org.apache.xerces.internal.impl.XMLDocumentScannerImpl.next(XMLDocumentScannerImpl.java:602)
	at com.sun.org.apache.xerces.internal.impl.XMLDocumentFragmentScannerImpl.scanDocument(XMLDocumentFragmentScannerImpl.java:505)
	at com.sun.org.apache.xerces.internal.parsers.XML11Configuration.parse(XML11Configuration.java:841)
	at com.sun.org.apache.xerces.internal.parsers.XML11Configuration.parse(XML11Configuration.java:770)
	at com.sun.org.apache.xerces.internal.parsers.XMLParser.parse(XMLParser.java:141)
	at com.sun.org.apache.xerces.internal.parsers.DOMParser.parse(DOMParser.java:243)
	at com.sun.org.apache.xerces.internal.jaxp.DocumentBuilderImpl.parse(DocumentBuilderImpl.java:339)
	at org.eclipse.debug.internal.core.LaunchManager.createInfoFromXML(LaunchManager.java:935)
	at org.eclipse.debug.internal.core.LaunchManager.getInfo(LaunchManager.java:1359)
	... 10 more
!SUBENTRY 1 org.eclipse.debug.core 4 5012 2026-07-28 11:20:40.969
!MESSAGE 读取启动配置文件 F:\code\vibe_project\rollerball\M33\libraries\components\mtb-device-support-pse8xxgp\make\make\scripts\interface_version_4\eclipse\CM33\flash\_normal\JLink\any\&&_PRJ_NAME&& Program RAM (JLink).launch 时发生了 org.xml.sax.SAXParseException; lineNumber: 3; columnNumber: 66; 在实体引用中, 实体名称必须紧跟在 '&' 后面。。
!STACK 0
org.xml.sax.SAXParseException; lineNumber: 3; columnNumber: 66; 在实体引用中, 实体名称必须紧跟在 '&' 后面。
	at com.sun.org.apache.xerces.internal.util.ErrorHandlerWrapper.createSAXParseException(ErrorHandlerWrapper.java:203)
	at com.sun.org.apache.xerces.internal.util.ErrorHandlerWrapper.fatalError(ErrorHandlerWrapper.java:177)
	at com.sun.org.apache.xerces.internal.impl.XMLErrorReporter.reportError(XMLErrorReporter.java:400)
	at com.sun.org.apache.xerces.internal.impl.XMLErrorReporter.reportError(XMLErrorReporter.java:327)
	at com.sun.org.apache.xerces.internal.impl.XMLScanner.reportFatalError(XMLScanner.java:1472)
	at com.sun.org.apache.xerces.internal.impl.XMLScanner.scanAttributeValue(XMLScanner.java:908)
	at com.sun.org.apache.xerces.internal.impl.XMLDocumentFragmentScannerImpl.scanAttribute(XMLDocumentFragmentScannerImpl.java:1548)
	at com.sun.org.apache.xerces.internal.impl.XMLDocumentFragmentScannerImpl.scanStartElement(XMLDocumentFragmentScannerImpl.java:1315)
	at com.sun.org.apache.xerces.internal.impl.XMLDocumentFragmentScannerImpl$FragmentContentDriver.next(XMLDocumentFragmentScannerImpl.java:2784)
	at com.sun.org.apache.xerces.internal.impl.XMLDocumentScannerImpl.next(XMLDocumentScannerImpl.java:602)
	at com.sun.org.apache.xerces.internal.impl.XMLDocumentFragmentScannerImpl.scanDocument(XMLDocumentFragmentScannerImpl.java:505)
	at com.sun.org.apache.xerces.internal.parsers.XML11Configuration.parse(XML11Configuration.java:841)
	at com.sun.org.apache.xerces.internal.parsers.XML11Configuration.parse(XML11Configuration.java:770)
	at com.sun.org.apache.xerces.internal.parsers.XMLParser.parse(XMLParser.java:141)
	at com.sun.org.apache.xerces.internal.parsers.DOMParser.parse(DOMParser.java:243)
	at com.sun.org.apache.xerces.internal.jaxp.DocumentBuilderImpl.parse(DocumentBuilderImpl.java:339)
	at org.eclipse.debug.internal.core.LaunchManager.createInfoFromXML(LaunchManager.java:935)
	at org.eclipse.debug.internal.core.LaunchManager.getInfo(LaunchManager.java:1359)
	at org.eclipse.debug.internal.core.LaunchConfiguration.getInfo(LaunchConfiguration.java:490)
	at org.eclipse.debug.internal.core.LaunchConfiguration.getType(LaunchConfiguration.java:645)
	at org.eclipse.debug.internal.core.LaunchManager.isValid(LaunchManager.java:2091)
	at org.eclipse.debug.internal.core.LaunchManager.verifyConfigurations(LaunchManager.java:2462)
	at org.eclipse.debug.internal.core.LaunchManager.getAllLaunchConfigurations(LaunchManager.java:1140)
	at org.eclipse.debug.internal.core.LaunchManager.getLaunchConfigurations(LaunchManager.java:1444)
	at org.eclipse.debug.internal.core.LaunchManager.getLaunchConfigurations(LaunchManager.java:1439)
	at org.eclipse.launchbar.core.internal.LaunchBarManager.init(LaunchBarManager.java:130)
	at org.eclipse.launchbar.core.internal.LaunchBarManager$1.run(LaunchBarManager.java:96)
	at org.eclipse.core.internal.jobs.Worker.run(Worker.java:63)

!ENTRY org.eclipse.debug.core 4 125 2026-07-28 11:20:40.971
!MESSAGE 调试核心所记录的错误：
!STACK 1
org.eclipse.debug.core.DebugException: 读取启动配置文件 F:\code\vibe_project\rollerball\M33\libraries\components\mtb-device-support-pse8xxgp\make\make\scripts\interface_version_4\eclipse\CM33\flash\_normal\KitProg3\any\&&_PRJ_NAME&& Attach (KitProg3_MiniProg4).launch 时发生了 org.xml.sax.SAXParseException; lineNumber: 3; columnNumber: 66; 在实体引用中, 实体名称必须紧跟在 '&' 后面。。
	at org.eclipse.debug.internal.core.LaunchManager.createDebugException(LaunchManager.java:886)
	at org.eclipse.debug.internal.core.LaunchManager.throwException(LaunchManager.java:2448)
	at org.eclipse.debug.internal.core.LaunchManager.getInfo(LaunchManager.java:1366)
	at org.eclipse.debug.internal.core.LaunchConfiguration.getInfo(LaunchConfiguration.java:490)
	at org.eclipse.debug.internal.core.LaunchConfiguration.getType(LaunchConfiguration.java:645)
	at org.eclipse.debug.internal.core.LaunchManager.isValid(LaunchManager.java:2091)
	at org.eclipse.debug.internal.core.LaunchManager.verifyConfigurations(LaunchManager.java:2462)
	at org.eclipse.debug.internal.core.LaunchManager.getAllLaunchConfigurations(LaunchManager.java:1140)
	at org.eclipse.debug.internal.core.LaunchManager.getLaunchConfigurations(LaunchManager.java:1444)
	at org.eclipse.debug.internal.core.LaunchManager.getLaunchConfigurations(LaunchManager.java:1439)
	at org.eclipse.launchbar.core.internal.LaunchBarManager.init(LaunchBarManager.java:130)
	at org.eclipse.launchbar.core.internal.LaunchBarManager$1.run(LaunchBarManager.java:96)
	at org.eclipse.core.internal.jobs.Worker.run(Worker.java:63)
Caused by: org.xml.sax.SAXParseException; lineNumber: 3; columnNumber: 66; 在实体引用中, 实体名称必须紧跟在 '&' 后面。
	at com.sun.org.apache.xerces.internal.util.ErrorHandlerWrapper.createSAXParseException(ErrorHandlerWrapper.java:203)
	at com.sun.org.apache.xerces.internal.util.ErrorHandlerWrapper.fatalError(ErrorHandlerWrapper.java:177)
	at com.sun.org.apache.xerces.internal.impl.XMLErrorReporter.reportError(XMLErrorReporter.java:400)
	at com.sun.org.apache.xerces.internal.impl.XMLErrorReporter.reportError(XMLErrorReporter.java:327)
	at com.sun.org.apache.xerces.internal.impl.XMLScanner.reportFatalError(XMLScanner.java:1472)
	at com.sun.org.apache.xerces.internal.impl.XMLScanner.scanAttributeValue(XMLScanner.java:908)
	at com.sun.org.apache.xerces.internal.impl.XMLDocumentFragmentScannerImpl.scanAttribute(XMLDocumentFragmentScannerImpl.java:1548)
	at com.sun.org.apache.xerces.internal.impl.XMLDocumentFragmentScannerImpl.scanStartElement(XMLDocumentFragmentScannerImpl.java:1315)
	at com.sun.org.apache.xerces.internal.impl.XMLDocumentFragmentScannerImpl$FragmentContentDriver.next(XMLDocumentFragmentScannerImpl.java:2784)
	at com.sun.org.apache.xerces.internal.impl.XMLDocumentScannerImpl.next(XMLDocumentScannerImpl.java:602)
	at com.sun.org.apache.xerces.internal.impl.XMLDocumentFragmentScannerImpl.scanDocument(XMLDocumentFragmentScannerImpl.java:505)
	at com.sun.org.apache.xerces.internal.parsers.XML11Configuration.parse(XML11Configuration.java:841)
	at com.sun.org.apache.xerces.internal.parsers.XML11Configuration.parse(XML11Configuration.java:770)
	at com.sun.org.apache.xerces.internal.parsers.XMLParser.parse(XMLParser.java:141)
	at com.sun.org.apache.xerces.internal.parsers.DOMParser.parse(DOMParser.java:243)
	at com.sun.org.apache.xerces.internal.jaxp.DocumentBuilderImpl.parse(DocumentBuilderImpl.java:339)
	at org.eclipse.debug.internal.core.LaunchManager.createInfoFromXML(LaunchManager.java:935)
	at org.eclipse.debug.internal.core.LaunchManager.getInfo(LaunchManager.java:1359)
	... 10 more
!SUBENTRY 1 org.eclipse.debug.core 4 5012 2026-07-28 11:20:40.971
!MESSAGE 读取启动配置文件 F:\code\vibe_project\rollerball\M33\libraries\components\mtb-device-support-pse8xxgp\make\make\scripts\interface_version_4\eclipse\CM33\flash\_normal\KitProg3\any\&&_PRJ_NAME&& Attach (KitProg3_MiniProg4).launch 时发生了 org.xml.sax.SAXParseException; lineNumber: 3; columnNumber: 66; 在实体引用中, 实体名称必须紧跟在 '&' 后面。。
!STACK 0
org.xml.sax.SAXParseException; lineNumber: 3; columnNumber: 66; 在实体引用中, 实体名称必须紧跟在 '&' 后面。
	at com.sun.org.apache.xerces.internal.util.ErrorHandlerWrapper.createSAXParseException(ErrorHandlerWrapper.java:203)
	at com.sun.org.apache.xerces.internal.util.ErrorHandlerWrapper.fatalError(ErrorHandlerWrapper.java:177)
	at com.sun.org.apache.xerces.internal.impl.XMLErrorReporter.reportError(XMLErrorReporter.java:400)
	at com.sun.org.apache.xerces.internal.impl.XMLErrorReporter.reportError(XMLErrorReporter.java:327)
	at com.sun.org.apache.xerces.internal.impl.XMLScanner.reportFatalError(XMLScanner.java:1472)
	at com.sun.org.apache.xerces.internal.impl.XMLScanner.scanAttributeValue(XMLScanner.java:908)
	at com.sun.org.apache.xerces.internal.impl.XMLDocumentFragmentScannerImpl.scanAttribute(XMLDocumentFragmentScannerImpl.java:1548)
	at com.sun.org.apache.xerces.internal.impl.XMLDocumentFragmentScannerImpl.scanStartElement(XMLDocumentFragmentScannerImpl.java:1315)
	at com.sun.org.apache.xerces.internal.impl.XMLDocumentFragmentScannerImpl$FragmentContentDriver.next(XMLDocumentFragmentScannerImpl.java:2784)
	at com.sun.org.apache.xerces.internal.impl.XMLDocumentScannerImpl.next(XMLDocumentScannerImpl.java:602)
	at com.sun.org.apache.xerces.internal.impl.XMLDocumentFragmentScannerImpl.scanDocument(XMLDocumentFragmentScannerImpl.java:505)
	at com.sun.org.apache.xerces.internal.parsers.XML11Configuration.parse(XML11Configuration.java:841)
	at com.sun.org.apache.xerces.internal.parsers.XML11Configuration.parse(XML11Configuration.java:770)
	at com.sun.org.apache.xerces.internal.parsers.XMLParser.parse(XMLParser.java:141)
	at com.sun.org.apache.xerces.internal.parsers.DOMParser.parse(DOMParser.java:243)
	at com.sun.org.apache.xerces.internal.jaxp.DocumentBuilderImpl.parse(DocumentBuilderImpl.java:339)
	at org.eclipse.debug.internal.core.LaunchManager.createInfoFromXML(LaunchManager.java:935)
	at org.eclipse.debug.internal.core.LaunchManager.getInfo(LaunchManager.java:1359)
	at org.eclipse.debug.internal.core.LaunchConfiguration.getInfo(LaunchConfiguration.java:490)
	at org.eclipse.debug.internal.core.LaunchConfiguration.getType(LaunchConfiguration.java:645)
	at org.eclipse.debug.internal.core.LaunchManager.isValid(LaunchManager.java:2091)
	at org.eclipse.debug.internal.core.LaunchManager.verifyConfigurations(LaunchManager.java:2462)
	at org.eclipse.debug.internal.core.LaunchManager.getAllLaunchConfigurations(LaunchManager.java:1140)
	at org.eclipse.debug.internal.core.LaunchManager.getLaunchConfigurations(LaunchManager.java:1444)
	at org.eclipse.debug.internal.core.LaunchManager.getLaunchConfigurations(LaunchManager.java:1439)
	at org.eclipse.launchbar.core.internal.LaunchBarManager.init(LaunchBarManager.java:130)
	at org.eclipse.launchbar.core.internal.LaunchBarManager$1.run(LaunchBarManager.java:96)
	at org.eclipse.core.internal.jobs.Worker.run(Worker.java:63)

!ENTRY org.eclipse.debug.core 4 125 2026-07-28 11:20:40.974
!MESSAGE 调试核心所记录的错误：
!STACK 1
org.eclipse.debug.core.DebugException: 读取启动配置文件 F:\code\vibe_project\rollerball\M33\libraries\components\mtb-device-support-pse8xxgp\make\make\scripts\interface_version_4\eclipse\CM33\flash\_normal\KitProg3\any\&&_PRJ_NAME&& Debug (KitProg3_MiniProg4).launch 时发生了 org.xml.sax.SAXParseException; lineNumber: 3; columnNumber: 66; 在实体引用中, 实体名称必须紧跟在 '&' 后面。。
	at org.eclipse.debug.internal.core.LaunchManager.createDebugException(LaunchManager.java:886)
	at org.eclipse.debug.internal.core.LaunchManager.throwException(LaunchManager.java:2448)
	at org.eclipse.debug.internal.core.LaunchManager.getInfo(LaunchManager.java:1366)
	at org.eclipse.debug.internal.core.LaunchConfiguration.getInfo(LaunchConfiguration.java:490)
	at org.eclipse.debug.internal.core.LaunchConfiguration.getType(LaunchConfiguration.java:645)
	at org.eclipse.debug.internal.core.LaunchManager.isValid(LaunchManager.java:2091)
	at org.eclipse.debug.internal.core.LaunchManager.verifyConfigurations(LaunchManager.java:2462)
	at org.eclipse.debug.internal.core.LaunchManager.getAllLaunchConfigurations(LaunchManager.java:1140)
	at org.eclipse.debug.internal.core.LaunchManager.getLaunchConfigurations(LaunchManager.java:1444)
	at org.eclipse.debug.internal.core.LaunchManager.getLaunchConfigurations(LaunchManager.java:1439)
	at org.eclipse.launchbar.core.internal.LaunchBarManager.init(LaunchBarManager.java:130)
	at org.eclipse.launchbar.core.internal.LaunchBarManager$1.run(LaunchBarManager.java:96)
	at org.eclipse.core.internal.jobs.Worker.run(Worker.java:63)
Caused by: org.xml.sax.SAXParseException; lineNumber: 3; columnNumber: 66; 在实体引用中, 实体名称必须紧跟在 '&' 后面。
	at com.sun.org.apache.xerces.internal.util.ErrorHandlerWrapper.createSAXParseException(ErrorHandlerWrapper.java:203)
	at com.sun.org.apache.xerces.internal.util.ErrorHandlerWrapper.fatalError(ErrorHandlerWrapper.java:177)
	at com.sun.org.apache.xerces.internal.impl.XMLErrorReporter.reportError(XMLErrorReporter.java:400)
	at com.sun.org.apache.xerces.internal.impl.XMLErrorReporter.reportError(XMLErrorReporter.java:327)
	at com.sun.org.apache.xerces.internal.impl.XMLScanner.reportFatalError(XMLScanner.java:1472)
	at com.sun.org.apache.xerces.internal.impl.XMLScanner.scanAttributeValue(XMLScanner.java:908)
	at com.sun.org.apache.xerces.internal.impl.XMLDocumentFragmentScannerImpl.scanAttribute(XMLDocumentFragmentScannerImpl.java:1548)
	at com.sun.org.apache.xerces.internal.impl.XMLDocumentFragmentScannerImpl.scanStartElement(XMLDocumentFragmentScannerImpl.java:1315)
	at com.sun.org.apache.xerces.internal.impl.XMLDocumentFragmentScannerImpl$FragmentContentDriver.next(XMLDocumentFragmentScannerImpl.java:2784)
	at com.sun.org.apache.xerces.internal.impl.XMLDocumentScannerImpl.next(XMLDocumentScannerImpl.java:602)
	at com.sun.org.apache.xerces.internal.impl.XMLDocumentFragmentScannerImpl.scanDocument(XMLDocumentFragmentScannerImpl.java:505)
	at com.sun.org.apache.xerces.internal.parsers.XML11Configuration.parse(XML11Configuration.java:841)
	at com.sun.org.apache.xerces.internal.parsers.XML11Configuration.parse(XML11Configuration.java:770)
	at com.sun.org.apache.xerces.internal.parsers.XMLParser.parse(XMLParser.java:141)
	at com.sun.org.apache.xerces.internal.parsers.DOMParser.parse(DOMParser.java:243)
	at com.sun.org.apache.xerces.internal.jaxp.DocumentBuilderImpl.parse(DocumentBuilderImpl.java:339)
	at org.eclipse.debug.internal.core.LaunchManager.createInfoFromXML(LaunchManager.java:935)
	at org.eclipse.debug.internal.core.LaunchManager.getInfo(LaunchManager.java:1359)
	... 10 more
!SUBENTRY 1 org.eclipse.debug.core 4 5012 2026-07-28 11:20:40.974
!MESSAGE 读取启动配置文件 F:\code\vibe_project\rollerball\M33\libraries\components\mtb-device-support-pse8xxgp\make\make\scripts\interface_version_4\eclipse\CM33\flash\_normal\KitProg3\any\&&_PRJ_NAME&& Debug (KitProg3_MiniProg4).launch 时发生了 org.xml.sax.SAXParseException; lineNumber: 3; columnNumber: 66; 在实体引用中, 实体名称必须紧跟在 '&' 后面。。
!STACK 0
org.xml.sax.SAXParseException; lineNumber: 3; columnNumber: 66; 在实体引用中, 实体名称必须紧跟在 '&' 后面。
	at com.sun.org.apache.xerces.internal.util.ErrorHandlerWrapper.createSAXParseException(ErrorHandlerWrapper.java:203)
	at com.sun.org.apache.xerces.internal.util.ErrorHandlerWrapper.fatalError(ErrorHandlerWrapper.java:177)
	at com.sun.org.apache.xerces.internal.impl.XMLErrorReporter.reportError(XMLErrorReporter.java:400)
	at com.sun.org.apache.xerces.internal.impl.XMLErrorReporter.reportError(XMLErrorReporter.java:327)
	at com.sun.org.apache.xerces.internal.impl.XMLScanner.reportFatalError(XMLScanner.java:1472)
	at com.sun.org.apache.xerces.internal.impl.XMLScanner.scanAttributeValue(XMLScanner.java:908)
	at com.sun.org.apache.xerces.internal.impl.XMLDocumentFragmentScannerImpl.scanAttribute(XMLDocumentFragmentScannerImpl.java:1548)
	at com.sun.org.apache.xerces.internal.impl.XMLDocumentFragmentScannerImpl.scanStartElement(XMLDocumentFragmentScannerImpl.java:1315)
	at com.sun.org.apache.xerces.internal.impl.XMLDocumentFragmentScannerImpl$FragmentContentDriver.next(XMLDocumentFragmentScannerImpl.java:2784)
	at com.sun.org.apache.xerces.internal.impl.XMLDocumentScannerImpl.next(XMLDocumentScannerImpl.java:602)
	at com.sun.org.apache.xerces.internal.impl.XMLDocumentFragmentScannerImpl.scanDocument(XMLDocumentFragmentScannerImpl.java:505)
	at com.sun.org.apache.xerces.internal.parsers.XML11Configuration.parse(XML11Configuration.java:841)
	at com.sun.org.apache.xerces.internal.parsers.XML11Configuration.parse(XML11Configuration.java:770)
	at com.sun.org.apache.xerces.internal.parsers.XMLParser.parse(XMLParser.java:141)
	at com.sun.org.apache.xerces.internal.parsers.DOMParser.parse(DOMParser.java:243)
	at com.sun.org.apache.xerces.internal.jaxp.DocumentBuilderImpl.parse(DocumentBuilderImpl.java:339)
	at org.eclipse.debug.internal.core.LaunchManager.createInfoFromXML(LaunchManager.java:935)
	at org.eclipse.debug.internal.core.LaunchManager.getInfo(LaunchManager.java:1359)
	at org.eclipse.debug.internal.core.LaunchConfiguration.getInfo(LaunchConfiguration.java:490)
	at org.eclipse.debug.internal.core.LaunchConfiguration.getType(LaunchConfiguration.java:645)
	at org.eclipse.debug.internal.core.LaunchManager.isValid(LaunchManager.java:2091)
	at org.eclipse.debug.internal.core.LaunchManager.verifyConfigurations(LaunchManager.java:2462)
	at org.eclipse.debug.internal.core.LaunchManager.getAllLaunchConfigurations(LaunchManager.java:1140)
	at org.eclipse.debug.internal.core.LaunchManager.getLaunchConfigurations(LaunchManager.java:1444)
	at org.eclipse.debug.internal.core.LaunchManager.getLaunchConfigurations(LaunchManager.java:1439)
	at org.eclipse.launchbar.core.internal.LaunchBarManager.init(LaunchBarManager.java:130)
	at org.eclipse.launchbar.core.internal.LaunchBarManager$1.run(LaunchBarManager.java:96)
	at org.eclipse.core.internal.jobs.Worker.run(Worker.java:63)

!ENTRY org.eclipse.debug.core 4 125 2026-07-28 11:20:40.975
!MESSAGE 调试核心所记录的错误：
!STACK 1
org.eclipse.debug.core.DebugException: 读取启动配置文件 F:\code\vibe_project\rollerball\M33\libraries\components\mtb-device-support-pse8xxgp\make\make\scripts\interface_version_4\eclipse\CM33\flash\_normal\KitProg3\any\&&_PRJ_NAME&& Program (KitProg3_MiniProg4).launch 时发生了 org.xml.sax.SAXParseException; lineNumber: 3; columnNumber: 66; 在实体引用中, 实体名称必须紧跟在 '&' 后面。。
	at org.eclipse.debug.internal.core.LaunchManager.createDebugException(LaunchManager.java:886)
	at org.eclipse.debug.internal.core.LaunchManager.throwException(LaunchManager.java:2448)
	at org.eclipse.debug.internal.core.LaunchManager.getInfo(LaunchManager.java:1366)
	at org.eclipse.debug.internal.core.LaunchConfiguration.getInfo(LaunchConfiguration.java:490)
	at org.eclipse.debug.internal.core.LaunchConfiguration.getType(LaunchConfiguration.java:645)
	at org.eclipse.debug.internal.core.LaunchManager.isValid(LaunchManager.java:2091)
	at org.eclipse.debug.internal.core.LaunchManager.verifyConfigurations(LaunchManager.java:2462)
	at org.eclipse.debug.internal.core.LaunchManager.getAllLaunchConfigurations(LaunchManager.java:1140)
	at org.eclipse.debug.internal.core.LaunchManager.getLaunchConfigurations(LaunchManager.java:1444)
	at org.eclipse.debug.internal.core.LaunchManager.getLaunchConfigurations(LaunchManager.java:1439)
	at org.eclipse.launchbar.core.internal.LaunchBarManager.init(LaunchBarManager.java:130)
	at org.eclipse.launchbar.core.internal.LaunchBarManager$1.run(LaunchBarManager.java:96)
	at org.eclipse.core.internal.jobs.Worker.run(Worker.java:63)
Caused by: org.xml.sax.SAXParseException; lineNumber: 3; columnNumber: 66; 在实体引用中, 实体名称必须紧跟在 '&' 后面。
	at com.sun.org.apache.xerces.internal.util.ErrorHandlerWrapper.createSAXParseException(ErrorHandlerWrapper.java:203)
	at com.sun.org.apache.xerces.internal.util.ErrorHandlerWrapper.fatalError(ErrorHandlerWrapper.java:177)
	at com.sun.org.apache.xerces.internal.impl.XMLErrorReporter.reportError(XMLErrorReporter.java:400)
	at com.sun.org.apache.xerces.internal.impl.XMLErrorReporter.reportError(XMLErrorReporter.java:327)
	at com.sun.org.apache.xerces.internal.impl.XMLScanner.reportFatalError(XMLScanner.java:1472)
	at com.sun.org.apache.xerces.internal.impl.XMLScanner.scanAttributeValue(XMLScanner.java:908)
	at com.sun.org.apache.xerces.internal.impl.XMLDocumentFragmentScannerImpl.scanAttribute(XMLDocumentFragmentScannerImpl.java:1548)
	at com.sun.org.apache.xerces.internal.impl.XMLDocumentFragmentScannerImpl.scanStartElement(XMLDocumentFragmentScannerImpl.java:1315)
	at com.sun.org.apache.xerces.internal.impl.XMLDocumentFragmentScannerImpl$FragmentContentDriver.next(XMLDocumentFragmentScannerImpl.java:2784)
	at com.sun.org.apache.xerces.internal.impl.XMLDocumentScannerImpl.next(XMLDocumentScannerImpl.java:602)
	at com.sun.org.apache.xerces.internal.impl.XMLDocumentFragmentScannerImpl.scanDocument(XMLDocumentFragmentScannerImpl.java:505)
	at com.sun.org.apache.xerces.internal.parsers.XML11Configuration.parse(XML11Configuration.java:841)
	at com.sun.org.apache.xerces.internal.parsers.XML11Configuration.parse(XML11Configuration.java:770)
	at com.sun.org.apache.xerces.internal.parsers.XMLParser.parse(XMLParser.java:141)
	at com.sun.org.apache.xerces.internal.parsers.DOMParser.parse(DOMParser.java:243)
	at com.sun.org.apache.xerces.internal.jaxp.DocumentBuilderImpl.parse(DocumentBuilderImpl.java:339)
	at org.eclipse.debug.internal.core.LaunchManager.createInfoFromXML(LaunchManager.java:935)
	at org.eclipse.debug.internal.core.LaunchManager.getInfo(LaunchManager.java:1359)
	... 10 more
!SUBENTRY 1 org.eclipse.debug.core 4 5012 2026-07-28 11:20:40.975
!MESSAGE 读取启动配置文件 F:\code\vibe_project\rollerball\M33\libraries\components\mtb-device-support-pse8xxgp\make\make\scripts\interface_version_4\eclipse\CM33\flash\_normal\KitProg3\any\&&_PRJ_NAME&& Program (KitProg3_MiniProg4).launch 时发生了 org.xml.sax.SAXParseException; lineNumber: 3; columnNumber: 66; 在实体引用中, 实体名称必须紧跟在 '&' 后面。。
!STACK 0
org.xml.sax.SAXParseException; lineNumber: 3; columnNumber: 66; 在实体引用中, 实体名称必须紧跟在 '&' 后面。
	at com.sun.org.apache.xerces.internal.util.ErrorHandlerWrapper.createSAXParseException(ErrorHandlerWrapper.java:203)
	at com.sun.org.apache.xerces.internal.util.ErrorHandlerWrapper.fatalError(ErrorHandlerWrapper.java:177)
	at com.sun.org.apache.xerces.internal.impl.XMLErrorReporter.reportError(XMLErrorReporter.java:400)
	at com.sun.org.apache.xerces.internal.impl.XMLErrorReporter.reportError(XMLErrorReporter.java:327)
	at com.sun.org.apache.xerces.internal.impl.XMLScanner.reportFatalError(XMLScanner.java:1472)
	at com.sun.org.apache.xerces.internal.impl.XMLScanner.scanAttributeValue(XMLScanner.java:908)
	at com.sun.org.apache.xerces.internal.impl.XMLDocumentFragmentScannerImpl.scanAttribute(XMLDocumentFragmentScannerImpl.java:1548)
	at com.sun.org.apache.xerces.internal.impl.XMLDocumentFragmentScannerImpl.scanStartElement(XMLDocumentFragmentScannerImpl.java:1315)
	at com.sun.org.apache.xerces.internal.impl.XMLDocumentFragmentScannerImpl$FragmentContentDriver.next(XMLDocumentFragmentScannerImpl.java:2784)
	at com.sun.org.apache.xerces.internal.impl.XMLDocumentScannerImpl.next(XMLDocumentScannerImpl.java:602)
	at com.sun.org.apache.xerces.internal.impl.XMLDocumentFragmentScannerImpl.scanDocument(XMLDocumentFragmentScannerImpl.java:505)
	at com.sun.org.apache.xerces.internal.parsers.XML11Configuration.parse(XML11Configuration.java:841)
	at com.sun.org.apache.xerces.internal.parsers.XML11Configuration.parse(XML11Configuration.java:770)
	at com.sun.org.apache.xerces.internal.parsers.XMLParser.parse(XMLParser.java:141)
	at com.sun.org.apache.xerces.internal.parsers.DOMParser.parse(DOMParser.java:243)
	at com.sun.org.apache.xerces.internal.jaxp.DocumentBuilderImpl.parse(DocumentBuilderImpl.java:339)
	at org.eclipse.debug.internal.core.LaunchManager.createInfoFromXML(LaunchManager.java:935)
	at org.eclipse.debug.internal.core.LaunchManager.getInfo(LaunchManager.java:1359)
	at org.eclipse.debug.internal.core.LaunchConfiguration.getInfo(LaunchConfiguration.java:490)
	at org.eclipse.debug.internal.core.LaunchConfiguration.getType(LaunchConfiguration.java:645)
	at org.eclipse.debug.internal.core.LaunchManager.isValid(LaunchManager.java:2091)
	at org.eclipse.debug.internal.core.LaunchManager.verifyConfigurations(LaunchManager.java:2462)
	at org.eclipse.debug.internal.core.LaunchManager.getAllLaunchConfigurations(LaunchManager.java:1140)
	at org.eclipse.debug.internal.core.LaunchManager.getLaunchConfigurations(LaunchManager.java:1444)
	at org.eclipse.debug.internal.core.LaunchManager.getLaunchConfigurations(LaunchManager.java:1439)
	at org.eclipse.launchbar.core.internal.LaunchBarManager.init(LaunchBarManager.java:130)
	at org.eclipse.launchbar.core.internal.LaunchBarManager$1.run(LaunchBarManager.java:96)
	at org.eclipse.core.internal.jobs.Worker.run(Worker.java:63)

!ENTRY org.eclipse.debug.core 4 125 2026-07-28 11:20:40.975
!MESSAGE 调试核心所记录的错误：
!STACK 1
org.eclipse.debug.core.DebugException: 读取启动配置文件 F:\code\vibe_project\rollerball\M33\libraries\components\mtb-device-support-pse8xxgp\make\make\scripts\interface_version_4\eclipse\CM33\flash\_normal\KitProg3\combine_sign\Debug.launch 时发生了 org.xml.sax.SAXParseException; lineNumber: 3; columnNumber: 66; 在实体引用中, 实体名称必须紧跟在 '&' 后面。。
	at org.eclipse.debug.internal.core.LaunchManager.createDebugException(LaunchManager.java:886)
	at org.eclipse.debug.internal.core.LaunchManager.throwException(LaunchManager.java:2448)
	at org.eclipse.debug.internal.core.LaunchManager.getInfo(LaunchManager.java:1366)
	at org.eclipse.debug.internal.core.LaunchConfiguration.getInfo(LaunchConfiguration.java:490)
	at org.eclipse.debug.internal.core.LaunchConfiguration.getType(LaunchConfiguration.java:645)
	at org.eclipse.debug.internal.core.LaunchManager.isValid(LaunchManager.java:2091)
	at org.eclipse.debug.internal.core.LaunchManager.verifyConfigurations(LaunchManager.java:2462)
	at org.eclipse.debug.internal.core.LaunchManager.getAllLaunchConfigurations(LaunchManager.java:1140)
	at org.eclipse.debug.internal.core.LaunchManager.getLaunchConfigurations(LaunchManager.java:1444)
	at org.eclipse.debug.internal.core.LaunchManager.getLaunchConfigurations(LaunchManager.java:1439)
	at org.eclipse.launchbar.core.internal.LaunchBarManager.init(LaunchBarManager.java:130)
	at org.eclipse.launchbar.core.internal.LaunchBarManager$1.run(LaunchBarManager.java:96)
	at org.eclipse.core.internal.jobs.Worker.run(Worker.java:63)
Caused by: org.xml.sax.SAXParseException; lineNumber: 3; columnNumber: 66; 在实体引用中, 实体名称必须紧跟在 '&' 后面。
	at com.sun.org.apache.xerces.internal.util.ErrorHandlerWrapper.createSAXParseException(ErrorHandlerWrapper.java:203)
	at com.sun.org.apache.xerces.internal.util.ErrorHandlerWrapper.fatalError(ErrorHandlerWrapper.java:177)
	at com.sun.org.apache.xerces.internal.impl.XMLErrorReporter.reportError(XMLErrorReporter.java:400)
	at com.sun.org.apache.xerces.internal.impl.XMLErrorReporter.reportError(XMLErrorReporter.java:327)
	at com.sun.org.apache.xerces.internal.impl.XMLScanner.reportFatalError(XMLScanner.java:1472)
	at com.sun.org.apache.xerces.internal.impl.XMLScanner.scanAttributeValue(XMLScanner.java:908)
	at com.sun.org.apache.xerces.internal.impl.XMLDocumentFragmentScannerImpl.scanAttribute(XMLDocumentFragmentScannerImpl.java:1548)
	at com.sun.org.apache.xerces.internal.impl.XMLDocumentFragmentScannerImpl.scanStartElement(XMLDocumentFragmentScannerImpl.java:1315)
	at com.sun.org.apache.xerces.internal.impl.XMLDocumentFragmentScannerImpl$FragmentContentDriver.next(XMLDocumentFragmentScannerImpl.java:2784)
	at com.sun.org.apache.xerces.internal.impl.XMLDocumentScannerImpl.next(XMLDocumentScannerImpl.java:602)
	at com.sun.org.apache.xerces.internal.impl.XMLDocumentFragmentScannerImpl.scanDocument(XMLDocumentFragmentScannerImpl.java:505)
	at com.sun.org.apache.xerces.internal.parsers.XML11Configuration.parse(XML11Configuration.java:841)
	at com.sun.org.apache.xerces.internal.parsers.XML11Configuration.parse(XML11Configuration.java:770)
	at com.sun.org.apache.xerces.internal.parsers.XMLParser.parse(XMLParser.java:141)
	at com.sun.org.apache.xerces.internal.parsers.DOMParser.parse(DOMParser.java:243)
	at com.sun.org.apache.xerces.internal.jaxp.DocumentBuilderImpl.parse(DocumentBuilderImpl.java:339)
	at org.eclipse.debug.internal.core.LaunchManager.createInfoFromXML(LaunchManager.java:935)
	at org.eclipse.debug.internal.core.LaunchManager.getInfo(LaunchManager.java:1359)
	... 10 more
!SUBENTRY 1 org.eclipse.debug.core 4 5012 2026-07-28 11:20:40.975
!MESSAGE 读取启动配置文件 F:\code\vibe_project\rollerball\M33\libraries\components\mtb-device-support-pse8xxgp\make\make\scripts\interface_version_4\eclipse\CM33\flash\_normal\KitProg3\combine_sign\Debug.launch 时发生了 org.xml.sax.SAXParseException; lineNumber: 3; columnNumber: 66; 在实体引用中, 实体名称必须紧跟在 '&' 后面。。
!STACK 0
org.xml.sax.SAXParseException; lineNumber: 3; columnNumber: 66; 在实体引用中, 实体名称必须紧跟在 '&' 后面。
	at com.sun.org.apache.xerces.internal.util.ErrorHandlerWrapper.createSAXParseException(ErrorHandlerWrapper.java:203)
	at com.sun.org.apache.xerces.internal.util.ErrorHandlerWrapper.fatalError(ErrorHandlerWrapper.java:177)
	at com.sun.org.apache.xerces.internal.impl.XMLErrorReporter.reportError(XMLErrorReporter.java:400)
	at com.sun.org.apache.xerces.internal.impl.XMLErrorReporter.reportError(XMLErrorReporter.java:327)
	at com.sun.org.apache.xerces.internal.impl.XMLScanner.reportFatalError(XMLScanner.java:1472)
	at com.sun.org.apache.xerces.internal.impl.XMLScanner.scanAttributeValue(XMLScanner.java:908)
	at com.sun.org.apache.xerces.internal.impl.XMLDocumentFragmentScannerImpl.scanAttribute(XMLDocumentFragmentScannerImpl.java:1548)
	at com.sun.org.apache.xerces.internal.impl.XMLDocumentFragmentScannerImpl.scanStartElement(XMLDocumentFragmentScannerImpl.java:1315)
	at com.sun.org.apache.xerces.internal.impl.XMLDocumentFragmentScannerImpl$FragmentContentDriver.next(XMLDocumentFragmentScannerImpl.java:2784)
	at com.sun.org.apache.xerces.internal.impl.XMLDocumentScannerImpl.next(XMLDocumentScannerImpl.java:602)
	at com.sun.org.apache.xerces.internal.impl.XMLDocumentFragmentScannerImpl.scanDocument(XMLDocumentFragmentScannerImpl.java:505)
	at com.sun.org.apache.xerces.internal.parsers.XML11Configuration.parse(XML11Configuration.java:841)
	at com.sun.org.apache.xerces.internal.parsers.XML11Configuration.parse(XML11Configuration.java:770)
	at com.sun.org.apache.xerces.internal.parsers.XMLParser.parse(XMLParser.java:141)
	at com.sun.org.apache.xerces.internal.parsers.DOMParser.parse(DOMParser.java:243)
	at com.sun.org.apache.xerces.internal.jaxp.DocumentBuilderImpl.parse(DocumentBuilderImpl.java:339)
	at org.eclipse.debug.internal.core.LaunchManager.createInfoFromXML(LaunchManager.java:935)
	at org.eclipse.debug.internal.core.LaunchManager.getInfo(LaunchManager.java:1359)
	at org.eclipse.debug.internal.core.LaunchConfiguration.getInfo(LaunchConfiguration.java:490)
	at org.eclipse.debug.internal.core.LaunchConfiguration.getType(LaunchConfiguration.java:645)
	at org.eclipse.debug.internal.core.LaunchManager.isValid(LaunchManager.java:2091)
	at org.eclipse.debug.internal.core.LaunchManager.verifyConfigurations(LaunchManager.java:2462)
	at org.eclipse.debug.internal.core.LaunchManager.getAllLaunchConfigurations(LaunchManager.java:1140)
	at org.eclipse.debug.internal.core.LaunchManager.getLaunchConfigurations(LaunchManager.java:1444)
	at org.eclipse.debug.internal.core.LaunchManager.getLaunchConfigurations(LaunchManager.java:1439)
	at org.eclipse.launchbar.core.internal.LaunchBarManager.init(LaunchBarManager.java:130)
	at org.eclipse.launchbar.core.internal.LaunchBarManager$1.run(LaunchBarManager.java:96)
	at org.eclipse.core.internal.jobs.Worker.run(Worker.java:63)

!ENTRY org.eclipse.debug.core 4 125 2026-07-28 11:20:40.981
!MESSAGE 调试核心所记录的错误：
!STACK 1
org.eclipse.debug.core.DebugException: 读取启动配置文件 F:\code\vibe_project\rollerball\M33\libraries\components\mtb-device-support-pse8xxgp\make\make\scripts\interface_version_4\eclipse\CM33\flash\_normal\KitProg3\multi\&&_PRJ_NAME&& Debug Multicore (KitProg3_MiniProg4).launch 时发生了 org.xml.sax.SAXParseException; lineNumber: 3; columnNumber: 66; 在实体引用中, 实体名称必须紧跟在 '&' 后面。。
	at org.eclipse.debug.internal.core.LaunchManager.createDebugException(LaunchManager.java:886)
	at org.eclipse.debug.internal.core.LaunchManager.throwException(LaunchManager.java:2448)
	at org.eclipse.debug.internal.core.LaunchManager.getInfo(LaunchManager.java:1366)
	at org.eclipse.debug.internal.core.LaunchConfiguration.getInfo(LaunchConfiguration.java:490)
	at org.eclipse.debug.internal.core.LaunchConfiguration.getType(LaunchConfiguration.java:645)
	at org.eclipse.debug.internal.core.LaunchManager.isValid(LaunchManager.java:2091)
	at org.eclipse.debug.internal.core.LaunchManager.verifyConfigurations(LaunchManager.java:2462)
	at org.eclipse.debug.internal.core.LaunchManager.getAllLaunchConfigurations(LaunchManager.java:1140)
	at org.eclipse.debug.internal.core.LaunchManager.getLaunchConfigurations(LaunchManager.java:1444)
	at org.eclipse.debug.internal.core.LaunchManager.getLaunchConfigurations(LaunchManager.java:1439)
	at org.eclipse.launchbar.core.internal.LaunchBarManager.init(LaunchBarManager.java:130)
	at org.eclipse.launchbar.core.internal.LaunchBarManager$1.run(LaunchBarManager.java:96)
	at org.eclipse.core.internal.jobs.Worker.run(Worker.java:63)
Caused by: org.xml.sax.SAXParseException; lineNumber: 3; columnNumber: 66; 在实体引用中, 实体名称必须紧跟在 '&' 后面。
	at com.sun.org.apache.xerces.internal.util.ErrorHandlerWrapper.createSAXParseException(ErrorHandlerWrapper.java:203)
	at com.sun.org.apache.xerces.internal.util.ErrorHandlerWrapper.fatalError(ErrorHandlerWrapper.java:177)
	at com.sun.org.apache.xerces.internal.impl.XMLErrorReporter.reportError(XMLErrorReporter.java:400)
	at com.sun.org.apache.xerces.internal.impl.XMLErrorReporter.reportError(XMLErrorReporter.java:327)
	at com.sun.org.apache.xerces.internal.impl.XMLScanner.reportFatalError(XMLScanner.java:1472)
	at com.sun.org.apache.xerces.internal.impl.XMLScanner.scanAttributeValue(XMLScanner.java:908)
	at com.sun.org.apache.xerces.internal.impl.XMLDocumentFragmentScannerImpl.scanAttribute(XMLDocumentFragmentScannerImpl.java:1548)
	at com.sun.org.apache.xerces.internal.impl.XMLDocumentFragmentScannerImpl.scanStartElement(XMLDocumentFragmentScannerImpl.java:1315)
	at com.sun.org.apache.xerces.internal.impl.XMLDocumentFragmentScannerImpl$FragmentContentDriver.next(XMLDocumentFragmentScannerImpl.java:2784)
	at com.sun.org.apache.xerces.internal.impl.XMLDocumentScannerImpl.next(XMLDocumentScannerImpl.java:602)
	at com.sun.org.apache.xerces.internal.impl.XMLDocumentFragmentScannerImpl.scanDocument(XMLDocumentFragmentScannerImpl.java:505)
	at com.sun.org.apache.xerces.internal.parsers.XML11Configuration.parse(XML11Configuration.java:841)
	at com.sun.org.apache.xerces.internal.parsers.XML11Configuration.parse(XML11Configuration.java:770)
	at com.sun.org.apache.xerces.internal.parsers.XMLParser.parse(XMLParser.java:141)
	at com.sun.org.apache.xerces.internal.parsers.DOMParser.parse(DOMParser.java:243)
	at com.sun.org.apache.xerces.internal.jaxp.DocumentBuilderImpl.parse(DocumentBuilderImpl.java:339)
	at org.eclipse.debug.internal.core.LaunchManager.createInfoFromXML(LaunchManager.java:935)
	at org.eclipse.debug.internal.core.LaunchManager.getInfo(LaunchManager.java:1359)
	... 10 more
!SUBENTRY 1 org.eclipse.debug.core 4 5012 2026-07-28 11:20:40.981
!MESSAGE 读取启动配置文件 F:\code\vibe_project\rollerball\M33\libraries\components\mtb-device-support-pse8xxgp\make\make\scripts\interface_version_4\eclipse\CM33\flash\_normal\KitProg3\multi\&&_PRJ_NAME&& Debug Multicore (KitProg3_MiniProg4).launch 时发生了 org.xml.sax.SAXParseException; lineNumber: 3; columnNumber: 66; 在实体引用中, 实体名称必须紧跟在 '&' 后面。。
!STACK 0
org.xml.sax.SAXParseException; lineNumber: 3; columnNumber: 66; 在实体引用中, 实体名称必须紧跟在 '&' 后面。
	at com.sun.org.apache.xerces.internal.util.ErrorHandlerWrapper.createSAXParseException(ErrorHandlerWrapper.java:203)
	at com.sun.org.apache.xerces.internal.util.ErrorHandlerWrapper.fatalError(ErrorHandlerWrapper.java:177)
	at com.sun.org.apache.xerces.internal.impl.XMLErrorReporter.reportError(XMLErrorReporter.java:400)
	at com.sun.org.apache.xerces.internal.impl.XMLErrorReporter.reportError(XMLErrorReporter.java:327)
	at com.sun.org.apache.xerces.internal.impl.XMLScanner.reportFatalError(XMLScanner.java:1472)
	at com.sun.org.apache.xerces.internal.impl.XMLScanner.scanAttributeValue(XMLScanner.java:908)
	at com.sun.org.apache.xerces.internal.impl.XMLDocumentFragmentScannerImpl.scanAttribute(XMLDocumentFragmentScannerImpl.java:1548)
	at com.sun.org.apache.xerces.internal.impl.XMLDocumentFragmentScannerImpl.scanStartElement(XMLDocumentFragmentScannerImpl.java:1315)
	at com.sun.org.apache.xerces.internal.impl.XMLDocumentFragmentScannerImpl$FragmentContentDriver.next(XMLDocumentFragmentScannerImpl.java:2784)
	at com.sun.org.apache.xerces.internal.impl.XMLDocumentScannerImpl.next(XMLDocumentScannerImpl.java:602)
	at com.sun.org.apache.xerces.internal.impl.XMLDocumentFragmentScannerImpl.scanDocument(XMLDocumentFragmentScannerImpl.java:505)
	at com.sun.org.apache.xerces.internal.parsers.XML11Configuration.parse(XML11Configuration.java:841)
	at com.sun.org.apache.xerces.internal.parsers.XML11Configuration.parse(XML11Configuration.java:770)
	at com.sun.org.apache.xerces.internal.parsers.XMLParser.parse(XMLParser.java:141)
	at com.sun.org.apache.xerces.internal.parsers.DOMParser.parse(DOMParser.java:243)
	at com.sun.org.apache.xerces.internal.jaxp.DocumentBuilderImpl.parse(DocumentBuilderImpl.java:339)
	at org.eclipse.debug.internal.core.LaunchManager.createInfoFromXML(LaunchManager.java:935)
	at org.eclipse.debug.internal.core.LaunchManager.getInfo(LaunchManager.java:1359)
	at org.eclipse.debug.internal.core.LaunchConfiguration.getInfo(LaunchConfiguration.java:490)
	at org.eclipse.debug.internal.core.LaunchConfiguration.getType(LaunchConfiguration.java:645)
	at org.eclipse.debug.internal.core.LaunchManager.isValid(LaunchManager.java:2091)
	at org.eclipse.debug.internal.core.LaunchManager.verifyConfigurations(LaunchManager.java:2462)
	at org.eclipse.debug.internal.core.LaunchManager.getAllLaunchConfigurations(LaunchManager.java:1140)
	at org.eclipse.debug.internal.core.LaunchManager.getLaunchConfigurations(LaunchManager.java:1444)
	at org.eclipse.debug.internal.core.LaunchManager.getLaunchConfigurations(LaunchManager.java:1439)
	at org.eclipse.launchbar.core.internal.LaunchBarManager.init(LaunchBarManager.java:130)
	at org.eclipse.launchbar.core.internal.LaunchBarManager$1.run(LaunchBarManager.java:96)
	at org.eclipse.core.internal.jobs.Worker.run(Worker.java:63)

!ENTRY org.eclipse.debug.core 4 125 2026-07-28 11:20:40.983
!MESSAGE 调试核心所记录的错误：
!STACK 1
org.eclipse.debug.core.DebugException: 读取启动配置文件 F:\code\vibe_project\rollerball\M33\libraries\components\mtb-device-support-pse8xxgp\make\make\scripts\interface_version_4\eclipse\CM33\flash\_normal\KitProg3\single\&&_PRJ_NAME&& Erase All (KitProg3_MiniProg4).launch 时发生了 org.xml.sax.SAXParseException; lineNumber: 3; columnNumber: 66; 在实体引用中, 实体名称必须紧跟在 '&' 后面。。
	at org.eclipse.debug.internal.core.LaunchManager.createDebugException(LaunchManager.java:886)
	at org.eclipse.debug.internal.core.LaunchManager.throwException(LaunchManager.java:2448)
	at org.eclipse.debug.internal.core.LaunchManager.getInfo(LaunchManager.java:1366)
	at org.eclipse.debug.internal.core.LaunchConfiguration.getInfo(LaunchConfiguration.java:490)
	at org.eclipse.debug.internal.core.LaunchConfiguration.getType(LaunchConfiguration.java:645)
	at org.eclipse.debug.internal.core.LaunchManager.isValid(LaunchManager.java:2091)
	at org.eclipse.debug.internal.core.LaunchManager.verifyConfigurations(LaunchManager.java:2462)
	at org.eclipse.debug.internal.core.LaunchManager.getAllLaunchConfigurations(LaunchManager.java:1140)
	at org.eclipse.debug.internal.core.LaunchManager.getLaunchConfigurations(LaunchManager.java:1444)
	at org.eclipse.debug.internal.core.LaunchManager.getLaunchConfigurations(LaunchManager.java:1439)
	at org.eclipse.launchbar.core.internal.LaunchBarManager.init(LaunchBarManager.java:130)
	at org.eclipse.launchbar.core.internal.LaunchBarManager$1.run(LaunchBarManager.java:96)
	at org.eclipse.core.internal.jobs.Worker.run(Worker.java:63)
Caused by: org.xml.sax.SAXParseException; lineNumber: 3; columnNumber: 66; 在实体引用中, 实体名称必须紧跟在 '&' 后面。
	at com.sun.org.apache.xerces.internal.util.ErrorHandlerWrapper.createSAXParseException(ErrorHandlerWrapper.java:203)
	at com.sun.org.apache.xerces.internal.util.ErrorHandlerWrapper.fatalError(ErrorHandlerWrapper.java:177)
	at com.sun.org.apache.xerces.internal.impl.XMLErrorReporter.reportError(XMLErrorReporter.java:400)
	at com.sun.org.apache.xerces.internal.impl.XMLErrorReporter.reportError(XMLErrorReporter.java:327)
	at com.sun.org.apache.xerces.internal.impl.XMLScanner.reportFatalError(XMLScanner.java:1472)
	at com.sun.org.apache.xerces.internal.impl.XMLScanner.scanAttributeValue(XMLScanner.java:908)
	at com.sun.org.apache.xerces.internal.impl.XMLDocumentFragmentScannerImpl.scanAttribute(XMLDocumentFragmentScannerImpl.java:1548)
	at com.sun.org.apache.xerces.internal.impl.XMLDocumentFragmentScannerImpl.scanStartElement(XMLDocumentFragmentScannerImpl.java:1315)
	at com.sun.org.apache.xerces.internal.impl.XMLDocumentFragmentScannerImpl$FragmentContentDriver.next(XMLDocumentFragmentScannerImpl.java:2784)
	at com.sun.org.apache.xerces.internal.impl.XMLDocumentScannerImpl.next(XMLDocumentScannerImpl.java:602)
	at com.sun.org.apache.xerces.internal.impl.XMLDocumentFragmentScannerImpl.scanDocument(XMLDocumentFragmentScannerImpl.java:505)
	at com.sun.org.apache.xerces.internal.parsers.XML11Configuration.parse(XML11Configuration.java:841)
	at com.sun.org.apache.xerces.internal.parsers.XML11Configuration.parse(XML11Configuration.java:770)
	at com.sun.org.apache.xerces.internal.parsers.XMLParser.parse(XMLParser.java:141)
	at com.sun.org.apache.xerces.internal.parsers.DOMParser.parse(DOMParser.java:243)
	at com.sun.org.apache.xerces.internal.jaxp.DocumentBuilderImpl.parse(DocumentBuilderImpl.java:339)
	at org.eclipse.debug.internal.core.LaunchManager.createInfoFromXML(LaunchManager.java:935)
	at org.eclipse.debug.internal.core.LaunchManager.getInfo(LaunchManager.java:1359)
	... 10 more
!SUBENTRY 1 org.eclipse.debug.core 4 5012 2026-07-28 11:20:40.983
!MESSAGE 读取启动配置文件 F:\code\vibe_project\rollerball\M33\libraries\components\mtb-device-support-pse8xxgp\make\make\scripts\interface_version_4\eclipse\CM33\flash\_normal\KitProg3\single\&&_PRJ_NAME&& Erase All (KitProg3_MiniProg4).launch 时发生了 org.xml.sax.SAXParseException; lineNumber: 3; columnNumber: 66; 在实体引用中, 实体名称必须紧跟在 '&' 后面。。
!STACK 0
org.xml.sax.SAXParseException; lineNumber: 3; columnNumber: 66; 在实体引用中, 实体名称必须紧跟在 '&' 后面。
	at com.sun.org.apache.xerces.internal.util.ErrorHandlerWrapper.createSAXParseException(ErrorHandlerWrapper.java:203)
	at com.sun.org.apache.xerces.internal.util.ErrorHandlerWrapper.fatalError(ErrorHandlerWrapper.java:177)
	at com.sun.org.apache.xerces.internal.impl.XMLErrorReporter.reportError(XMLErrorReporter.java:400)
	at com.sun.org.apache.xerces.internal.impl.XMLErrorReporter.reportError(XMLErrorReporter.java:327)
	at com.sun.org.apache.xerces.internal.impl.XMLScanner.reportFatalError(XMLScanner.java:1472)
	at com.sun.org.apache.xerces.internal.impl.XMLScanner.scanAttributeValue(XMLScanner.java:908)
	at com.sun.org.apache.xerces.internal.impl.XMLDocumentFragmentScannerImpl.scanAttribute(XMLDocumentFragmentScannerImpl.java:1548)
	at com.sun.org.apache.xerces.internal.impl.XMLDocumentFragmentScannerImpl.scanStartElement(XMLDocumentFragmentScannerImpl.java:1315)
	at com.sun.org.apache.xerces.internal.impl.XMLDocumentFragmentScannerImpl$FragmentContentDriver.next(XMLDocumentFragmentScannerImpl.java:2784)
	at com.sun.org.apache.xerces.internal.impl.XMLDocumentScannerImpl.next(XMLDocumentScannerImpl.java:602)
	at com.sun.org.apache.xerces.internal.impl.XMLDocumentFragmentScannerImpl.scanDocument(XMLDocumentFragmentScannerImpl.java:505)
	at com.sun.org.apache.xerces.internal.parsers.XML11Configuration.parse(XML11Configuration.java:841)
	at com.sun.org.apache.xerces.internal.parsers.XML11Configuration.parse(XML11Configuration.java:770)
	at com.sun.org.apache.xerces.internal.parsers.XMLParser.parse(XMLParser.java:141)
	at com.sun.org.apache.xerces.internal.parsers.DOMParser.parse(DOMParser.java:243)
	at com.sun.org.apache.xerces.internal.jaxp.DocumentBuilderImpl.parse(DocumentBuilderImpl.java:339)
	at org.eclipse.debug.internal.core.LaunchManager.createInfoFromXML(LaunchManager.java:935)
	at org.eclipse.debug.internal.core.LaunchManager.getInfo(LaunchManager.java:1359)
	at org.eclipse.debug.internal.core.LaunchConfiguration.getInfo(LaunchConfiguration.java:490)
	at org.eclipse.debug.internal.core.LaunchConfiguration.getType(LaunchConfiguration.java:645)
	at org.eclipse.debug.internal.core.LaunchManager.isValid(LaunchManager.java:2091)
	at org.eclipse.debug.internal.core.LaunchManager.verifyConfigurations(LaunchManager.java:2462)
	at org.eclipse.debug.internal.core.LaunchManager.getAllLaunchConfigurations(LaunchManager.java:1140)
	at org.eclipse.debug.internal.core.LaunchManager.getLaunchConfigurations(LaunchManager.java:1444)
	at org.eclipse.debug.internal.core.LaunchManager.getLaunchConfigurations(LaunchManager.java:1439)
	at org.eclipse.launchbar.core.internal.LaunchBarManager.init(LaunchBarManager.java:130)
	at org.eclipse.launchbar.core.internal.LaunchBarManager$1.run(LaunchBarManager.java:96)
	at org.eclipse.core.internal.jobs.Worker.run(Worker.java:63)

!ENTRY org.eclipse.debug.core 4 125 2026-07-28 11:20:40.988
!MESSAGE 调试核心所记录的错误：
!STACK 1
org.eclipse.debug.core.DebugException: 读取启动配置文件 F:\code\vibe_project\rollerball\M33\libraries\components\mtb-device-support-pse8xxgp\make\make\scripts\interface_version_4\eclipse\CM33\flash\_normal\KitProg3\single\&&_PRJ_NAME&& Erase Device (KitProg3_MiniProg4).launch 时发生了 org.xml.sax.SAXParseException; lineNumber: 3; columnNumber: 66; 在实体引用中, 实体名称必须紧跟在 '&' 后面。。
	at org.eclipse.debug.internal.core.LaunchManager.createDebugException(LaunchManager.java:886)
	at org.eclipse.debug.internal.core.LaunchManager.throwException(LaunchManager.java:2448)
	at org.eclipse.debug.internal.core.LaunchManager.getInfo(LaunchManager.java:1366)
	at org.eclipse.debug.internal.core.LaunchConfiguration.getInfo(LaunchConfiguration.java:490)
	at org.eclipse.debug.internal.core.LaunchConfiguration.getType(LaunchConfiguration.java:645)
	at org.eclipse.debug.internal.core.LaunchManager.isValid(LaunchManager.java:2091)
	at org.eclipse.debug.internal.core.LaunchManager.verifyConfigurations(LaunchManager.java:2462)
	at org.eclipse.debug.internal.core.LaunchManager.getAllLaunchConfigurations(LaunchManager.java:1140)
	at org.eclipse.debug.internal.core.LaunchManager.getLaunchConfigurations(LaunchManager.java:1444)
	at org.eclipse.debug.internal.core.LaunchManager.getLaunchConfigurations(LaunchManager.java:1439)
	at org.eclipse.launchbar.core.internal.LaunchBarManager.init(LaunchBarManager.java:130)
	at org.eclipse.launchbar.core.internal.LaunchBarManager$1.run(LaunchBarManager.java:96)
	at org.eclipse.core.internal.jobs.Worker.run(Worker.java:63)
Caused by: org.xml.sax.SAXParseException; lineNumber: 3; columnNumber: 66; 在实体引用中, 实体名称必须紧跟在 '&' 后面。
	at com.sun.org.apache.xerces.internal.util.ErrorHandlerWrapper.createSAXParseException(ErrorHandlerWrapper.java:203)
	at com.sun.org.apache.xerces.internal.util.ErrorHandlerWrapper.fatalError(ErrorHandlerWrapper.java:177)
	at com.sun.org.apache.xerces.internal.impl.XMLErrorReporter.reportError(XMLErrorReporter.java:400)
	at com.sun.org.apache.xerces.internal.impl.XMLErrorReporter.reportError(XMLErrorReporter.java:327)
	at com.sun.org.apache.xerces.internal.impl.XMLScanner.reportFatalError(XMLScanner.java:1472)
	at com.sun.org.apache.xerces.internal.impl.XMLScanner.scanAttributeValue(XMLScanner.java:908)
	at com.sun.org.apache.xerces.internal.impl.XMLDocumentFragmentScannerImpl.scanAttribute(XMLDocumentFragmentScannerImpl.java:1548)
	at com.sun.org.apache.xerces.internal.impl.XMLDocumentFragmentScannerImpl.scanStartElement(XMLDocumentFragmentScannerImpl.java:1315)
	at com.sun.org.apache.xerces.internal.impl.XMLDocumentFragmentScannerImpl$FragmentContentDriver.next(XMLDocumentFragmentScannerImpl.java:2784)
	at com.sun.org.apache.xerces.internal.impl.XMLDocumentScannerImpl.next(XMLDocumentScannerImpl.java:602)
	at com.sun.org.apache.xerces.internal.impl.XMLDocumentFragmentScannerImpl.scanDocument(XMLDocumentFragmentScannerImpl.java:505)
	at com.sun.org.apache.xerces.internal.parsers.XML11Configuration.parse(XML11Configuration.java:841)
	at com.sun.org.apache.xerces.internal.parsers.XML11Configuration.parse(XML11Configuration.java:770)
	at com.sun.org.apache.xerces.internal.parsers.XMLParser.parse(XMLParser.java:141)
	at com.sun.org.apache.xerces.internal.parsers.DOMParser.parse(DOMParser.java:243)
	at com.sun.org.apache.xerces.internal.jaxp.DocumentBuilderImpl.parse(DocumentBuilderImpl.java:339)
	at org.eclipse.debug.internal.core.LaunchManager.createInfoFromXML(LaunchManager.java:935)
	at org.eclipse.debug.internal.core.LaunchManager.getInfo(LaunchManager.java:1359)
	... 10 more
!SUBENTRY 1 org.eclipse.debug.core 4 5012 2026-07-28 11:20:40.988
!MESSAGE 读取启动配置文件 F:\code\vibe_project\rollerball\M33\libraries\components\mtb-device-support-pse8xxgp\make\make\scripts\interface_version_4\eclipse\CM33\flash\_normal\KitProg3\single\&&_PRJ_NAME&& Erase Device (KitProg3_MiniProg4).launch 时发生了 org.xml.sax.SAXParseException; lineNumber: 3; columnNumber: 66; 在实体引用中, 实体名称必须紧跟在 '&' 后面。。
!STACK 0
org.xml.sax.SAXParseException; lineNumber: 3; columnNumber: 66; 在实体引用中, 实体名称必须紧跟在 '&' 后面。
	at com.sun.org.apache.xerces.internal.util.ErrorHandlerWrapper.createSAXParseException(ErrorHandlerWrapper.java:203)
	at com.sun.org.apache.xerces.internal.util.ErrorHandlerWrapper.fatalError(ErrorHandlerWrapper.java:177)
	at com.sun.org.apache.xerces.internal.impl.XMLErrorReporter.reportError(XMLErrorReporter.java:400)
	at com.sun.org.apache.xerces.internal.impl.XMLErrorReporter.reportError(XMLErrorReporter.java:327)
	at com.sun.org.apache.xerces.internal.impl.XMLScanner.reportFatalError(XMLScanner.java:1472)
	at com.sun.org.apache.xerces.internal.impl.XMLScanner.scanAttributeValue(XMLScanner.java:908)
	at com.sun.org.apache.xerces.internal.impl.XMLDocumentFragmentScannerImpl.scanAttribute(XMLDocumentFragmentScannerImpl.java:1548)
	at com.sun.org.apache.xerces.internal.impl.XMLDocumentFragmentScannerImpl.scanStartElement(XMLDocumentFragmentScannerImpl.java:1315)
	at com.sun.org.apache.xerces.internal.impl.XMLDocumentFragmentScannerImpl$FragmentContentDriver.next(XMLDocumentFragmentScannerImpl.java:2784)
	at com.sun.org.apache.xerces.internal.impl.XMLDocumentScannerImpl.next(XMLDocumentScannerImpl.java:602)
	at com.sun.org.apache.xerces.internal.impl.XMLDocumentFragmentScannerImpl.scanDocument(XMLDocumentFragmentScannerImpl.java:505)
	at com.sun.org.apache.xerces.internal.parsers.XML11Configuration.parse(XML11Configuration.java:841)
	at com.sun.org.apache.xerces.internal.parsers.XML11Configuration.parse(XML11Configuration.java:770)
	at com.sun.org.apache.xerces.internal.parsers.XMLParser.parse(XMLParser.java:141)
	at com.sun.org.apache.xerces.internal.parsers.DOMParser.parse(DOMParser.java:243)
	at com.sun.org.apache.xerces.internal.jaxp.DocumentBuilderImpl.parse(DocumentBuilderImpl.java:339)
	at org.eclipse.debug.internal.core.LaunchManager.createInfoFromXML(LaunchManager.java:935)
	at org.eclipse.debug.internal.core.LaunchManager.getInfo(LaunchManager.java:1359)
	at org.eclipse.debug.internal.core.LaunchConfiguration.getInfo(LaunchConfiguration.java:490)
	at org.eclipse.debug.internal.core.LaunchConfiguration.getType(LaunchConfiguration.java:645)
	at org.eclipse.debug.internal.core.LaunchManager.isValid(LaunchManager.java:2091)
	at org.eclipse.debug.internal.core.LaunchManager.verifyConfigurations(LaunchManager.java:2462)
	at org.eclipse.debug.internal.core.LaunchManager.getAllLaunchConfigurations(LaunchManager.java:1140)
	at org.eclipse.debug.internal.core.LaunchManager.getLaunchConfigurations(LaunchManager.java:1444)
	at org.eclipse.debug.internal.core.LaunchManager.getLaunchConfigurations(LaunchManager.java:1439)
	at org.eclipse.launchbar.core.internal.LaunchBarManager.init(LaunchBarManager.java:130)
	at org.eclipse.launchbar.core.internal.LaunchBarManager$1.run(LaunchBarManager.java:96)
	at org.eclipse.core.internal.jobs.Worker.run(Worker.java:63)

!ENTRY org.eclipse.debug.core 4 125 2026-07-28 11:20:40.988
!MESSAGE 调试核心所记录的错误：
!STACK 1
org.eclipse.debug.core.DebugException: 读取启动配置文件 F:\code\vibe_project\rollerball\M33\libraries\components\mtb-device-support-pse8xxgp\make\make\scripts\interface_version_4\eclipse\CM33\flash\normal\JLink\any\&&_PRJ_NAME&& Attach (JLink).launch 时发生了 org.xml.sax.SAXParseException; lineNumber: 3; columnNumber: 66; 在实体引用中, 实体名称必须紧跟在 '&' 后面。。
	at org.eclipse.debug.internal.core.LaunchManager.createDebugException(LaunchManager.java:886)
	at org.eclipse.debug.internal.core.LaunchManager.throwException(LaunchManager.java:2448)
	at org.eclipse.debug.internal.core.LaunchManager.getInfo(LaunchManager.java:1366)
	at org.eclipse.debug.internal.core.LaunchConfiguration.getInfo(LaunchConfiguration.java:490)
	at org.eclipse.debug.internal.core.LaunchConfiguration.getType(LaunchConfiguration.java:645)
	at org.eclipse.debug.internal.core.LaunchManager.isValid(LaunchManager.java:2091)
	at org.eclipse.debug.internal.core.LaunchManager.verifyConfigurations(LaunchManager.java:2462)
	at org.eclipse.debug.internal.core.LaunchManager.getAllLaunchConfigurations(LaunchManager.java:1140)
	at org.eclipse.debug.internal.core.LaunchManager.getLaunchConfigurations(LaunchManager.java:1444)
	at org.eclipse.debug.internal.core.LaunchManager.getLaunchConfigurations(LaunchManager.java:1439)
	at org.eclipse.launchbar.core.internal.LaunchBarManager.init(LaunchBarManager.java:130)
	at org.eclipse.launchbar.core.internal.LaunchBarManager$1.run(LaunchBarManager.java:96)
	at org.eclipse.core.internal.jobs.Worker.run(Worker.java:63)
Caused by: org.xml.sax.SAXParseException; lineNumber: 3; columnNumber: 66; 在实体引用中, 实体名称必须紧跟在 '&' 后面。
	at com.sun.org.apache.xerces.internal.util.ErrorHandlerWrapper.createSAXParseException(ErrorHandlerWrapper.java:203)
	at com.sun.org.apache.xerces.internal.util.ErrorHandlerWrapper.fatalError(ErrorHandlerWrapper.java:177)
	at com.sun.org.apache.xerces.internal.impl.XMLErrorReporter.reportError(XMLErrorReporter.java:400)
	at com.sun.org.apache.xerces.internal.impl.XMLErrorReporter.reportError(XMLErrorReporter.java:327)
	at com.sun.org.apache.xerces.internal.impl.XMLScanner.reportFatalError(XMLScanner.java:1472)
	at com.sun.org.apache.xerces.internal.impl.XMLScanner.scanAttributeValue(XMLScanner.java:908)
	at com.sun.org.apache.xerces.internal.impl.XMLDocumentFragmentScannerImpl.scanAttribute(XMLDocumentFragmentScannerImpl.java:1548)
	at com.sun.org.apache.xerces.internal.impl.XMLDocumentFragmentScannerImpl.scanStartElement(XMLDocumentFragmentScannerImpl.java:1315)
	at com.sun.org.apache.xerces.internal.impl.XMLDocumentFragmentScannerImpl$FragmentContentDriver.next(XMLDocumentFragmentScannerImpl.java:2784)
	at com.sun.org.apache.xerces.internal.impl.XMLDocumentScannerImpl.next(XMLDocumentScannerImpl.java:602)
	at com.sun.org.apache.xerces.internal.impl.XMLDocumentFragmentScannerImpl.scanDocument(XMLDocumentFragmentScannerImpl.java:505)
	at com.sun.org.apache.xerces.internal.parsers.XML11Configuration.parse(XML11Configuration.java:841)
	at com.sun.org.apache.xerces.internal.parsers.XML11Configuration.parse(XML11Configuration.java:770)
	at com.sun.org.apache.xerces.internal.parsers.XMLParser.parse(XMLParser.java:141)
	at com.sun.org.apache.xerces.internal.parsers.DOMParser.parse(DOMParser.java:243)
	at com.sun.org.apache.xerces.internal.jaxp.DocumentBuilderImpl.parse(DocumentBuilderImpl.java:339)
	at org.eclipse.debug.internal.core.LaunchManager.createInfoFromXML(LaunchManager.java:935)
	at org.eclipse.debug.internal.core.LaunchManager.getInfo(LaunchManager.java:1359)
	... 10 more
!SUBENTRY 1 org.eclipse.debug.core 4 5012 2026-07-28 11:20:40.988
!MESSAGE 读取启动配置文件 F:\code\vibe_project\rollerball\M33\libraries\components\mtb-device-support-pse8xxgp\make\make\scripts\interface_version_4\eclipse\CM33\flash\normal\JLink\any\&&_PRJ_NAME&& Attach (JLink).launch 时发生了 org.xml.sax.SAXParseException; lineNumber: 3; columnNumber: 66; 在实体引用中, 实体名称必须紧跟在 '&' 后面。。
!STACK 0
org.xml.sax.SAXParseException; lineNumber: 3; columnNumber: 66; 在实体引用中, 实体名称必须紧跟在 '&' 后面。
	at com.sun.org.apache.xerces.internal.util.ErrorHandlerWrapper.createSAXParseException(ErrorHandlerWrapper.java:203)
	at com.sun.org.apache.xerces.internal.util.ErrorHandlerWrapper.fatalError(ErrorHandlerWrapper.java:177)
	at com.sun.org.apache.xerces.internal.impl.XMLErrorReporter.reportError(XMLErrorReporter.java:400)
	at com.sun.org.apache.xerces.internal.impl.XMLErrorReporter.reportError(XMLErrorReporter.java:327)
	at com.sun.org.apache.xerces.internal.impl.XMLScanner.reportFatalError(XMLScanner.java:1472)
	at com.sun.org.apache.xerces.internal.impl.XMLScanner.scanAttributeValue(XMLScanner.java:908)
	at com.sun.org.apache.xerces.internal.impl.XMLDocumentFragmentScannerImpl.scanAttribute(XMLDocumentFragmentScannerImpl.java:1548)
	at com.sun.org.apache.xerces.internal.impl.XMLDocumentFragmentScannerImpl.scanStartElement(XMLDocumentFragmentScannerImpl.java:1315)
	at com.sun.org.apache.xerces.internal.impl.XMLDocumentFragmentScannerImpl$FragmentContentDriver.next(XMLDocumentFragmentScannerImpl.java:2784)
	at com.sun.org.apache.xerces.internal.impl.XMLDocumentScannerImpl.next(XMLDocumentScannerImpl.java:602)
	at com.sun.org.apache.xerces.internal.impl.XMLDocumentFragmentScannerImpl.scanDocument(XMLDocumentFragmentScannerImpl.java:505)
	at com.sun.org.apache.xerces.internal.parsers.XML11Configuration.parse(XML11Configuration.java:841)
	at com.sun.org.apache.xerces.internal.parsers.XML11Configuration.parse(XML11Configuration.java:770)
	at com.sun.org.apache.xerces.internal.parsers.XMLParser.parse(XMLParser.java:141)
	at com.sun.org.apache.xerces.internal.parsers.DOMParser.parse(DOMParser.java:243)
	at com.sun.org.apache.xerces.internal.jaxp.DocumentBuilderImpl.parse(DocumentBuilderImpl.java:339)
	at org.eclipse.debug.internal.core.LaunchManager.createInfoFromXML(LaunchManager.java:935)
	at org.eclipse.debug.internal.core.LaunchManager.getInfo(LaunchManager.java:1359)
	at org.eclipse.debug.internal.core.LaunchConfiguration.getInfo(LaunchConfiguration.java:490)
	at org.eclipse.debug.internal.core.LaunchConfiguration.getType(LaunchConfiguration.java:645)
	at org.eclipse.debug.internal.core.LaunchManager.isValid(LaunchManager.java:2091)
	at org.eclipse.debug.internal.core.LaunchManager.verifyConfigurations(LaunchManager.java:2462)
	at org.eclipse.debug.internal.core.LaunchManager.getAllLaunchConfigurations(LaunchManager.java:1140)
	at org.eclipse.debug.internal.core.LaunchManager.getLaunchConfigurations(LaunchManager.java:1444)
	at org.eclipse.debug.internal.core.LaunchManager.getLaunchConfigurations(LaunchManager.java:1439)
	at org.eclipse.launchbar.core.internal.LaunchBarManager.init(LaunchBarManager.java:130)
	at org.eclipse.launchbar.core.internal.LaunchBarManager$1.run(LaunchBarManager.java:96)
	at org.eclipse.core.internal.jobs.Worker.run(Worker.java:63)

!ENTRY org.eclipse.debug.core 4 125 2026-07-28 11:20:40.991
!MESSAGE 调试核心所记录的错误：
!STACK 1
org.eclipse.debug.core.DebugException: 读取启动配置文件 F:\code\vibe_project\rollerball\M33\libraries\components\mtb-device-support-pse8xxgp\make\make\scripts\interface_version_4\eclipse\CM33\flash\normal\JLink\any\&&_PRJ_NAME&& Debug (JLink).launch 时发生了 org.xml.sax.SAXParseException; lineNumber: 3; columnNumber: 66; 在实体引用中, 实体名称必须紧跟在 '&' 后面。。
	at org.eclipse.debug.internal.core.LaunchManager.createDebugException(LaunchManager.java:886)
	at org.eclipse.debug.internal.core.LaunchManager.throwException(LaunchManager.java:2448)
	at org.eclipse.debug.internal.core.LaunchManager.getInfo(LaunchManager.java:1366)
	at org.eclipse.debug.internal.core.LaunchConfiguration.getInfo(LaunchConfiguration.java:490)
	at org.eclipse.debug.internal.core.LaunchConfiguration.getType(LaunchConfiguration.java:645)
	at org.eclipse.debug.internal.core.LaunchManager.isValid(LaunchManager.java:2091)
	at org.eclipse.debug.internal.core.LaunchManager.verifyConfigurations(LaunchManager.java:2462)
	at org.eclipse.debug.internal.core.LaunchManager.getAllLaunchConfigurations(LaunchManager.java:1140)
	at org.eclipse.debug.internal.core.LaunchManager.getLaunchConfigurations(LaunchManager.java:1444)
	at org.eclipse.debug.internal.core.LaunchManager.getLaunchConfigurations(LaunchManager.java:1439)
	at org.eclipse.launchbar.core.internal.LaunchBarManager.init(LaunchBarManager.java:130)
	at org.eclipse.launchbar.core.internal.LaunchBarManager$1.run(LaunchBarManager.java:96)
	at org.eclipse.core.internal.jobs.Worker.run(Worker.java:63)
Caused by: org.xml.sax.SAXParseException; lineNumber: 3; columnNumber: 66; 在实体引用中, 实体名称必须紧跟在 '&' 后面。
	at com.sun.org.apache.xerces.internal.util.ErrorHandlerWrapper.createSAXParseException(ErrorHandlerWrapper.java:203)
	at com.sun.org.apache.xerces.internal.util.ErrorHandlerWrapper.fatalError(ErrorHandlerWrapper.java:177)
	at com.sun.org.apache.xerces.internal.impl.XMLErrorReporter.reportError(XMLErrorReporter.java:400)
	at com.sun.org.apache.xerces.internal.impl.XMLErrorReporter.reportError(XMLErrorReporter.java:327)
	at com.sun.org.apache.xerces.internal.impl.XMLScanner.reportFatalError(XMLScanner.java:1472)
	at com.sun.org.apache.xerces.internal.impl.XMLScanner.scanAttributeValue(XMLScanner.java:908)
	at com.sun.org.apache.xerces.internal.impl.XMLDocumentFragmentScannerImpl.scanAttribute(XMLDocumentFragmentScannerImpl.java:1548)
	at com.sun.org.apache.xerces.internal.impl.XMLDocumentFragmentScannerImpl.scanStartElement(XMLDocumentFragmentScannerImpl.java:1315)
	at com.sun.org.apache.xerces.internal.impl.XMLDocumentFragmentScannerImpl$FragmentContentDriver.next(XMLDocumentFragmentScannerImpl.java:2784)
	at com.sun.org.apache.xerces.internal.impl.XMLDocumentScannerImpl.next(XMLDocumentScannerImpl.java:602)
	at com.sun.org.apache.xerces.internal.impl.XMLDocumentFragmentScannerImpl.scanDocument(XMLDocumentFragmentScannerImpl.java:505)
	at com.sun.org.apache.xerces.internal.parsers.XML11Configuration.parse(XML11Configuration.java:841)
	at com.sun.org.apache.xerces.internal.parsers.XML11Configuration.parse(XML11Configuration.java:770)
	at com.sun.org.apache.xerces.internal.parsers.XMLParser.parse(XMLParser.java:141)
	at com.sun.org.apache.xerces.internal.parsers.DOMParser.parse(DOMParser.java:243)
	at com.sun.org.apache.xerces.internal.jaxp.DocumentBuilderImpl.parse(DocumentBuilderImpl.java:339)
	at org.eclipse.debug.internal.core.LaunchManager.createInfoFromXML(LaunchManager.java:935)
	at org.eclipse.debug.internal.core.LaunchManager.getInfo(LaunchManager.java:1359)
	... 10 more
!SUBENTRY 1 org.eclipse.debug.core 4 5012 2026-07-28 11:20:40.991
!MESSAGE 读取启动配置文件 F:\code\vibe_project\rollerball\M33\libraries\components\mtb-device-support-pse8xxgp\make\make\scripts\interface_version_4\eclipse\CM33\flash\normal\JLink\any\&&_PRJ_NAME&& Debug (JLink).launch 时发生了 org.xml.sax.SAXParseException; lineNumber: 3; columnNumber: 66; 在实体引用中, 实体名称必须紧跟在 '&' 后面。。
!STACK 0
org.xml.sax.SAXParseException; lineNumber: 3; columnNumber: 66; 在实体引用中, 实体名称必须紧跟在 '&' 后面。
	at com.sun.org.apache.xerces.internal.util.ErrorHandlerWrapper.createSAXParseException(ErrorHandlerWrapper.java:203)
	at com.sun.org.apache.xerces.internal.util.ErrorHandlerWrapper.fatalError(ErrorHandlerWrapper.java:177)
	at com.sun.org.apache.xerces.internal.impl.XMLErrorReporter.reportError(XMLErrorReporter.java:400)
	at com.sun.org.apache.xerces.internal.impl.XMLErrorReporter.reportError(XMLErrorReporter.java:327)
	at com.sun.org.apache.xerces.internal.impl.XMLScanner.reportFatalError(XMLScanner.java:1472)
	at com.sun.org.apache.xerces.internal.impl.XMLScanner.scanAttributeValue(XMLScanner.java:908)
	at com.sun.org.apache.xerces.internal.impl.XMLDocumentFragmentScannerImpl.scanAttribute(XMLDocumentFragmentScannerImpl.java:1548)
	at com.sun.org.apache.xerces.internal.impl.XMLDocumentFragmentScannerImpl.scanStartElement(XMLDocumentFragmentScannerImpl.java:1315)
	at com.sun.org.apache.xerces.internal.impl.XMLDocumentFragmentScannerImpl$FragmentContentDriver.next(XMLDocumentFragmentScannerImpl.java:2784)
	at com.sun.org.apache.xerces.internal.impl.XMLDocumentScannerImpl.next(XMLDocumentScannerImpl.java:602)
	at com.sun.org.apache.xerces.internal.impl.XMLDocumentFragmentScannerImpl.scanDocument(XMLDocumentFragmentScannerImpl.java:505)
	at com.sun.org.apache.xerces.internal.parsers.XML11Configuration.parse(XML11Configuration.java:841)
	at com.sun.org.apache.xerces.internal.parsers.XML11Configuration.parse(XML11Configuration.java:770)
	at com.sun.org.apache.xerces.internal.parsers.XMLParser.parse(XMLParser.java:141)
	at com.sun.org.apache.xerces.internal.parsers.DOMParser.parse(DOMParser.java:243)
	at com.sun.org.apache.xerces.internal.jaxp.DocumentBuilderImpl.parse(DocumentBuilderImpl.java:339)
	at org.eclipse.debug.internal.core.LaunchManager.createInfoFromXML(LaunchManager.java:935)
	at org.eclipse.debug.internal.core.LaunchManager.getInfo(LaunchManager.java:1359)
	at org.eclipse.debug.internal.core.LaunchConfiguration.getInfo(LaunchConfiguration.java:490)
	at org.eclipse.debug.internal.core.LaunchConfiguration.getType(LaunchConfiguration.java:645)
	at org.eclipse.debug.internal.core.LaunchManager.isValid(LaunchManager.java:2091)
	at org.eclipse.debug.internal.core.LaunchManager.verifyConfigurations(LaunchManager.java:2462)
	at org.eclipse.debug.internal.core.LaunchManager.getAllLaunchConfigurations(LaunchManager.java:1140)
	at org.eclipse.debug.internal.core.LaunchManager.getLaunchConfigurations(LaunchManager.java:1444)
	at org.eclipse.debug.internal.core.LaunchManager.getLaunchConfigurations(LaunchManager.java:1439)
	at org.eclipse.launchbar.core.internal.LaunchBarManager.init(LaunchBarManager.java:130)
	at org.eclipse.launchbar.core.internal.LaunchBarManager$1.run(LaunchBarManager.java:96)
	at org.eclipse.core.internal.jobs.Worker.run(Worker.java:63)

!ENTRY org.eclipse.debug.core 4 125 2026-07-28 11:20:40.991
!MESSAGE 调试核心所记录的错误：
!STACK 1
org.eclipse.debug.core.DebugException: 读取启动配置文件 F:\code\vibe_project\rollerball\M33\libraries\components\mtb-device-support-pse8xxgp\make\make\scripts\interface_version_4\eclipse\CM33\flash\normal\JLink\combine_sign\Attach.launch 时发生了 org.xml.sax.SAXParseException; lineNumber: 3; columnNumber: 66; 在实体引用中, 实体名称必须紧跟在 '&' 后面。。
	at org.eclipse.debug.internal.core.LaunchManager.createDebugException(LaunchManager.java:886)
	at org.eclipse.debug.internal.core.LaunchManager.throwException(LaunchManager.java:2448)
	at org.eclipse.debug.internal.core.LaunchManager.getInfo(LaunchManager.java:1366)
	at org.eclipse.debug.internal.core.LaunchConfiguration.getInfo(LaunchConfiguration.java:490)
	at org.eclipse.debug.internal.core.LaunchConfiguration.getType(LaunchConfiguration.java:645)
	at org.eclipse.debug.internal.core.LaunchManager.isValid(LaunchManager.java:2091)
	at org.eclipse.debug.internal.core.LaunchManager.verifyConfigurations(LaunchManager.java:2462)
	at org.eclipse.debug.internal.core.LaunchManager.getAllLaunchConfigurations(LaunchManager.java:1140)
	at org.eclipse.debug.internal.core.LaunchManager.getLaunchConfigurations(LaunchManager.java:1444)
	at org.eclipse.debug.internal.core.LaunchManager.getLaunchConfigurations(LaunchManager.java:1439)
	at org.eclipse.launchbar.core.internal.LaunchBarManager.init(LaunchBarManager.java:130)
	at org.eclipse.launchbar.core.internal.LaunchBarManager$1.run(LaunchBarManager.java:96)
	at org.eclipse.core.internal.jobs.Worker.run(Worker.java:63)
Caused by: org.xml.sax.SAXParseException; lineNumber: 3; columnNumber: 66; 在实体引用中, 实体名称必须紧跟在 '&' 后面。
	at com.sun.org.apache.xerces.internal.util.ErrorHandlerWrapper.createSAXParseException(ErrorHandlerWrapper.java:203)
	at com.sun.org.apache.xerces.internal.util.ErrorHandlerWrapper.fatalError(ErrorHandlerWrapper.java:177)
	at com.sun.org.apache.xerces.internal.impl.XMLErrorReporter.reportError(XMLErrorReporter.java:400)
	at com.sun.org.apache.xerces.internal.impl.XMLErrorReporter.reportError(XMLErrorReporter.java:327)
	at com.sun.org.apache.xerces.internal.impl.XMLScanner.reportFatalError(XMLScanner.java:1472)
	at com.sun.org.apache.xerces.internal.impl.XMLScanner.scanAttributeValue(XMLScanner.java:908)
	at com.sun.org.apache.xerces.internal.impl.XMLDocumentFragmentScannerImpl.scanAttribute(XMLDocumentFragmentScannerImpl.java:1548)
	at com.sun.org.apache.xerces.internal.impl.XMLDocumentFragmentScannerImpl.scanStartElement(XMLDocumentFragmentScannerImpl.java:1315)
	at com.sun.org.apache.xerces.internal.impl.XMLDocumentFragmentScannerImpl$FragmentContentDriver.next(XMLDocumentFragmentScannerImpl.java:2784)
	at com.sun.org.apache.xerces.internal.impl.XMLDocumentScannerImpl.next(XMLDocumentScannerImpl.java:602)
	at com.sun.org.apache.xerces.internal.impl.XMLDocumentFragmentScannerImpl.scanDocument(XMLDocumentFragmentScannerImpl.java:505)
	at com.sun.org.apache.xerces.internal.parsers.XML11Configuration.parse(XML11Configuration.java:841)
	at com.sun.org.apache.xerces.internal.parsers.XML11Configuration.parse(XML11Configuration.java:770)
	at com.sun.org.apache.xerces.internal.parsers.XMLParser.parse(XMLParser.java:141)
	at com.sun.org.apache.xerces.internal.parsers.DOMParser.parse(DOMParser.java:243)
	at com.sun.org.apache.xerces.internal.jaxp.DocumentBuilderImpl.parse(DocumentBuilderImpl.java:339)
	at org.eclipse.debug.internal.core.LaunchManager.createInfoFromXML(LaunchManager.java:935)
	at org.eclipse.debug.internal.core.LaunchManager.getInfo(LaunchManager.java:1359)
	... 10 more
!SUBENTRY 1 org.eclipse.debug.core 4 5012 2026-07-28 11:20:40.991
!MESSAGE 读取启动配置文件 F:\code\vibe_project\rollerball\M33\libraries\components\mtb-device-support-pse8xxgp\make\make\scripts\interface_version_4\eclipse\CM33\flash\normal\JLink\combine_sign\Attach.launch 时发生了 org.xml.sax.SAXParseException; lineNumber: 3; columnNumber: 66; 在实体引用中, 实体名称必须紧跟在 '&' 后面。。
!STACK 0
org.xml.sax.SAXParseException; lineNumber: 3; columnNumber: 66; 在实体引用中, 实体名称必须紧跟在 '&' 后面。
	at com.sun.org.apache.xerces.internal.util.ErrorHandlerWrapper.createSAXParseException(ErrorHandlerWrapper.java:203)
	at com.sun.org.apache.xerces.internal.util.ErrorHandlerWrapper.fatalError(ErrorHandlerWrapper.java:177)
	at com.sun.org.apache.xerces.internal.impl.XMLErrorReporter.reportError(XMLErrorReporter.java:400)
	at com.sun.org.apache.xerces.internal.impl.XMLErrorReporter.reportError(XMLErrorReporter.java:327)
	at com.sun.org.apache.xerces.internal.impl.XMLScanner.reportFatalError(XMLScanner.java:1472)
	at com.sun.org.apache.xerces.internal.impl.XMLScanner.scanAttributeValue(XMLScanner.java:908)
	at com.sun.org.apache.xerces.internal.impl.XMLDocumentFragmentScannerImpl.scanAttribute(XMLDocumentFragmentScannerImpl.java:1548)
	at com.sun.org.apache.xerces.internal.impl.XMLDocumentFragmentScannerImpl.scanStartElement(XMLDocumentFragmentScannerImpl.java:1315)
	at com.sun.org.apache.xerces.internal.impl.XMLDocumentFragmentScannerImpl$FragmentContentDriver.next(XMLDocumentFragmentScannerImpl.java:2784)
	at com.sun.org.apache.xerces.internal.impl.XMLDocumentScannerImpl.next(XMLDocumentScannerImpl.java:602)
	at com.sun.org.apache.xerces.internal.impl.XMLDocumentFragmentScannerImpl.scanDocument(XMLDocumentFragmentScannerImpl.java:505)
	at com.sun.org.apache.xerces.internal.parsers.XML11Configuration.parse(XML11Configuration.java:841)
	at com.sun.org.apache.xerces.internal.parsers.XML11Configuration.parse(XML11Configuration.java:770)
	at com.sun.org.apache.xerces.internal.parsers.XMLParser.parse(XMLParser.java:141)
	at com.sun.org.apache.xerces.internal.parsers.DOMParser.parse(DOMParser.java:243)
	at com.sun.org.apache.xerces.internal.jaxp.DocumentBuilderImpl.parse(DocumentBuilderImpl.java:339)
	at org.eclipse.debug.internal.core.LaunchManager.createInfoFromXML(LaunchManager.java:935)
	at org.eclipse.debug.internal.core.LaunchManager.getInfo(LaunchManager.java:1359)
	at org.eclipse.debug.internal.core.LaunchConfiguration.getInfo(LaunchConfiguration.java:490)
	at org.eclipse.debug.internal.core.LaunchConfiguration.getType(LaunchConfiguration.java:645)
	at org.eclipse.debug.internal.core.LaunchManager.isValid(LaunchManager.java:2091)
	at org.eclipse.debug.internal.core.LaunchManager.verifyConfigurations(LaunchManager.java:2462)
	at org.eclipse.debug.internal.core.LaunchManager.getAllLaunchConfigurations(LaunchManager.java:1140)
	at org.eclipse.debug.internal.core.LaunchManager.getLaunchConfigurations(LaunchManager.java:1444)
	at org.eclipse.debug.internal.core.LaunchManager.getLaunchConfigurations(LaunchManager.java:1439)
	at org.eclipse.launchbar.core.internal.LaunchBarManager.init(LaunchBarManager.java:130)
	at org.eclipse.launchbar.core.internal.LaunchBarManager$1.run(LaunchBarManager.java:96)
	at org.eclipse.core.internal.jobs.Worker.run(Worker.java:63)

!ENTRY org.eclipse.debug.core 4 125 2026-07-28 11:20:40.995
!MESSAGE 调试核心所记录的错误：
!STACK 1
org.eclipse.debug.core.DebugException: 读取启动配置文件 F:\code\vibe_project\rollerball\M33\libraries\components\mtb-device-support-pse8xxgp\make\make\scripts\interface_version_4\eclipse\CM33\flash\normal\JLink\combine_sign\Debug.launch 时发生了 org.xml.sax.SAXParseException; lineNumber: 3; columnNumber: 66; 在实体引用中, 实体名称必须紧跟在 '&' 后面。。
	at org.eclipse.debug.internal.core.LaunchManager.createDebugException(LaunchManager.java:886)
	at org.eclipse.debug.internal.core.LaunchManager.throwException(LaunchManager.java:2448)
	at org.eclipse.debug.internal.core.LaunchManager.getInfo(LaunchManager.java:1366)
	at org.eclipse.debug.internal.core.LaunchConfiguration.getInfo(LaunchConfiguration.java:490)
	at org.eclipse.debug.internal.core.LaunchConfiguration.getType(LaunchConfiguration.java:645)
	at org.eclipse.debug.internal.core.LaunchManager.isValid(LaunchManager.java:2091)
	at org.eclipse.debug.internal.core.LaunchManager.verifyConfigurations(LaunchManager.java:2462)
	at org.eclipse.debug.internal.core.LaunchManager.getAllLaunchConfigurations(LaunchManager.java:1140)
	at org.eclipse.debug.internal.core.LaunchManager.getLaunchConfigurations(LaunchManager.java:1444)
	at org.eclipse.debug.internal.core.LaunchManager.getLaunchConfigurations(LaunchManager.java:1439)
	at org.eclipse.launchbar.core.internal.LaunchBarManager.init(LaunchBarManager.java:130)
	at org.eclipse.launchbar.core.internal.LaunchBarManager$1.run(LaunchBarManager.java:96)
	at org.eclipse.core.internal.jobs.Worker.run(Worker.java:63)
Caused by: org.xml.sax.SAXParseException; lineNumber: 3; columnNumber: 66; 在实体引用中, 实体名称必须紧跟在 '&' 后面。
	at com.sun.org.apache.xerces.internal.util.ErrorHandlerWrapper.createSAXParseException(ErrorHandlerWrapper.java:203)
	at com.sun.org.apache.xerces.internal.util.ErrorHandlerWrapper.fatalError(ErrorHandlerWrapper.java:177)
	at com.sun.org.apache.xerces.internal.impl.XMLErrorReporter.reportError(XMLErrorReporter.java:400)
	at com.sun.org.apache.xerces.internal.impl.XMLErrorReporter.reportError(XMLErrorReporter.java:327)
	at com.sun.org.apache.xerces.internal.impl.XMLScanner.reportFatalError(XMLScanner.java:1472)
	at com.sun.org.apache.xerces.internal.impl.XMLScanner.scanAttributeValue(XMLScanner.java:908)
	at com.sun.org.apache.xerces.internal.impl.XMLDocumentFragmentScannerImpl.scanAttribute(XMLDocumentFragmentScannerImpl.java:1548)
	at com.sun.org.apache.xerces.internal.impl.XMLDocumentFragmentScannerImpl.scanStartElement(XMLDocumentFragmentScannerImpl.java:1315)
	at com.sun.org.apache.xerces.internal.impl.XMLDocumentFragmentScannerImpl$FragmentContentDriver.next(XMLDocumentFragmentScannerImpl.java:2784)
	at com.sun.org.apache.xerces.internal.impl.XMLDocumentScannerImpl.next(XMLDocumentScannerImpl.java:602)
	at com.sun.org.apache.xerces.internal.impl.XMLDocumentFragmentScannerImpl.scanDocument(XMLDocumentFragmentScannerImpl.java:505)
	at com.sun.org.apache.xerces.internal.parsers.XML11Configuration.parse(XML11Configuration.java:841)
	at com.sun.org.apache.xerces.internal.parsers.XML11Configuration.parse(XML11Configuration.java:770)
	at com.sun.org.apache.xerces.internal.parsers.XMLParser.parse(XMLParser.java:141)
	at com.sun.org.apache.xerces.internal.parsers.DOMParser.parse(DOMParser.java:243)
	at com.sun.org.apache.xerces.internal.jaxp.DocumentBuilderImpl.parse(DocumentBuilderImpl.java:339)
	at org.eclipse.debug.internal.core.LaunchManager.createInfoFromXML(LaunchManager.java:935)
	at org.eclipse.debug.internal.core.LaunchManager.getInfo(LaunchManager.java:1359)
	... 10 more
!SUBENTRY 1 org.eclipse.debug.core 4 5012 2026-07-28 11:20:40.995
!MESSAGE 读取启动配置文件 F:\code\vibe_project\rollerball\M33\libraries\components\mtb-device-support-pse8xxgp\make\make\scripts\interface_version_4\eclipse\CM33\flash\normal\JLink\combine_sign\Debug.launch 时发生了 org.xml.sax.SAXParseException; lineNumber: 3; columnNumber: 66; 在实体引用中, 实体名称必须紧跟在 '&' 后面。。
!STACK 0
org.xml.sax.SAXParseException; lineNumber: 3; columnNumber: 66; 在实体引用中, 实体名称必须紧跟在 '&' 后面。
	at com.sun.org.apache.xerces.internal.util.ErrorHandlerWrapper.createSAXParseException(ErrorHandlerWrapper.java:203)
	at com.sun.org.apache.xerces.internal.util.ErrorHandlerWrapper.fatalError(ErrorHandlerWrapper.java:177)
	at com.sun.org.apache.xerces.internal.impl.XMLErrorReporter.reportError(XMLErrorReporter.java:400)
	at com.sun.org.apache.xerces.internal.impl.XMLErrorReporter.reportError(XMLErrorReporter.java:327)
	at com.sun.org.apache.xerces.internal.impl.XMLScanner.reportFatalError(XMLScanner.java:1472)
	at com.sun.org.apache.xerces.internal.impl.XMLScanner.scanAttributeValue(XMLScanner.java:908)
	at com.sun.org.apache.xerces.internal.impl.XMLDocumentFragmentScannerImpl.scanAttribute(XMLDocumentFragmentScannerImpl.java:1548)
	at com.sun.org.apache.xerces.internal.impl.XMLDocumentFragmentScannerImpl.scanStartElement(XMLDocumentFragmentScannerImpl.java:1315)
	at com.sun.org.apache.xerces.internal.impl.XMLDocumentFragmentScannerImpl$FragmentContentDriver.next(XMLDocumentFragmentScannerImpl.java:2784)
	at com.sun.org.apache.xerces.internal.impl.XMLDocumentScannerImpl.next(XMLDocumentScannerImpl.java:602)
	at com.sun.org.apache.xerces.internal.impl.XMLDocumentFragmentScannerImpl.scanDocument(XMLDocumentFragmentScannerImpl.java:505)
	at com.sun.org.apache.xerces.internal.parsers.XML11Configuration.parse(XML11Configuration.java:841)
	at com.sun.org.apache.xerces.internal.parsers.XML11Configuration.parse(XML11Configuration.java:770)
	at com.sun.org.apache.xerces.internal.parsers.XMLParser.parse(XMLParser.java:141)
	at com.sun.org.apache.xerces.internal.parsers.DOMParser.parse(DOMParser.java:243)
	at com.sun.org.apache.xerces.internal.jaxp.DocumentBuilderImpl.parse(DocumentBuilderImpl.java:339)
	at org.eclipse.debug.internal.core.LaunchManager.createInfoFromXML(LaunchManager.java:935)
	at org.eclipse.debug.internal.core.LaunchManager.getInfo(LaunchManager.java:1359)
	at org.eclipse.debug.internal.core.LaunchConfiguration.getInfo(LaunchConfiguration.java:490)
	at org.eclipse.debug.internal.core.LaunchConfiguration.getType(LaunchConfiguration.java:645)
	at org.eclipse.debug.internal.core.LaunchManager.isValid(LaunchManager.java:2091)
	at org.eclipse.debug.internal.core.LaunchManager.verifyConfigurations(LaunchManager.java:2462)
	at org.eclipse.debug.internal.core.LaunchManager.getAllLaunchConfigurations(LaunchManager.java:1140)
	at org.eclipse.debug.internal.core.LaunchManager.getLaunchConfigurations(LaunchManager.java:1444)
	at org.eclipse.debug.internal.core.LaunchManager.getLaunchConfigurations(LaunchManager.java:1439)
	at org.eclipse.launchbar.core.internal.LaunchBarManager.init(LaunchBarManager.java:130)
	at org.eclipse.launchbar.core.internal.LaunchBarManager$1.run(LaunchBarManager.java:96)
	at org.eclipse.core.internal.jobs.Worker.run(Worker.java:63)

!ENTRY org.eclipse.debug.core 4 125 2026-07-28 11:20:40.995
!MESSAGE 调试核心所记录的错误：
!STACK 1
org.eclipse.debug.core.DebugException: 读取启动配置文件 F:\code\vibe_project\rollerball\M33\libraries\components\mtb-device-support-pse8xxgp\make\make\scripts\interface_version_4\eclipse\CM33\flash\normal\KitProg3\any\&&_PRJ_NAME&& Attach (KitProg3_MiniProg4).launch 时发生了 org.xml.sax.SAXParseException; lineNumber: 3; columnNumber: 66; 在实体引用中, 实体名称必须紧跟在 '&' 后面。。
	at org.eclipse.debug.internal.core.LaunchManager.createDebugException(LaunchManager.java:886)
	at org.eclipse.debug.internal.core.LaunchManager.throwException(LaunchManager.java:2448)
	at org.eclipse.debug.internal.core.LaunchManager.getInfo(LaunchManager.java:1366)
	at org.eclipse.debug.internal.core.LaunchConfiguration.getInfo(LaunchConfiguration.java:490)
	at org.eclipse.debug.internal.core.LaunchConfiguration.getType(LaunchConfiguration.java:645)
	at org.eclipse.debug.internal.core.LaunchManager.isValid(LaunchManager.java:2091)
	at org.eclipse.debug.internal.core.LaunchManager.verifyConfigurations(LaunchManager.java:2462)
	at org.eclipse.debug.internal.core.LaunchManager.getAllLaunchConfigurations(LaunchManager.java:1140)
	at org.eclipse.debug.internal.core.LaunchManager.getLaunchConfigurations(LaunchManager.java:1444)
	at org.eclipse.debug.internal.core.LaunchManager.getLaunchConfigurations(LaunchManager.java:1439)
	at org.eclipse.launchbar.core.internal.LaunchBarManager.init(LaunchBarManager.java:130)
	at org.eclipse.launchbar.core.internal.LaunchBarManager$1.run(LaunchBarManager.java:96)
	at org.eclipse.core.internal.jobs.Worker.run(Worker.java:63)
Caused by: org.xml.sax.SAXParseException; lineNumber: 3; columnNumber: 66; 在实体引用中, 实体名称必须紧跟在 '&' 后面。
	at com.sun.org.apache.xerces.internal.util.ErrorHandlerWrapper.createSAXParseException(ErrorHandlerWrapper.java:203)
	at com.sun.org.apache.xerces.internal.util.ErrorHandlerWrapper.fatalError(ErrorHandlerWrapper.java:177)
	at com.sun.org.apache.xerces.internal.impl.XMLErrorReporter.reportError(XMLErrorReporter.java:400)
	at com.sun.org.apache.xerces.internal.impl.XMLErrorReporter.reportError(XMLErrorReporter.java:327)
	at com.sun.org.apache.xerces.internal.impl.XMLScanner.reportFatalError(XMLScanner.java:1472)
	at com.sun.org.apache.xerces.internal.impl.XMLScanner.scanAttributeValue(XMLScanner.java:908)
	at com.sun.org.apache.xerces.internal.impl.XMLDocumentFragmentScannerImpl.scanAttribute(XMLDocumentFragmentScannerImpl.java:1548)
	at com.sun.org.apache.xerces.internal.impl.XMLDocumentFragmentScannerImpl.scanStartElement(XMLDocumentFragmentScannerImpl.java:1315)
	at com.sun.org.apache.xerces.internal.impl.XMLDocumentFragmentScannerImpl$FragmentContentDriver.next(XMLDocumentFragmentScannerImpl.java:2784)
	at com.sun.org.apache.xerces.internal.impl.XMLDocumentScannerImpl.next(XMLDocumentScannerImpl.java:602)
	at com.sun.org.apache.xerces.internal.impl.XMLDocumentFragmentScannerImpl.scanDocument(XMLDocumentFragmentScannerImpl.java:505)
	at com.sun.org.apache.xerces.internal.parsers.XML11Configuration.parse(XML11Configuration.java:841)
	at com.sun.org.apache.xerces.internal.parsers.XML11Configuration.parse(XML11Configuration.java:770)
	at com.sun.org.apache.xerces.internal.parsers.XMLParser.parse(XMLParser.java:141)
	at com.sun.org.apache.xerces.internal.parsers.DOMParser.parse(DOMParser.java:243)
	at com.sun.org.apache.xerces.internal.jaxp.DocumentBuilderImpl.parse(DocumentBuilderImpl.java:339)
	at org.eclipse.debug.internal.core.LaunchManager.createInfoFromXML(LaunchManager.java:935)
	at org.eclipse.debug.internal.core.LaunchManager.getInfo(LaunchManager.java:1359)
	... 10 more
!SUBENTRY 1 org.eclipse.debug.core 4 5012 2026-07-28 11:20:40.995
!MESSAGE 读取启动配置文件 F:\code\vibe_project\rollerball\M33\libraries\components\mtb-device-support-pse8xxgp\make\make\scripts\interface_version_4\eclipse\CM33\flash\normal\KitProg3\any\&&_PRJ_NAME&& Attach (KitProg3_MiniProg4).launch 时发生了 org.xml.sax.SAXParseException; lineNumber: 3; columnNumber: 66; 在实体引用中, 实体名称必须紧跟在 '&' 后面。。
!STACK 0
org.xml.sax.SAXParseException; lineNumber: 3; columnNumber: 66; 在实体引用中, 实体名称必须紧跟在 '&' 后面。
	at com.sun.org.apache.xerces.internal.util.ErrorHandlerWrapper.createSAXParseException(ErrorHandlerWrapper.java:203)
	at com.sun.org.apache.xerces.internal.util.ErrorHandlerWrapper.fatalError(ErrorHandlerWrapper.java:177)
	at com.sun.org.apache.xerces.internal.impl.XMLErrorReporter.reportError(XMLErrorReporter.java:400)
	at com.sun.org.apache.xerces.internal.impl.XMLErrorReporter.reportError(XMLErrorReporter.java:327)
	at com.sun.org.apache.xerces.internal.impl.XMLScanner.reportFatalError(XMLScanner.java:1472)
	at com.sun.org.apache.xerces.internal.impl.XMLScanner.scanAttributeValue(XMLScanner.java:908)
	at com.sun.org.apache.xerces.internal.impl.XMLDocumentFragmentScannerImpl.scanAttribute(XMLDocumentFragmentScannerImpl.java:1548)
	at com.sun.org.apache.xerces.internal.impl.XMLDocumentFragmentScannerImpl.scanStartElement(XMLDocumentFragmentScannerImpl.java:1315)
	at com.sun.org.apache.xerces.internal.impl.XMLDocumentFragmentScannerImpl$FragmentContentDriver.next(XMLDocumentFragmentScannerImpl.java:2784)
	at com.sun.org.apache.xerces.internal.impl.XMLDocumentScannerImpl.next(XMLDocumentScannerImpl.java:602)
	at com.sun.org.apache.xerces.internal.impl.XMLDocumentFragmentScannerImpl.scanDocument(XMLDocumentFragmentScannerImpl.java:505)
	at com.sun.org.apache.xerces.internal.parsers.XML11Configuration.parse(XML11Configuration.java:841)
	at com.sun.org.apache.xerces.internal.parsers.XML11Configuration.parse(XML11Configuration.java:770)
	at com.sun.org.apache.xerces.internal.parsers.XMLParser.parse(XMLParser.java:141)
	at com.sun.org.apache.xerces.internal.parsers.DOMParser.parse(DOMParser.java:243)
	at com.sun.org.apache.xerces.internal.jaxp.DocumentBuilderImpl.parse(DocumentBuilderImpl.java:339)
	at org.eclipse.debug.internal.core.LaunchManager.createInfoFromXML(LaunchManager.java:935)
	at org.eclipse.debug.internal.core.LaunchManager.getInfo(LaunchManager.java:1359)
	at org.eclipse.debug.internal.core.LaunchConfiguration.getInfo(LaunchConfiguration.java:490)
	at org.eclipse.debug.internal.core.LaunchConfiguration.getType(LaunchConfiguration.java:645)
	at org.eclipse.debug.internal.core.LaunchManager.isValid(LaunchManager.java:2091)
	at org.eclipse.debug.internal.core.LaunchManager.verifyConfigurations(LaunchManager.java:2462)
	at org.eclipse.debug.internal.core.LaunchManager.getAllLaunchConfigurations(LaunchManager.java:1140)
	at org.eclipse.debug.internal.core.LaunchManager.getLaunchConfigurations(LaunchManager.java:1444)
	at org.eclipse.debug.internal.core.LaunchManager.getLaunchConfigurations(LaunchManager.java:1439)
	at org.eclipse.launchbar.core.internal.LaunchBarManager.init(LaunchBarManager.java:130)
	at org.eclipse.launchbar.core.internal.LaunchBarManager$1.run(LaunchBarManager.java:96)
	at org.eclipse.core.internal.jobs.Worker.run(Worker.java:63)

!ENTRY org.eclipse.debug.core 4 125 2026-07-28 11:20:41.000
!MESSAGE 调试核心所记录的错误：
!STACK 1
org.eclipse.debug.core.DebugException: 读取启动配置文件 F:\code\vibe_project\rollerball\M33\libraries\components\mtb-device-support-pse8xxgp\make\make\scripts\interface_version_4\eclipse\CM33\flash\normal\KitProg3\any\&&_PRJ_NAME&& Debug (KitProg3_MiniProg4).launch 时发生了 org.xml.sax.SAXParseException; lineNumber: 3; columnNumber: 66; 在实体引用中, 实体名称必须紧跟在 '&' 后面。。
	at org.eclipse.debug.internal.core.LaunchManager.createDebugException(LaunchManager.java:886)
	at org.eclipse.debug.internal.core.LaunchManager.throwException(LaunchManager.java:2448)
	at org.eclipse.debug.internal.core.LaunchManager.getInfo(LaunchManager.java:1366)
	at org.eclipse.debug.internal.core.LaunchConfiguration.getInfo(LaunchConfiguration.java:490)
	at org.eclipse.debug.internal.core.LaunchConfiguration.getType(LaunchConfiguration.java:645)
	at org.eclipse.debug.internal.core.LaunchManager.isValid(LaunchManager.java:2091)
	at org.eclipse.debug.internal.core.LaunchManager.verifyConfigurations(LaunchManager.java:2462)
	at org.eclipse.debug.internal.core.LaunchManager.getAllLaunchConfigurations(LaunchManager.java:1140)
	at org.eclipse.debug.internal.core.LaunchManager.getLaunchConfigurations(LaunchManager.java:1444)
	at org.eclipse.debug.internal.core.LaunchManager.getLaunchConfigurations(LaunchManager.java:1439)
	at org.eclipse.launchbar.core.internal.LaunchBarManager.init(LaunchBarManager.java:130)
	at org.eclipse.launchbar.core.internal.LaunchBarManager$1.run(LaunchBarManager.java:96)
	at org.eclipse.core.internal.jobs.Worker.run(Worker.java:63)
Caused by: org.xml.sax.SAXParseException; lineNumber: 3; columnNumber: 66; 在实体引用中, 实体名称必须紧跟在 '&' 后面。
	at com.sun.org.apache.xerces.internal.util.ErrorHandlerWrapper.createSAXParseException(ErrorHandlerWrapper.java:203)
	at com.sun.org.apache.xerces.internal.util.ErrorHandlerWrapper.fatalError(ErrorHandlerWrapper.java:177)
	at com.sun.org.apache.xerces.internal.impl.XMLErrorReporter.reportError(XMLErrorReporter.java:400)
	at com.sun.org.apache.xerces.internal.impl.XMLErrorReporter.reportError(XMLErrorReporter.java:327)
	at com.sun.org.apache.xerces.internal.impl.XMLScanner.reportFatalError(XMLScanner.java:1472)
	at com.sun.org.apache.xerces.internal.impl.XMLScanner.scanAttributeValue(XMLScanner.java:908)
	at com.sun.org.apache.xerces.internal.impl.XMLDocumentFragmentScannerImpl.scanAttribute(XMLDocumentFragmentScannerImpl.java:1548)
	at com.sun.org.apache.xerces.internal.impl.XMLDocumentFragmentScannerImpl.scanStartElement(XMLDocumentFragmentScannerImpl.java:1315)
	at com.sun.org.apache.xerces.internal.impl.XMLDocumentFragmentScannerImpl$FragmentContentDriver.next(XMLDocumentFragmentScannerImpl.java:2784)
	at com.sun.org.apache.xerces.internal.impl.XMLDocumentScannerImpl.next(XMLDocumentScannerImpl.java:602)
	at com.sun.org.apache.xerces.internal.impl.XMLDocumentFragmentScannerImpl.scanDocument(XMLDocumentFragmentScannerImpl.java:505)
	at com.sun.org.apache.xerces.internal.parsers.XML11Configuration.parse(XML11Configuration.java:841)
	at com.sun.org.apache.xerces.internal.parsers.XML11Configuration.parse(XML11Configuration.java:770)
	at com.sun.org.apache.xerces.internal.parsers.XMLParser.parse(XMLParser.java:141)
	at com.sun.org.apache.xerces.internal.parsers.DOMParser.parse(DOMParser.java:243)
	at com.sun.org.apache.xerces.internal.jaxp.DocumentBuilderImpl.parse(DocumentBuilderImpl.java:339)
	at org.eclipse.debug.internal.core.LaunchManager.createInfoFromXML(LaunchManager.java:935)
	at org.eclipse.debug.internal.core.LaunchManager.getInfo(LaunchManager.java:1359)
	... 10 more
!SUBENTRY 1 org.eclipse.debug.core 4 5012 2026-07-28 11:20:41.000
!MESSAGE 读取启动配置文件 F:\code\vibe_project\rollerball\M33\libraries\components\mtb-device-support-pse8xxgp\make\make\scripts\interface_version_4\eclipse\CM33\flash\normal\KitProg3\any\&&_PRJ_NAME&& Debug (KitProg3_MiniProg4).launch 时发生了 org.xml.sax.SAXParseException; lineNumber: 3; columnNumber: 66; 在实体引用中, 实体名称必须紧跟在 '&' 后面。。
!STACK 0
org.xml.sax.SAXParseException; lineNumber: 3; columnNumber: 66; 在实体引用中, 实体名称必须紧跟在 '&' 后面。
	at com.sun.org.apache.xerces.internal.util.ErrorHandlerWrapper.createSAXParseException(ErrorHandlerWrapper.java:203)
	at com.sun.org.apache.xerces.internal.util.ErrorHandlerWrapper.fatalError(ErrorHandlerWrapper.java:177)
	at com.sun.org.apache.xerces.internal.impl.XMLErrorReporter.reportError(XMLErrorReporter.java:400)
	at com.sun.org.apache.xerces.internal.impl.XMLErrorReporter.reportError(XMLErrorReporter.java:327)
	at com.sun.org.apache.xerces.internal.impl.XMLScanner.reportFatalError(XMLScanner.java:1472)
	at com.sun.org.apache.xerces.internal.impl.XMLScanner.scanAttributeValue(XMLScanner.java:908)
	at com.sun.org.apache.xerces.internal.impl.XMLDocumentFragmentScannerImpl.scanAttribute(XMLDocumentFragmentScannerImpl.java:1548)
	at com.sun.org.apache.xerces.internal.impl.XMLDocumentFragmentScannerImpl.scanStartElement(XMLDocumentFragmentScannerImpl.java:1315)
	at com.sun.org.apache.xerces.internal.impl.XMLDocumentFragmentScannerImpl$FragmentContentDriver.next(XMLDocumentFragmentScannerImpl.java:2784)
	at com.sun.org.apache.xerces.internal.impl.XMLDocumentScannerImpl.next(XMLDocumentScannerImpl.java:602)
	at com.sun.org.apache.xerces.internal.impl.XMLDocumentFragmentScannerImpl.scanDocument(XMLDocumentFragmentScannerImpl.java:505)
	at com.sun.org.apache.xerces.internal.parsers.XML11Configuration.parse(XML11Configuration.java:841)
	at com.sun.org.apache.xerces.internal.parsers.XML11Configuration.parse(XML11Configuration.java:770)
	at com.sun.org.apache.xerces.internal.parsers.XMLParser.parse(XMLParser.java:141)
	at com.sun.org.apache.xerces.internal.parsers.DOMParser.parse(DOMParser.java:243)
	at com.sun.org.apache.xerces.internal.jaxp.DocumentBuilderImpl.parse(DocumentBuilderImpl.java:339)
	at org.eclipse.debug.internal.core.LaunchManager.createInfoFromXML(LaunchManager.java:935)
	at org.eclipse.debug.internal.core.LaunchManager.getInfo(LaunchManager.java:1359)
	at org.eclipse.debug.internal.core.LaunchConfiguration.getInfo(LaunchConfiguration.java:490)
	at org.eclipse.debug.internal.core.LaunchConfiguration.getType(LaunchConfiguration.java:645)
	at org.eclipse.debug.internal.core.LaunchManager.isValid(LaunchManager.java:2091)
	at org.eclipse.debug.internal.core.LaunchManager.verifyConfigurations(LaunchManager.java:2462)
	at org.eclipse.debug.internal.core.LaunchManager.getAllLaunchConfigurations(LaunchManager.java:1140)
	at org.eclipse.debug.internal.core.LaunchManager.getLaunchConfigurations(LaunchManager.java:1444)
	at org.eclipse.debug.internal.core.LaunchManager.getLaunchConfigurations(LaunchManager.java:1439)
	at org.eclipse.launchbar.core.internal.LaunchBarManager.init(LaunchBarManager.java:130)
	at org.eclipse.launchbar.core.internal.LaunchBarManager$1.run(LaunchBarManager.java:96)
	at org.eclipse.core.internal.jobs.Worker.run(Worker.java:63)

!ENTRY org.eclipse.debug.core 4 125 2026-07-28 11:20:41.000
!MESSAGE 调试核心所记录的错误：
!STACK 1
org.eclipse.debug.core.DebugException: 读取启动配置文件 F:\code\vibe_project\rollerball\M33\libraries\components\mtb-device-support-pse8xxgp\make\make\scripts\interface_version_4\eclipse\CM33\flash\normal\KitProg3\combine_sign\Attach.launch 时发生了 org.xml.sax.SAXParseException; lineNumber: 3; columnNumber: 66; 在实体引用中, 实体名称必须紧跟在 '&' 后面。。
	at org.eclipse.debug.internal.core.LaunchManager.createDebugException(LaunchManager.java:886)
	at org.eclipse.debug.internal.core.LaunchManager.throwException(LaunchManager.java:2448)
	at org.eclipse.debug.internal.core.LaunchManager.getInfo(LaunchManager.java:1366)
	at org.eclipse.debug.internal.core.LaunchConfiguration.getInfo(LaunchConfiguration.java:490)
	at org.eclipse.debug.internal.core.LaunchConfiguration.getType(LaunchConfiguration.java:645)
	at org.eclipse.debug.internal.core.LaunchManager.isValid(LaunchManager.java:2091)
	at org.eclipse.debug.internal.core.LaunchManager.verifyConfigurations(LaunchManager.java:2462)
	at org.eclipse.debug.internal.core.LaunchManager.getAllLaunchConfigurations(LaunchManager.java:1140)
	at org.eclipse.debug.internal.core.LaunchManager.getLaunchConfigurations(LaunchManager.java:1444)
	at org.eclipse.debug.internal.core.LaunchManager.getLaunchConfigurations(LaunchManager.java:1439)
	at org.eclipse.launchbar.core.internal.LaunchBarManager.init(LaunchBarManager.java:130)
	at org.eclipse.launchbar.core.internal.LaunchBarManager$1.run(LaunchBarManager.java:96)
	at org.eclipse.core.internal.jobs.Worker.run(Worker.java:63)
Caused by: org.xml.sax.SAXParseException; lineNumber: 3; columnNumber: 66; 在实体引用中, 实体名称必须紧跟在 '&' 后面。
	at com.sun.org.apache.xerces.internal.util.ErrorHandlerWrapper.createSAXParseException(ErrorHandlerWrapper.java:203)
	at com.sun.org.apache.xerces.internal.util.ErrorHandlerWrapper.fatalError(ErrorHandlerWrapper.java:177)
	at com.sun.org.apache.xerces.internal.impl.XMLErrorReporter.reportError(XMLErrorReporter.java:400)
	at com.sun.org.apache.xerces.internal.impl.XMLErrorReporter.reportError(XMLErrorReporter.java:327)
	at com.sun.org.apache.xerces.internal.impl.XMLScanner.reportFatalError(XMLScanner.java:1472)
	at com.sun.org.apache.xerces.internal.impl.XMLScanner.scanAttributeValue(XMLScanner.java:908)
	at com.sun.org.apache.xerces.internal.impl.XMLDocumentFragmentScannerImpl.scanAttribute(XMLDocumentFragmentScannerImpl.java:1548)
	at com.sun.org.apache.xerces.internal.impl.XMLDocumentFragmentScannerImpl.scanStartElement(XMLDocumentFragmentScannerImpl.java:1315)
	at com.sun.org.apache.xerces.internal.impl.XMLDocumentFragmentScannerImpl$FragmentContentDriver.next(XMLDocumentFragmentScannerImpl.java:2784)
	at com.sun.org.apache.xerces.internal.impl.XMLDocumentScannerImpl.next(XMLDocumentScannerImpl.java:602)
	at com.sun.org.apache.xerces.internal.impl.XMLDocumentFragmentScannerImpl.scanDocument(XMLDocumentFragmentScannerImpl.java:505)
	at com.sun.org.apache.xerces.internal.parsers.XML11Configuration.parse(XML11Configuration.java:841)
	at com.sun.org.apache.xerces.internal.parsers.XML11Configuration.parse(XML11Configuration.java:770)
	at com.sun.org.apache.xerces.internal.parsers.XMLParser.parse(XMLParser.java:141)
	at com.sun.org.apache.xerces.internal.parsers.DOMParser.parse(DOMParser.java:243)
	at com.sun.org.apache.xerces.internal.jaxp.DocumentBuilderImpl.parse(DocumentBuilderImpl.java:339)
	at org.eclipse.debug.internal.core.LaunchManager.createInfoFromXML(LaunchManager.java:935)
	at org.eclipse.debug.internal.core.LaunchManager.getInfo(LaunchManager.java:1359)
	... 10 more
!SUBENTRY 1 org.eclipse.debug.core 4 5012 2026-07-28 11:20:41.000
!MESSAGE 读取启动配置文件 F:\code\vibe_project\rollerball\M33\libraries\components\mtb-device-support-pse8xxgp\make\make\scripts\interface_version_4\eclipse\CM33\flash\normal\KitProg3\combine_sign\Attach.launch 时发生了 org.xml.sax.SAXParseException; lineNumber: 3; columnNumber: 66; 在实体引用中, 实体名称必须紧跟在 '&' 后面。。
!STACK 0
org.xml.sax.SAXParseException; lineNumber: 3; columnNumber: 66; 在实体引用中, 实体名称必须紧跟在 '&' 后面。
	at com.sun.org.apache.xerces.internal.util.ErrorHandlerWrapper.createSAXParseException(ErrorHandlerWrapper.java:203)
	at com.sun.org.apache.xerces.internal.util.ErrorHandlerWrapper.fatalError(ErrorHandlerWrapper.java:177)
	at com.sun.org.apache.xerces.internal.impl.XMLErrorReporter.reportError(XMLErrorReporter.java:400)
	at com.sun.org.apache.xerces.internal.impl.XMLErrorReporter.reportError(XMLErrorReporter.java:327)
	at com.sun.org.apache.xerces.internal.impl.XMLScanner.reportFatalError(XMLScanner.java:1472)
	at com.sun.org.apache.xerces.internal.impl.XMLScanner.scanAttributeValue(XMLScanner.java:908)
	at com.sun.org.apache.xerces.internal.impl.XMLDocumentFragmentScannerImpl.scanAttribute(XMLDocumentFragmentScannerImpl.java:1548)
	at com.sun.org.apache.xerces.internal.impl.XMLDocumentFragmentScannerImpl.scanStartElement(XMLDocumentFragmentScannerImpl.java:1315)
	at com.sun.org.apache.xerces.internal.impl.XMLDocumentFragmentScannerImpl$FragmentContentDriver.next(XMLDocumentFragmentScannerImpl.java:2784)
	at com.sun.org.apache.xerces.internal.impl.XMLDocumentScannerImpl.next(XMLDocumentScannerImpl.java:602)
	at com.sun.org.apache.xerces.internal.impl.XMLDocumentFragmentScannerImpl.scanDocument(XMLDocumentFragmentScannerImpl.java:505)
	at com.sun.org.apache.xerces.internal.parsers.XML11Configuration.parse(XML11Configuration.java:841)
	at com.sun.org.apache.xerces.internal.parsers.XML11Configuration.parse(XML11Configuration.java:770)
	at com.sun.org.apache.xerces.internal.parsers.XMLParser.parse(XMLParser.java:141)
	at com.sun.org.apache.xerces.internal.parsers.DOMParser.parse(DOMParser.java:243)
	at com.sun.org.apache.xerces.internal.jaxp.DocumentBuilderImpl.parse(DocumentBuilderImpl.java:339)
	at org.eclipse.debug.internal.core.LaunchManager.createInfoFromXML(LaunchManager.java:935)
	at org.eclipse.debug.internal.core.LaunchManager.getInfo(LaunchManager.java:1359)
	at org.eclipse.debug.internal.core.LaunchConfiguration.getInfo(LaunchConfiguration.java:490)
	at org.eclipse.debug.internal.core.LaunchConfiguration.getType(LaunchConfiguration.java:645)
	at org.eclipse.debug.internal.core.LaunchManager.isValid(LaunchManager.java:2091)
	at org.eclipse.debug.internal.core.LaunchManager.verifyConfigurations(LaunchManager.java:2462)
	at org.eclipse.debug.internal.core.LaunchManager.getAllLaunchConfigurations(LaunchManager.java:1140)
	at org.eclipse.debug.internal.core.LaunchManager.getLaunchConfigurations(LaunchManager.java:1444)
	at org.eclipse.debug.internal.core.LaunchManager.getLaunchConfigurations(LaunchManager.java:1439)
	at org.eclipse.launchbar.core.internal.LaunchBarManager.init(LaunchBarManager.java:130)
	at org.eclipse.launchbar.core.internal.LaunchBarManager$1.run(LaunchBarManager.java:96)
	at org.eclipse.core.internal.jobs.Worker.run(Worker.java:63)

!ENTRY org.eclipse.debug.core 4 125 2026-07-28 11:20:41.004
!MESSAGE 调试核心所记录的错误：
!STACK 1
org.eclipse.debug.core.DebugException: 读取启动配置文件 F:\code\vibe_project\rollerball\M33\libraries\components\mtb-device-support-pse8xxgp\make\make\scripts\interface_version_4\eclipse\CM33\flash\normal\KitProg3\combine_sign\Debug.launch 时发生了 org.xml.sax.SAXParseException; lineNumber: 3; columnNumber: 66; 在实体引用中, 实体名称必须紧跟在 '&' 后面。。
	at org.eclipse.debug.internal.core.LaunchManager.createDebugException(LaunchManager.java:886)
	at org.eclipse.debug.internal.core.LaunchManager.throwException(LaunchManager.java:2448)
	at org.eclipse.debug.internal.core.LaunchManager.getInfo(LaunchManager.java:1366)
	at org.eclipse.debug.internal.core.LaunchConfiguration.getInfo(LaunchConfiguration.java:490)
	at org.eclipse.debug.internal.core.LaunchConfiguration.getType(LaunchConfiguration.java:645)
	at org.eclipse.debug.internal.core.LaunchManager.isValid(LaunchManager.java:2091)
	at org.eclipse.debug.internal.core.LaunchManager.verifyConfigurations(LaunchManager.java:2462)
	at org.eclipse.debug.internal.core.LaunchManager.getAllLaunchConfigurations(LaunchManager.java:1140)
	at org.eclipse.debug.internal.core.LaunchManager.getLaunchConfigurations(LaunchManager.java:1444)
	at org.eclipse.debug.internal.core.LaunchManager.getLaunchConfigurations(LaunchManager.java:1439)
	at org.eclipse.launchbar.core.internal.LaunchBarManager.init(LaunchBarManager.java:130)
	at org.eclipse.launchbar.core.internal.LaunchBarManager$1.run(LaunchBarManager.java:96)
	at org.eclipse.core.internal.jobs.Worker.run(Worker.java:63)
Caused by: org.xml.sax.SAXParseException; lineNumber: 3; columnNumber: 66; 在实体引用中, 实体名称必须紧跟在 '&' 后面。
	at com.sun.org.apache.xerces.internal.util.ErrorHandlerWrapper.createSAXParseException(ErrorHandlerWrapper.java:203)
	at com.sun.org.apache.xerces.internal.util.ErrorHandlerWrapper.fatalError(ErrorHandlerWrapper.java:177)
	at com.sun.org.apache.xerces.internal.impl.XMLErrorReporter.reportError(XMLErrorReporter.java:400)
	at com.sun.org.apache.xerces.internal.impl.XMLErrorReporter.reportError(XMLErrorReporter.java:327)
	at com.sun.org.apache.xerces.internal.impl.XMLScanner.reportFatalError(XMLScanner.java:1472)
	at com.sun.org.apache.xerces.internal.impl.XMLScanner.scanAttributeValue(XMLScanner.java:908)
	at com.sun.org.apache.xerces.internal.impl.XMLDocumentFragmentScannerImpl.scanAttribute(XMLDocumentFragmentScannerImpl.java:1548)
	at com.sun.org.apache.xerces.internal.impl.XMLDocumentFragmentScannerImpl.scanStartElement(XMLDocumentFragmentScannerImpl.java:1315)
	at com.sun.org.apache.xerces.internal.impl.XMLDocumentFragmentScannerImpl$FragmentContentDriver.next(XMLDocumentFragmentScannerImpl.java:2784)
	at com.sun.org.apache.xerces.internal.impl.XMLDocumentScannerImpl.next(XMLDocumentScannerImpl.java:602)
	at com.sun.org.apache.xerces.internal.impl.XMLDocumentFragmentScannerImpl.scanDocument(XMLDocumentFragmentScannerImpl.java:505)
	at com.sun.org.apache.xerces.internal.parsers.XML11Configuration.parse(XML11Configuration.java:841)
	at com.sun.org.apache.xerces.internal.parsers.XML11Configuration.parse(XML11Configuration.java:770)
	at com.sun.org.apache.xerces.internal.parsers.XMLParser.parse(XMLParser.java:141)
	at com.sun.org.apache.xerces.internal.parsers.DOMParser.parse(DOMParser.java:243)
	at com.sun.org.apache.xerces.internal.jaxp.DocumentBuilderImpl.parse(DocumentBuilderImpl.java:339)
	at org.eclipse.debug.internal.core.LaunchManager.createInfoFromXML(LaunchManager.java:935)
	at org.eclipse.debug.internal.core.LaunchManager.getInfo(LaunchManager.java:1359)
	... 10 more
!SUBENTRY 1 org.eclipse.debug.core 4 5012 2026-07-28 11:20:41.004
!MESSAGE 读取启动配置文件 F:\code\vibe_project\rollerball\M33\libraries\components\mtb-device-support-pse8xxgp\make\make\scripts\interface_version_4\eclipse\CM33\flash\normal\KitProg3\combine_sign\Debug.launch 时发生了 org.xml.sax.SAXParseException; lineNumber: 3; columnNumber: 66; 在实体引用中, 实体名称必须紧跟在 '&' 后面。。
!STACK 0
org.xml.sax.SAXParseException; lineNumber: 3; columnNumber: 66; 在实体引用中, 实体名称必须紧跟在 '&' 后面。
	at com.sun.org.apache.xerces.internal.util.ErrorHandlerWrapper.createSAXParseException(ErrorHandlerWrapper.java:203)
	at com.sun.org.apache.xerces.internal.util.ErrorHandlerWrapper.fatalError(ErrorHandlerWrapper.java:177)
	at com.sun.org.apache.xerces.internal.impl.XMLErrorReporter.reportError(XMLErrorReporter.java:400)
	at com.sun.org.apache.xerces.internal.impl.XMLErrorReporter.reportError(XMLErrorReporter.java:327)
	at com.sun.org.apache.xerces.internal.impl.XMLScanner.reportFatalError(XMLScanner.java:1472)
	at com.sun.org.apache.xerces.internal.impl.XMLScanner.scanAttributeValue(XMLScanner.java:908)
	at com.sun.org.apache.xerces.internal.impl.XMLDocumentFragmentScannerImpl.scanAttribute(XMLDocumentFragmentScannerImpl.java:1548)
	at com.sun.org.apache.xerces.internal.impl.XMLDocumentFragmentScannerImpl.scanStartElement(XMLDocumentFragmentScannerImpl.java:1315)
	at com.sun.org.apache.xerces.internal.impl.XMLDocumentFragmentScannerImpl$FragmentContentDriver.next(XMLDocumentFragmentScannerImpl.java:2784)
	at com.sun.org.apache.xerces.internal.impl.XMLDocumentScannerImpl.next(XMLDocumentScannerImpl.java:602)
	at com.sun.org.apache.xerces.internal.impl.XMLDocumentFragmentScannerImpl.scanDocument(XMLDocumentFragmentScannerImpl.java:505)
	at com.sun.org.apache.xerces.internal.parsers.XML11Configuration.parse(XML11Configuration.java:841)
	at com.sun.org.apache.xerces.internal.parsers.XML11Configuration.parse(XML11Configuration.java:770)
	at com.sun.org.apache.xerces.internal.parsers.XMLParser.parse(XMLParser.java:141)
	at com.sun.org.apache.xerces.internal.parsers.DOMParser.parse(DOMParser.java:243)
	at com.sun.org.apache.xerces.internal.jaxp.DocumentBuilderImpl.parse(DocumentBuilderImpl.java:339)
	at org.eclipse.debug.internal.core.LaunchManager.createInfoFromXML(LaunchManager.java:935)
	at org.eclipse.debug.internal.core.LaunchManager.getInfo(LaunchManager.java:1359)
	at org.eclipse.debug.internal.core.LaunchConfiguration.getInfo(LaunchConfiguration.java:490)
	at org.eclipse.debug.internal.core.LaunchConfiguration.getType(LaunchConfiguration.java:645)
	at org.eclipse.debug.internal.core.LaunchManager.isValid(LaunchManager.java:2091)
	at org.eclipse.debug.internal.core.LaunchManager.verifyConfigurations(LaunchManager.java:2462)
	at org.eclipse.debug.internal.core.LaunchManager.getAllLaunchConfigurations(LaunchManager.java:1140)
	at org.eclipse.debug.internal.core.LaunchManager.getLaunchConfigurations(LaunchManager.java:1444)
	at org.eclipse.debug.internal.core.LaunchManager.getLaunchConfigurations(LaunchManager.java:1439)
	at org.eclipse.launchbar.core.internal.LaunchBarManager.init(LaunchBarManager.java:130)
	at org.eclipse.launchbar.core.internal.LaunchBarManager$1.run(LaunchBarManager.java:96)
	at org.eclipse.core.internal.jobs.Worker.run(Worker.java:63)

!ENTRY org.eclipse.debug.core 4 125 2026-07-28 11:20:41.004
!MESSAGE 调试核心所记录的错误：
!STACK 1
org.eclipse.debug.core.DebugException: 读取启动配置文件 F:\code\vibe_project\rollerball\M33\libraries\components\mtb-device-support-pse8xxgp\make\make\scripts\interface_version_4\eclipse\CM33\flash\virgin\JLink\any\&&_PRJ_NAME&& Attach (JLink).launch 时发生了 org.xml.sax.SAXParseException; lineNumber: 3; columnNumber: 66; 在实体引用中, 实体名称必须紧跟在 '&' 后面。。
	at org.eclipse.debug.internal.core.LaunchManager.createDebugException(LaunchManager.java:886)
	at org.eclipse.debug.internal.core.LaunchManager.throwException(LaunchManager.java:2448)
	at org.eclipse.debug.internal.core.LaunchManager.getInfo(LaunchManager.java:1366)
	at org.eclipse.debug.internal.core.LaunchConfiguration.getInfo(LaunchConfiguration.java:490)
	at org.eclipse.debug.internal.core.LaunchConfiguration.getType(LaunchConfiguration.java:645)
	at org.eclipse.debug.internal.core.LaunchManager.isValid(LaunchManager.java:2091)
	at org.eclipse.debug.internal.core.LaunchManager.verifyConfigurations(LaunchManager.java:2462)
	at org.eclipse.debug.internal.core.LaunchManager.getAllLaunchConfigurations(LaunchManager.java:1140)
	at org.eclipse.debug.internal.core.LaunchManager.getLaunchConfigurations(LaunchManager.java:1444)
	at org.eclipse.debug.internal.core.LaunchManager.getLaunchConfigurations(LaunchManager.java:1439)
	at org.eclipse.launchbar.core.internal.LaunchBarManager.init(LaunchBarManager.java:130)
	at org.eclipse.launchbar.core.internal.LaunchBarManager$1.run(LaunchBarManager.java:96)
	at org.eclipse.core.internal.jobs.Worker.run(Worker.java:63)
Caused by: org.xml.sax.SAXParseException; lineNumber: 3; columnNumber: 66; 在实体引用中, 实体名称必须紧跟在 '&' 后面。
	at com.sun.org.apache.xerces.internal.util.ErrorHandlerWrapper.createSAXParseException(ErrorHandlerWrapper.java:203)
	at com.sun.org.apache.xerces.internal.util.ErrorHandlerWrapper.fatalError(ErrorHandlerWrapper.java:177)
	at com.sun.org.apache.xerces.internal.impl.XMLErrorReporter.reportError(XMLErrorReporter.java:400)
	at com.sun.org.apache.xerces.internal.impl.XMLErrorReporter.reportError(XMLErrorReporter.java:327)
	at com.sun.org.apache.xerces.internal.impl.XMLScanner.reportFatalError(XMLScanner.java:1472)
	at com.sun.org.apache.xerces.internal.impl.XMLScanner.scanAttributeValue(XMLScanner.java:908)
	at com.sun.org.apache.xerces.internal.impl.XMLDocumentFragmentScannerImpl.scanAttribute(XMLDocumentFragmentScannerImpl.java:1548)
	at com.sun.org.apache.xerces.internal.impl.XMLDocumentFragmentScannerImpl.scanStartElement(XMLDocumentFragmentScannerImpl.java:1315)
	at com.sun.org.apache.xerces.internal.impl.XMLDocumentFragmentScannerImpl$FragmentContentDriver.next(XMLDocumentFragmentScannerImpl.java:2784)
	at com.sun.org.apache.xerces.internal.impl.XMLDocumentScannerImpl.next(XMLDocumentScannerImpl.java:602)
	at com.sun.org.apache.xerces.internal.impl.XMLDocumentFragmentScannerImpl.scanDocument(XMLDocumentFragmentScannerImpl.java:505)
	at com.sun.org.apache.xerces.internal.parsers.XML11Configuration.parse(XML11Configuration.java:841)
	at com.sun.org.apache.xerces.internal.parsers.XML11Configuration.parse(XML11Configuration.java:770)
	at com.sun.org.apache.xerces.internal.parsers.XMLParser.parse(XMLParser.java:141)
	at com.sun.org.apache.xerces.internal.parsers.DOMParser.parse(DOMParser.java:243)
	at com.sun.org.apache.xerces.internal.jaxp.DocumentBuilderImpl.parse(DocumentBuilderImpl.java:339)
	at org.eclipse.debug.internal.core.LaunchManager.createInfoFromXML(LaunchManager.java:935)
	at org.eclipse.debug.internal.core.LaunchManager.getInfo(LaunchManager.java:1359)
	... 10 more
!SUBENTRY 1 org.eclipse.debug.core 4 5012 2026-07-28 11:20:41.004
!MESSAGE 读取启动配置文件 F:\code\vibe_project\rollerball\M33\libraries\components\mtb-device-support-pse8xxgp\make\make\scripts\interface_version_4\eclipse\CM33\flash\virgin\JLink\any\&&_PRJ_NAME&& Attach (JLink).launch 时发生了 org.xml.sax.SAXParseException; lineNumber: 3; columnNumber: 66; 在实体引用中, 实体名称必须紧跟在 '&' 后面。。
!STACK 0
org.xml.sax.SAXParseException; lineNumber: 3; columnNumber: 66; 在实体引用中, 实体名称必须紧跟在 '&' 后面。
	at com.sun.org.apache.xerces.internal.util.ErrorHandlerWrapper.createSAXParseException(ErrorHandlerWrapper.java:203)
	at com.sun.org.apache.xerces.internal.util.ErrorHandlerWrapper.fatalError(ErrorHandlerWrapper.java:177)
	at com.sun.org.apache.xerces.internal.impl.XMLErrorReporter.reportError(XMLErrorReporter.java:400)
	at com.sun.org.apache.xerces.internal.impl.XMLErrorReporter.reportError(XMLErrorReporter.java:327)
	at com.sun.org.apache.xerces.internal.impl.XMLScanner.reportFatalError(XMLScanner.java:1472)
	at com.sun.org.apache.xerces.internal.impl.XMLScanner.scanAttributeValue(XMLScanner.java:908)
	at com.sun.org.apache.xerces.internal.impl.XMLDocumentFragmentScannerImpl.scanAttribute(XMLDocumentFragmentScannerImpl.java:1548)
	at com.sun.org.apache.xerces.internal.impl.XMLDocumentFragmentScannerImpl.scanStartElement(XMLDocumentFragmentScannerImpl.java:1315)
	at com.sun.org.apache.xerces.internal.impl.XMLDocumentFragmentScannerImpl$FragmentContentDriver.next(XMLDocumentFragmentScannerImpl.java:2784)
	at com.sun.org.apache.xerces.internal.impl.XMLDocumentScannerImpl.next(XMLDocumentScannerImpl.java:602)
	at com.sun.org.apache.xerces.internal.impl.XMLDocumentFragmentScannerImpl.scanDocument(XMLDocumentFragmentScannerImpl.java:505)
	at com.sun.org.apache.xerces.internal.parsers.XML11Configuration.parse(XML11Configuration.java:841)
	at com.sun.org.apache.xerces.internal.parsers.XML11Configuration.parse(XML11Configuration.java:770)
	at com.sun.org.apache.xerces.internal.parsers.XMLParser.parse(XMLParser.java:141)
	at com.sun.org.apache.xerces.internal.parsers.DOMParser.parse(DOMParser.java:243)
	at com.sun.org.apache.xerces.internal.jaxp.DocumentBuilderImpl.parse(DocumentBuilderImpl.java:339)
	at org.eclipse.debug.internal.core.LaunchManager.createInfoFromXML(LaunchManager.java:935)
	at org.eclipse.debug.internal.core.LaunchManager.getInfo(LaunchManager.java:1359)
	at org.eclipse.debug.internal.core.LaunchConfiguration.getInfo(LaunchConfiguration.java:490)
	at org.eclipse.debug.internal.core.LaunchConfiguration.getType(LaunchConfiguration.java:645)
	at org.eclipse.debug.internal.core.LaunchManager.isValid(LaunchManager.java:2091)
	at org.eclipse.debug.internal.core.LaunchManager.verifyConfigurations(LaunchManager.java:2462)
	at org.eclipse.debug.internal.core.LaunchManager.getAllLaunchConfigurations(LaunchManager.java:1140)
	at org.eclipse.debug.internal.core.LaunchManager.getLaunchConfigurations(LaunchManager.java:1444)
	at org.eclipse.debug.internal.core.LaunchManager.getLaunchConfigurations(LaunchManager.java:1439)
	at org.eclipse.launchbar.core.internal.LaunchBarManager.init(LaunchBarManager.java:130)
	at org.eclipse.launchbar.core.internal.LaunchBarManager$1.run(LaunchBarManager.java:96)
	at org.eclipse.core.internal.jobs.Worker.run(Worker.java:63)

!ENTRY org.eclipse.debug.core 4 125 2026-07-28 11:20:41.004
!MESSAGE 调试核心所记录的错误：
!STACK 1
org.eclipse.debug.core.DebugException: 读取启动配置文件 F:\code\vibe_project\rollerball\M33\libraries\components\mtb-device-support-pse8xxgp\make\make\scripts\interface_version_4\eclipse\CM33\flash\virgin\JLink\any\&&_PRJ_NAME&& Debug (JLink).launch 时发生了 org.xml.sax.SAXParseException; lineNumber: 3; columnNumber: 66; 在实体引用中, 实体名称必须紧跟在 '&' 后面。。
	at org.eclipse.debug.internal.core.LaunchManager.createDebugException(LaunchManager.java:886)
	at org.eclipse.debug.internal.core.LaunchManager.throwException(LaunchManager.java:2448)
	at org.eclipse.debug.internal.core.LaunchManager.getInfo(LaunchManager.java:1366)
	at org.eclipse.debug.internal.core.LaunchConfiguration.getInfo(LaunchConfiguration.java:490)
	at org.eclipse.debug.internal.core.LaunchConfiguration.getType(LaunchConfiguration.java:645)
	at org.eclipse.debug.internal.core.LaunchManager.isValid(LaunchManager.java:2091)
	at org.eclipse.debug.internal.core.LaunchManager.verifyConfigurations(LaunchManager.java:2462)
	at org.eclipse.debug.internal.core.LaunchManager.getAllLaunchConfigurations(LaunchManager.java:1140)
	at org.eclipse.debug.internal.core.LaunchManager.getLaunchConfigurations(LaunchManager.java:1444)
	at org.eclipse.debug.internal.core.LaunchManager.getLaunchConfigurations(LaunchManager.java:1439)
	at org.eclipse.launchbar.core.internal.LaunchBarManager.init(LaunchBarManager.java:130)
	at org.eclipse.launchbar.core.internal.LaunchBarManager$1.run(LaunchBarManager.java:96)
	at org.eclipse.core.internal.jobs.Worker.run(Worker.java:63)
Caused by: org.xml.sax.SAXParseException; lineNumber: 3; columnNumber: 66; 在实体引用中, 实体名称必须紧跟在 '&' 后面。
	at com.sun.org.apache.xerces.internal.util.ErrorHandlerWrapper.createSAXParseException(ErrorHandlerWrapper.java:203)
	at com.sun.org.apache.xerces.internal.util.ErrorHandlerWrapper.fatalError(ErrorHandlerWrapper.java:177)
	at com.sun.org.apache.xerces.internal.impl.XMLErrorReporter.reportError(XMLErrorReporter.java:400)
	at com.sun.org.apache.xerces.internal.impl.XMLErrorReporter.reportError(XMLErrorReporter.java:327)
	at com.sun.org.apache.xerces.internal.impl.XMLScanner.reportFatalError(XMLScanner.java:1472)
	at com.sun.org.apache.xerces.internal.impl.XMLScanner.scanAttributeValue(XMLScanner.java:908)
	at com.sun.org.apache.xerces.internal.impl.XMLDocumentFragmentScannerImpl.scanAttribute(XMLDocumentFragmentScannerImpl.java:1548)
	at com.sun.org.apache.xerces.internal.impl.XMLDocumentFragmentScannerImpl.scanStartElement(XMLDocumentFragmentScannerImpl.java:1315)
	at com.sun.org.apache.xerces.internal.impl.XMLDocumentFragmentScannerImpl$FragmentContentDriver.next(XMLDocumentFragmentScannerImpl.java:2784)
	at com.sun.org.apache.xerces.internal.impl.XMLDocumentScannerImpl.next(XMLDocumentScannerImpl.java:602)
	at com.sun.org.apache.xerces.internal.impl.XMLDocumentFragmentScannerImpl.scanDocument(XMLDocumentFragmentScannerImpl.java:505)
	at com.sun.org.apache.xerces.internal.parsers.XML11Configuration.parse(XML11Configuration.java:841)
	at com.sun.org.apache.xerces.internal.parsers.XML11Configuration.parse(XML11Configuration.java:770)
	at com.sun.org.apache.xerces.internal.parsers.XMLParser.parse(XMLParser.java:141)
	at com.sun.org.apache.xerces.internal.parsers.DOMParser.parse(DOMParser.java:243)
	at com.sun.org.apache.xerces.internal.jaxp.DocumentBuilderImpl.parse(DocumentBuilderImpl.java:339)
	at org.eclipse.debug.internal.core.LaunchManager.createInfoFromXML(LaunchManager.java:935)
	at org.eclipse.debug.internal.core.LaunchManager.getInfo(LaunchManager.java:1359)
	... 10 more
!SUBENTRY 1 org.eclipse.debug.core 4 5012 2026-07-28 11:20:41.004
!MESSAGE 读取启动配置文件 F:\code\vibe_project\rollerball\M33\libraries\components\mtb-device-support-pse8xxgp\make\make\scripts\interface_version_4\eclipse\CM33\flash\virgin\JLink\any\&&_PRJ_NAME&& Debug (JLink).launch 时发生了 org.xml.sax.SAXParseException; lineNumber: 3; columnNumber: 66; 在实体引用中, 实体名称必须紧跟在 '&' 后面。。
!STACK 0
org.xml.sax.SAXParseException; lineNumber: 3; columnNumber: 66; 在实体引用中, 实体名称必须紧跟在 '&' 后面。
	at com.sun.org.apache.xerces.internal.util.ErrorHandlerWrapper.createSAXParseException(ErrorHandlerWrapper.java:203)
	at com.sun.org.apache.xerces.internal.util.ErrorHandlerWrapper.fatalError(ErrorHandlerWrapper.java:177)
	at com.sun.org.apache.xerces.internal.impl.XMLErrorReporter.reportError(XMLErrorReporter.java:400)
	at com.sun.org.apache.xerces.internal.impl.XMLErrorReporter.reportError(XMLErrorReporter.java:327)
	at com.sun.org.apache.xerces.internal.impl.XMLScanner.reportFatalError(XMLScanner.java:1472)
	at com.sun.org.apache.xerces.internal.impl.XMLScanner.scanAttributeValue(XMLScanner.java:908)
	at com.sun.org.apache.xerces.internal.impl.XMLDocumentFragmentScannerImpl.scanAttribute(XMLDocumentFragmentScannerImpl.java:1548)
	at com.sun.org.apache.xerces.internal.impl.XMLDocumentFragmentScannerImpl.scanStartElement(XMLDocumentFragmentScannerImpl.java:1315)
	at com.sun.org.apache.xerces.internal.impl.XMLDocumentFragmentScannerImpl$FragmentContentDriver.next(XMLDocumentFragmentScannerImpl.java:2784)
	at com.sun.org.apache.xerces.internal.impl.XMLDocumentScannerImpl.next(XMLDocumentScannerImpl.java:602)
	at com.sun.org.apache.xerces.internal.impl.XMLDocumentFragmentScannerImpl.scanDocument(XMLDocumentFragmentScannerImpl.java:505)
	at com.sun.org.apache.xerces.internal.parsers.XML11Configuration.parse(XML11Configuration.java:841)
	at com.sun.org.apache.xerces.internal.parsers.XML11Configuration.parse(XML11Configuration.java:770)
	at com.sun.org.apache.xerces.internal.parsers.XMLParser.parse(XMLParser.java:141)
	at com.sun.org.apache.xerces.internal.parsers.DOMParser.parse(DOMParser.java:243)
	at com.sun.org.apache.xerces.internal.jaxp.DocumentBuilderImpl.parse(DocumentBuilderImpl.java:339)
	at org.eclipse.debug.internal.core.LaunchManager.createInfoFromXML(LaunchManager.java:935)
	at org.eclipse.debug.internal.core.LaunchManager.getInfo(LaunchManager.java:1359)
	at org.eclipse.debug.internal.core.LaunchConfiguration.getInfo(LaunchConfiguration.java:490)
	at org.eclipse.debug.internal.core.LaunchConfiguration.getType(LaunchConfiguration.java:645)
	at org.eclipse.debug.internal.core.LaunchManager.isValid(LaunchManager.java:2091)
	at org.eclipse.debug.internal.core.LaunchManager.verifyConfigurations(LaunchManager.java:2462)
	at org.eclipse.debug.internal.core.LaunchManager.getAllLaunchConfigurations(LaunchManager.java:1140)
	at org.eclipse.debug.internal.core.LaunchManager.getLaunchConfigurations(LaunchManager.java:1444)
	at org.eclipse.debug.internal.core.LaunchManager.getLaunchConfigurations(LaunchManager.java:1439)
	at org.eclipse.launchbar.core.internal.LaunchBarManager.init(LaunchBarManager.java:130)
	at org.eclipse.launchbar.core.internal.LaunchBarManager$1.run(LaunchBarManager.java:96)
	at org.eclipse.core.internal.jobs.Worker.run(Worker.java:63)

!ENTRY org.eclipse.debug.core 4 125 2026-07-28 11:20:41.008
!MESSAGE 调试核心所记录的错误：
!STACK 1
org.eclipse.debug.core.DebugException: 读取启动配置文件 F:\code\vibe_project\rollerball\M33\libraries\components\mtb-device-support-pse8xxgp\make\make\scripts\interface_version_4\eclipse\CM33\flash\virgin\JLink\any\&&_PRJ_NAME&& Erase All (JLink).launch 时发生了 org.xml.sax.SAXParseException; lineNumber: 3; columnNumber: 66; 在实体引用中, 实体名称必须紧跟在 '&' 后面。。
	at org.eclipse.debug.internal.core.LaunchManager.createDebugException(LaunchManager.java:886)
	at org.eclipse.debug.internal.core.LaunchManager.throwException(LaunchManager.java:2448)
	at org.eclipse.debug.internal.core.LaunchManager.getInfo(LaunchManager.java:1366)
	at org.eclipse.debug.internal.core.LaunchConfiguration.getInfo(LaunchConfiguration.java:490)
	at org.eclipse.debug.internal.core.LaunchConfiguration.getType(LaunchConfiguration.java:645)
	at org.eclipse.debug.internal.core.LaunchManager.isValid(LaunchManager.java:2091)
	at org.eclipse.debug.internal.core.LaunchManager.verifyConfigurations(LaunchManager.java:2462)
	at org.eclipse.debug.internal.core.LaunchManager.getAllLaunchConfigurations(LaunchManager.java:1140)
	at org.eclipse.debug.internal.core.LaunchManager.getLaunchConfigurations(LaunchManager.java:1444)
	at org.eclipse.debug.internal.core.LaunchManager.getLaunchConfigurations(LaunchManager.java:1439)
	at org.eclipse.launchbar.core.internal.LaunchBarManager.init(LaunchBarManager.java:130)
	at org.eclipse.launchbar.core.internal.LaunchBarManager$1.run(LaunchBarManager.java:96)
	at org.eclipse.core.internal.jobs.Worker.run(Worker.java:63)
Caused by: org.xml.sax.SAXParseException; lineNumber: 3; columnNumber: 66; 在实体引用中, 实体名称必须紧跟在 '&' 后面。
	at com.sun.org.apache.xerces.internal.util.ErrorHandlerWrapper.createSAXParseException(ErrorHandlerWrapper.java:203)
	at com.sun.org.apache.xerces.internal.util.ErrorHandlerWrapper.fatalError(ErrorHandlerWrapper.java:177)
	at com.sun.org.apache.xerces.internal.impl.XMLErrorReporter.reportError(XMLErrorReporter.java:400)
	at com.sun.org.apache.xerces.internal.impl.XMLErrorReporter.reportError(XMLErrorReporter.java:327)
	at com.sun.org.apache.xerces.internal.impl.XMLScanner.reportFatalError(XMLScanner.java:1472)
	at com.sun.org.apache.xerces.internal.impl.XMLScanner.scanAttributeValue(XMLScanner.java:908)
	at com.sun.org.apache.xerces.internal.impl.XMLDocumentFragmentScannerImpl.scanAttribute(XMLDocumentFragmentScannerImpl.java:1548)
	at com.sun.org.apache.xerces.internal.impl.XMLDocumentFragmentScannerImpl.scanStartElement(XMLDocumentFragmentScannerImpl.java:1315)
	at com.sun.org.apache.xerces.internal.impl.XMLDocumentFragmentScannerImpl$FragmentContentDriver.next(XMLDocumentFragmentScannerImpl.java:2784)
	at com.sun.org.apache.xerces.internal.impl.XMLDocumentScannerImpl.next(XMLDocumentScannerImpl.java:602)
	at com.sun.org.apache.xerces.internal.impl.XMLDocumentFragmentScannerImpl.scanDocument(XMLDocumentFragmentScannerImpl.java:505)
	at com.sun.org.apache.xerces.internal.parsers.XML11Configuration.parse(XML11Configuration.java:841)
	at com.sun.org.apache.xerces.internal.parsers.XML11Configuration.parse(XML11Configuration.java:770)
	at com.sun.org.apache.xerces.internal.parsers.XMLParser.parse(XMLParser.java:141)
	at com.sun.org.apache.xerces.internal.parsers.DOMParser.parse(DOMParser.java:243)
	at com.sun.org.apache.xerces.internal.jaxp.DocumentBuilderImpl.parse(DocumentBuilderImpl.java:339)
	at org.eclipse.debug.internal.core.LaunchManager.createInfoFromXML(LaunchManager.java:935)
	at org.eclipse.debug.internal.core.LaunchManager.getInfo(LaunchManager.java:1359)
	... 10 more
!SUBENTRY 1 org.eclipse.debug.core 4 5012 2026-07-28 11:20:41.008
!MESSAGE 读取启动配置文件 F:\code\vibe_project\rollerball\M33\libraries\components\mtb-device-support-pse8xxgp\make\make\scripts\interface_version_4\eclipse\CM33\flash\virgin\JLink\any\&&_PRJ_NAME&& Erase All (JLink).launch 时发生了 org.xml.sax.SAXParseException; lineNumber: 3; columnNumber: 66; 在实体引用中, 实体名称必须紧跟在 '&' 后面。。
!STACK 0
org.xml.sax.SAXParseException; lineNumber: 3; columnNumber: 66; 在实体引用中, 实体名称必须紧跟在 '&' 后面。
	at com.sun.org.apache.xerces.internal.util.ErrorHandlerWrapper.createSAXParseException(ErrorHandlerWrapper.java:203)
	at com.sun.org.apache.xerces.internal.util.ErrorHandlerWrapper.fatalError(ErrorHandlerWrapper.java:177)
	at com.sun.org.apache.xerces.internal.impl.XMLErrorReporter.reportError(XMLErrorReporter.java:400)
	at com.sun.org.apache.xerces.internal.impl.XMLErrorReporter.reportError(XMLErrorReporter.java:327)
	at com.sun.org.apache.xerces.internal.impl.XMLScanner.reportFatalError(XMLScanner.java:1472)
	at com.sun.org.apache.xerces.internal.impl.XMLScanner.scanAttributeValue(XMLScanner.java:908)
	at com.sun.org.apache.xerces.internal.impl.XMLDocumentFragmentScannerImpl.scanAttribute(XMLDocumentFragmentScannerImpl.java:1548)
	at com.sun.org.apache.xerces.internal.impl.XMLDocumentFragmentScannerImpl.scanStartElement(XMLDocumentFragmentScannerImpl.java:1315)
	at com.sun.org.apache.xerces.internal.impl.XMLDocumentFragmentScannerImpl$FragmentContentDriver.next(XMLDocumentFragmentScannerImpl.java:2784)
	at com.sun.org.apache.xerces.internal.impl.XMLDocumentScannerImpl.next(XMLDocumentScannerImpl.java:602)
	at com.sun.org.apache.xerces.internal.impl.XMLDocumentFragmentScannerImpl.scanDocument(XMLDocumentFragmentScannerImpl.java:505)
	at com.sun.org.apache.xerces.internal.parsers.XML11Configuration.parse(XML11Configuration.java:841)
	at com.sun.org.apache.xerces.internal.parsers.XML11Configuration.parse(XML11Configuration.java:770)
	at com.sun.org.apache.xerces.internal.parsers.XMLParser.parse(XMLParser.java:141)
	at com.sun.org.apache.xerces.internal.parsers.DOMParser.parse(DOMParser.java:243)
	at com.sun.org.apache.xerces.internal.jaxp.DocumentBuilderImpl.parse(DocumentBuilderImpl.java:339)
	at org.eclipse.debug.internal.core.LaunchManager.createInfoFromXML(LaunchManager.java:935)
	at org.eclipse.debug.internal.core.LaunchManager.getInfo(LaunchManager.java:1359)
	at org.eclipse.debug.internal.core.LaunchConfiguration.getInfo(LaunchConfiguration.java:490)
	at org.eclipse.debug.internal.core.LaunchConfiguration.getType(LaunchConfiguration.java:645)
	at org.eclipse.debug.internal.core.LaunchManager.isValid(LaunchManager.java:2091)
	at org.eclipse.debug.internal.core.LaunchManager.verifyConfigurations(LaunchManager.java:2462)
	at org.eclipse.debug.internal.core.LaunchManager.getAllLaunchConfigurations(LaunchManager.java:1140)
	at org.eclipse.debug.internal.core.LaunchManager.getLaunchConfigurations(LaunchManager.java:1444)
	at org.eclipse.debug.internal.core.LaunchManager.getLaunchConfigurations(LaunchManager.java:1439)
	at org.eclipse.launchbar.core.internal.LaunchBarManager.init(LaunchBarManager.java:130)
	at org.eclipse.launchbar.core.internal.LaunchBarManager$1.run(LaunchBarManager.java:96)
	at org.eclipse.core.internal.jobs.Worker.run(Worker.java:63)

!ENTRY org.eclipse.debug.core 4 125 2026-07-28 11:20:41.008
!MESSAGE 调试核心所记录的错误：
!STACK 1
org.eclipse.debug.core.DebugException: 读取启动配置文件 F:\code\vibe_project\rollerball\M33\libraries\components\mtb-device-support-pse8xxgp\make\make\scripts\interface_version_4\eclipse\CM33\flash\virgin\JLink\any\&&_PRJ_NAME&& Erase Device (JLink).launch 时发生了 org.xml.sax.SAXParseException; lineNumber: 3; columnNumber: 66; 在实体引用中, 实体名称必须紧跟在 '&' 后面。。
	at org.eclipse.debug.internal.core.LaunchManager.createDebugException(LaunchManager.java:886)
	at org.eclipse.debug.internal.core.LaunchManager.throwException(LaunchManager.java:2448)
	at org.eclipse.debug.internal.core.LaunchManager.getInfo(LaunchManager.java:1366)
	at org.eclipse.debug.internal.core.LaunchConfiguration.getInfo(LaunchConfiguration.java:490)
	at org.eclipse.debug.internal.core.LaunchConfiguration.getType(LaunchConfiguration.java:645)
	at org.eclipse.debug.internal.core.LaunchManager.isValid(LaunchManager.java:2091)
	at org.eclipse.debug.internal.core.LaunchManager.verifyConfigurations(LaunchManager.java:2462)
	at org.eclipse.debug.internal.core.LaunchManager.getAllLaunchConfigurations(LaunchManager.java:1140)
	at org.eclipse.debug.internal.core.LaunchManager.getLaunchConfigurations(LaunchManager.java:1444)
	at org.eclipse.debug.internal.core.LaunchManager.getLaunchConfigurations(LaunchManager.java:1439)
	at org.eclipse.launchbar.core.internal.LaunchBarManager.init(LaunchBarManager.java:130)
	at org.eclipse.launchbar.core.internal.LaunchBarManager$1.run(LaunchBarManager.java:96)
	at org.eclipse.core.internal.jobs.Worker.run(Worker.java:63)
Caused by: org.xml.sax.SAXParseException; lineNumber: 3; columnNumber: 66; 在实体引用中, 实体名称必须紧跟在 '&' 后面。
	at com.sun.org.apache.xerces.internal.util.ErrorHandlerWrapper.createSAXParseException(ErrorHandlerWrapper.java:203)
	at com.sun.org.apache.xerces.internal.util.ErrorHandlerWrapper.fatalError(ErrorHandlerWrapper.java:177)
	at com.sun.org.apache.xerces.internal.impl.XMLErrorReporter.reportError(XMLErrorReporter.java:400)
	at com.sun.org.apache.xerces.internal.impl.XMLErrorReporter.reportError(XMLErrorReporter.java:327)
	at com.sun.org.apache.xerces.internal.impl.XMLScanner.reportFatalError(XMLScanner.java:1472)
	at com.sun.org.apache.xerces.internal.impl.XMLScanner.scanAttributeValue(XMLScanner.java:908)
	at com.sun.org.apache.xerces.internal.impl.XMLDocumentFragmentScannerImpl.scanAttribute(XMLDocumentFragmentScannerImpl.java:1548)
	at com.sun.org.apache.xerces.internal.impl.XMLDocumentFragmentScannerImpl.scanStartElement(XMLDocumentFragmentScannerImpl.java:1315)
	at com.sun.org.apache.xerces.internal.impl.XMLDocumentFragmentScannerImpl$FragmentContentDriver.next(XMLDocumentFragmentScannerImpl.java:2784)
	at com.sun.org.apache.xerces.internal.impl.XMLDocumentScannerImpl.next(XMLDocumentScannerImpl.java:602)
	at com.sun.org.apache.xerces.internal.impl.XMLDocumentFragmentScannerImpl.scanDocument(XMLDocumentFragmentScannerImpl.java:505)
	at com.sun.org.apache.xerces.internal.parsers.XML11Configuration.parse(XML11Configuration.java:841)
	at com.sun.org.apache.xerces.internal.parsers.XML11Configuration.parse(XML11Configuration.java:770)
	at com.sun.org.apache.xerces.internal.parsers.XMLParser.parse(XMLParser.java:141)
	at com.sun.org.apache.xerces.internal.parsers.DOMParser.parse(DOMParser.java:243)
	at com.sun.org.apache.xerces.internal.jaxp.DocumentBuilderImpl.parse(DocumentBuilderImpl.java:339)
	at org.eclipse.debug.internal.core.LaunchManager.createInfoFromXML(LaunchManager.java:935)
	at org.eclipse.debug.internal.core.LaunchManager.getInfo(LaunchManager.java:1359)
	... 10 more
!SUBENTRY 1 org.eclipse.debug.core 4 5012 2026-07-28 11:20:41.008
!MESSAGE 读取启动配置文件 F:\code\vibe_project\rollerball\M33\libraries\components\mtb-device-support-pse8xxgp\make\make\scripts\interface_version_4\eclipse\CM33\flash\virgin\JLink\any\&&_PRJ_NAME&& Erase Device (JLink).launch 时发生了 org.xml.sax.SAXParseException; lineNumber: 3; columnNumber: 66; 在实体引用中, 实体名称必须紧跟在 '&' 后面。。
!STACK 0
org.xml.sax.SAXParseException; lineNumber: 3; columnNumber: 66; 在实体引用中, 实体名称必须紧跟在 '&' 后面。
	at com.sun.org.apache.xerces.internal.util.ErrorHandlerWrapper.createSAXParseException(ErrorHandlerWrapper.java:203)
	at com.sun.org.apache.xerces.internal.util.ErrorHandlerWrapper.fatalError(ErrorHandlerWrapper.java:177)
	at com.sun.org.apache.xerces.internal.impl.XMLErrorReporter.reportError(XMLErrorReporter.java:400)
	at com.sun.org.apache.xerces.internal.impl.XMLErrorReporter.reportError(XMLErrorReporter.java:327)
	at com.sun.org.apache.xerces.internal.impl.XMLScanner.reportFatalError(XMLScanner.java:1472)
	at com.sun.org.apache.xerces.internal.impl.XMLScanner.scanAttributeValue(XMLScanner.java:908)
	at com.sun.org.apache.xerces.internal.impl.XMLDocumentFragmentScannerImpl.scanAttribute(XMLDocumentFragmentScannerImpl.java:1548)
	at com.sun.org.apache.xerces.internal.impl.XMLDocumentFragmentScannerImpl.scanStartElement(XMLDocumentFragmentScannerImpl.java:1315)
	at com.sun.org.apache.xerces.internal.impl.XMLDocumentFragmentScannerImpl$FragmentContentDriver.next(XMLDocumentFragmentScannerImpl.java:2784)
	at com.sun.org.apache.xerces.internal.impl.XMLDocumentScannerImpl.next(XMLDocumentScannerImpl.java:602)
	at com.sun.org.apache.xerces.internal.impl.XMLDocumentFragmentScannerImpl.scanDocument(XMLDocumentFragmentScannerImpl.java:505)
	at com.sun.org.apache.xerces.internal.parsers.XML11Configuration.parse(XML11Configuration.java:841)
	at com.sun.org.apache.xerces.internal.parsers.XML11Configuration.parse(XML11Configuration.java:770)
	at com.sun.org.apache.xerces.internal.parsers.XMLParser.parse(XMLParser.java:141)
	at com.sun.org.apache.xerces.internal.parsers.DOMParser.parse(DOMParser.java:243)
	at com.sun.org.apache.xerces.internal.jaxp.DocumentBuilderImpl.parse(DocumentBuilderImpl.java:339)
	at org.eclipse.debug.internal.core.LaunchManager.createInfoFromXML(LaunchManager.java:935)
	at org.eclipse.debug.internal.core.LaunchManager.getInfo(LaunchManager.java:1359)
	at org.eclipse.debug.internal.core.LaunchConfiguration.getInfo(LaunchConfiguration.java:490)
	at org.eclipse.debug.internal.core.LaunchConfiguration.getType(LaunchConfiguration.java:645)
	at org.eclipse.debug.internal.core.LaunchManager.isValid(LaunchManager.java:2091)
	at org.eclipse.debug.internal.core.LaunchManager.verifyConfigurations(LaunchManager.java:2462)
	at org.eclipse.debug.internal.core.LaunchManager.getAllLaunchConfigurations(LaunchManager.java:1140)
	at org.eclipse.debug.internal.core.LaunchManager.getLaunchConfigurations(LaunchManager.java:1444)
	at org.eclipse.debug.internal.core.LaunchManager.getLaunchConfigurations(LaunchManager.java:1439)
	at org.eclipse.launchbar.core.internal.LaunchBarManager.init(LaunchBarManager.java:130)
	at org.eclipse.launchbar.core.internal.LaunchBarManager$1.run(LaunchBarManager.java:96)
	at org.eclipse.core.internal.jobs.Worker.run(Worker.java:63)

!ENTRY org.eclipse.debug.core 4 125 2026-07-28 11:20:41.013
!MESSAGE 调试核心所记录的错误：
!STACK 1
org.eclipse.debug.core.DebugException: 读取启动配置文件 F:\code\vibe_project\rollerball\M33\libraries\components\mtb-device-support-pse8xxgp\make\make\scripts\interface_version_4\eclipse\CM33\flash\virgin\JLink\combine_sign\Debug (JLink).launch 时发生了 org.xml.sax.SAXParseException; lineNumber: 3; columnNumber: 66; 在实体引用中, 实体名称必须紧跟在 '&' 后面。。
	at org.eclipse.debug.internal.core.LaunchManager.createDebugException(LaunchManager.java:886)
	at org.eclipse.debug.internal.core.LaunchManager.throwException(LaunchManager.java:2448)
	at org.eclipse.debug.internal.core.LaunchManager.getInfo(LaunchManager.java:1366)
	at org.eclipse.debug.internal.core.LaunchConfiguration.getInfo(LaunchConfiguration.java:490)
	at org.eclipse.debug.internal.core.LaunchConfiguration.getType(LaunchConfiguration.java:645)
	at org.eclipse.debug.internal.core.LaunchManager.isValid(LaunchManager.java:2091)
	at org.eclipse.debug.internal.core.LaunchManager.verifyConfigurations(LaunchManager.java:2462)
	at org.eclipse.debug.internal.core.LaunchManager.getAllLaunchConfigurations(LaunchManager.java:1140)
	at org.eclipse.debug.internal.core.LaunchManager.getLaunchConfigurations(LaunchManager.java:1444)
	at org.eclipse.debug.internal.core.LaunchManager.getLaunchConfigurations(LaunchManager.java:1439)
	at org.eclipse.launchbar.core.internal.LaunchBarManager.init(LaunchBarManager.java:130)
	at org.eclipse.launchbar.core.internal.LaunchBarManager$1.run(LaunchBarManager.java:96)
	at org.eclipse.core.internal.jobs.Worker.run(Worker.java:63)
Caused by: org.xml.sax.SAXParseException; lineNumber: 3; columnNumber: 66; 在实体引用中, 实体名称必须紧跟在 '&' 后面。
	at com.sun.org.apache.xerces.internal.util.ErrorHandlerWrapper.createSAXParseException(ErrorHandlerWrapper.java:203)
	at com.sun.org.apache.xerces.internal.util.ErrorHandlerWrapper.fatalError(ErrorHandlerWrapper.java:177)
	at com.sun.org.apache.xerces.internal.impl.XMLErrorReporter.reportError(XMLErrorReporter.java:400)
	at com.sun.org.apache.xerces.internal.impl.XMLErrorReporter.reportError(XMLErrorReporter.java:327)
	at com.sun.org.apache.xerces.internal.impl.XMLScanner.reportFatalError(XMLScanner.java:1472)
	at com.sun.org.apache.xerces.internal.impl.XMLScanner.scanAttributeValue(XMLScanner.java:908)
	at com.sun.org.apache.xerces.internal.impl.XMLDocumentFragmentScannerImpl.scanAttribute(XMLDocumentFragmentScannerImpl.java:1548)
	at com.sun.org.apache.xerces.internal.impl.XMLDocumentFragmentScannerImpl.scanStartElement(XMLDocumentFragmentScannerImpl.java:1315)
	at com.sun.org.apache.xerces.internal.impl.XMLDocumentFragmentScannerImpl$FragmentContentDriver.next(XMLDocumentFragmentScannerImpl.java:2784)
	at com.sun.org.apache.xerces.internal.impl.XMLDocumentScannerImpl.next(XMLDocumentScannerImpl.java:602)
	at com.sun.org.apache.xerces.internal.impl.XMLDocumentFragmentScannerImpl.scanDocument(XMLDocumentFragmentScannerImpl.java:505)
	at com.sun.org.apache.xerces.internal.parsers.XML11Configuration.parse(XML11Configuration.java:841)
	at com.sun.org.apache.xerces.internal.parsers.XML11Configuration.parse(XML11Configuration.java:770)
	at com.sun.org.apache.xerces.internal.parsers.XMLParser.parse(XMLParser.java:141)
	at com.sun.org.apache.xerces.internal.parsers.DOMParser.parse(DOMParser.java:243)
	at com.sun.org.apache.xerces.internal.jaxp.DocumentBuilderImpl.parse(DocumentBuilderImpl.java:339)
	at org.eclipse.debug.internal.core.LaunchManager.createInfoFromXML(LaunchManager.java:935)
	at org.eclipse.debug.internal.core.LaunchManager.getInfo(LaunchManager.java:1359)
	... 10 more
!SUBENTRY 1 org.eclipse.debug.core 4 5012 2026-07-28 11:20:41.013
!MESSAGE 读取启动配置文件 F:\code\vibe_project\rollerball\M33\libraries\components\mtb-device-support-pse8xxgp\make\make\scripts\interface_version_4\eclipse\CM33\flash\virgin\JLink\combine_sign\Debug (JLink).launch 时发生了 org.xml.sax.SAXParseException; lineNumber: 3; columnNumber: 66; 在实体引用中, 实体名称必须紧跟在 '&' 后面。。
!STACK 0
org.xml.sax.SAXParseException; lineNumber: 3; columnNumber: 66; 在实体引用中, 实体名称必须紧跟在 '&' 后面。
	at com.sun.org.apache.xerces.internal.util.ErrorHandlerWrapper.createSAXParseException(ErrorHandlerWrapper.java:203)
	at com.sun.org.apache.xerces.internal.util.ErrorHandlerWrapper.fatalError(ErrorHandlerWrapper.java:177)
	at com.sun.org.apache.xerces.internal.impl.XMLErrorReporter.reportError(XMLErrorReporter.java:400)
	at com.sun.org.apache.xerces.internal.impl.XMLErrorReporter.reportError(XMLErrorReporter.java:327)
	at com.sun.org.apache.xerces.internal.impl.XMLScanner.reportFatalError(XMLScanner.java:1472)
	at com.sun.org.apache.xerces.internal.impl.XMLScanner.scanAttributeValue(XMLScanner.java:908)
	at com.sun.org.apache.xerces.internal.impl.XMLDocumentFragmentScannerImpl.scanAttribute(XMLDocumentFragmentScannerImpl.java:1548)
	at com.sun.org.apache.xerces.internal.impl.XMLDocumentFragmentScannerImpl.scanStartElement(XMLDocumentFragmentScannerImpl.java:1315)
	at com.sun.org.apache.xerces.internal.impl.XMLDocumentFragmentScannerImpl$FragmentContentDriver.next(XMLDocumentFragmentScannerImpl.java:2784)
	at com.sun.org.apache.xerces.internal.impl.XMLDocumentScannerImpl.next(XMLDocumentScannerImpl.java:602)
	at com.sun.org.apache.xerces.internal.impl.XMLDocumentFragmentScannerImpl.scanDocument(XMLDocumentFragmentScannerImpl.java:505)
	at com.sun.org.apache.xerces.internal.parsers.XML11Configuration.parse(XML11Configuration.java:841)
	at com.sun.org.apache.xerces.internal.parsers.XML11Configuration.parse(XML11Configuration.java:770)
	at com.sun.org.apache.xerces.internal.parsers.XMLParser.parse(XMLParser.java:141)
	at com.sun.org.apache.xerces.internal.parsers.DOMParser.parse(DOMParser.java:243)
	at com.sun.org.apache.xerces.internal.jaxp.DocumentBuilderImpl.parse(DocumentBuilderImpl.java:339)
	at org.eclipse.debug.internal.core.LaunchManager.createInfoFromXML(LaunchManager.java:935)
	at org.eclipse.debug.internal.core.LaunchManager.getInfo(LaunchManager.java:1359)
	at org.eclipse.debug.internal.core.LaunchConfiguration.getInfo(LaunchConfiguration.java:490)
	at org.eclipse.debug.internal.core.LaunchConfiguration.getType(LaunchConfiguration.java:645)
	at org.eclipse.debug.internal.core.LaunchManager.isValid(LaunchManager.java:2091)
	at org.eclipse.debug.internal.core.LaunchManager.verifyConfigurations(LaunchManager.java:2462)
	at org.eclipse.debug.internal.core.LaunchManager.getAllLaunchConfigurations(LaunchManager.java:1140)
	at org.eclipse.debug.internal.core.LaunchManager.getLaunchConfigurations(LaunchManager.java:1444)
	at org.eclipse.debug.internal.core.LaunchManager.getLaunchConfigurations(LaunchManager.java:1439)
	at org.eclipse.launchbar.core.internal.LaunchBarManager.init(LaunchBarManager.java:130)
	at org.eclipse.launchbar.core.internal.LaunchBarManager$1.run(LaunchBarManager.java:96)
	at org.eclipse.core.internal.jobs.Worker.run(Worker.java:63)

!ENTRY org.eclipse.debug.core 4 125 2026-07-28 11:20:41.015
!MESSAGE 调试核心所记录的错误：
!STACK 1
org.eclipse.debug.core.DebugException: 读取启动配置文件 F:\code\vibe_project\rollerball\M33\libraries\components\mtb-device-support-pse8xxgp\make\make\scripts\interface_version_4\eclipse\CM33\flash\virgin\JLink\multi\&&_PRJ_NAME&& Debug Multicore (JLink).launch 时发生了 org.xml.sax.SAXParseException; lineNumber: 3; columnNumber: 66; 在实体引用中, 实体名称必须紧跟在 '&' 后面。。
	at org.eclipse.debug.internal.core.LaunchManager.createDebugException(LaunchManager.java:886)
	at org.eclipse.debug.internal.core.LaunchManager.throwException(LaunchManager.java:2448)
	at org.eclipse.debug.internal.core.LaunchManager.getInfo(LaunchManager.java:1366)
	at org.eclipse.debug.internal.core.LaunchConfiguration.getInfo(LaunchConfiguration.java:490)
	at org.eclipse.debug.internal.core.LaunchConfiguration.getType(LaunchConfiguration.java:645)
	at org.eclipse.debug.internal.core.LaunchManager.isValid(LaunchManager.java:2091)
	at org.eclipse.debug.internal.core.LaunchManager.verifyConfigurations(LaunchManager.java:2462)
	at org.eclipse.debug.internal.core.LaunchManager.getAllLaunchConfigurations(LaunchManager.java:1140)
	at org.eclipse.debug.internal.core.LaunchManager.getLaunchConfigurations(LaunchManager.java:1444)
	at org.eclipse.debug.internal.core.LaunchManager.getLaunchConfigurations(LaunchManager.java:1439)
	at org.eclipse.launchbar.core.internal.LaunchBarManager.init(LaunchBarManager.java:130)
	at org.eclipse.launchbar.core.internal.LaunchBarManager$1.run(LaunchBarManager.java:96)
	at org.eclipse.core.internal.jobs.Worker.run(Worker.java:63)
Caused by: org.xml.sax.SAXParseException; lineNumber: 3; columnNumber: 66; 在实体引用中, 实体名称必须紧跟在 '&' 后面。
	at com.sun.org.apache.xerces.internal.util.ErrorHandlerWrapper.createSAXParseException(ErrorHandlerWrapper.java:203)
	at com.sun.org.apache.xerces.internal.util.ErrorHandlerWrapper.fatalError(ErrorHandlerWrapper.java:177)
	at com.sun.org.apache.xerces.internal.impl.XMLErrorReporter.reportError(XMLErrorReporter.java:400)
	at com.sun.org.apache.xerces.internal.impl.XMLErrorReporter.reportError(XMLErrorReporter.java:327)
	at com.sun.org.apache.xerces.internal.impl.XMLScanner.reportFatalError(XMLScanner.java:1472)
	at com.sun.org.apache.xerces.internal.impl.XMLScanner.scanAttributeValue(XMLScanner.java:908)
	at com.sun.org.apache.xerces.internal.impl.XMLDocumentFragmentScannerImpl.scanAttribute(XMLDocumentFragmentScannerImpl.java:1548)
	at com.sun.org.apache.xerces.internal.impl.XMLDocumentFragmentScannerImpl.scanStartElement(XMLDocumentFragmentScannerImpl.java:1315)
	at com.sun.org.apache.xerces.internal.impl.XMLDocumentFragmentScannerImpl$FragmentContentDriver.next(XMLDocumentFragmentScannerImpl.java:2784)
	at com.sun.org.apache.xerces.internal.impl.XMLDocumentScannerImpl.next(XMLDocumentScannerImpl.java:602)
	at com.sun.org.apache.xerces.internal.impl.XMLDocumentFragmentScannerImpl.scanDocument(XMLDocumentFragmentScannerImpl.java:505)
	at com.sun.org.apache.xerces.internal.parsers.XML11Configuration.parse(XML11Configuration.java:841)
	at com.sun.org.apache.xerces.internal.parsers.XML11Configuration.parse(XML11Configuration.java:770)
	at com.sun.org.apache.xerces.internal.parsers.XMLParser.parse(XMLParser.java:141)
	at com.sun.org.apache.xerces.internal.parsers.DOMParser.parse(DOMParser.java:243)
	at com.sun.org.apache.xerces.internal.jaxp.DocumentBuilderImpl.parse(DocumentBuilderImpl.java:339)
	at org.eclipse.debug.internal.core.LaunchManager.createInfoFromXML(LaunchManager.java:935)
	at org.eclipse.debug.internal.core.LaunchManager.getInfo(LaunchManager.java:1359)
	... 10 more
!SUBENTRY 1 org.eclipse.debug.core 4 5012 2026-07-28 11:20:41.015
!MESSAGE 读取启动配置文件 F:\code\vibe_project\rollerball\M33\libraries\components\mtb-device-support-pse8xxgp\make\make\scripts\interface_version_4\eclipse\CM33\flash\virgin\JLink\multi\&&_PRJ_NAME&& Debug Multicore (JLink).launch 时发生了 org.xml.sax.SAXParseException; lineNumber: 3; columnNumber: 66; 在实体引用中, 实体名称必须紧跟在 '&' 后面。。
!STACK 0
org.xml.sax.SAXParseException; lineNumber: 3; columnNumber: 66; 在实体引用中, 实体名称必须紧跟在 '&' 后面。
	at com.sun.org.apache.xerces.internal.util.ErrorHandlerWrapper.createSAXParseException(ErrorHandlerWrapper.java:203)
	at com.sun.org.apache.xerces.internal.util.ErrorHandlerWrapper.fatalError(ErrorHandlerWrapper.java:177)
	at com.sun.org.apache.xerces.internal.impl.XMLErrorReporter.reportError(XMLErrorReporter.java:400)
	at com.sun.org.apache.xerces.internal.impl.XMLErrorReporter.reportError(XMLErrorReporter.java:327)
	at com.sun.org.apache.xerces.internal.impl.XMLScanner.reportFatalError(XMLScanner.java:1472)
	at com.sun.org.apache.xerces.internal.impl.XMLScanner.scanAttributeValue(XMLScanner.java:908)
	at com.sun.org.apache.xerces.internal.impl.XMLDocumentFragmentScannerImpl.scanAttribute(XMLDocumentFragmentScannerImpl.java:1548)
	at com.sun.org.apache.xerces.internal.impl.XMLDocumentFragmentScannerImpl.scanStartElement(XMLDocumentFragmentScannerImpl.java:1315)
	at com.sun.org.apache.xerces.internal.impl.XMLDocumentFragmentScannerImpl$FragmentContentDriver.next(XMLDocumentFragmentScannerImpl.java:2784)
	at com.sun.org.apache.xerces.internal.impl.XMLDocumentScannerImpl.next(XMLDocumentScannerImpl.java:602)
	at com.sun.org.apache.xerces.internal.impl.XMLDocumentFragmentScannerImpl.scanDocument(XMLDocumentFragmentScannerImpl.java:505)
	at com.sun.org.apache.xerces.internal.parsers.XML11Configuration.parse(XML11Configuration.java:841)
	at com.sun.org.apache.xerces.internal.parsers.XML11Configuration.parse(XML11Configuration.java:770)
	at com.sun.org.apache.xerces.internal.parsers.XMLParser.parse(XMLParser.java:141)
	at com.sun.org.apache.xerces.internal.parsers.DOMParser.parse(DOMParser.java:243)
	at com.sun.org.apache.xerces.internal.jaxp.DocumentBuilderImpl.parse(DocumentBuilderImpl.java:339)
	at org.eclipse.debug.internal.core.LaunchManager.createInfoFromXML(LaunchManager.java:935)
	at org.eclipse.debug.internal.core.LaunchManager.getInfo(LaunchManager.java:1359)
	at org.eclipse.debug.internal.core.LaunchConfiguration.getInfo(LaunchConfiguration.java:490)
	at org.eclipse.debug.internal.core.LaunchConfiguration.getType(LaunchConfiguration.java:645)
	at org.eclipse.debug.internal.core.LaunchManager.isValid(LaunchManager.java:2091)
	at org.eclipse.debug.internal.core.LaunchManager.verifyConfigurations(LaunchManager.java:2462)
	at org.eclipse.debug.internal.core.LaunchManager.getAllLaunchConfigurations(LaunchManager.java:1140)
	at org.eclipse.debug.internal.core.LaunchManager.getLaunchConfigurations(LaunchManager.java:1444)
	at org.eclipse.debug.internal.core.LaunchManager.getLaunchConfigurations(LaunchManager.java:1439)
	at org.eclipse.launchbar.core.internal.LaunchBarManager.init(LaunchBarManager.java:130)
	at org.eclipse.launchbar.core.internal.LaunchBarManager$1.run(LaunchBarManager.java:96)
	at org.eclipse.core.internal.jobs.Worker.run(Worker.java:63)

!ENTRY org.eclipse.debug.core 4 125 2026-07-28 11:20:41.017
!MESSAGE 调试核心所记录的错误：
!STACK 1
org.eclipse.debug.core.DebugException: 读取启动配置文件 F:\code\vibe_project\rollerball\M33\libraries\components\mtb-device-support-pse8xxgp\make\make\scripts\interface_version_4\eclipse\CM33\flash\virgin\JLink\single\&&_PRJ_NAME&& Program (JLink).launch 时发生了 org.xml.sax.SAXParseException; lineNumber: 3; columnNumber: 66; 在实体引用中, 实体名称必须紧跟在 '&' 后面。。
	at org.eclipse.debug.internal.core.LaunchManager.createDebugException(LaunchManager.java:886)
	at org.eclipse.debug.internal.core.LaunchManager.throwException(LaunchManager.java:2448)
	at org.eclipse.debug.internal.core.LaunchManager.getInfo(LaunchManager.java:1366)
	at org.eclipse.debug.internal.core.LaunchConfiguration.getInfo(LaunchConfiguration.java:490)
	at org.eclipse.debug.internal.core.LaunchConfiguration.getType(LaunchConfiguration.java:645)
	at org.eclipse.debug.internal.core.LaunchManager.isValid(LaunchManager.java:2091)
	at org.eclipse.debug.internal.core.LaunchManager.verifyConfigurations(LaunchManager.java:2462)
	at org.eclipse.debug.internal.core.LaunchManager.getAllLaunchConfigurations(LaunchManager.java:1140)
	at org.eclipse.debug.internal.core.LaunchManager.getLaunchConfigurations(LaunchManager.java:1444)
	at org.eclipse.debug.internal.core.LaunchManager.getLaunchConfigurations(LaunchManager.java:1439)
	at org.eclipse.launchbar.core.internal.LaunchBarManager.init(LaunchBarManager.java:130)
	at org.eclipse.launchbar.core.internal.LaunchBarManager$1.run(LaunchBarManager.java:96)
	at org.eclipse.core.internal.jobs.Worker.run(Worker.java:63)
Caused by: org.xml.sax.SAXParseException; lineNumber: 3; columnNumber: 66; 在实体引用中, 实体名称必须紧跟在 '&' 后面。
	at com.sun.org.apache.xerces.internal.util.ErrorHandlerWrapper.createSAXParseException(ErrorHandlerWrapper.java:203)
	at com.sun.org.apache.xerces.internal.util.ErrorHandlerWrapper.fatalError(ErrorHandlerWrapper.java:177)
	at com.sun.org.apache.xerces.internal.impl.XMLErrorReporter.reportError(XMLErrorReporter.java:400)
	at com.sun.org.apache.xerces.internal.impl.XMLErrorReporter.reportError(XMLErrorReporter.java:327)
	at com.sun.org.apache.xerces.internal.impl.XMLScanner.reportFatalError(XMLScanner.java:1472)
	at com.sun.org.apache.xerces.internal.impl.XMLScanner.scanAttributeValue(XMLScanner.java:908)
	at com.sun.org.apache.xerces.internal.impl.XMLDocumentFragmentScannerImpl.scanAttribute(XMLDocumentFragmentScannerImpl.java:1548)
	at com.sun.org.apache.xerces.internal.impl.XMLDocumentFragmentScannerImpl.scanStartElement(XMLDocumentFragmentScannerImpl.java:1315)
	at com.sun.org.apache.xerces.internal.impl.XMLDocumentFragmentScannerImpl$FragmentContentDriver.next(XMLDocumentFragmentScannerImpl.java:2784)
	at com.sun.org.apache.xerces.internal.impl.XMLDocumentScannerImpl.next(XMLDocumentScannerImpl.java:602)
	at com.sun.org.apache.xerces.internal.impl.XMLDocumentFragmentScannerImpl.scanDocument(XMLDocumentFragmentScannerImpl.java:505)
	at com.sun.org.apache.xerces.internal.parsers.XML11Configuration.parse(XML11Configuration.java:841)
	at com.sun.org.apache.xerces.internal.parsers.XML11Configuration.parse(XML11Configuration.java:770)
	at com.sun.org.apache.xerces.internal.parsers.XMLParser.parse(XMLParser.java:141)
	at com.sun.org.apache.xerces.internal.parsers.DOMParser.parse(DOMParser.java:243)
	at com.sun.org.apache.xerces.internal.jaxp.DocumentBuilderImpl.parse(DocumentBuilderImpl.java:339)
	at org.eclipse.debug.internal.core.LaunchManager.createInfoFromXML(LaunchManager.java:935)
	at org.eclipse.debug.internal.core.LaunchManager.getInfo(LaunchManager.java:1359)
	... 10 more
!SUBENTRY 1 org.eclipse.debug.core 4 5012 2026-07-28 11:20:41.017
!MESSAGE 读取启动配置文件 F:\code\vibe_project\rollerball\M33\libraries\components\mtb-device-support-pse8xxgp\make\make\scripts\interface_version_4\eclipse\CM33\flash\virgin\JLink\single\&&_PRJ_NAME&& Program (JLink).launch 时发生了 org.xml.sax.SAXParseException; lineNumber: 3; columnNumber: 66; 在实体引用中, 实体名称必须紧跟在 '&' 后面。。
!STACK 0
org.xml.sax.SAXParseException; lineNumber: 3; columnNumber: 66; 在实体引用中, 实体名称必须紧跟在 '&' 后面。
	at com.sun.org.apache.xerces.internal.util.ErrorHandlerWrapper.createSAXParseException(ErrorHandlerWrapper.java:203)
	at com.sun.org.apache.xerces.internal.util.ErrorHandlerWrapper.fatalError(ErrorHandlerWrapper.java:177)
	at com.sun.org.apache.xerces.internal.impl.XMLErrorReporter.reportError(XMLErrorReporter.java:400)
	at com.sun.org.apache.xerces.internal.impl.XMLErrorReporter.reportError(XMLErrorReporter.java:327)
	at com.sun.org.apache.xerces.internal.impl.XMLScanner.reportFatalError(XMLScanner.java:1472)
	at com.sun.org.apache.xerces.internal.impl.XMLScanner.scanAttributeValue(XMLScanner.java:908)
	at com.sun.org.apache.xerces.internal.impl.XMLDocumentFragmentScannerImpl.scanAttribute(XMLDocumentFragmentScannerImpl.java:1548)
	at com.sun.org.apache.xerces.internal.impl.XMLDocumentFragmentScannerImpl.scanStartElement(XMLDocumentFragmentScannerImpl.java:1315)
	at com.sun.org.apache.xerces.internal.impl.XMLDocumentFragmentScannerImpl$FragmentContentDriver.next(XMLDocumentFragmentScannerImpl.java:2784)
	at com.sun.org.apache.xerces.internal.impl.XMLDocumentScannerImpl.next(XMLDocumentScannerImpl.java:602)
	at com.sun.org.apache.xerces.internal.impl.XMLDocumentFragmentScannerImpl.scanDocument(XMLDocumentFragmentScannerImpl.java:505)
	at com.sun.org.apache.xerces.internal.parsers.XML11Configuration.parse(XML11Configuration.java:841)
	at com.sun.org.apache.xerces.internal.parsers.XML11Configuration.parse(XML11Configuration.java:770)
	at com.sun.org.apache.xerces.internal.parsers.XMLParser.parse(XMLParser.java:141)
	at com.sun.org.apache.xerces.internal.parsers.DOMParser.parse(DOMParser.java:243)
	at com.sun.org.apache.xerces.internal.jaxp.DocumentBuilderImpl.parse(DocumentBuilderImpl.java:339)
	at org.eclipse.debug.internal.core.LaunchManager.createInfoFromXML(LaunchManager.java:935)
	at org.eclipse.debug.internal.core.LaunchManager.getInfo(LaunchManager.java:1359)
	at org.eclipse.debug.internal.core.LaunchConfiguration.getInfo(LaunchConfiguration.java:490)
	at org.eclipse.debug.internal.core.LaunchConfiguration.getType(LaunchConfiguration.java:645)
	at org.eclipse.debug.internal.core.LaunchManager.isValid(LaunchManager.java:2091)
	at org.eclipse.debug.internal.core.LaunchManager.verifyConfigurations(LaunchManager.java:2462)
	at org.eclipse.debug.internal.core.LaunchManager.getAllLaunchConfigurations(LaunchManager.java:1140)
	at org.eclipse.debug.internal.core.LaunchManager.getLaunchConfigurations(LaunchManager.java:1444)
	at org.eclipse.debug.internal.core.LaunchManager.getLaunchConfigurations(LaunchManager.java:1439)
	at org.eclipse.launchbar.core.internal.LaunchBarManager.init(LaunchBarManager.java:130)
	at org.eclipse.launchbar.core.internal.LaunchBarManager$1.run(LaunchBarManager.java:96)
	at org.eclipse.core.internal.jobs.Worker.run(Worker.java:63)

!ENTRY org.eclipse.debug.core 4 125 2026-07-28 11:20:41.017
!MESSAGE 调试核心所记录的错误：
!STACK 1
org.eclipse.debug.core.DebugException: 读取启动配置文件 F:\code\vibe_project\rollerball\M33\libraries\components\mtb-device-support-pse8xxgp\make\make\scripts\interface_version_4\eclipse\CM33\flash\virgin\KitProg3\any\&&_PRJ_NAME&& Attach (KitProg3_MiniProg4).launch 时发生了 org.xml.sax.SAXParseException; lineNumber: 3; columnNumber: 66; 在实体引用中, 实体名称必须紧跟在 '&' 后面。。
	at org.eclipse.debug.internal.core.LaunchManager.createDebugException(LaunchManager.java:886)
	at org.eclipse.debug.internal.core.LaunchManager.throwException(LaunchManager.java:2448)
	at org.eclipse.debug.internal.core.LaunchManager.getInfo(LaunchManager.java:1366)
	at org.eclipse.debug.internal.core.LaunchConfiguration.getInfo(LaunchConfiguration.java:490)
	at org.eclipse.debug.internal.core.LaunchConfiguration.getType(LaunchConfiguration.java:645)
	at org.eclipse.debug.internal.core.LaunchManager.isValid(LaunchManager.java:2091)
	at org.eclipse.debug.internal.core.LaunchManager.verifyConfigurations(LaunchManager.java:2462)
	at org.eclipse.debug.internal.core.LaunchManager.getAllLaunchConfigurations(LaunchManager.java:1140)
	at org.eclipse.debug.internal.core.LaunchManager.getLaunchConfigurations(LaunchManager.java:1444)
	at org.eclipse.debug.internal.core.LaunchManager.getLaunchConfigurations(LaunchManager.java:1439)
	at org.eclipse.launchbar.core.internal.LaunchBarManager.init(LaunchBarManager.java:130)
	at org.eclipse.launchbar.core.internal.LaunchBarManager$1.run(LaunchBarManager.java:96)
	at org.eclipse.core.internal.jobs.Worker.run(Worker.java:63)
Caused by: org.xml.sax.SAXParseException; lineNumber: 3; columnNumber: 66; 在实体引用中, 实体名称必须紧跟在 '&' 后面。
	at com.sun.org.apache.xerces.internal.util.ErrorHandlerWrapper.createSAXParseException(ErrorHandlerWrapper.java:203)
	at com.sun.org.apache.xerces.internal.util.ErrorHandlerWrapper.fatalError(ErrorHandlerWrapper.java:177)
	at com.sun.org.apache.xerces.internal.impl.XMLErrorReporter.reportError(XMLErrorReporter.java:400)
	at com.sun.org.apache.xerces.internal.impl.XMLErrorReporter.reportError(XMLErrorReporter.java:327)
	at com.sun.org.apache.xerces.internal.impl.XMLScanner.reportFatalError(XMLScanner.java:1472)
	at com.sun.org.apache.xerces.internal.impl.XMLScanner.scanAttributeValue(XMLScanner.java:908)
	at com.sun.org.apache.xerces.internal.impl.XMLDocumentFragmentScannerImpl.scanAttribute(XMLDocumentFragmentScannerImpl.java:1548)
	at com.sun.org.apache.xerces.internal.impl.XMLDocumentFragmentScannerImpl.scanStartElement(XMLDocumentFragmentScannerImpl.java:1315)
	at com.sun.org.apache.xerces.internal.impl.XMLDocumentFragmentScannerImpl$FragmentContentDriver.next(XMLDocumentFragmentScannerImpl.java:2784)
	at com.sun.org.apache.xerces.internal.impl.XMLDocumentScannerImpl.next(XMLDocumentScannerImpl.java:602)
	at com.sun.org.apache.xerces.internal.impl.XMLDocumentFragmentScannerImpl.scanDocument(XMLDocumentFragmentScannerImpl.java:505)
	at com.sun.org.apache.xerces.internal.parsers.XML11Configuration.parse(XML11Configuration.java:841)
	at com.sun.org.apache.xerces.internal.parsers.XML11Configuration.parse(XML11Configuration.java:770)
	at com.sun.org.apache.xerces.internal.parsers.XMLParser.parse(XMLParser.java:141)
	at com.sun.org.apache.xerces.internal.parsers.DOMParser.parse(DOMParser.java:243)
	at com.sun.org.apache.xerces.internal.jaxp.DocumentBuilderImpl.parse(DocumentBuilderImpl.java:339)
	at org.eclipse.debug.internal.core.LaunchManager.createInfoFromXML(LaunchManager.java:935)
	at org.eclipse.debug.internal.core.LaunchManager.getInfo(LaunchManager.java:1359)
	... 10 more
!SUBENTRY 1 org.eclipse.debug.core 4 5012 2026-07-28 11:20:41.017
!MESSAGE 读取启动配置文件 F:\code\vibe_project\rollerball\M33\libraries\components\mtb-device-support-pse8xxgp\make\make\scripts\interface_version_4\eclipse\CM33\flash\virgin\KitProg3\any\&&_PRJ_NAME&& Attach (KitProg3_MiniProg4).launch 时发生了 org.xml.sax.SAXParseException; lineNumber: 3; columnNumber: 66; 在实体引用中, 实体名称必须紧跟在 '&' 后面。。
!STACK 0
org.xml.sax.SAXParseException; lineNumber: 3; columnNumber: 66; 在实体引用中, 实体名称必须紧跟在 '&' 后面。
	at com.sun.org.apache.xerces.internal.util.ErrorHandlerWrapper.createSAXParseException(ErrorHandlerWrapper.java:203)
	at com.sun.org.apache.xerces.internal.util.ErrorHandlerWrapper.fatalError(ErrorHandlerWrapper.java:177)
	at com.sun.org.apache.xerces.internal.impl.XMLErrorReporter.reportError(XMLErrorReporter.java:400)
	at com.sun.org.apache.xerces.internal.impl.XMLErrorReporter.reportError(XMLErrorReporter.java:327)
	at com.sun.org.apache.xerces.internal.impl.XMLScanner.reportFatalError(XMLScanner.java:1472)
	at com.sun.org.apache.xerces.internal.impl.XMLScanner.scanAttributeValue(XMLScanner.java:908)
	at com.sun.org.apache.xerces.internal.impl.XMLDocumentFragmentScannerImpl.scanAttribute(XMLDocumentFragmentScannerImpl.java:1548)
	at com.sun.org.apache.xerces.internal.impl.XMLDocumentFragmentScannerImpl.scanStartElement(XMLDocumentFragmentScannerImpl.java:1315)
	at com.sun.org.apache.xerces.internal.impl.XMLDocumentFragmentScannerImpl$FragmentContentDriver.next(XMLDocumentFragmentScannerImpl.java:2784)
	at com.sun.org.apache.xerces.internal.impl.XMLDocumentScannerImpl.next(XMLDocumentScannerImpl.java:602)
	at com.sun.org.apache.xerces.internal.impl.XMLDocumentFragmentScannerImpl.scanDocument(XMLDocumentFragmentScannerImpl.java:505)
	at com.sun.org.apache.xerces.internal.parsers.XML11Configuration.parse(XML11Configuration.java:841)
	at com.sun.org.apache.xerces.internal.parsers.XML11Configuration.parse(XML11Configuration.java:770)
	at com.sun.org.apache.xerces.internal.parsers.XMLParser.parse(XMLParser.java:141)
	at com.sun.org.apache.xerces.internal.parsers.DOMParser.parse(DOMParser.java:243)
	at com.sun.org.apache.xerces.internal.jaxp.DocumentBuilderImpl.parse(DocumentBuilderImpl.java:339)
	at org.eclipse.debug.internal.core.LaunchManager.createInfoFromXML(LaunchManager.java:935)
	at org.eclipse.debug.internal.core.LaunchManager.getInfo(LaunchManager.java:1359)
	at org.eclipse.debug.internal.core.LaunchConfiguration.getInfo(LaunchConfiguration.java:490)
	at org.eclipse.debug.internal.core.LaunchConfiguration.getType(LaunchConfiguration.java:645)
	at org.eclipse.debug.internal.core.LaunchManager.isValid(LaunchManager.java:2091)
	at org.eclipse.debug.internal.core.LaunchManager.verifyConfigurations(LaunchManager.java:2462)
	at org.eclipse.debug.internal.core.LaunchManager.getAllLaunchConfigurations(LaunchManager.java:1140)
	at org.eclipse.debug.internal.core.LaunchManager.getLaunchConfigurations(LaunchManager.java:1444)
	at org.eclipse.debug.internal.core.LaunchManager.getLaunchConfigurations(LaunchManager.java:1439)
	at org.eclipse.launchbar.core.internal.LaunchBarManager.init(LaunchBarManager.java:130)
	at org.eclipse.launchbar.core.internal.LaunchBarManager$1.run(LaunchBarManager.java:96)
	at org.eclipse.core.internal.jobs.Worker.run(Worker.java:63)

!ENTRY org.eclipse.debug.core 4 125 2026-07-28 11:20:41.021
!MESSAGE 调试核心所记录的错误：
!STACK 1
org.eclipse.debug.core.DebugException: 读取启动配置文件 F:\code\vibe_project\rollerball\M33\libraries\components\mtb-device-support-pse8xxgp\make\make\scripts\interface_version_4\eclipse\CM33\flash\virgin\KitProg3\any\&&_PRJ_NAME&& Program (KitProg3_MiniProg4).launch 时发生了 org.xml.sax.SAXParseException; lineNumber: 3; columnNumber: 66; 在实体引用中, 实体名称必须紧跟在 '&' 后面。。
	at org.eclipse.debug.internal.core.LaunchManager.createDebugException(LaunchManager.java:886)
	at org.eclipse.debug.internal.core.LaunchManager.throwException(LaunchManager.java:2448)
	at org.eclipse.debug.internal.core.LaunchManager.getInfo(LaunchManager.java:1366)
	at org.eclipse.debug.internal.core.LaunchConfiguration.getInfo(LaunchConfiguration.java:490)
	at org.eclipse.debug.internal.core.LaunchConfiguration.getType(LaunchConfiguration.java:645)
	at org.eclipse.debug.internal.core.LaunchManager.isValid(LaunchManager.java:2091)
	at org.eclipse.debug.internal.core.LaunchManager.verifyConfigurations(LaunchManager.java:2462)
	at org.eclipse.debug.internal.core.LaunchManager.getAllLaunchConfigurations(LaunchManager.java:1140)
	at org.eclipse.debug.internal.core.LaunchManager.getLaunchConfigurations(LaunchManager.java:1444)
	at org.eclipse.debug.internal.core.LaunchManager.getLaunchConfigurations(LaunchManager.java:1439)
	at org.eclipse.launchbar.core.internal.LaunchBarManager.init(LaunchBarManager.java:130)
	at org.eclipse.launchbar.core.internal.LaunchBarManager$1.run(LaunchBarManager.java:96)
	at org.eclipse.core.internal.jobs.Worker.run(Worker.java:63)
Caused by: org.xml.sax.SAXParseException; lineNumber: 3; columnNumber: 66; 在实体引用中, 实体名称必须紧跟在 '&' 后面。
	at com.sun.org.apache.xerces.internal.util.ErrorHandlerWrapper.createSAXParseException(ErrorHandlerWrapper.java:203)
	at com.sun.org.apache.xerces.internal.util.ErrorHandlerWrapper.fatalError(ErrorHandlerWrapper.java:177)
	at com.sun.org.apache.xerces.internal.impl.XMLErrorReporter.reportError(XMLErrorReporter.java:400)
	at com.sun.org.apache.xerces.internal.impl.XMLErrorReporter.reportError(XMLErrorReporter.java:327)
	at com.sun.org.apache.xerces.internal.impl.XMLScanner.reportFatalError(XMLScanner.java:1472)
	at com.sun.org.apache.xerces.internal.impl.XMLScanner.scanAttributeValue(XMLScanner.java:908)
	at com.sun.org.apache.xerces.internal.impl.XMLDocumentFragmentScannerImpl.scanAttribute(XMLDocumentFragmentScannerImpl.java:1548)
	at com.sun.org.apache.xerces.internal.impl.XMLDocumentFragmentScannerImpl.scanStartElement(XMLDocumentFragmentScannerImpl.java:1315)
	at com.sun.org.apache.xerces.internal.impl.XMLDocumentFragmentScannerImpl$FragmentContentDriver.next(XMLDocumentFragmentScannerImpl.java:2784)
	at com.sun.org.apache.xerces.internal.impl.XMLDocumentScannerImpl.next(XMLDocumentScannerImpl.java:602)
	at com.sun.org.apache.xerces.internal.impl.XMLDocumentFragmentScannerImpl.scanDocument(XMLDocumentFragmentScannerImpl.java:505)
	at com.sun.org.apache.xerces.internal.parsers.XML11Configuration.parse(XML11Configuration.java:841)
	at com.sun.org.apache.xerces.internal.parsers.XML11Configuration.parse(XML11Configuration.java:770)
	at com.sun.org.apache.xerces.internal.parsers.XMLParser.parse(XMLParser.java:141)
	at com.sun.org.apache.xerces.internal.parsers.DOMParser.parse(DOMParser.java:243)
	at com.sun.org.apache.xerces.internal.jaxp.DocumentBuilderImpl.parse(DocumentBuilderImpl.java:339)
	at org.eclipse.debug.internal.core.LaunchManager.createInfoFromXML(LaunchManager.java:935)
	at org.eclipse.debug.internal.core.LaunchManager.getInfo(LaunchManager.java:1359)
	... 10 more
!SUBENTRY 1 org.eclipse.debug.core 4 5012 2026-07-28 11:20:41.021
!MESSAGE 读取启动配置文件 F:\code\vibe_project\rollerball\M33\libraries\components\mtb-device-support-pse8xxgp\make\make\scripts\interface_version_4\eclipse\CM33\flash\virgin\KitProg3\any\&&_PRJ_NAME&& Program (KitProg3_MiniProg4).launch 时发生了 org.xml.sax.SAXParseException; lineNumber: 3; columnNumber: 66; 在实体引用中, 实体名称必须紧跟在 '&' 后面。。
!STACK 0
org.xml.sax.SAXParseException; lineNumber: 3; columnNumber: 66; 在实体引用中, 实体名称必须紧跟在 '&' 后面。
	at com.sun.org.apache.xerces.internal.util.ErrorHandlerWrapper.createSAXParseException(ErrorHandlerWrapper.java:203)
	at com.sun.org.apache.xerces.internal.util.ErrorHandlerWrapper.fatalError(ErrorHandlerWrapper.java:177)
	at com.sun.org.apache.xerces.internal.impl.XMLErrorReporter.reportError(XMLErrorReporter.java:400)
	at com.sun.org.apache.xerces.internal.impl.XMLErrorReporter.reportError(XMLErrorReporter.java:327)
	at com.sun.org.apache.xerces.internal.impl.XMLScanner.reportFatalError(XMLScanner.java:1472)
	at com.sun.org.apache.xerces.internal.impl.XMLScanner.scanAttributeValue(XMLScanner.java:908)
	at com.sun.org.apache.xerces.internal.impl.XMLDocumentFragmentScannerImpl.scanAttribute(XMLDocumentFragmentScannerImpl.java:1548)
	at com.sun.org.apache.xerces.internal.impl.XMLDocumentFragmentScannerImpl.scanStartElement(XMLDocumentFragmentScannerImpl.java:1315)
	at com.sun.org.apache.xerces.internal.impl.XMLDocumentFragmentScannerImpl$FragmentContentDriver.next(XMLDocumentFragmentScannerImpl.java:2784)
	at com.sun.org.apache.xerces.internal.impl.XMLDocumentScannerImpl.next(XMLDocumentScannerImpl.java:602)
	at com.sun.org.apache.xerces.internal.impl.XMLDocumentFragmentScannerImpl.scanDocument(XMLDocumentFragmentScannerImpl.java:505)
	at com.sun.org.apache.xerces.internal.parsers.XML11Configuration.parse(XML11Configuration.java:841)
	at com.sun.org.apache.xerces.internal.parsers.XML11Configuration.parse(XML11Configuration.java:770)
	at com.sun.org.apache.xerces.internal.parsers.XMLParser.parse(XMLParser.java:141)
	at com.sun.org.apache.xerces.internal.parsers.DOMParser.parse(DOMParser.java:243)
	at com.sun.org.apache.xerces.internal.jaxp.DocumentBuilderImpl.parse(DocumentBuilderImpl.java:339)
	at org.eclipse.debug.internal.core.LaunchManager.createInfoFromXML(LaunchManager.java:935)
	at org.eclipse.debug.internal.core.LaunchManager.getInfo(LaunchManager.java:1359)
	at org.eclipse.debug.internal.core.LaunchConfiguration.getInfo(LaunchConfiguration.java:490)
	at org.eclipse.debug.internal.core.LaunchConfiguration.getType(LaunchConfiguration.java:645)
	at org.eclipse.debug.internal.core.LaunchManager.isValid(LaunchManager.java:2091)
	at org.eclipse.debug.internal.core.LaunchManager.verifyConfigurations(LaunchManager.java:2462)
	at org.eclipse.debug.internal.core.LaunchManager.getAllLaunchConfigurations(LaunchManager.java:1140)
	at org.eclipse.debug.internal.core.LaunchManager.getLaunchConfigurations(LaunchManager.java:1444)
	at org.eclipse.debug.internal.core.LaunchManager.getLaunchConfigurations(LaunchManager.java:1439)
	at org.eclipse.launchbar.core.internal.LaunchBarManager.init(LaunchBarManager.java:130)
	at org.eclipse.launchbar.core.internal.LaunchBarManager$1.run(LaunchBarManager.java:96)
	at org.eclipse.core.internal.jobs.Worker.run(Worker.java:63)

!ENTRY org.eclipse.debug.core 4 125 2026-07-28 11:20:41.021
!MESSAGE 调试核心所记录的错误：
!STACK 1
org.eclipse.debug.core.DebugException: 读取启动配置文件 F:\code\vibe_project\rollerball\M33\libraries\components\mtb-device-support-pse8xxgp\make\make\scripts\interface_version_4\eclipse\CM33\flash\virgin\KitProg3\single\&&_PRJ_NAME&& Erase All (KitProg3_MiniProg4).launch 时发生了 org.xml.sax.SAXParseException; lineNumber: 3; columnNumber: 66; 在实体引用中, 实体名称必须紧跟在 '&' 后面。。
	at org.eclipse.debug.internal.core.LaunchManager.createDebugException(LaunchManager.java:886)
	at org.eclipse.debug.internal.core.LaunchManager.throwException(LaunchManager.java:2448)
	at org.eclipse.debug.internal.core.LaunchManager.getInfo(LaunchManager.java:1366)
	at org.eclipse.debug.internal.core.LaunchConfiguration.getInfo(LaunchConfiguration.java:490)
	at org.eclipse.debug.internal.core.LaunchConfiguration.getType(LaunchConfiguration.java:645)
	at org.eclipse.debug.internal.core.LaunchManager.isValid(LaunchManager.java:2091)
	at org.eclipse.debug.internal.core.LaunchManager.verifyConfigurations(LaunchManager.java:2462)
	at org.eclipse.debug.internal.core.LaunchManager.getAllLaunchConfigurations(LaunchManager.java:1140)
	at org.eclipse.debug.internal.core.LaunchManager.getLaunchConfigurations(LaunchManager.java:1444)
	at org.eclipse.debug.internal.core.LaunchManager.getLaunchConfigurations(LaunchManager.java:1439)
	at org.eclipse.launchbar.core.internal.LaunchBarManager.init(LaunchBarManager.java:130)
	at org.eclipse.launchbar.core.internal.LaunchBarManager$1.run(LaunchBarManager.java:96)
	at org.eclipse.core.internal.jobs.Worker.run(Worker.java:63)
Caused by: org.xml.sax.SAXParseException; lineNumber: 3; columnNumber: 66; 在实体引用中, 实体名称必须紧跟在 '&' 后面。
	at com.sun.org.apache.xerces.internal.util.ErrorHandlerWrapper.createSAXParseException(ErrorHandlerWrapper.java:203)
	at com.sun.org.apache.xerces.internal.util.ErrorHandlerWrapper.fatalError(ErrorHandlerWrapper.java:177)
	at com.sun.org.apache.xerces.internal.impl.XMLErrorReporter.reportError(XMLErrorReporter.java:400)
	at com.sun.org.apache.xerces.internal.impl.XMLErrorReporter.reportError(XMLErrorReporter.java:327)
	at com.sun.org.apache.xerces.internal.impl.XMLScanner.reportFatalError(XMLScanner.java:1472)
	at com.sun.org.apache.xerces.internal.impl.XMLScanner.scanAttributeValue(XMLScanner.java:908)
	at com.sun.org.apache.xerces.internal.impl.XMLDocumentFragmentScannerImpl.scanAttribute(XMLDocumentFragmentScannerImpl.java:1548)
	at com.sun.org.apache.xerces.internal.impl.XMLDocumentFragmentScannerImpl.scanStartElement(XMLDocumentFragmentScannerImpl.java:1315)
	at com.sun.org.apache.xerces.internal.impl.XMLDocumentFragmentScannerImpl$FragmentContentDriver.next(XMLDocumentFragmentScannerImpl.java:2784)
	at com.sun.org.apache.xerces.internal.impl.XMLDocumentScannerImpl.next(XMLDocumentScannerImpl.java:602)
	at com.sun.org.apache.xerces.internal.impl.XMLDocumentFragmentScannerImpl.scanDocument(XMLDocumentFragmentScannerImpl.java:505)
	at com.sun.org.apache.xerces.internal.parsers.XML11Configuration.parse(XML11Configuration.java:841)
	at com.sun.org.apache.xerces.internal.parsers.XML11Configuration.parse(XML11Configuration.java:770)
	at com.sun.org.apache.xerces.internal.parsers.XMLParser.parse(XMLParser.java:141)
	at com.sun.org.apache.xerces.internal.parsers.DOMParser.parse(DOMParser.java:243)
	at com.sun.org.apache.xerces.internal.jaxp.DocumentBuilderImpl.parse(DocumentBuilderImpl.java:339)
	at org.eclipse.debug.internal.core.LaunchManager.createInfoFromXML(LaunchManager.java:935)
	at org.eclipse.debug.internal.core.LaunchManager.getInfo(LaunchManager.java:1359)
	... 10 more
!SUBENTRY 1 org.eclipse.debug.core 4 5012 2026-07-28 11:20:41.021
!MESSAGE 读取启动配置文件 F:\code\vibe_project\rollerball\M33\libraries\components\mtb-device-support-pse8xxgp\make\make\scripts\interface_version_4\eclipse\CM33\flash\virgin\KitProg3\single\&&_PRJ_NAME&& Erase All (KitProg3_MiniProg4).launch 时发生了 org.xml.sax.SAXParseException; lineNumber: 3; columnNumber: 66; 在实体引用中, 实体名称必须紧跟在 '&' 后面。。
!STACK 0
org.xml.sax.SAXParseException; lineNumber: 3; columnNumber: 66; 在实体引用中, 实体名称必须紧跟在 '&' 后面。
	at com.sun.org.apache.xerces.internal.util.ErrorHandlerWrapper.createSAXParseException(ErrorHandlerWrapper.java:203)
	at com.sun.org.apache.xerces.internal.util.ErrorHandlerWrapper.fatalError(ErrorHandlerWrapper.java:177)
	at com.sun.org.apache.xerces.internal.impl.XMLErrorReporter.reportError(XMLErrorReporter.java:400)
	at com.sun.org.apache.xerces.internal.impl.XMLErrorReporter.reportError(XMLErrorReporter.java:327)
	at com.sun.org.apache.xerces.internal.impl.XMLScanner.reportFatalError(XMLScanner.java:1472)
	at com.sun.org.apache.xerces.internal.impl.XMLScanner.scanAttributeValue(XMLScanner.java:908)
	at com.sun.org.apache.xerces.internal.impl.XMLDocumentFragmentScannerImpl.scanAttribute(XMLDocumentFragmentScannerImpl.java:1548)
	at com.sun.org.apache.xerces.internal.impl.XMLDocumentFragmentScannerImpl.scanStartElement(XMLDocumentFragmentScannerImpl.java:1315)
	at com.sun.org.apache.xerces.internal.impl.XMLDocumentFragmentScannerImpl$FragmentContentDriver.next(XMLDocumentFragmentScannerImpl.java:2784)
	at com.sun.org.apache.xerces.internal.impl.XMLDocumentScannerImpl.next(XMLDocumentScannerImpl.java:602)
	at com.sun.org.apache.xerces.internal.impl.XMLDocumentFragmentScannerImpl.scanDocument(XMLDocumentFragmentScannerImpl.java:505)
	at com.sun.org.apache.xerces.internal.parsers.XML11Configuration.parse(XML11Configuration.java:841)
	at com.sun.org.apache.xerces.internal.parsers.XML11Configuration.parse(XML11Configuration.java:770)
	at com.sun.org.apache.xerces.internal.parsers.XMLParser.parse(XMLParser.java:141)
	at com.sun.org.apache.xerces.internal.parsers.DOMParser.parse(DOMParser.java:243)
	at com.sun.org.apache.xerces.internal.jaxp.DocumentBuilderImpl.parse(DocumentBuilderImpl.java:339)
	at org.eclipse.debug.internal.core.LaunchManager.createInfoFromXML(LaunchManager.java:935)
	at org.eclipse.debug.internal.core.LaunchManager.getInfo(LaunchManager.java:1359)
	at org.eclipse.debug.internal.core.LaunchConfiguration.getInfo(LaunchConfiguration.java:490)
	at org.eclipse.debug.internal.core.LaunchConfiguration.getType(LaunchConfiguration.java:645)
	at org.eclipse.debug.internal.core.LaunchManager.isValid(LaunchManager.java:2091)
	at org.eclipse.debug.internal.core.LaunchManager.verifyConfigurations(LaunchManager.java:2462)
	at org.eclipse.debug.internal.core.LaunchManager.getAllLaunchConfigurations(LaunchManager.java:1140)
	at org.eclipse.debug.internal.core.LaunchManager.getLaunchConfigurations(LaunchManager.java:1444)
	at org.eclipse.debug.internal.core.LaunchManager.getLaunchConfigurations(LaunchManager.java:1439)
	at org.eclipse.launchbar.core.internal.LaunchBarManager.init(LaunchBarManager.java:130)
	at org.eclipse.launchbar.core.internal.LaunchBarManager$1.run(LaunchBarManager.java:96)
	at org.eclipse.core.internal.jobs.Worker.run(Worker.java:63)

!ENTRY org.eclipse.debug.core 4 125 2026-07-28 11:20:41.026
!MESSAGE 调试核心所记录的错误：
!STACK 1
org.eclipse.debug.core.DebugException: 读取启动配置文件 F:\code\vibe_project\rollerball\M33\libraries\components\mtb-device-support-pse8xxgp\make\make\scripts\interface_version_4\eclipse\CM33\flash\virgin\KitProg3\single\&&_PRJ_NAME&& Erase Device (KitProg3_MiniProg4).launch 时发生了 org.xml.sax.SAXParseException; lineNumber: 3; columnNumber: 66; 在实体引用中, 实体名称必须紧跟在 '&' 后面。。
	at org.eclipse.debug.internal.core.LaunchManager.createDebugException(LaunchManager.java:886)
	at org.eclipse.debug.internal.core.LaunchManager.throwException(LaunchManager.java:2448)
	at org.eclipse.debug.internal.core.LaunchManager.getInfo(LaunchManager.java:1366)
	at org.eclipse.debug.internal.core.LaunchConfiguration.getInfo(LaunchConfiguration.java:490)
	at org.eclipse.debug.internal.core.LaunchConfiguration.getType(LaunchConfiguration.java:645)
	at org.eclipse.debug.internal.core.LaunchManager.isValid(LaunchManager.java:2091)
	at org.eclipse.debug.internal.core.LaunchManager.verifyConfigurations(LaunchManager.java:2462)
	at org.eclipse.debug.internal.core.LaunchManager.getAllLaunchConfigurations(LaunchManager.java:1140)
	at org.eclipse.debug.internal.core.LaunchManager.getLaunchConfigurations(LaunchManager.java:1444)
	at org.eclipse.debug.internal.core.LaunchManager.getLaunchConfigurations(LaunchManager.java:1439)
	at org.eclipse.launchbar.core.internal.LaunchBarManager.init(LaunchBarManager.java:130)
	at org.eclipse.launchbar.core.internal.LaunchBarManager$1.run(LaunchBarManager.java:96)
	at org.eclipse.core.internal.jobs.Worker.run(Worker.java:63)
Caused by: org.xml.sax.SAXParseException; lineNumber: 3; columnNumber: 66; 在实体引用中, 实体名称必须紧跟在 '&' 后面。
	at com.sun.org.apache.xerces.internal.util.ErrorHandlerWrapper.createSAXParseException(ErrorHandlerWrapper.java:203)
	at com.sun.org.apache.xerces.internal.util.ErrorHandlerWrapper.fatalError(ErrorHandlerWrapper.java:177)
	at com.sun.org.apache.xerces.internal.impl.XMLErrorReporter.reportError(XMLErrorReporter.java:400)
	at com.sun.org.apache.xerces.internal.impl.XMLErrorReporter.reportError(XMLErrorReporter.java:327)
	at com.sun.org.apache.xerces.internal.impl.XMLScanner.reportFatalError(XMLScanner.java:1472)
	at com.sun.org.apache.xerces.internal.impl.XMLScanner.scanAttributeValue(XMLScanner.java:908)
	at com.sun.org.apache.xerces.internal.impl.XMLDocumentFragmentScannerImpl.scanAttribute(XMLDocumentFragmentScannerImpl.java:1548)
	at com.sun.org.apache.xerces.internal.impl.XMLDocumentFragmentScannerImpl.scanStartElement(XMLDocumentFragmentScannerImpl.java:1315)
	at com.sun.org.apache.xerces.internal.impl.XMLDocumentFragmentScannerImpl$FragmentContentDriver.next(XMLDocumentFragmentScannerImpl.java:2784)
	at com.sun.org.apache.xerces.internal.impl.XMLDocumentScannerImpl.next(XMLDocumentScannerImpl.java:602)
	at com.sun.org.apache.xerces.internal.impl.XMLDocumentFragmentScannerImpl.scanDocument(XMLDocumentFragmentScannerImpl.java:505)
	at com.sun.org.apache.xerces.internal.parsers.XML11Configuration.parse(XML11Configuration.java:841)
	at com.sun.org.apache.xerces.internal.parsers.XML11Configuration.parse(XML11Configuration.java:770)
	at com.sun.org.apache.xerces.internal.parsers.XMLParser.parse(XMLParser.java:141)
	at com.sun.org.apache.xerces.internal.parsers.DOMParser.parse(DOMParser.java:243)
	at com.sun.org.apache.xerces.internal.jaxp.DocumentBuilderImpl.parse(DocumentBuilderImpl.java:339)
	at org.eclipse.debug.internal.core.LaunchManager.createInfoFromXML(LaunchManager.java:935)
	at org.eclipse.debug.internal.core.LaunchManager.getInfo(LaunchManager.java:1359)
	... 10 more
!SUBENTRY 1 org.eclipse.debug.core 4 5012 2026-07-28 11:20:41.026
!MESSAGE 读取启动配置文件 F:\code\vibe_project\rollerball\M33\libraries\components\mtb-device-support-pse8xxgp\make\make\scripts\interface_version_4\eclipse\CM33\flash\virgin\KitProg3\single\&&_PRJ_NAME&& Erase Device (KitProg3_MiniProg4).launch 时发生了 org.xml.sax.SAXParseException; lineNumber: 3; columnNumber: 66; 在实体引用中, 实体名称必须紧跟在 '&' 后面。。
!STACK 0
org.xml.sax.SAXParseException; lineNumber: 3; columnNumber: 66; 在实体引用中, 实体名称必须紧跟在 '&' 后面。
	at com.sun.org.apache.xerces.internal.util.ErrorHandlerWrapper.createSAXParseException(ErrorHandlerWrapper.java:203)
	at com.sun.org.apache.xerces.internal.util.ErrorHandlerWrapper.fatalError(ErrorHandlerWrapper.java:177)
	at com.sun.org.apache.xerces.internal.impl.XMLErrorReporter.reportError(XMLErrorReporter.java:400)
	at com.sun.org.apache.xerces.internal.impl.XMLErrorReporter.reportError(XMLErrorReporter.java:327)
	at com.sun.org.apache.xerces.internal.impl.XMLScanner.reportFatalError(XMLScanner.java:1472)
	at com.sun.org.apache.xerces.internal.impl.XMLScanner.scanAttributeValue(XMLScanner.java:908)
	at com.sun.org.apache.xerces.internal.impl.XMLDocumentFragmentScannerImpl.scanAttribute(XMLDocumentFragmentScannerImpl.java:1548)
	at com.sun.org.apache.xerces.internal.impl.XMLDocumentFragmentScannerImpl.scanStartElement(XMLDocumentFragmentScannerImpl.java:1315)
	at com.sun.org.apache.xerces.internal.impl.XMLDocumentFragmentScannerImpl$FragmentContentDriver.next(XMLDocumentFragmentScannerImpl.java:2784)
	at com.sun.org.apache.xerces.internal.impl.XMLDocumentScannerImpl.next(XMLDocumentScannerImpl.java:602)
	at com.sun.org.apache.xerces.internal.impl.XMLDocumentFragmentScannerImpl.scanDocument(XMLDocumentFragmentScannerImpl.java:505)
	at com.sun.org.apache.xerces.internal.parsers.XML11Configuration.parse(XML11Configuration.java:841)
	at com.sun.org.apache.xerces.internal.parsers.XML11Configuration.parse(XML11Configuration.java:770)
	at com.sun.org.apache.xerces.internal.parsers.XMLParser.parse(XMLParser.java:141)
	at com.sun.org.apache.xerces.internal.parsers.DOMParser.parse(DOMParser.java:243)
	at com.sun.org.apache.xerces.internal.jaxp.DocumentBuilderImpl.parse(DocumentBuilderImpl.java:339)
	at org.eclipse.debug.internal.core.LaunchManager.createInfoFromXML(LaunchManager.java:935)
	at org.eclipse.debug.internal.core.LaunchManager.getInfo(LaunchManager.java:1359)
	at org.eclipse.debug.internal.core.LaunchConfiguration.getInfo(LaunchConfiguration.java:490)
	at org.eclipse.debug.internal.core.LaunchConfiguration.getType(LaunchConfiguration.java:645)
	at org.eclipse.debug.internal.core.LaunchManager.isValid(LaunchManager.java:2091)
	at org.eclipse.debug.internal.core.LaunchManager.verifyConfigurations(LaunchManager.java:2462)
	at org.eclipse.debug.internal.core.LaunchManager.getAllLaunchConfigurations(LaunchManager.java:1140)
	at org.eclipse.debug.internal.core.LaunchManager.getLaunchConfigurations(LaunchManager.java:1444)
	at org.eclipse.debug.internal.core.LaunchManager.getLaunchConfigurations(LaunchManager.java:1439)
	at org.eclipse.launchbar.core.internal.LaunchBarManager.init(LaunchBarManager.java:130)
	at org.eclipse.launchbar.core.internal.LaunchBarManager$1.run(LaunchBarManager.java:96)
	at org.eclipse.core.internal.jobs.Worker.run(Worker.java:63)

!ENTRY org.eclipse.debug.core 4 125 2026-07-28 11:20:41.030
!MESSAGE 调试核心所记录的错误：
!STACK 1
org.eclipse.debug.core.DebugException: 读取启动配置文件 F:\code\vibe_project\rollerball\M33\libraries\components\mtb-device-support-pse8xxgp\make\make\scripts\interface_version_4\eclipse\CM33\flash\virgin\KitProg3\single\&&_PRJ_NAME&& Start App (KitProg3_MiniProg4).launch 时发生了 org.xml.sax.SAXParseException; lineNumber: 3; columnNumber: 66; 在实体引用中, 实体名称必须紧跟在 '&' 后面。。
	at org.eclipse.debug.internal.core.LaunchManager.createDebugException(LaunchManager.java:886)
	at org.eclipse.debug.internal.core.LaunchManager.throwException(LaunchManager.java:2448)
	at org.eclipse.debug.internal.core.LaunchManager.getInfo(LaunchManager.java:1366)
	at org.eclipse.debug.internal.core.LaunchConfiguration.getInfo(LaunchConfiguration.java:490)
	at org.eclipse.debug.internal.core.LaunchConfiguration.getType(LaunchConfiguration.java:645)
	at org.eclipse.debug.internal.core.LaunchManager.isValid(LaunchManager.java:2091)
	at org.eclipse.debug.internal.core.LaunchManager.verifyConfigurations(LaunchManager.java:2462)
	at org.eclipse.debug.internal.core.LaunchManager.getAllLaunchConfigurations(LaunchManager.java:1140)
	at org.eclipse.debug.internal.core.LaunchManager.getLaunchConfigurations(LaunchManager.java:1444)
	at org.eclipse.debug.internal.core.LaunchManager.getLaunchConfigurations(LaunchManager.java:1439)
	at org.eclipse.launchbar.core.internal.LaunchBarManager.init(LaunchBarManager.java:130)
	at org.eclipse.launchbar.core.internal.LaunchBarManager$1.run(LaunchBarManager.java:96)
	at org.eclipse.core.internal.jobs.Worker.run(Worker.java:63)
Caused by: org.xml.sax.SAXParseException; lineNumber: 3; columnNumber: 66; 在实体引用中, 实体名称必须紧跟在 '&' 后面。
	at com.sun.org.apache.xerces.internal.util.ErrorHandlerWrapper.createSAXParseException(ErrorHandlerWrapper.java:203)
	at com.sun.org.apache.xerces.internal.util.ErrorHandlerWrapper.fatalError(ErrorHandlerWrapper.java:177)
	at com.sun.org.apache.xerces.internal.impl.XMLErrorReporter.reportError(XMLErrorReporter.java:400)
	at com.sun.org.apache.xerces.internal.impl.XMLErrorReporter.reportError(XMLErrorReporter.java:327)
	at com.sun.org.apache.xerces.internal.impl.XMLScanner.reportFatalError(XMLScanner.java:1472)
	at com.sun.org.apache.xerces.internal.impl.XMLScanner.scanAttributeValue(XMLScanner.java:908)
	at com.sun.org.apache.xerces.internal.impl.XMLDocumentFragmentScannerImpl.scanAttribute(XMLDocumentFragmentScannerImpl.java:1548)
	at com.sun.org.apache.xerces.internal.impl.XMLDocumentFragmentScannerImpl.scanStartElement(XMLDocumentFragmentScannerImpl.java:1315)
	at com.sun.org.apache.xerces.internal.impl.XMLDocumentFragmentScannerImpl$FragmentContentDriver.next(XMLDocumentFragmentScannerImpl.java:2784)
	at com.sun.org.apache.xerces.internal.impl.XMLDocumentScannerImpl.next(XMLDocumentScannerImpl.java:602)
	at com.sun.org.apache.xerces.internal.impl.XMLDocumentFragmentScannerImpl.scanDocument(XMLDocumentFragmentScannerImpl.java:505)
	at com.sun.org.apache.xerces.internal.parsers.XML11Configuration.parse(XML11Configuration.java:841)
	at com.sun.org.apache.xerces.internal.parsers.XML11Configuration.parse(XML11Configuration.java:770)
	at com.sun.org.apache.xerces.internal.parsers.XMLParser.parse(XMLParser.java:141)
	at com.sun.org.apache.xerces.internal.parsers.DOMParser.parse(DOMParser.java:243)
	at com.sun.org.apache.xerces.internal.jaxp.DocumentBuilderImpl.parse(DocumentBuilderImpl.java:339)
	at org.eclipse.debug.internal.core.LaunchManager.createInfoFromXML(LaunchManager.java:935)
	at org.eclipse.debug.internal.core.LaunchManager.getInfo(LaunchManager.java:1359)
	... 10 more
!SUBENTRY 1 org.eclipse.debug.core 4 5012 2026-07-28 11:20:41.030
!MESSAGE 读取启动配置文件 F:\code\vibe_project\rollerball\M33\libraries\components\mtb-device-support-pse8xxgp\make\make\scripts\interface_version_4\eclipse\CM33\flash\virgin\KitProg3\single\&&_PRJ_NAME&& Start App (KitProg3_MiniProg4).launch 时发生了 org.xml.sax.SAXParseException; lineNumber: 3; columnNumber: 66; 在实体引用中, 实体名称必须紧跟在 '&' 后面。。
!STACK 0
org.xml.sax.SAXParseException; lineNumber: 3; columnNumber: 66; 在实体引用中, 实体名称必须紧跟在 '&' 后面。
	at com.sun.org.apache.xerces.internal.util.ErrorHandlerWrapper.createSAXParseException(ErrorHandlerWrapper.java:203)
	at com.sun.org.apache.xerces.internal.util.ErrorHandlerWrapper.fatalError(ErrorHandlerWrapper.java:177)
	at com.sun.org.apache.xerces.internal.impl.XMLErrorReporter.reportError(XMLErrorReporter.java:400)
	at com.sun.org.apache.xerces.internal.impl.XMLErrorReporter.reportError(XMLErrorReporter.java:327)
	at com.sun.org.apache.xerces.internal.impl.XMLScanner.reportFatalError(XMLScanner.java:1472)
	at com.sun.org.apache.xerces.internal.impl.XMLScanner.scanAttributeValue(XMLScanner.java:908)
	at com.sun.org.apache.xerces.internal.impl.XMLDocumentFragmentScannerImpl.scanAttribute(XMLDocumentFragmentScannerImpl.java:1548)
	at com.sun.org.apache.xerces.internal.impl.XMLDocumentFragmentScannerImpl.scanStartElement(XMLDocumentFragmentScannerImpl.java:1315)
	at com.sun.org.apache.xerces.internal.impl.XMLDocumentFragmentScannerImpl$FragmentContentDriver.next(XMLDocumentFragmentScannerImpl.java:2784)
	at com.sun.org.apache.xerces.internal.impl.XMLDocumentScannerImpl.next(XMLDocumentScannerImpl.java:602)
	at com.sun.org.apache.xerces.internal.impl.XMLDocumentFragmentScannerImpl.scanDocument(XMLDocumentFragmentScannerImpl.java:505)
	at com.sun.org.apache.xerces.internal.parsers.XML11Configuration.parse(XML11Configuration.java:841)
	at com.sun.org.apache.xerces.internal.parsers.XML11Configuration.parse(XML11Configuration.java:770)
	at com.sun.org.apache.xerces.internal.parsers.XMLParser.parse(XMLParser.java:141)
	at com.sun.org.apache.xerces.internal.parsers.DOMParser.parse(DOMParser.java:243)
	at com.sun.org.apache.xerces.internal.jaxp.DocumentBuilderImpl.parse(DocumentBuilderImpl.java:339)
	at org.eclipse.debug.internal.core.LaunchManager.createInfoFromXML(LaunchManager.java:935)
	at org.eclipse.debug.internal.core.LaunchManager.getInfo(LaunchManager.java:1359)
	at org.eclipse.debug.internal.core.LaunchConfiguration.getInfo(LaunchConfiguration.java:490)
	at org.eclipse.debug.internal.core.LaunchConfiguration.getType(LaunchConfiguration.java:645)
	at org.eclipse.debug.internal.core.LaunchManager.isValid(LaunchManager.java:2091)
	at org.eclipse.debug.internal.core.LaunchManager.verifyConfigurations(LaunchManager.java:2462)
	at org.eclipse.debug.internal.core.LaunchManager.getAllLaunchConfigurations(LaunchManager.java:1140)
	at org.eclipse.debug.internal.core.LaunchManager.getLaunchConfigurations(LaunchManager.java:1444)
	at org.eclipse.debug.internal.core.LaunchManager.getLaunchConfigurations(LaunchManager.java:1439)
	at org.eclipse.launchbar.core.internal.LaunchBarManager.init(LaunchBarManager.java:130)
	at org.eclipse.launchbar.core.internal.LaunchBarManager$1.run(LaunchBarManager.java:96)
	at org.eclipse.core.internal.jobs.Worker.run(Worker.java:63)

!ENTRY org.eclipse.debug.core 4 125 2026-07-28 11:20:41.032
!MESSAGE 调试核心所记录的错误：
!STACK 1
org.eclipse.debug.core.DebugException: 读取启动配置文件 F:\code\vibe_project\rollerball\M33\libraries\components\mtb-device-support-pse8xxgp\make\make\scripts\interface_version_4\eclipse\CM33\ram\_normal\JLink\any\&&_PRJ_NAME&& Attach RAM (JLink).launch 时发生了 org.xml.sax.SAXParseException; lineNumber: 3; columnNumber: 66; 在实体引用中, 实体名称必须紧跟在 '&' 后面。。
	at org.eclipse.debug.internal.core.LaunchManager.createDebugException(LaunchManager.java:886)
	at org.eclipse.debug.internal.core.LaunchManager.throwException(LaunchManager.java:2448)
	at org.eclipse.debug.internal.core.LaunchManager.getInfo(LaunchManager.java:1366)
	at org.eclipse.debug.internal.core.LaunchConfiguration.getInfo(LaunchConfiguration.java:490)
	at org.eclipse.debug.internal.core.LaunchConfiguration.getType(LaunchConfiguration.java:645)
	at org.eclipse.debug.internal.core.LaunchManager.isValid(LaunchManager.java:2091)
	at org.eclipse.debug.internal.core.LaunchManager.verifyConfigurations(LaunchManager.java:2462)
	at org.eclipse.debug.internal.core.LaunchManager.getAllLaunchConfigurations(LaunchManager.java:1140)
	at org.eclipse.debug.internal.core.LaunchManager.getLaunchConfigurations(LaunchManager.java:1444)
	at org.eclipse.debug.internal.core.LaunchManager.getLaunchConfigurations(LaunchManager.java:1439)
	at org.eclipse.launchbar.core.internal.LaunchBarManager.init(LaunchBarManager.java:130)
	at org.eclipse.launchbar.core.internal.LaunchBarManager$1.run(LaunchBarManager.java:96)
	at org.eclipse.core.internal.jobs.Worker.run(Worker.java:63)
Caused by: org.xml.sax.SAXParseException; lineNumber: 3; columnNumber: 66; 在实体引用中, 实体名称必须紧跟在 '&' 后面。
	at com.sun.org.apache.xerces.internal.util.ErrorHandlerWrapper.createSAXParseException(ErrorHandlerWrapper.java:203)
	at com.sun.org.apache.xerces.internal.util.ErrorHandlerWrapper.fatalError(ErrorHandlerWrapper.java:177)
	at com.sun.org.apache.xerces.internal.impl.XMLErrorReporter.reportError(XMLErrorReporter.java:400)
	at com.sun.org.apache.xerces.internal.impl.XMLErrorReporter.reportError(XMLErrorReporter.java:327)
	at com.sun.org.apache.xerces.internal.impl.XMLScanner.reportFatalError(XMLScanner.java:1472)
	at com.sun.org.apache.xerces.internal.impl.XMLScanner.scanAttributeValue(XMLScanner.java:908)
	at com.sun.org.apache.xerces.internal.impl.XMLDocumentFragmentScannerImpl.scanAttribute(XMLDocumentFragmentScannerImpl.java:1548)
	at com.sun.org.apache.xerces.internal.impl.XMLDocumentFragmentScannerImpl.scanStartElement(XMLDocumentFragmentScannerImpl.java:1315)
	at com.sun.org.apache.xerces.internal.impl.XMLDocumentFragmentScannerImpl$FragmentContentDriver.next(XMLDocumentFragmentScannerImpl.java:2784)
	at com.sun.org.apache.xerces.internal.impl.XMLDocumentScannerImpl.next(XMLDocumentScannerImpl.java:602)
	at com.sun.org.apache.xerces.internal.impl.XMLDocumentFragmentScannerImpl.scanDocument(XMLDocumentFragmentScannerImpl.java:505)
	at com.sun.org.apache.xerces.internal.parsers.XML11Configuration.parse(XML11Configuration.java:841)
	at com.sun.org.apache.xerces.internal.parsers.XML11Configuration.parse(XML11Configuration.java:770)
	at com.sun.org.apache.xerces.internal.parsers.XMLParser.parse(XMLParser.java:141)
	at com.sun.org.apache.xerces.internal.parsers.DOMParser.parse(DOMParser.java:243)
	at com.sun.org.apache.xerces.internal.jaxp.DocumentBuilderImpl.parse(DocumentBuilderImpl.java:339)
	at org.eclipse.debug.internal.core.LaunchManager.createInfoFromXML(LaunchManager.java:935)
	at org.eclipse.debug.internal.core.LaunchManager.getInfo(LaunchManager.java:1359)
	... 10 more
!SUBENTRY 1 org.eclipse.debug.core 4 5012 2026-07-28 11:20:41.032
!MESSAGE 读取启动配置文件 F:\code\vibe_project\rollerball\M33\libraries\components\mtb-device-support-pse8xxgp\make\make\scripts\interface_version_4\eclipse\CM33\ram\_normal\JLink\any\&&_PRJ_NAME&& Attach RAM (JLink).launch 时发生了 org.xml.sax.SAXParseException; lineNumber: 3; columnNumber: 66; 在实体引用中, 实体名称必须紧跟在 '&' 后面。。
!STACK 0
org.xml.sax.SAXParseException; lineNumber: 3; columnNumber: 66; 在实体引用中, 实体名称必须紧跟在 '&' 后面。
	at com.sun.org.apache.xerces.internal.util.ErrorHandlerWrapper.createSAXParseException(ErrorHandlerWrapper.java:203)
	at com.sun.org.apache.xerces.internal.util.ErrorHandlerWrapper.fatalError(ErrorHandlerWrapper.java:177)
	at com.sun.org.apache.xerces.internal.impl.XMLErrorReporter.reportError(XMLErrorReporter.java:400)
	at com.sun.org.apache.xerces.internal.impl.XMLErrorReporter.reportError(XMLErrorReporter.java:327)
	at com.sun.org.apache.xerces.internal.impl.XMLScanner.reportFatalError(XMLScanner.java:1472)
	at com.sun.org.apache.xerces.internal.impl.XMLScanner.scanAttributeValue(XMLScanner.java:908)
	at com.sun.org.apache.xerces.internal.impl.XMLDocumentFragmentScannerImpl.scanAttribute(XMLDocumentFragmentScannerImpl.java:1548)
	at com.sun.org.apache.xerces.internal.impl.XMLDocumentFragmentScannerImpl.scanStartElement(XMLDocumentFragmentScannerImpl.java:1315)
	at com.sun.org.apache.xerces.internal.impl.XMLDocumentFragmentScannerImpl$FragmentContentDriver.next(XMLDocumentFragmentScannerImpl.java:2784)
	at com.sun.org.apache.xerces.internal.impl.XMLDocumentScannerImpl.next(XMLDocumentScannerImpl.java:602)
	at com.sun.org.apache.xerces.internal.impl.XMLDocumentFragmentScannerImpl.scanDocument(XMLDocumentFragmentScannerImpl.java:505)
	at com.sun.org.apache.xerces.internal.parsers.XML11Configuration.parse(XML11Configuration.java:841)
	at com.sun.org.apache.xerces.internal.parsers.XML11Configuration.parse(XML11Configuration.java:770)
	at com.sun.org.apache.xerces.internal.parsers.XMLParser.parse(XMLParser.java:141)
	at com.sun.org.apache.xerces.internal.parsers.DOMParser.parse(DOMParser.java:243)
	at com.sun.org.apache.xerces.internal.jaxp.DocumentBuilderImpl.parse(DocumentBuilderImpl.java:339)
	at org.eclipse.debug.internal.core.LaunchManager.createInfoFromXML(LaunchManager.java:935)
	at org.eclipse.debug.internal.core.LaunchManager.getInfo(LaunchManager.java:1359)
	at org.eclipse.debug.internal.core.LaunchConfiguration.getInfo(LaunchConfiguration.java:490)
	at org.eclipse.debug.internal.core.LaunchConfiguration.getType(LaunchConfiguration.java:645)
	at org.eclipse.debug.internal.core.LaunchManager.isValid(LaunchManager.java:2091)
	at org.eclipse.debug.internal.core.LaunchManager.verifyConfigurations(LaunchManager.java:2462)
	at org.eclipse.debug.internal.core.LaunchManager.getAllLaunchConfigurations(LaunchManager.java:1140)
	at org.eclipse.debug.internal.core.LaunchManager.getLaunchConfigurations(LaunchManager.java:1444)
	at org.eclipse.debug.internal.core.LaunchManager.getLaunchConfigurations(LaunchManager.java:1439)
	at org.eclipse.launchbar.core.internal.LaunchBarManager.init(LaunchBarManager.java:130)
	at org.eclipse.launchbar.core.internal.LaunchBarManager$1.run(LaunchBarManager.java:96)
	at org.eclipse.core.internal.jobs.Worker.run(Worker.java:63)

!ENTRY org.eclipse.debug.core 4 125 2026-07-28 11:20:41.032
!MESSAGE 调试核心所记录的错误：
!STACK 1
org.eclipse.debug.core.DebugException: 读取启动配置文件 F:\code\vibe_project\rollerball\M33\libraries\components\mtb-device-support-pse8xxgp\make\make\scripts\interface_version_4\eclipse\CM33\ram\_normal\JLink\any\&&_PRJ_NAME&& Program RAM (JLink).launch 时发生了 org.xml.sax.SAXParseException; lineNumber: 3; columnNumber: 66; 在实体引用中, 实体名称必须紧跟在 '&' 后面。。
	at org.eclipse.debug.internal.core.LaunchManager.createDebugException(LaunchManager.java:886)
	at org.eclipse.debug.internal.core.LaunchManager.throwException(LaunchManager.java:2448)
	at org.eclipse.debug.internal.core.LaunchManager.getInfo(LaunchManager.java:1366)
	at org.eclipse.debug.internal.core.LaunchConfiguration.getInfo(LaunchConfiguration.java:490)
	at org.eclipse.debug.internal.core.LaunchConfiguration.getType(LaunchConfiguration.java:645)
	at org.eclipse.debug.internal.core.LaunchManager.isValid(LaunchManager.java:2091)
	at org.eclipse.debug.internal.core.LaunchManager.verifyConfigurations(LaunchManager.java:2462)
	at org.eclipse.debug.internal.core.LaunchManager.getAllLaunchConfigurations(LaunchManager.java:1140)
	at org.eclipse.debug.internal.core.LaunchManager.getLaunchConfigurations(LaunchManager.java:1444)
	at org.eclipse.debug.internal.core.LaunchManager.getLaunchConfigurations(LaunchManager.java:1439)
	at org.eclipse.launchbar.core.internal.LaunchBarManager.init(LaunchBarManager.java:130)
	at org.eclipse.launchbar.core.internal.LaunchBarManager$1.run(LaunchBarManager.java:96)
	at org.eclipse.core.internal.jobs.Worker.run(Worker.java:63)
Caused by: org.xml.sax.SAXParseException; lineNumber: 3; columnNumber: 66; 在实体引用中, 实体名称必须紧跟在 '&' 后面。
	at com.sun.org.apache.xerces.internal.util.ErrorHandlerWrapper.createSAXParseException(ErrorHandlerWrapper.java:203)
	at com.sun.org.apache.xerces.internal.util.ErrorHandlerWrapper.fatalError(ErrorHandlerWrapper.java:177)
	at com.sun.org.apache.xerces.internal.impl.XMLErrorReporter.reportError(XMLErrorReporter.java:400)
	at com.sun.org.apache.xerces.internal.impl.XMLErrorReporter.reportError(XMLErrorReporter.java:327)
	at com.sun.org.apache.xerces.internal.impl.XMLScanner.reportFatalError(XMLScanner.java:1472)
	at com.sun.org.apache.xerces.internal.impl.XMLScanner.scanAttributeValue(XMLScanner.java:908)
	at com.sun.org.apache.xerces.internal.impl.XMLDocumentFragmentScannerImpl.scanAttribute(XMLDocumentFragmentScannerImpl.java:1548)
	at com.sun.org.apache.xerces.internal.impl.XMLDocumentFragmentScannerImpl.scanStartElement(XMLDocumentFragmentScannerImpl.java:1315)
	at com.sun.org.apache.xerces.internal.impl.XMLDocumentFragmentScannerImpl$FragmentContentDriver.next(XMLDocumentFragmentScannerImpl.java:2784)
	at com.sun.org.apache.xerces.internal.impl.XMLDocumentScannerImpl.next(XMLDocumentScannerImpl.java:602)
	at com.sun.org.apache.xerces.internal.impl.XMLDocumentFragmentScannerImpl.scanDocument(XMLDocumentFragmentScannerImpl.java:505)
	at com.sun.org.apache.xerces.internal.parsers.XML11Configuration.parse(XML11Configuration.java:841)
	at com.sun.org.apache.xerces.internal.parsers.XML11Configuration.parse(XML11Configuration.java:770)
	at com.sun.org.apache.xerces.internal.parsers.XMLParser.parse(XMLParser.java:141)
	at com.sun.org.apache.xerces.internal.parsers.DOMParser.parse(DOMParser.java:243)
	at com.sun.org.apache.xerces.internal.jaxp.DocumentBuilderImpl.parse(DocumentBuilderImpl.java:339)
	at org.eclipse.debug.internal.core.LaunchManager.createInfoFromXML(LaunchManager.java:935)
	at org.eclipse.debug.internal.core.LaunchManager.getInfo(LaunchManager.java:1359)
	... 10 more
!SUBENTRY 1 org.eclipse.debug.core 4 5012 2026-07-28 11:20:41.034
!MESSAGE 读取启动配置文件 F:\code\vibe_project\rollerball\M33\libraries\components\mtb-device-support-pse8xxgp\make\make\scripts\interface_version_4\eclipse\CM33\ram\_normal\JLink\any\&&_PRJ_NAME&& Program RAM (JLink).launch 时发生了 org.xml.sax.SAXParseException; lineNumber: 3; columnNumber: 66; 在实体引用中, 实体名称必须紧跟在 '&' 后面。。
!STACK 0
org.xml.sax.SAXParseException; lineNumber: 3; columnNumber: 66; 在实体引用中, 实体名称必须紧跟在 '&' 后面。
	at com.sun.org.apache.xerces.internal.util.ErrorHandlerWrapper.createSAXParseException(ErrorHandlerWrapper.java:203)
	at com.sun.org.apache.xerces.internal.util.ErrorHandlerWrapper.fatalError(ErrorHandlerWrapper.java:177)
	at com.sun.org.apache.xerces.internal.impl.XMLErrorReporter.reportError(XMLErrorReporter.java:400)
	at com.sun.org.apache.xerces.internal.impl.XMLErrorReporter.reportError(XMLErrorReporter.java:327)
	at com.sun.org.apache.xerces.internal.impl.XMLScanner.reportFatalError(XMLScanner.java:1472)
	at com.sun.org.apache.xerces.internal.impl.XMLScanner.scanAttributeValue(XMLScanner.java:908)
	at com.sun.org.apache.xerces.internal.impl.XMLDocumentFragmentScannerImpl.scanAttribute(XMLDocumentFragmentScannerImpl.java:1548)
	at com.sun.org.apache.xerces.internal.impl.XMLDocumentFragmentScannerImpl.scanStartElement(XMLDocumentFragmentScannerImpl.java:1315)
	at com.sun.org.apache.xerces.internal.impl.XMLDocumentFragmentScannerImpl$FragmentContentDriver.next(XMLDocumentFragmentScannerImpl.java:2784)
	at com.sun.org.apache.xerces.internal.impl.XMLDocumentScannerImpl.next(XMLDocumentScannerImpl.java:602)
	at com.sun.org.apache.xerces.internal.impl.XMLDocumentFragmentScannerImpl.scanDocument(XMLDocumentFragmentScannerImpl.java:505)
	at com.sun.org.apache.xerces.internal.parsers.XML11Configuration.parse(XML11Configuration.java:841)
	at com.sun.org.apache.xerces.internal.parsers.XML11Configuration.parse(XML11Configuration.java:770)
	at com.sun.org.apache.xerces.internal.parsers.XMLParser.parse(XMLParser.java:141)
	at com.sun.org.apache.xerces.internal.parsers.DOMParser.parse(DOMParser.java:243)
	at com.sun.org.apache.xerces.internal.jaxp.DocumentBuilderImpl.parse(DocumentBuilderImpl.java:339)
	at org.eclipse.debug.internal.core.LaunchManager.createInfoFromXML(LaunchManager.java:935)
	at org.eclipse.debug.internal.core.LaunchManager.getInfo(LaunchManager.java:1359)
	at org.eclipse.debug.internal.core.LaunchConfiguration.getInfo(LaunchConfiguration.java:490)
	at org.eclipse.debug.internal.core.LaunchConfiguration.getType(LaunchConfiguration.java:645)
	at org.eclipse.debug.internal.core.LaunchManager.isValid(LaunchManager.java:2091)
	at org.eclipse.debug.internal.core.LaunchManager.verifyConfigurations(LaunchManager.java:2462)
	at org.eclipse.debug.internal.core.LaunchManager.getAllLaunchConfigurations(LaunchManager.java:1140)
	at org.eclipse.debug.internal.core.LaunchManager.getLaunchConfigurations(LaunchManager.java:1444)
	at org.eclipse.debug.internal.core.LaunchManager.getLaunchConfigurations(LaunchManager.java:1439)
	at org.eclipse.launchbar.core.internal.LaunchBarManager.init(LaunchBarManager.java:130)
	at org.eclipse.launchbar.core.internal.LaunchBarManager$1.run(LaunchBarManager.java:96)
	at org.eclipse.core.internal.jobs.Worker.run(Worker.java:63)

!ENTRY org.eclipse.debug.core 4 125 2026-07-28 11:20:41.034
!MESSAGE 调试核心所记录的错误：
!STACK 1
org.eclipse.debug.core.DebugException: 读取启动配置文件 F:\code\vibe_project\rollerball\M33\libraries\components\mtb-device-support-pse8xxgp\make\make\scripts\interface_version_4\eclipse\CM33\ram\_normal\KitProg3\any\&&_PRJ_NAME&& Attach (KitProg3_MiniProg4).launch 时发生了 org.xml.sax.SAXParseException; lineNumber: 3; columnNumber: 66; 在实体引用中, 实体名称必须紧跟在 '&' 后面。。
	at org.eclipse.debug.internal.core.LaunchManager.createDebugException(LaunchManager.java:886)
	at org.eclipse.debug.internal.core.LaunchManager.throwException(LaunchManager.java:2448)
	at org.eclipse.debug.internal.core.LaunchManager.getInfo(LaunchManager.java:1366)
	at org.eclipse.debug.internal.core.LaunchConfiguration.getInfo(LaunchConfiguration.java:490)
	at org.eclipse.debug.internal.core.LaunchConfiguration.getType(LaunchConfiguration.java:645)
	at org.eclipse.debug.internal.core.LaunchManager.isValid(LaunchManager.java:2091)
	at org.eclipse.debug.internal.core.LaunchManager.verifyConfigurations(LaunchManager.java:2462)
	at org.eclipse.debug.internal.core.LaunchManager.getAllLaunchConfigurations(LaunchManager.java:1140)
	at org.eclipse.debug.internal.core.LaunchManager.getLaunchConfigurations(LaunchManager.java:1444)
	at org.eclipse.debug.internal.core.LaunchManager.getLaunchConfigurations(LaunchManager.java:1439)
	at org.eclipse.launchbar.core.internal.LaunchBarManager.init(LaunchBarManager.java:130)
	at org.eclipse.launchbar.core.internal.LaunchBarManager$1.run(LaunchBarManager.java:96)
	at org.eclipse.core.internal.jobs.Worker.run(Worker.java:63)
Caused by: org.xml.sax.SAXParseException; lineNumber: 3; columnNumber: 66; 在实体引用中, 实体名称必须紧跟在 '&' 后面。
	at com.sun.org.apache.xerces.internal.util.ErrorHandlerWrapper.createSAXParseException(ErrorHandlerWrapper.java:203)
	at com.sun.org.apache.xerces.internal.util.ErrorHandlerWrapper.fatalError(ErrorHandlerWrapper.java:177)
	at com.sun.org.apache.xerces.internal.impl.XMLErrorReporter.reportError(XMLErrorReporter.java:400)
	at com.sun.org.apache.xerces.internal.impl.XMLErrorReporter.reportError(XMLErrorReporter.java:327)
	at com.sun.org.apache.xerces.internal.impl.XMLScanner.reportFatalError(XMLScanner.java:1472)
	at com.sun.org.apache.xerces.internal.impl.XMLScanner.scanAttributeValue(XMLScanner.java:908)
	at com.sun.org.apache.xerces.internal.impl.XMLDocumentFragmentScannerImpl.scanAttribute(XMLDocumentFragmentScannerImpl.java:1548)
	at com.sun.org.apache.xerces.internal.impl.XMLDocumentFragmentScannerImpl.scanStartElement(XMLDocumentFragmentScannerImpl.java:1315)
	at com.sun.org.apache.xerces.internal.impl.XMLDocumentFragmentScannerImpl$FragmentContentDriver.next(XMLDocumentFragmentScannerImpl.java:2784)
	at com.sun.org.apache.xerces.internal.impl.XMLDocumentScannerImpl.next(XMLDocumentScannerImpl.java:602)
	at com.sun.org.apache.xerces.internal.impl.XMLDocumentFragmentScannerImpl.scanDocument(XMLDocumentFragmentScannerImpl.java:505)
	at com.sun.org.apache.xerces.internal.parsers.XML11Configuration.parse(XML11Configuration.java:841)
	at com.sun.org.apache.xerces.internal.parsers.XML11Configuration.parse(XML11Configuration.java:770)
	at com.sun.org.apache.xerces.internal.parsers.XMLParser.parse(XMLParser.java:141)
	at com.sun.org.apache.xerces.internal.parsers.DOMParser.parse(DOMParser.java:243)
	at com.sun.org.apache.xerces.internal.jaxp.DocumentBuilderImpl.parse(DocumentBuilderImpl.java:339)
	at org.eclipse.debug.internal.core.LaunchManager.createInfoFromXML(LaunchManager.java:935)
	at org.eclipse.debug.internal.core.LaunchManager.getInfo(LaunchManager.java:1359)
	... 10 more
!SUBENTRY 1 org.eclipse.debug.core 4 5012 2026-07-28 11:20:41.036
!MESSAGE 读取启动配置文件 F:\code\vibe_project\rollerball\M33\libraries\components\mtb-device-support-pse8xxgp\make\make\scripts\interface_version_4\eclipse\CM33\ram\_normal\KitProg3\any\&&_PRJ_NAME&& Attach (KitProg3_MiniProg4).launch 时发生了 org.xml.sax.SAXParseException; lineNumber: 3; columnNumber: 66; 在实体引用中, 实体名称必须紧跟在 '&' 后面。。
!STACK 0
org.xml.sax.SAXParseException; lineNumber: 3; columnNumber: 66; 在实体引用中, 实体名称必须紧跟在 '&' 后面。
	at com.sun.org.apache.xerces.internal.util.ErrorHandlerWrapper.createSAXParseException(ErrorHandlerWrapper.java:203)
	at com.sun.org.apache.xerces.internal.util.ErrorHandlerWrapper.fatalError(ErrorHandlerWrapper.java:177)
	at com.sun.org.apache.xerces.internal.impl.XMLErrorReporter.reportError(XMLErrorReporter.java:400)
	at com.sun.org.apache.xerces.internal.impl.XMLErrorReporter.reportError(XMLErrorReporter.java:327)
	at com.sun.org.apache.xerces.internal.impl.XMLScanner.reportFatalError(XMLScanner.java:1472)
	at com.sun.org.apache.xerces.internal.impl.XMLScanner.scanAttributeValue(XMLScanner.java:908)
	at com.sun.org.apache.xerces.internal.impl.XMLDocumentFragmentScannerImpl.scanAttribute(XMLDocumentFragmentScannerImpl.java:1548)
	at com.sun.org.apache.xerces.internal.impl.XMLDocumentFragmentScannerImpl.scanStartElement(XMLDocumentFragmentScannerImpl.java:1315)
	at com.sun.org.apache.xerces.internal.impl.XMLDocumentFragmentScannerImpl$FragmentContentDriver.next(XMLDocumentFragmentScannerImpl.java:2784)
	at com.sun.org.apache.xerces.internal.impl.XMLDocumentScannerImpl.next(XMLDocumentScannerImpl.java:602)
	at com.sun.org.apache.xerces.internal.impl.XMLDocumentFragmentScannerImpl.scanDocument(XMLDocumentFragmentScannerImpl.java:505)
	at com.sun.org.apache.xerces.internal.parsers.XML11Configuration.parse(XML11Configuration.java:841)
	at com.sun.org.apache.xerces.internal.parsers.XML11Configuration.parse(XML11Configuration.java:770)
	at com.sun.org.apache.xerces.internal.parsers.XMLParser.parse(XMLParser.java:141)
	at com.sun.org.apache.xerces.internal.parsers.DOMParser.parse(DOMParser.java:243)
	at com.sun.org.apache.xerces.internal.jaxp.DocumentBuilderImpl.parse(DocumentBuilderImpl.java:339)
	at org.eclipse.debug.internal.core.LaunchManager.createInfoFromXML(LaunchManager.java:935)
	at org.eclipse.debug.internal.core.LaunchManager.getInfo(LaunchManager.java:1359)
	at org.eclipse.debug.internal.core.LaunchConfiguration.getInfo(LaunchConfiguration.java:490)
	at org.eclipse.debug.internal.core.LaunchConfiguration.getType(LaunchConfiguration.java:645)
	at org.eclipse.debug.internal.core.LaunchManager.isValid(LaunchManager.java:2091)
	at org.eclipse.debug.internal.core.LaunchManager.verifyConfigurations(LaunchManager.java:2462)
	at org.eclipse.debug.internal.core.LaunchManager.getAllLaunchConfigurations(LaunchManager.java:1140)
	at org.eclipse.debug.internal.core.LaunchManager.getLaunchConfigurations(LaunchManager.java:1444)
	at org.eclipse.debug.internal.core.LaunchManager.getLaunchConfigurations(LaunchManager.java:1439)
	at org.eclipse.launchbar.core.internal.LaunchBarManager.init(LaunchBarManager.java:130)
	at org.eclipse.launchbar.core.internal.LaunchBarManager$1.run(LaunchBarManager.java:96)
	at org.eclipse.core.internal.jobs.Worker.run(Worker.java:63)

!ENTRY org.eclipse.debug.core 4 125 2026-07-28 11:20:41.036
!MESSAGE 调试核心所记录的错误：
!STACK 1
org.eclipse.debug.core.DebugException: 读取启动配置文件 F:\code\vibe_project\rollerball\M33\libraries\components\mtb-device-support-pse8xxgp\make\make\scripts\interface_version_4\eclipse\CM33\ram\_normal\KitProg3\any\&&_PRJ_NAME&& Debug (KitProg3_MiniProg4).launch 时发生了 org.xml.sax.SAXParseException; lineNumber: 3; columnNumber: 66; 在实体引用中, 实体名称必须紧跟在 '&' 后面。。
	at org.eclipse.debug.internal.core.LaunchManager.createDebugException(LaunchManager.java:886)
	at org.eclipse.debug.internal.core.LaunchManager.throwException(LaunchManager.java:2448)
	at org.eclipse.debug.internal.core.LaunchManager.getInfo(LaunchManager.java:1366)
	at org.eclipse.debug.internal.core.LaunchConfiguration.getInfo(LaunchConfiguration.java:490)
	at org.eclipse.debug.internal.core.LaunchConfiguration.getType(LaunchConfiguration.java:645)
	at org.eclipse.debug.internal.core.LaunchManager.isValid(LaunchManager.java:2091)
	at org.eclipse.debug.internal.core.LaunchManager.verifyConfigurations(LaunchManager.java:2462)
	at org.eclipse.debug.internal.core.LaunchManager.getAllLaunchConfigurations(LaunchManager.java:1140)
	at org.eclipse.debug.internal.core.LaunchManager.getLaunchConfigurations(LaunchManager.java:1444)
	at org.eclipse.debug.internal.core.LaunchManager.getLaunchConfigurations(LaunchManager.java:1439)
	at org.eclipse.launchbar.core.internal.LaunchBarManager.init(LaunchBarManager.java:130)
	at org.eclipse.launchbar.core.internal.LaunchBarManager$1.run(LaunchBarManager.java:96)
	at org.eclipse.core.internal.jobs.Worker.run(Worker.java:63)
Caused by: org.xml.sax.SAXParseException; lineNumber: 3; columnNumber: 66; 在实体引用中, 实体名称必须紧跟在 '&' 后面。
	at com.sun.org.apache.xerces.internal.util.ErrorHandlerWrapper.createSAXParseException(ErrorHandlerWrapper.java:203)
	at com.sun.org.apache.xerces.internal.util.ErrorHandlerWrapper.fatalError(ErrorHandlerWrapper.java:177)
	at com.sun.org.apache.xerces.internal.impl.XMLErrorReporter.reportError(XMLErrorReporter.java:400)
	at com.sun.org.apache.xerces.internal.impl.XMLErrorReporter.reportError(XMLErrorReporter.java:327)
	at com.sun.org.apache.xerces.internal.impl.XMLScanner.reportFatalError(XMLScanner.java:1472)
	at com.sun.org.apache.xerces.internal.impl.XMLScanner.scanAttributeValue(XMLScanner.java:908)
	at com.sun.org.apache.xerces.internal.impl.XMLDocumentFragmentScannerImpl.scanAttribute(XMLDocumentFragmentScannerImpl.java:1548)
	at com.sun.org.apache.xerces.internal.impl.XMLDocumentFragmentScannerImpl.scanStartElement(XMLDocumentFragmentScannerImpl.java:1315)
	at com.sun.org.apache.xerces.internal.impl.XMLDocumentFragmentScannerImpl$FragmentContentDriver.next(XMLDocumentFragmentScannerImpl.java:2784)
	at com.sun.org.apache.xerces.internal.impl.XMLDocumentScannerImpl.next(XMLDocumentScannerImpl.java:602)
	at com.sun.org.apache.xerces.internal.impl.XMLDocumentFragmentScannerImpl.scanDocument(XMLDocumentFragmentScannerImpl.java:505)
	at com.sun.org.apache.xerces.internal.parsers.XML11Configuration.parse(XML11Configuration.java:841)
	at com.sun.org.apache.xerces.internal.parsers.XML11Configuration.parse(XML11Configuration.java:770)
	at com.sun.org.apache.xerces.internal.parsers.XMLParser.parse(XMLParser.java:141)
	at com.sun.org.apache.xerces.internal.parsers.DOMParser.parse(DOMParser.java:243)
	at com.sun.org.apache.xerces.internal.jaxp.DocumentBuilderImpl.parse(DocumentBuilderImpl.java:339)
	at org.eclipse.debug.internal.core.LaunchManager.createInfoFromXML(LaunchManager.java:935)
	at org.eclipse.debug.internal.core.LaunchManager.getInfo(LaunchManager.java:1359)
	... 10 more
!SUBENTRY 1 org.eclipse.debug.core 4 5012 2026-07-28 11:20:41.036
!MESSAGE 读取启动配置文件 F:\code\vibe_project\rollerball\M33\libraries\components\mtb-device-support-pse8xxgp\make\make\scripts\interface_version_4\eclipse\CM33\ram\_normal\KitProg3\any\&&_PRJ_NAME&& Debug (KitProg3_MiniProg4).launch 时发生了 org.xml.sax.SAXParseException; lineNumber: 3; columnNumber: 66; 在实体引用中, 实体名称必须紧跟在 '&' 后面。。
!STACK 0
org.xml.sax.SAXParseException; lineNumber: 3; columnNumber: 66; 在实体引用中, 实体名称必须紧跟在 '&' 后面。
	at com.sun.org.apache.xerces.internal.util.ErrorHandlerWrapper.createSAXParseException(ErrorHandlerWrapper.java:203)
	at com.sun.org.apache.xerces.internal.util.ErrorHandlerWrapper.fatalError(ErrorHandlerWrapper.java:177)
	at com.sun.org.apache.xerces.internal.impl.XMLErrorReporter.reportError(XMLErrorReporter.java:400)
	at com.sun.org.apache.xerces.internal.impl.XMLErrorReporter.reportError(XMLErrorReporter.java:327)
	at com.sun.org.apache.xerces.internal.impl.XMLScanner.reportFatalError(XMLScanner.java:1472)
	at com.sun.org.apache.xerces.internal.impl.XMLScanner.scanAttributeValue(XMLScanner.java:908)
	at com.sun.org.apache.xerces.internal.impl.XMLDocumentFragmentScannerImpl.scanAttribute(XMLDocumentFragmentScannerImpl.java:1548)
	at com.sun.org.apache.xerces.internal.impl.XMLDocumentFragmentScannerImpl.scanStartElement(XMLDocumentFragmentScannerImpl.java:1315)
	at com.sun.org.apache.xerces.internal.impl.XMLDocumentFragmentScannerImpl$FragmentContentDriver.next(XMLDocumentFragmentScannerImpl.java:2784)
	at com.sun.org.apache.xerces.internal.impl.XMLDocumentScannerImpl.next(XMLDocumentScannerImpl.java:602)
	at com.sun.org.apache.xerces.internal.impl.XMLDocumentFragmentScannerImpl.scanDocument(XMLDocumentFragmentScannerImpl.java:505)
	at com.sun.org.apache.xerces.internal.parsers.XML11Configuration.parse(XML11Configuration.java:841)
	at com.sun.org.apache.xerces.internal.parsers.XML11Configuration.parse(XML11Configuration.java:770)
	at com.sun.org.apache.xerces.internal.parsers.XMLParser.parse(XMLParser.java:141)
	at com.sun.org.apache.xerces.internal.parsers.DOMParser.parse(DOMParser.java:243)
	at com.sun.org.apache.xerces.internal.jaxp.DocumentBuilderImpl.parse(DocumentBuilderImpl.java:339)
	at org.eclipse.debug.internal.core.LaunchManager.createInfoFromXML(LaunchManager.java:935)
	at org.eclipse.debug.internal.core.LaunchManager.getInfo(LaunchManager.java:1359)
	at org.eclipse.debug.internal.core.LaunchConfiguration.getInfo(LaunchConfiguration.java:490)
	at org.eclipse.debug.internal.core.LaunchConfiguration.getType(LaunchConfiguration.java:645)
	at org.eclipse.debug.internal.core.LaunchManager.isValid(LaunchManager.java:2091)
	at org.eclipse.debug.internal.core.LaunchManager.verifyConfigurations(LaunchManager.java:2462)
	at org.eclipse.debug.internal.core.LaunchManager.getAllLaunchConfigurations(LaunchManager.java:1140)
	at org.eclipse.debug.internal.core.LaunchManager.getLaunchConfigurations(LaunchManager.java:1444)
	at org.eclipse.debug.internal.core.LaunchManager.getLaunchConfigurations(LaunchManager.java:1439)
	at org.eclipse.launchbar.core.internal.LaunchBarManager.init(LaunchBarManager.java:130)
	at org.eclipse.launchbar.core.internal.LaunchBarManager$1.run(LaunchBarManager.java:96)
	at org.eclipse.core.internal.jobs.Worker.run(Worker.java:63)

!ENTRY org.eclipse.debug.core 4 125 2026-07-28 11:20:41.038
!MESSAGE 调试核心所记录的错误：
!STACK 1
org.eclipse.debug.core.DebugException: 读取启动配置文件 F:\code\vibe_project\rollerball\M33\libraries\components\mtb-device-support-pse8xxgp\make\make\scripts\interface_version_4\eclipse\CM33\ram\_normal\KitProg3\any\&&_PRJ_NAME&& Program (KitProg3_MiniProg4).launch 时发生了 org.xml.sax.SAXParseException; lineNumber: 3; columnNumber: 66; 在实体引用中, 实体名称必须紧跟在 '&' 后面。。
	at org.eclipse.debug.internal.core.LaunchManager.createDebugException(LaunchManager.java:886)
	at org.eclipse.debug.internal.core.LaunchManager.throwException(LaunchManager.java:2448)
	at org.eclipse.debug.internal.core.LaunchManager.getInfo(LaunchManager.java:1366)
	at org.eclipse.debug.internal.core.LaunchConfiguration.getInfo(LaunchConfiguration.java:490)
	at org.eclipse.debug.internal.core.LaunchConfiguration.getType(LaunchConfiguration.java:645)
	at org.eclipse.debug.internal.core.LaunchManager.isValid(LaunchManager.java:2091)
	at org.eclipse.debug.internal.core.LaunchManager.verifyConfigurations(LaunchManager.java:2462)
	at org.eclipse.debug.internal.core.LaunchManager.getAllLaunchConfigurations(LaunchManager.java:1140)
	at org.eclipse.debug.internal.core.LaunchManager.getLaunchConfigurations(LaunchManager.java:1444)
	at org.eclipse.debug.internal.core.LaunchManager.getLaunchConfigurations(LaunchManager.java:1439)
	at org.eclipse.launchbar.core.internal.LaunchBarManager.init(LaunchBarManager.java:130)
	at org.eclipse.launchbar.core.internal.LaunchBarManager$1.run(LaunchBarManager.java:96)
	at org.eclipse.core.internal.jobs.Worker.run(Worker.java:63)
Caused by: org.xml.sax.SAXParseException; lineNumber: 3; columnNumber: 66; 在实体引用中, 实体名称必须紧跟在 '&' 后面。
	at com.sun.org.apache.xerces.internal.util.ErrorHandlerWrapper.createSAXParseException(ErrorHandlerWrapper.java:203)
	at com.sun.org.apache.xerces.internal.util.ErrorHandlerWrapper.fatalError(ErrorHandlerWrapper.java:177)
	at com.sun.org.apache.xerces.internal.impl.XMLErrorReporter.reportError(XMLErrorReporter.java:400)
	at com.sun.org.apache.xerces.internal.impl.XMLErrorReporter.reportError(XMLErrorReporter.java:327)
	at com.sun.org.apache.xerces.internal.impl.XMLScanner.reportFatalError(XMLScanner.java:1472)
	at com.sun.org.apache.xerces.internal.impl.XMLScanner.scanAttributeValue(XMLScanner.java:908)
	at com.sun.org.apache.xerces.internal.impl.XMLDocumentFragmentScannerImpl.scanAttribute(XMLDocumentFragmentScannerImpl.java:1548)
	at com.sun.org.apache.xerces.internal.impl.XMLDocumentFragmentScannerImpl.scanStartElement(XMLDocumentFragmentScannerImpl.java:1315)
	at com.sun.org.apache.xerces.internal.impl.XMLDocumentFragmentScannerImpl$FragmentContentDriver.next(XMLDocumentFragmentScannerImpl.java:2784)
	at com.sun.org.apache.xerces.internal.impl.XMLDocumentScannerImpl.next(XMLDocumentScannerImpl.java:602)
	at com.sun.org.apache.xerces.internal.impl.XMLDocumentFragmentScannerImpl.scanDocument(XMLDocumentFragmentScannerImpl.java:505)
	at com.sun.org.apache.xerces.internal.parsers.XML11Configuration.parse(XML11Configuration.java:841)
	at com.sun.org.apache.xerces.internal.parsers.XML11Configuration.parse(XML11Configuration.java:770)
	at com.sun.org.apache.xerces.internal.parsers.XMLParser.parse(XMLParser.java:141)
	at com.sun.org.apache.xerces.internal.parsers.DOMParser.parse(DOMParser.java:243)
	at com.sun.org.apache.xerces.internal.jaxp.DocumentBuilderImpl.parse(DocumentBuilderImpl.java:339)
	at org.eclipse.debug.internal.core.LaunchManager.createInfoFromXML(LaunchManager.java:935)
	at org.eclipse.debug.internal.core.LaunchManager.getInfo(LaunchManager.java:1359)
	... 10 more
!SUBENTRY 1 org.eclipse.debug.core 4 5012 2026-07-28 11:20:41.038
!MESSAGE 读取启动配置文件 F:\code\vibe_project\rollerball\M33\libraries\components\mtb-device-support-pse8xxgp\make\make\scripts\interface_version_4\eclipse\CM33\ram\_normal\KitProg3\any\&&_PRJ_NAME&& Program (KitProg3_MiniProg4).launch 时发生了 org.xml.sax.SAXParseException; lineNumber: 3; columnNumber: 66; 在实体引用中, 实体名称必须紧跟在 '&' 后面。。
!STACK 0
org.xml.sax.SAXParseException; lineNumber: 3; columnNumber: 66; 在实体引用中, 实体名称必须紧跟在 '&' 后面。
	at com.sun.org.apache.xerces.internal.util.ErrorHandlerWrapper.createSAXParseException(ErrorHandlerWrapper.java:203)
	at com.sun.org.apache.xerces.internal.util.ErrorHandlerWrapper.fatalError(ErrorHandlerWrapper.java:177)
	at com.sun.org.apache.xerces.internal.impl.XMLErrorReporter.reportError(XMLErrorReporter.java:400)
	at com.sun.org.apache.xerces.internal.impl.XMLErrorReporter.reportError(XMLErrorReporter.java:327)
	at com.sun.org.apache.xerces.internal.impl.XMLScanner.reportFatalError(XMLScanner.java:1472)
	at com.sun.org.apache.xerces.internal.impl.XMLScanner.scanAttributeValue(XMLScanner.java:908)
	at com.sun.org.apache.xerces.internal.impl.XMLDocumentFragmentScannerImpl.scanAttribute(XMLDocumentFragmentScannerImpl.java:1548)
	at com.sun.org.apache.xerces.internal.impl.XMLDocumentFragmentScannerImpl.scanStartElement(XMLDocumentFragmentScannerImpl.java:1315)
	at com.sun.org.apache.xerces.internal.impl.XMLDocumentFragmentScannerImpl$FragmentContentDriver.next(XMLDocumentFragmentScannerImpl.java:2784)
	at com.sun.org.apache.xerces.internal.impl.XMLDocumentScannerImpl.next(XMLDocumentScannerImpl.java:602)
	at com.sun.org.apache.xerces.internal.impl.XMLDocumentFragmentScannerImpl.scanDocument(XMLDocumentFragmentScannerImpl.java:505)
	at com.sun.org.apache.xerces.internal.parsers.XML11Configuration.parse(XML11Configuration.java:841)
	at com.sun.org.apache.xerces.internal.parsers.XML11Configuration.parse(XML11Configuration.java:770)
	at com.sun.org.apache.xerces.internal.parsers.XMLParser.parse(XMLParser.java:141)
	at com.sun.org.apache.xerces.internal.parsers.DOMParser.parse(DOMParser.java:243)
	at com.sun.org.apache.xerces.internal.jaxp.DocumentBuilderImpl.parse(DocumentBuilderImpl.java:339)
	at org.eclipse.debug.internal.core.LaunchManager.createInfoFromXML(LaunchManager.java:935)
	at org.eclipse.debug.internal.core.LaunchManager.getInfo(LaunchManager.java:1359)
	at org.eclipse.debug.internal.core.LaunchConfiguration.getInfo(LaunchConfiguration.java:490)
	at org.eclipse.debug.internal.core.LaunchConfiguration.getType(LaunchConfiguration.java:645)
	at org.eclipse.debug.internal.core.LaunchManager.isValid(LaunchManager.java:2091)
	at org.eclipse.debug.internal.core.LaunchManager.verifyConfigurations(LaunchManager.java:2462)
	at org.eclipse.debug.internal.core.LaunchManager.getAllLaunchConfigurations(LaunchManager.java:1140)
	at org.eclipse.debug.internal.core.LaunchManager.getLaunchConfigurations(LaunchManager.java:1444)
	at org.eclipse.debug.internal.core.LaunchManager.getLaunchConfigurations(LaunchManager.java:1439)
	at org.eclipse.launchbar.core.internal.LaunchBarManager.init(LaunchBarManager.java:130)
	at org.eclipse.launchbar.core.internal.LaunchBarManager$1.run(LaunchBarManager.java:96)
	at org.eclipse.core.internal.jobs.Worker.run(Worker.java:63)

!ENTRY org.eclipse.debug.core 4 125 2026-07-28 11:20:41.038
!MESSAGE 调试核心所记录的错误：
!STACK 1
org.eclipse.debug.core.DebugException: 读取启动配置文件 F:\code\vibe_project\rollerball\M33\libraries\components\mtb-device-support-pse8xxgp\make\make\scripts\interface_version_4\eclipse\CM33\ram\_normal\KitProg3\combine_sign\Debug.launch 时发生了 org.xml.sax.SAXParseException; lineNumber: 3; columnNumber: 66; 在实体引用中, 实体名称必须紧跟在 '&' 后面。。
	at org.eclipse.debug.internal.core.LaunchManager.createDebugException(LaunchManager.java:886)
	at org.eclipse.debug.internal.core.LaunchManager.throwException(LaunchManager.java:2448)
	at org.eclipse.debug.internal.core.LaunchManager.getInfo(LaunchManager.java:1366)
	at org.eclipse.debug.internal.core.LaunchConfiguration.getInfo(LaunchConfiguration.java:490)
	at org.eclipse.debug.internal.core.LaunchConfiguration.getType(LaunchConfiguration.java:645)
	at org.eclipse.debug.internal.core.LaunchManager.isValid(LaunchManager.java:2091)
	at org.eclipse.debug.internal.core.LaunchManager.verifyConfigurations(LaunchManager.java:2462)
	at org.eclipse.debug.internal.core.LaunchManager.getAllLaunchConfigurations(LaunchManager.java:1140)
	at org.eclipse.debug.internal.core.LaunchManager.getLaunchConfigurations(LaunchManager.java:1444)
	at org.eclipse.debug.internal.core.LaunchManager.getLaunchConfigurations(LaunchManager.java:1439)
	at org.eclipse.launchbar.core.internal.LaunchBarManager.init(LaunchBarManager.java:130)
	at org.eclipse.launchbar.core.internal.LaunchBarManager$1.run(LaunchBarManager.java:96)
	at org.eclipse.core.internal.jobs.Worker.run(Worker.java:63)
Caused by: org.xml.sax.SAXParseException; lineNumber: 3; columnNumber: 66; 在实体引用中, 实体名称必须紧跟在 '&' 后面。
	at com.sun.org.apache.xerces.internal.util.ErrorHandlerWrapper.createSAXParseException(ErrorHandlerWrapper.java:203)
	at com.sun.org.apache.xerces.internal.util.ErrorHandlerWrapper.fatalError(ErrorHandlerWrapper.java:177)
	at com.sun.org.apache.xerces.internal.impl.XMLErrorReporter.reportError(XMLErrorReporter.java:400)
	at com.sun.org.apache.xerces.internal.impl.XMLErrorReporter.reportError(XMLErrorReporter.java:327)
	at com.sun.org.apache.xerces.internal.impl.XMLScanner.reportFatalError(XMLScanner.java:1472)
	at com.sun.org.apache.xerces.internal.impl.XMLScanner.scanAttributeValue(XMLScanner.java:908)
	at com.sun.org.apache.xerces.internal.impl.XMLDocumentFragmentScannerImpl.scanAttribute(XMLDocumentFragmentScannerImpl.java:1548)
	at com.sun.org.apache.xerces.internal.impl.XMLDocumentFragmentScannerImpl.scanStartElement(XMLDocumentFragmentScannerImpl.java:1315)
	at com.sun.org.apache.xerces.internal.impl.XMLDocumentFragmentScannerImpl$FragmentContentDriver.next(XMLDocumentFragmentScannerImpl.java:2784)
	at com.sun.org.apache.xerces.internal.impl.XMLDocumentScannerImpl.next(XMLDocumentScannerImpl.java:602)
	at com.sun.org.apache.xerces.internal.impl.XMLDocumentFragmentScannerImpl.scanDocument(XMLDocumentFragmentScannerImpl.java:505)
	at com.sun.org.apache.xerces.internal.parsers.XML11Configuration.parse(XML11Configuration.java:841)
	at com.sun.org.apache.xerces.internal.parsers.XML11Configuration.parse(XML11Configuration.java:770)
	at com.sun.org.apache.xerces.internal.parsers.XMLParser.parse(XMLParser.java:141)
	at com.sun.org.apache.xerces.internal.parsers.DOMParser.parse(DOMParser.java:243)
	at com.sun.org.apache.xerces.internal.jaxp.DocumentBuilderImpl.parse(DocumentBuilderImpl.java:339)
	at org.eclipse.debug.internal.core.LaunchManager.createInfoFromXML(LaunchManager.java:935)
	at org.eclipse.debug.internal.core.LaunchManager.getInfo(LaunchManager.java:1359)
	... 10 more
!SUBENTRY 1 org.eclipse.debug.core 4 5012 2026-07-28 11:20:41.043
!MESSAGE 读取启动配置文件 F:\code\vibe_project\rollerball\M33\libraries\components\mtb-device-support-pse8xxgp\make\make\scripts\interface_version_4\eclipse\CM33\ram\_normal\KitProg3\combine_sign\Debug.launch 时发生了 org.xml.sax.SAXParseException; lineNumber: 3; columnNumber: 66; 在实体引用中, 实体名称必须紧跟在 '&' 后面。。
!STACK 0
org.xml.sax.SAXParseException; lineNumber: 3; columnNumber: 66; 在实体引用中, 实体名称必须紧跟在 '&' 后面。
	at com.sun.org.apache.xerces.internal.util.ErrorHandlerWrapper.createSAXParseException(ErrorHandlerWrapper.java:203)
	at com.sun.org.apache.xerces.internal.util.ErrorHandlerWrapper.fatalError(ErrorHandlerWrapper.java:177)
	at com.sun.org.apache.xerces.internal.impl.XMLErrorReporter.reportError(XMLErrorReporter.java:400)
	at com.sun.org.apache.xerces.internal.impl.XMLErrorReporter.reportError(XMLErrorReporter.java:327)
	at com.sun.org.apache.xerces.internal.impl.XMLScanner.reportFatalError(XMLScanner.java:1472)
	at com.sun.org.apache.xerces.internal.impl.XMLScanner.scanAttributeValue(XMLScanner.java:908)
	at com.sun.org.apache.xerces.internal.impl.XMLDocumentFragmentScannerImpl.scanAttribute(XMLDocumentFragmentScannerImpl.java:1548)
	at com.sun.org.apache.xerces.internal.impl.XMLDocumentFragmentScannerImpl.scanStartElement(XMLDocumentFragmentScannerImpl.java:1315)
	at com.sun.org.apache.xerces.internal.impl.XMLDocumentFragmentScannerImpl$FragmentContentDriver.next(XMLDocumentFragmentScannerImpl.java:2784)
	at com.sun.org.apache.xerces.internal.impl.XMLDocumentScannerImpl.next(XMLDocumentScannerImpl.java:602)
	at com.sun.org.apache.xerces.internal.impl.XMLDocumentFragmentScannerImpl.scanDocument(XMLDocumentFragmentScannerImpl.java:505)
	at com.sun.org.apache.xerces.internal.parsers.XML11Configuration.parse(XML11Configuration.java:841)
	at com.sun.org.apache.xerces.internal.parsers.XML11Configuration.parse(XML11Configuration.java:770)
	at com.sun.org.apache.xerces.internal.parsers.XMLParser.parse(XMLParser.java:141)
	at com.sun.org.apache.xerces.internal.parsers.DOMParser.parse(DOMParser.java:243)
	at com.sun.org.apache.xerces.internal.jaxp.DocumentBuilderImpl.parse(DocumentBuilderImpl.java:339)
	at org.eclipse.debug.internal.core.LaunchManager.createInfoFromXML(LaunchManager.java:935)
	at org.eclipse.debug.internal.core.LaunchManager.getInfo(LaunchManager.java:1359)
	at org.eclipse.debug.internal.core.LaunchConfiguration.getInfo(LaunchConfiguration.java:490)
	at org.eclipse.debug.internal.core.LaunchConfiguration.getType(LaunchConfiguration.java:645)
	at org.eclipse.debug.internal.core.LaunchManager.isValid(LaunchManager.java:2091)
	at org.eclipse.debug.internal.core.LaunchManager.verifyConfigurations(LaunchManager.java:2462)
	at org.eclipse.debug.internal.core.LaunchManager.getAllLaunchConfigurations(LaunchManager.java:1140)
	at org.eclipse.debug.internal.core.LaunchManager.getLaunchConfigurations(LaunchManager.java:1444)
	at org.eclipse.debug.internal.core.LaunchManager.getLaunchConfigurations(LaunchManager.java:1439)
	at org.eclipse.launchbar.core.internal.LaunchBarManager.init(LaunchBarManager.java:130)
	at org.eclipse.launchbar.core.internal.LaunchBarManager$1.run(LaunchBarManager.java:96)
	at org.eclipse.core.internal.jobs.Worker.run(Worker.java:63)

!ENTRY org.eclipse.debug.core 4 125 2026-07-28 11:20:41.043
!MESSAGE 调试核心所记录的错误：
!STACK 1
org.eclipse.debug.core.DebugException: 读取启动配置文件 F:\code\vibe_project\rollerball\M33\libraries\components\mtb-device-support-pse8xxgp\make\make\scripts\interface_version_4\eclipse\CM33\ram\_normal\KitProg3\multi\&&_PRJ_NAME&& Debug (KitProg3_MiniProg4).launch 时发生了 org.xml.sax.SAXParseException; lineNumber: 3; columnNumber: 66; 在实体引用中, 实体名称必须紧跟在 '&' 后面。。
	at org.eclipse.debug.internal.core.LaunchManager.createDebugException(LaunchManager.java:886)
	at org.eclipse.debug.internal.core.LaunchManager.throwException(LaunchManager.java:2448)
	at org.eclipse.debug.internal.core.LaunchManager.getInfo(LaunchManager.java:1366)
	at org.eclipse.debug.internal.core.LaunchConfiguration.getInfo(LaunchConfiguration.java:490)
	at org.eclipse.debug.internal.core.LaunchConfiguration.getType(LaunchConfiguration.java:645)
	at org.eclipse.debug.internal.core.LaunchManager.isValid(LaunchManager.java:2091)
	at org.eclipse.debug.internal.core.LaunchManager.verifyConfigurations(LaunchManager.java:2462)
	at org.eclipse.debug.internal.core.LaunchManager.getAllLaunchConfigurations(LaunchManager.java:1140)
	at org.eclipse.debug.internal.core.LaunchManager.getLaunchConfigurations(LaunchManager.java:1444)
	at org.eclipse.debug.internal.core.LaunchManager.getLaunchConfigurations(LaunchManager.java:1439)
	at org.eclipse.launchbar.core.internal.LaunchBarManager.init(LaunchBarManager.java:130)
	at org.eclipse.launchbar.core.internal.LaunchBarManager$1.run(LaunchBarManager.java:96)
	at org.eclipse.core.internal.jobs.Worker.run(Worker.java:63)
Caused by: org.xml.sax.SAXParseException; lineNumber: 3; columnNumber: 66; 在实体引用中, 实体名称必须紧跟在 '&' 后面。
	at com.sun.org.apache.xerces.internal.util.ErrorHandlerWrapper.createSAXParseException(ErrorHandlerWrapper.java:203)
	at com.sun.org.apache.xerces.internal.util.ErrorHandlerWrapper.fatalError(ErrorHandlerWrapper.java:177)
	at com.sun.org.apache.xerces.internal.impl.XMLErrorReporter.reportError(XMLErrorReporter.java:400)
	at com.sun.org.apache.xerces.internal.impl.XMLErrorReporter.reportError(XMLErrorReporter.java:327)
	at com.sun.org.apache.xerces.internal.impl.XMLScanner.reportFatalError(XMLScanner.java:1472)
	at com.sun.org.apache.xerces.internal.impl.XMLScanner.scanAttributeValue(XMLScanner.java:908)
	at com.sun.org.apache.xerces.internal.impl.XMLDocumentFragmentScannerImpl.scanAttribute(XMLDocumentFragmentScannerImpl.java:1548)
	at com.sun.org.apache.xerces.internal.impl.XMLDocumentFragmentScannerImpl.scanStartElement(XMLDocumentFragmentScannerImpl.java:1315)
	at com.sun.org.apache.xerces.internal.impl.XMLDocumentFragmentScannerImpl$FragmentContentDriver.next(XMLDocumentFragmentScannerImpl.java:2784)
	at com.sun.org.apache.xerces.internal.impl.XMLDocumentScannerImpl.next(XMLDocumentScannerImpl.java:602)
	at com.sun.org.apache.xerces.internal.impl.XMLDocumentFragmentScannerImpl.scanDocument(XMLDocumentFragmentScannerImpl.java:505)
	at com.sun.org.apache.xerces.internal.parsers.XML11Configuration.parse(XML11Configuration.java:841)
	at com.sun.org.apache.xerces.internal.parsers.XML11Configuration.parse(XML11Configuration.java:770)
	at com.sun.org.apache.xerces.internal.parsers.XMLParser.parse(XMLParser.java:141)
	at com.sun.org.apache.xerces.internal.parsers.DOMParser.parse(DOMParser.java:243)
	at com.sun.org.apache.xerces.internal.jaxp.DocumentBuilderImpl.parse(DocumentBuilderImpl.java:339)
	at org.eclipse.debug.internal.core.LaunchManager.createInfoFromXML(LaunchManager.java:935)
	at org.eclipse.debug.internal.core.LaunchManager.getInfo(LaunchManager.java:1359)
	... 10 more
!SUBENTRY 1 org.eclipse.debug.core 4 5012 2026-07-28 11:20:41.043
!MESSAGE 读取启动配置文件 F:\code\vibe_project\rollerball\M33\libraries\components\mtb-device-support-pse8xxgp\make\make\scripts\interface_version_4\eclipse\CM33\ram\_normal\KitProg3\multi\&&_PRJ_NAME&& Debug (KitProg3_MiniProg4).launch 时发生了 org.xml.sax.SAXParseException; lineNumber: 3; columnNumber: 66; 在实体引用中, 实体名称必须紧跟在 '&' 后面。。
!STACK 0
org.xml.sax.SAXParseException; lineNumber: 3; columnNumber: 66; 在实体引用中, 实体名称必须紧跟在 '&' 后面。
	at com.sun.org.apache.xerces.internal.util.ErrorHandlerWrapper.createSAXParseException(ErrorHandlerWrapper.java:203)
	at com.sun.org.apache.xerces.internal.util.ErrorHandlerWrapper.fatalError(ErrorHandlerWrapper.java:177)
	at com.sun.org.apache.xerces.internal.impl.XMLErrorReporter.reportError(XMLErrorReporter.java:400)
	at com.sun.org.apache.xerces.internal.impl.XMLErrorReporter.reportError(XMLErrorReporter.java:327)
	at com.sun.org.apache.xerces.internal.impl.XMLScanner.reportFatalError(XMLScanner.java:1472)
	at com.sun.org.apache.xerces.internal.impl.XMLScanner.scanAttributeValue(XMLScanner.java:908)
	at com.sun.org.apache.xerces.internal.impl.XMLDocumentFragmentScannerImpl.scanAttribute(XMLDocumentFragmentScannerImpl.java:1548)
	at com.sun.org.apache.xerces.internal.impl.XMLDocumentFragmentScannerImpl.scanStartElement(XMLDocumentFragmentScannerImpl.java:1315)
	at com.sun.org.apache.xerces.internal.impl.XMLDocumentFragmentScannerImpl$FragmentContentDriver.next(XMLDocumentFragmentScannerImpl.java:2784)
	at com.sun.org.apache.xerces.internal.impl.XMLDocumentScannerImpl.next(XMLDocumentScannerImpl.java:602)
	at com.sun.org.apache.xerces.internal.impl.XMLDocumentFragmentScannerImpl.scanDocument(XMLDocumentFragmentScannerImpl.java:505)
	at com.sun.org.apache.xerces.internal.parsers.XML11Configuration.parse(XML11Configuration.java:841)
	at com.sun.org.apache.xerces.internal.parsers.XML11Configuration.parse(XML11Configuration.java:770)
	at com.sun.org.apache.xerces.internal.parsers.XMLParser.parse(XMLParser.java:141)
	at com.sun.org.apache.xerces.internal.parsers.DOMParser.parse(DOMParser.java:243)
	at com.sun.org.apache.xerces.internal.jaxp.DocumentBuilderImpl.parse(DocumentBuilderImpl.java:339)
	at org.eclipse.debug.internal.core.LaunchManager.createInfoFromXML(LaunchManager.java:935)
	at org.eclipse.debug.internal.core.LaunchManager.getInfo(LaunchManager.java:1359)
	at org.eclipse.debug.internal.core.LaunchConfiguration.getInfo(LaunchConfiguration.java:490)
	at org.eclipse.debug.internal.core.LaunchConfiguration.getType(LaunchConfiguration.java:645)
	at org.eclipse.debug.internal.core.LaunchManager.isValid(LaunchManager.java:2091)
	at org.eclipse.debug.internal.core.LaunchManager.verifyConfigurations(LaunchManager.java:2462)
	at org.eclipse.debug.internal.core.LaunchManager.getAllLaunchConfigurations(LaunchManager.java:1140)
	at org.eclipse.debug.internal.core.LaunchManager.getLaunchConfigurations(LaunchManager.java:1444)
	at org.eclipse.debug.internal.core.LaunchManager.getLaunchConfigurations(LaunchManager.java:1439)
	at org.eclipse.launchbar.core.internal.LaunchBarManager.init(LaunchBarManager.java:130)
	at org.eclipse.launchbar.core.internal.LaunchBarManager$1.run(LaunchBarManager.java:96)
	at org.eclipse.core.internal.jobs.Worker.run(Worker.java:63)

!ENTRY org.eclipse.debug.core 4 125 2026-07-28 11:20:41.043
!MESSAGE 调试核心所记录的错误：
!STACK 1
org.eclipse.debug.core.DebugException: 读取启动配置文件 F:\code\vibe_project\rollerball\M33\libraries\components\mtb-device-support-pse8xxgp\make\make\scripts\interface_version_4\eclipse\CM33\ram\virgin\JLink\any\&&_PRJ_NAME&& Attach RAM (JLink).launch 时发生了 org.xml.sax.SAXParseException; lineNumber: 3; columnNumber: 66; 在实体引用中, 实体名称必须紧跟在 '&' 后面。。
	at org.eclipse.debug.internal.core.LaunchManager.createDebugException(LaunchManager.java:886)
	at org.eclipse.debug.internal.core.LaunchManager.throwException(LaunchManager.java:2448)
	at org.eclipse.debug.internal.core.LaunchManager.getInfo(LaunchManager.java:1366)
	at org.eclipse.debug.internal.core.LaunchConfiguration.getInfo(LaunchConfiguration.java:490)
	at org.eclipse.debug.internal.core.LaunchConfiguration.getType(LaunchConfiguration.java:645)
	at org.eclipse.debug.internal.core.LaunchManager.isValid(LaunchManager.java:2091)
	at org.eclipse.debug.internal.core.LaunchManager.verifyConfigurations(LaunchManager.java:2462)
	at org.eclipse.debug.internal.core.LaunchManager.getAllLaunchConfigurations(LaunchManager.java:1140)
	at org.eclipse.debug.internal.core.LaunchManager.getLaunchConfigurations(LaunchManager.java:1444)
	at org.eclipse.debug.internal.core.LaunchManager.getLaunchConfigurations(LaunchManager.java:1439)
	at org.eclipse.launchbar.core.internal.LaunchBarManager.init(LaunchBarManager.java:130)
	at org.eclipse.launchbar.core.internal.LaunchBarManager$1.run(LaunchBarManager.java:96)
	at org.eclipse.core.internal.jobs.Worker.run(Worker.java:63)
Caused by: org.xml.sax.SAXParseException; lineNumber: 3; columnNumber: 66; 在实体引用中, 实体名称必须紧跟在 '&' 后面。
	at com.sun.org.apache.xerces.internal.util.ErrorHandlerWrapper.createSAXParseException(ErrorHandlerWrapper.java:203)
	at com.sun.org.apache.xerces.internal.util.ErrorHandlerWrapper.fatalError(ErrorHandlerWrapper.java:177)
	at com.sun.org.apache.xerces.internal.impl.XMLErrorReporter.reportError(XMLErrorReporter.java:400)
	at com.sun.org.apache.xerces.internal.impl.XMLErrorReporter.reportError(XMLErrorReporter.java:327)
	at com.sun.org.apache.xerces.internal.impl.XMLScanner.reportFatalError(XMLScanner.java:1472)
	at com.sun.org.apache.xerces.internal.impl.XMLScanner.scanAttributeValue(XMLScanner.java:908)
	at com.sun.org.apache.xerces.internal.impl.XMLDocumentFragmentScannerImpl.scanAttribute(XMLDocumentFragmentScannerImpl.java:1548)
	at com.sun.org.apache.xerces.internal.impl.XMLDocumentFragmentScannerImpl.scanStartElement(XMLDocumentFragmentScannerImpl.java:1315)
	at com.sun.org.apache.xerces.internal.impl.XMLDocumentFragmentScannerImpl$FragmentContentDriver.next(XMLDocumentFragmentScannerImpl.java:2784)
	at com.sun.org.apache.xerces.internal.impl.XMLDocumentScannerImpl.next(XMLDocumentScannerImpl.java:602)
	at com.sun.org.apache.xerces.internal.impl.XMLDocumentFragmentScannerImpl.scanDocument(XMLDocumentFragmentScannerImpl.java:505)
	at com.sun.org.apache.xerces.internal.parsers.XML11Configuration.parse(XML11Configuration.java:841)
	at com.sun.org.apache.xerces.internal.parsers.XML11Configuration.parse(XML11Configuration.java:770)
	at com.sun.org.apache.xerces.internal.parsers.XMLParser.parse(XMLParser.java:141)
	at com.sun.org.apache.xerces.internal.parsers.DOMParser.parse(DOMParser.java:243)
	at com.sun.org.apache.xerces.internal.jaxp.DocumentBuilderImpl.parse(DocumentBuilderImpl.java:339)
	at org.eclipse.debug.internal.core.LaunchManager.createInfoFromXML(LaunchManager.java:935)
	at org.eclipse.debug.internal.core.LaunchManager.getInfo(LaunchManager.java:1359)
	... 10 more
!SUBENTRY 1 org.eclipse.debug.core 4 5012 2026-07-28 11:20:41.043
!MESSAGE 读取启动配置文件 F:\code\vibe_project\rollerball\M33\libraries\components\mtb-device-support-pse8xxgp\make\make\scripts\interface_version_4\eclipse\CM33\ram\virgin\JLink\any\&&_PRJ_NAME&& Attach RAM (JLink).launch 时发生了 org.xml.sax.SAXParseException; lineNumber: 3; columnNumber: 66; 在实体引用中, 实体名称必须紧跟在 '&' 后面。。
!STACK 0
org.xml.sax.SAXParseException; lineNumber: 3; columnNumber: 66; 在实体引用中, 实体名称必须紧跟在 '&' 后面。
	at com.sun.org.apache.xerces.internal.util.ErrorHandlerWrapper.createSAXParseException(ErrorHandlerWrapper.java:203)
	at com.sun.org.apache.xerces.internal.util.ErrorHandlerWrapper.fatalError(ErrorHandlerWrapper.java:177)
	at com.sun.org.apache.xerces.internal.impl.XMLErrorReporter.reportError(XMLErrorReporter.java:400)
	at com.sun.org.apache.xerces.internal.impl.XMLErrorReporter.reportError(XMLErrorReporter.java:327)
	at com.sun.org.apache.xerces.internal.impl.XMLScanner.reportFatalError(XMLScanner.java:1472)
	at com.sun.org.apache.xerces.internal.impl.XMLScanner.scanAttributeValue(XMLScanner.java:908)
	at com.sun.org.apache.xerces.internal.impl.XMLDocumentFragmentScannerImpl.scanAttribute(XMLDocumentFragmentScannerImpl.java:1548)
	at com.sun.org.apache.xerces.internal.impl.XMLDocumentFragmentScannerImpl.scanStartElement(XMLDocumentFragmentScannerImpl.java:1315)
	at com.sun.org.apache.xerces.internal.impl.XMLDocumentFragmentScannerImpl$FragmentContentDriver.next(XMLDocumentFragmentScannerImpl.java:2784)
	at com.sun.org.apache.xerces.internal.impl.XMLDocumentScannerImpl.next(XMLDocumentScannerImpl.java:602)
	at com.sun.org.apache.xerces.internal.impl.XMLDocumentFragmentScannerImpl.scanDocument(XMLDocumentFragmentScannerImpl.java:505)
	at com.sun.org.apache.xerces.internal.parsers.XML11Configuration.parse(XML11Configuration.java:841)
	at com.sun.org.apache.xerces.internal.parsers.XML11Configuration.parse(XML11Configuration.java:770)
	at com.sun.org.apache.xerces.internal.parsers.XMLParser.parse(XMLParser.java:141)
	at com.sun.org.apache.xerces.internal.parsers.DOMParser.parse(DOMParser.java:243)
	at com.sun.org.apache.xerces.internal.jaxp.DocumentBuilderImpl.parse(DocumentBuilderImpl.java:339)
	at org.eclipse.debug.internal.core.LaunchManager.createInfoFromXML(LaunchManager.java:935)
	at org.eclipse.debug.internal.core.LaunchManager.getInfo(LaunchManager.java:1359)
	at org.eclipse.debug.internal.core.LaunchConfiguration.getInfo(LaunchConfiguration.java:490)
	at org.eclipse.debug.internal.core.LaunchConfiguration.getType(LaunchConfiguration.java:645)
	at org.eclipse.debug.internal.core.LaunchManager.isValid(LaunchManager.java:2091)
	at org.eclipse.debug.internal.core.LaunchManager.verifyConfigurations(LaunchManager.java:2462)
	at org.eclipse.debug.internal.core.LaunchManager.getAllLaunchConfigurations(LaunchManager.java:1140)
	at org.eclipse.debug.internal.core.LaunchManager.getLaunchConfigurations(LaunchManager.java:1444)
	at org.eclipse.debug.internal.core.LaunchManager.getLaunchConfigurations(LaunchManager.java:1439)
	at org.eclipse.launchbar.core.internal.LaunchBarManager.init(LaunchBarManager.java:130)
	at org.eclipse.launchbar.core.internal.LaunchBarManager$1.run(LaunchBarManager.java:96)
	at org.eclipse.core.internal.jobs.Worker.run(Worker.java:63)

!ENTRY org.eclipse.debug.core 4 125 2026-07-28 11:20:41.047
!MESSAGE 调试核心所记录的错误：
!STACK 1
org.eclipse.debug.core.DebugException: 读取启动配置文件 F:\code\vibe_project\rollerball\M33\libraries\components\mtb-device-support-pse8xxgp\make\make\scripts\interface_version_4\eclipse\CM33\ram\virgin\JLink\any\&&_PRJ_NAME&& Program RAM (JLink).launch 时发生了 org.xml.sax.SAXParseException; lineNumber: 3; columnNumber: 66; 在实体引用中, 实体名称必须紧跟在 '&' 后面。。
	at org.eclipse.debug.internal.core.LaunchManager.createDebugException(LaunchManager.java:886)
	at org.eclipse.debug.internal.core.LaunchManager.throwException(LaunchManager.java:2448)
	at org.eclipse.debug.internal.core.LaunchManager.getInfo(LaunchManager.java:1366)
	at org.eclipse.debug.internal.core.LaunchConfiguration.getInfo(LaunchConfiguration.java:490)
	at org.eclipse.debug.internal.core.LaunchConfiguration.getType(LaunchConfiguration.java:645)
	at org.eclipse.debug.internal.core.LaunchManager.isValid(LaunchManager.java:2091)
	at org.eclipse.debug.internal.core.LaunchManager.verifyConfigurations(LaunchManager.java:2462)
	at org.eclipse.debug.internal.core.LaunchManager.getAllLaunchConfigurations(LaunchManager.java:1140)
	at org.eclipse.debug.internal.core.LaunchManager.getLaunchConfigurations(LaunchManager.java:1444)
	at org.eclipse.debug.internal.core.LaunchManager.getLaunchConfigurations(LaunchManager.java:1439)
	at org.eclipse.launchbar.core.internal.LaunchBarManager.init(LaunchBarManager.java:130)
	at org.eclipse.launchbar.core.internal.LaunchBarManager$1.run(LaunchBarManager.java:96)
	at org.eclipse.core.internal.jobs.Worker.run(Worker.java:63)
Caused by: org.xml.sax.SAXParseException; lineNumber: 3; columnNumber: 66; 在实体引用中, 实体名称必须紧跟在 '&' 后面。
	at com.sun.org.apache.xerces.internal.util.ErrorHandlerWrapper.createSAXParseException(ErrorHandlerWrapper.java:203)
	at com.sun.org.apache.xerces.internal.util.ErrorHandlerWrapper.fatalError(ErrorHandlerWrapper.java:177)
	at com.sun.org.apache.xerces.internal.impl.XMLErrorReporter.reportError(XMLErrorReporter.java:400)
	at com.sun.org.apache.xerces.internal.impl.XMLErrorReporter.reportError(XMLErrorReporter.java:327)
	at com.sun.org.apache.xerces.internal.impl.XMLScanner.reportFatalError(XMLScanner.java:1472)
	at com.sun.org.apache.xerces.internal.impl.XMLScanner.scanAttributeValue(XMLScanner.java:908)
	at com.sun.org.apache.xerces.internal.impl.XMLDocumentFragmentScannerImpl.scanAttribute(XMLDocumentFragmentScannerImpl.java:1548)
	at com.sun.org.apache.xerces.internal.impl.XMLDocumentFragmentScannerImpl.scanStartElement(XMLDocumentFragmentScannerImpl.java:1315)
	at com.sun.org.apache.xerces.internal.impl.XMLDocumentFragmentScannerImpl$FragmentContentDriver.next(XMLDocumentFragmentScannerImpl.java:2784)
	at com.sun.org.apache.xerces.internal.impl.XMLDocumentScannerImpl.next(XMLDocumentScannerImpl.java:602)
	at com.sun.org.apache.xerces.internal.impl.XMLDocumentFragmentScannerImpl.scanDocument(XMLDocumentFragmentScannerImpl.java:505)
	at com.sun.org.apache.xerces.internal.parsers.XML11Configuration.parse(XML11Configuration.java:841)
	at com.sun.org.apache.xerces.internal.parsers.XML11Configuration.parse(XML11Configuration.java:770)
	at com.sun.org.apache.xerces.internal.parsers.XMLParser.parse(XMLParser.java:141)
	at com.sun.org.apache.xerces.internal.parsers.DOMParser.parse(DOMParser.java:243)
	at com.sun.org.apache.xerces.internal.jaxp.DocumentBuilderImpl.parse(DocumentBuilderImpl.java:339)
	at org.eclipse.debug.internal.core.LaunchManager.createInfoFromXML(LaunchManager.java:935)
	at org.eclipse.debug.internal.core.LaunchManager.getInfo(LaunchManager.java:1359)
	... 10 more
!SUBENTRY 1 org.eclipse.debug.core 4 5012 2026-07-28 11:20:41.047
!MESSAGE 读取启动配置文件 F:\code\vibe_project\rollerball\M33\libraries\components\mtb-device-support-pse8xxgp\make\make\scripts\interface_version_4\eclipse\CM33\ram\virgin\JLink\any\&&_PRJ_NAME&& Program RAM (JLink).launch 时发生了 org.xml.sax.SAXParseException; lineNumber: 3; columnNumber: 66; 在实体引用中, 实体名称必须紧跟在 '&' 后面。。
!STACK 0
org.xml.sax.SAXParseException; lineNumber: 3; columnNumber: 66; 在实体引用中, 实体名称必须紧跟在 '&' 后面。
	at com.sun.org.apache.xerces.internal.util.ErrorHandlerWrapper.createSAXParseException(ErrorHandlerWrapper.java:203)
	at com.sun.org.apache.xerces.internal.util.ErrorHandlerWrapper.fatalError(ErrorHandlerWrapper.java:177)
	at com.sun.org.apache.xerces.internal.impl.XMLErrorReporter.reportError(XMLErrorReporter.java:400)
	at com.sun.org.apache.xerces.internal.impl.XMLErrorReporter.reportError(XMLErrorReporter.java:327)
	at com.sun.org.apache.xerces.internal.impl.XMLScanner.reportFatalError(XMLScanner.java:1472)
	at com.sun.org.apache.xerces.internal.impl.XMLScanner.scanAttributeValue(XMLScanner.java:908)
	at com.sun.org.apache.xerces.internal.impl.XMLDocumentFragmentScannerImpl.scanAttribute(XMLDocumentFragmentScannerImpl.java:1548)
	at com.sun.org.apache.xerces.internal.impl.XMLDocumentFragmentScannerImpl.scanStartElement(XMLDocumentFragmentScannerImpl.java:1315)
	at com.sun.org.apache.xerces.internal.impl.XMLDocumentFragmentScannerImpl$FragmentContentDriver.next(XMLDocumentFragmentScannerImpl.java:2784)
	at com.sun.org.apache.xerces.internal.impl.XMLDocumentScannerImpl.next(XMLDocumentScannerImpl.java:602)
	at com.sun.org.apache.xerces.internal.impl.XMLDocumentFragmentScannerImpl.scanDocument(XMLDocumentFragmentScannerImpl.java:505)
	at com.sun.org.apache.xerces.internal.parsers.XML11Configuration.parse(XML11Configuration.java:841)
	at com.sun.org.apache.xerces.internal.parsers.XML11Configuration.parse(XML11Configuration.java:770)
	at com.sun.org.apache.xerces.internal.parsers.XMLParser.parse(XMLParser.java:141)
	at com.sun.org.apache.xerces.internal.parsers.DOMParser.parse(DOMParser.java:243)
	at com.sun.org.apache.xerces.internal.jaxp.DocumentBuilderImpl.parse(DocumentBuilderImpl.java:339)
	at org.eclipse.debug.internal.core.LaunchManager.createInfoFromXML(LaunchManager.java:935)
	at org.eclipse.debug.internal.core.LaunchManager.getInfo(LaunchManager.java:1359)
	at org.eclipse.debug.internal.core.LaunchConfiguration.getInfo(LaunchConfiguration.java:490)
	at org.eclipse.debug.internal.core.LaunchConfiguration.getType(LaunchConfiguration.java:645)
	at org.eclipse.debug.internal.core.LaunchManager.isValid(LaunchManager.java:2091)
	at org.eclipse.debug.internal.core.LaunchManager.verifyConfigurations(LaunchManager.java:2462)
	at org.eclipse.debug.internal.core.LaunchManager.getAllLaunchConfigurations(LaunchManager.java:1140)
	at org.eclipse.debug.internal.core.LaunchManager.getLaunchConfigurations(LaunchManager.java:1444)
	at org.eclipse.debug.internal.core.LaunchManager.getLaunchConfigurations(LaunchManager.java:1439)
	at org.eclipse.launchbar.core.internal.LaunchBarManager.init(LaunchBarManager.java:130)
	at org.eclipse.launchbar.core.internal.LaunchBarManager$1.run(LaunchBarManager.java:96)
	at org.eclipse.core.internal.jobs.Worker.run(Worker.java:63)

!ENTRY org.eclipse.debug.core 4 125 2026-07-28 11:20:41.049
!MESSAGE 调试核心所记录的错误：
!STACK 1
org.eclipse.debug.core.DebugException: 读取启动配置文件 F:\code\vibe_project\rollerball\M33\libraries\components\mtb-device-support-pse8xxgp\make\make\scripts\interface_version_4\eclipse\CM33\ram\virgin\KitProg3\any\&&_PRJ_NAME&& Attach RAM (KitProg3_MiniProg4).launch 时发生了 org.xml.sax.SAXParseException; lineNumber: 3; columnNumber: 66; 在实体引用中, 实体名称必须紧跟在 '&' 后面。。
	at org.eclipse.debug.internal.core.LaunchManager.createDebugException(LaunchManager.java:886)
	at org.eclipse.debug.internal.core.LaunchManager.throwException(LaunchManager.java:2448)
	at org.eclipse.debug.internal.core.LaunchManager.getInfo(LaunchManager.java:1366)
	at org.eclipse.debug.internal.core.LaunchConfiguration.getInfo(LaunchConfiguration.java:490)
	at org.eclipse.debug.internal.core.LaunchConfiguration.getType(LaunchConfiguration.java:645)
	at org.eclipse.debug.internal.core.LaunchManager.isValid(LaunchManager.java:2091)
	at org.eclipse.debug.internal.core.LaunchManager.verifyConfigurations(LaunchManager.java:2462)
	at org.eclipse.debug.internal.core.LaunchManager.getAllLaunchConfigurations(LaunchManager.java:1140)
	at org.eclipse.debug.internal.core.LaunchManager.getLaunchConfigurations(LaunchManager.java:1444)
	at org.eclipse.debug.internal.core.LaunchManager.getLaunchConfigurations(LaunchManager.java:1439)
	at org.eclipse.launchbar.core.internal.LaunchBarManager.init(LaunchBarManager.java:130)
	at org.eclipse.launchbar.core.internal.LaunchBarManager$1.run(LaunchBarManager.java:96)
	at org.eclipse.core.internal.jobs.Worker.run(Worker.java:63)
Caused by: org.xml.sax.SAXParseException; lineNumber: 3; columnNumber: 66; 在实体引用中, 实体名称必须紧跟在 '&' 后面。
	at com.sun.org.apache.xerces.internal.util.ErrorHandlerWrapper.createSAXParseException(ErrorHandlerWrapper.java:203)
	at com.sun.org.apache.xerces.internal.util.ErrorHandlerWrapper.fatalError(ErrorHandlerWrapper.java:177)
	at com.sun.org.apache.xerces.internal.impl.XMLErrorReporter.reportError(XMLErrorReporter.java:400)
	at com.sun.org.apache.xerces.internal.impl.XMLErrorReporter.reportError(XMLErrorReporter.java:327)
	at com.sun.org.apache.xerces.internal.impl.XMLScanner.reportFatalError(XMLScanner.java:1472)
	at com.sun.org.apache.xerces.internal.impl.XMLScanner.scanAttributeValue(XMLScanner.java:908)
	at com.sun.org.apache.xerces.internal.impl.XMLDocumentFragmentScannerImpl.scanAttribute(XMLDocumentFragmentScannerImpl.java:1548)
	at com.sun.org.apache.xerces.internal.impl.XMLDocumentFragmentScannerImpl.scanStartElement(XMLDocumentFragmentScannerImpl.java:1315)
	at com.sun.org.apache.xerces.internal.impl.XMLDocumentFragmentScannerImpl$FragmentContentDriver.next(XMLDocumentFragmentScannerImpl.java:2784)
	at com.sun.org.apache.xerces.internal.impl.XMLDocumentScannerImpl.next(XMLDocumentScannerImpl.java:602)
	at com.sun.org.apache.xerces.internal.impl.XMLDocumentFragmentScannerImpl.scanDocument(XMLDocumentFragmentScannerImpl.java:505)
	at com.sun.org.apache.xerces.internal.parsers.XML11Configuration.parse(XML11Configuration.java:841)
	at com.sun.org.apache.xerces.internal.parsers.XML11Configuration.parse(XML11Configuration.java:770)
	at com.sun.org.apache.xerces.internal.parsers.XMLParser.parse(XMLParser.java:141)
	at com.sun.org.apache.xerces.internal.parsers.DOMParser.parse(DOMParser.java:243)
	at com.sun.org.apache.xerces.internal.jaxp.DocumentBuilderImpl.parse(DocumentBuilderImpl.java:339)
	at org.eclipse.debug.internal.core.LaunchManager.createInfoFromXML(LaunchManager.java:935)
	at org.eclipse.debug.internal.core.LaunchManager.getInfo(LaunchManager.java:1359)
	... 10 more
!SUBENTRY 1 org.eclipse.debug.core 4 5012 2026-07-28 11:20:41.049
!MESSAGE 读取启动配置文件 F:\code\vibe_project\rollerball\M33\libraries\components\mtb-device-support-pse8xxgp\make\make\scripts\interface_version_4\eclipse\CM33\ram\virgin\KitProg3\any\&&_PRJ_NAME&& Attach RAM (KitProg3_MiniProg4).launch 时发生了 org.xml.sax.SAXParseException; lineNumber: 3; columnNumber: 66; 在实体引用中, 实体名称必须紧跟在 '&' 后面。。
!STACK 0
org.xml.sax.SAXParseException; lineNumber: 3; columnNumber: 66; 在实体引用中, 实体名称必须紧跟在 '&' 后面。
	at com.sun.org.apache.xerces.internal.util.ErrorHandlerWrapper.createSAXParseException(ErrorHandlerWrapper.java:203)
	at com.sun.org.apache.xerces.internal.util.ErrorHandlerWrapper.fatalError(ErrorHandlerWrapper.java:177)
	at com.sun.org.apache.xerces.internal.impl.XMLErrorReporter.reportError(XMLErrorReporter.java:400)
	at com.sun.org.apache.xerces.internal.impl.XMLErrorReporter.reportError(XMLErrorReporter.java:327)
	at com.sun.org.apache.xerces.internal.impl.XMLScanner.reportFatalError(XMLScanner.java:1472)
	at com.sun.org.apache.xerces.internal.impl.XMLScanner.scanAttributeValue(XMLScanner.java:908)
	at com.sun.org.apache.xerces.internal.impl.XMLDocumentFragmentScannerImpl.scanAttribute(XMLDocumentFragmentScannerImpl.java:1548)
	at com.sun.org.apache.xerces.internal.impl.XMLDocumentFragmentScannerImpl.scanStartElement(XMLDocumentFragmentScannerImpl.java:1315)
	at com.sun.org.apache.xerces.internal.impl.XMLDocumentFragmentScannerImpl$FragmentContentDriver.next(XMLDocumentFragmentScannerImpl.java:2784)
	at com.sun.org.apache.xerces.internal.impl.XMLDocumentScannerImpl.next(XMLDocumentScannerImpl.java:602)
	at com.sun.org.apache.xerces.internal.impl.XMLDocumentFragmentScannerImpl.scanDocument(XMLDocumentFragmentScannerImpl.java:505)
	at com.sun.org.apache.xerces.internal.parsers.XML11Configuration.parse(XML11Configuration.java:841)
	at com.sun.org.apache.xerces.internal.parsers.XML11Configuration.parse(XML11Configuration.java:770)
	at com.sun.org.apache.xerces.internal.parsers.XMLParser.parse(XMLParser.java:141)
	at com.sun.org.apache.xerces.internal.parsers.DOMParser.parse(DOMParser.java:243)
	at com.sun.org.apache.xerces.internal.jaxp.DocumentBuilderImpl.parse(DocumentBuilderImpl.java:339)
	at org.eclipse.debug.internal.core.LaunchManager.createInfoFromXML(LaunchManager.java:935)
	at org.eclipse.debug.internal.core.LaunchManager.getInfo(LaunchManager.java:1359)
	at org.eclipse.debug.internal.core.LaunchConfiguration.getInfo(LaunchConfiguration.java:490)
	at org.eclipse.debug.internal.core.LaunchConfiguration.getType(LaunchConfiguration.java:645)
	at org.eclipse.debug.internal.core.LaunchManager.isValid(LaunchManager.java:2091)
	at org.eclipse.debug.internal.core.LaunchManager.verifyConfigurations(LaunchManager.java:2462)
	at org.eclipse.debug.internal.core.LaunchManager.getAllLaunchConfigurations(LaunchManager.java:1140)
	at org.eclipse.debug.internal.core.LaunchManager.getLaunchConfigurations(LaunchManager.java:1444)
	at org.eclipse.debug.internal.core.LaunchManager.getLaunchConfigurations(LaunchManager.java:1439)
	at org.eclipse.launchbar.core.internal.LaunchBarManager.init(LaunchBarManager.java:130)
	at org.eclipse.launchbar.core.internal.LaunchBarManager$1.run(LaunchBarManager.java:96)
	at org.eclipse.core.internal.jobs.Worker.run(Worker.java:63)

!ENTRY org.eclipse.debug.core 4 125 2026-07-28 11:20:41.051
!MESSAGE 调试核心所记录的错误：
!STACK 1
org.eclipse.debug.core.DebugException: 读取启动配置文件 F:\code\vibe_project\rollerball\M33\libraries\components\mtb-device-support-pse8xxgp\make\make\scripts\interface_version_4\eclipse\CM33\ram\virgin\KitProg3\any\&&_PRJ_NAME&& Program RAM (KitProg3_MiniProg4).launch 时发生了 org.xml.sax.SAXParseException; lineNumber: 3; columnNumber: 66; 在实体引用中, 实体名称必须紧跟在 '&' 后面。。
	at org.eclipse.debug.internal.core.LaunchManager.createDebugException(LaunchManager.java:886)
	at org.eclipse.debug.internal.core.LaunchManager.throwException(LaunchManager.java:2448)
	at org.eclipse.debug.internal.core.LaunchManager.getInfo(LaunchManager.java:1366)
	at org.eclipse.debug.internal.core.LaunchConfiguration.getInfo(LaunchConfiguration.java:490)
	at org.eclipse.debug.internal.core.LaunchConfiguration.getType(LaunchConfiguration.java:645)
	at org.eclipse.debug.internal.core.LaunchManager.isValid(LaunchManager.java:2091)
	at org.eclipse.debug.internal.core.LaunchManager.verifyConfigurations(LaunchManager.java:2462)
	at org.eclipse.debug.internal.core.LaunchManager.getAllLaunchConfigurations(LaunchManager.java:1140)
	at org.eclipse.debug.internal.core.LaunchManager.getLaunchConfigurations(LaunchManager.java:1444)
	at org.eclipse.debug.internal.core.LaunchManager.getLaunchConfigurations(LaunchManager.java:1439)
	at org.eclipse.launchbar.core.internal.LaunchBarManager.init(LaunchBarManager.java:130)
	at org.eclipse.launchbar.core.internal.LaunchBarManager$1.run(LaunchBarManager.java:96)
	at org.eclipse.core.internal.jobs.Worker.run(Worker.java:63)
Caused by: org.xml.sax.SAXParseException; lineNumber: 3; columnNumber: 66; 在实体引用中, 实体名称必须紧跟在 '&' 后面。
	at com.sun.org.apache.xerces.internal.util.ErrorHandlerWrapper.createSAXParseException(ErrorHandlerWrapper.java:203)
	at com.sun.org.apache.xerces.internal.util.ErrorHandlerWrapper.fatalError(ErrorHandlerWrapper.java:177)
	at com.sun.org.apache.xerces.internal.impl.XMLErrorReporter.reportError(XMLErrorReporter.java:400)
	at com.sun.org.apache.xerces.internal.impl.XMLErrorReporter.reportError(XMLErrorReporter.java:327)
	at com.sun.org.apache.xerces.internal.impl.XMLScanner.reportFatalError(XMLScanner.java:1472)
	at com.sun.org.apache.xerces.internal.impl.XMLScanner.scanAttributeValue(XMLScanner.java:908)
	at com.sun.org.apache.xerces.internal.impl.XMLDocumentFragmentScannerImpl.scanAttribute(XMLDocumentFragmentScannerImpl.java:1548)
	at com.sun.org.apache.xerces.internal.impl.XMLDocumentFragmentScannerImpl.scanStartElement(XMLDocumentFragmentScannerImpl.java:1315)
	at com.sun.org.apache.xerces.internal.impl.XMLDocumentFragmentScannerImpl$FragmentContentDriver.next(XMLDocumentFragmentScannerImpl.java:2784)
	at com.sun.org.apache.xerces.internal.impl.XMLDocumentScannerImpl.next(XMLDocumentScannerImpl.java:602)
	at com.sun.org.apache.xerces.internal.impl.XMLDocumentFragmentScannerImpl.scanDocument(XMLDocumentFragmentScannerImpl.java:505)
	at com.sun.org.apache.xerces.internal.parsers.XML11Configuration.parse(XML11Configuration.java:841)
	at com.sun.org.apache.xerces.internal.parsers.XML11Configuration.parse(XML11Configuration.java:770)
	at com.sun.org.apache.xerces.internal.parsers.XMLParser.parse(XMLParser.java:141)
	at com.sun.org.apache.xerces.internal.parsers.DOMParser.parse(DOMParser.java:243)
	at com.sun.org.apache.xerces.internal.jaxp.DocumentBuilderImpl.parse(DocumentBuilderImpl.java:339)
	at org.eclipse.debug.internal.core.LaunchManager.createInfoFromXML(LaunchManager.java:935)
	at org.eclipse.debug.internal.core.LaunchManager.getInfo(LaunchManager.java:1359)
	... 10 more
!SUBENTRY 1 org.eclipse.debug.core 4 5012 2026-07-28 11:20:41.051
!MESSAGE 读取启动配置文件 F:\code\vibe_project\rollerball\M33\libraries\components\mtb-device-support-pse8xxgp\make\make\scripts\interface_version_4\eclipse\CM33\ram\virgin\KitProg3\any\&&_PRJ_NAME&& Program RAM (KitProg3_MiniProg4).launch 时发生了 org.xml.sax.SAXParseException; lineNumber: 3; columnNumber: 66; 在实体引用中, 实体名称必须紧跟在 '&' 后面。。
!STACK 0
org.xml.sax.SAXParseException; lineNumber: 3; columnNumber: 66; 在实体引用中, 实体名称必须紧跟在 '&' 后面。
	at com.sun.org.apache.xerces.internal.util.ErrorHandlerWrapper.createSAXParseException(ErrorHandlerWrapper.java:203)
	at com.sun.org.apache.xerces.internal.util.ErrorHandlerWrapper.fatalError(ErrorHandlerWrapper.java:177)
	at com.sun.org.apache.xerces.internal.impl.XMLErrorReporter.reportError(XMLErrorReporter.java:400)
	at com.sun.org.apache.xerces.internal.impl.XMLErrorReporter.reportError(XMLErrorReporter.java:327)
	at com.sun.org.apache.xerces.internal.impl.XMLScanner.reportFatalError(XMLScanner.java:1472)
	at com.sun.org.apache.xerces.internal.impl.XMLScanner.scanAttributeValue(XMLScanner.java:908)
	at com.sun.org.apache.xerces.internal.impl.XMLDocumentFragmentScannerImpl.scanAttribute(XMLDocumentFragmentScannerImpl.java:1548)
	at com.sun.org.apache.xerces.internal.impl.XMLDocumentFragmentScannerImpl.scanStartElement(XMLDocumentFragmentScannerImpl.java:1315)
	at com.sun.org.apache.xerces.internal.impl.XMLDocumentFragmentScannerImpl$FragmentContentDriver.next(XMLDocumentFragmentScannerImpl.java:2784)
	at com.sun.org.apache.xerces.internal.impl.XMLDocumentScannerImpl.next(XMLDocumentScannerImpl.java:602)
	at com.sun.org.apache.xerces.internal.impl.XMLDocumentFragmentScannerImpl.scanDocument(XMLDocumentFragmentScannerImpl.java:505)
	at com.sun.org.apache.xerces.internal.parsers.XML11Configuration.parse(XML11Configuration.java:841)
	at com.sun.org.apache.xerces.internal.parsers.XML11Configuration.parse(XML11Configuration.java:770)
	at com.sun.org.apache.xerces.internal.parsers.XMLParser.parse(XMLParser.java:141)
	at com.sun.org.apache.xerces.internal.parsers.DOMParser.parse(DOMParser.java:243)
	at com.sun.org.apache.xerces.internal.jaxp.DocumentBuilderImpl.parse(DocumentBuilderImpl.java:339)
	at org.eclipse.debug.internal.core.LaunchManager.createInfoFromXML(LaunchManager.java:935)
	at org.eclipse.debug.internal.core.LaunchManager.getInfo(LaunchManager.java:1359)
	at org.eclipse.debug.internal.core.LaunchConfiguration.getInfo(LaunchConfiguration.java:490)
	at org.eclipse.debug.internal.core.LaunchConfiguration.getType(LaunchConfiguration.java:645)
	at org.eclipse.debug.internal.core.LaunchManager.isValid(LaunchManager.java:2091)
	at org.eclipse.debug.internal.core.LaunchManager.verifyConfigurations(LaunchManager.java:2462)
	at org.eclipse.debug.internal.core.LaunchManager.getAllLaunchConfigurations(LaunchManager.java:1140)
	at org.eclipse.debug.internal.core.LaunchManager.getLaunchConfigurations(LaunchManager.java:1444)
	at org.eclipse.debug.internal.core.LaunchManager.getLaunchConfigurations(LaunchManager.java:1439)
	at org.eclipse.launchbar.core.internal.LaunchBarManager.init(LaunchBarManager.java:130)
	at org.eclipse.launchbar.core.internal.LaunchBarManager$1.run(LaunchBarManager.java:96)
	at org.eclipse.core.internal.jobs.Worker.run(Worker.java:63)

!ENTRY org.eclipse.debug.core 4 125 2026-07-28 11:20:41.051
!MESSAGE 调试核心所记录的错误：
!STACK 1
org.eclipse.debug.core.DebugException: 读取启动配置文件 F:\code\vibe_project\rollerball\M33\libraries\components\mtb-device-support-pse8xxgp\make\make\scripts\interface_version_4\eclipse\CM55\flash\_normal\JLink\any\&&_PRJ_NAME&& Attach RAM (JLink).launch 时发生了 org.xml.sax.SAXParseException; lineNumber: 3; columnNumber: 66; 在实体引用中, 实体名称必须紧跟在 '&' 后面。。
	at org.eclipse.debug.internal.core.LaunchManager.createDebugException(LaunchManager.java:886)
	at org.eclipse.debug.internal.core.LaunchManager.throwException(LaunchManager.java:2448)
	at org.eclipse.debug.internal.core.LaunchManager.getInfo(LaunchManager.java:1366)
	at org.eclipse.debug.internal.core.LaunchConfiguration.getInfo(LaunchConfiguration.java:490)
	at org.eclipse.debug.internal.core.LaunchConfiguration.getType(LaunchConfiguration.java:645)
	at org.eclipse.debug.internal.core.LaunchManager.isValid(LaunchManager.java:2091)
	at org.eclipse.debug.internal.core.LaunchManager.verifyConfigurations(LaunchManager.java:2462)
	at org.eclipse.debug.internal.core.LaunchManager.getAllLaunchConfigurations(LaunchManager.java:1140)
	at org.eclipse.debug.internal.core.LaunchManager.getLaunchConfigurations(LaunchManager.java:1444)
	at org.eclipse.debug.internal.core.LaunchManager.getLaunchConfigurations(LaunchManager.java:1439)
	at org.eclipse.launchbar.core.internal.LaunchBarManager.init(LaunchBarManager.java:130)
	at org.eclipse.launchbar.core.internal.LaunchBarManager$1.run(LaunchBarManager.java:96)
	at org.eclipse.core.internal.jobs.Worker.run(Worker.java:63)
Caused by: org.xml.sax.SAXParseException; lineNumber: 3; columnNumber: 66; 在实体引用中, 实体名称必须紧跟在 '&' 后面。
	at com.sun.org.apache.xerces.internal.util.ErrorHandlerWrapper.createSAXParseException(ErrorHandlerWrapper.java:203)
	at com.sun.org.apache.xerces.internal.util.ErrorHandlerWrapper.fatalError(ErrorHandlerWrapper.java:177)
	at com.sun.org.apache.xerces.internal.impl.XMLErrorReporter.reportError(XMLErrorReporter.java:400)
	at com.sun.org.apache.xerces.internal.impl.XMLErrorReporter.reportError(XMLErrorReporter.java:327)
	at com.sun.org.apache.xerces.internal.impl.XMLScanner.reportFatalError(XMLScanner.java:1472)
	at com.sun.org.apache.xerces.internal.impl.XMLScanner.scanAttributeValue(XMLScanner.java:908)
	at com.sun.org.apache.xerces.internal.impl.XMLDocumentFragmentScannerImpl.scanAttribute(XMLDocumentFragmentScannerImpl.java:1548)
	at com.sun.org.apache.xerces.internal.impl.XMLDocumentFragmentScannerImpl.scanStartElement(XMLDocumentFragmentScannerImpl.java:1315)
	at com.sun.org.apache.xerces.internal.impl.XMLDocumentFragmentScannerImpl$FragmentContentDriver.next(XMLDocumentFragmentScannerImpl.java:2784)
	at com.sun.org.apache.xerces.internal.impl.XMLDocumentScannerImpl.next(XMLDocumentScannerImpl.java:602)
	at com.sun.org.apache.xerces.internal.impl.XMLDocumentFragmentScannerImpl.scanDocument(XMLDocumentFragmentScannerImpl.java:505)
	at com.sun.org.apache.xerces.internal.parsers.XML11Configuration.parse(XML11Configuration.java:841)
	at com.sun.org.apache.xerces.internal.parsers.XML11Configuration.parse(XML11Configuration.java:770)
	at com.sun.org.apache.xerces.internal.parsers.XMLParser.parse(XMLParser.java:141)
	at com.sun.org.apache.xerces.internal.parsers.DOMParser.parse(DOMParser.java:243)
	at com.sun.org.apache.xerces.internal.jaxp.DocumentBuilderImpl.parse(DocumentBuilderImpl.java:339)
	at org.eclipse.debug.internal.core.LaunchManager.createInfoFromXML(LaunchManager.java:935)
	at org.eclipse.debug.internal.core.LaunchManager.getInfo(LaunchManager.java:1359)
	... 10 more
!SUBENTRY 1 org.eclipse.debug.core 4 5012 2026-07-28 11:20:41.051
!MESSAGE 读取启动配置文件 F:\code\vibe_project\rollerball\M33\libraries\components\mtb-device-support-pse8xxgp\make\make\scripts\interface_version_4\eclipse\CM55\flash\_normal\JLink\any\&&_PRJ_NAME&& Attach RAM (JLink).launch 时发生了 org.xml.sax.SAXParseException; lineNumber: 3; columnNumber: 66; 在实体引用中, 实体名称必须紧跟在 '&' 后面。。
!STACK 0
org.xml.sax.SAXParseException; lineNumber: 3; columnNumber: 66; 在实体引用中, 实体名称必须紧跟在 '&' 后面。
	at com.sun.org.apache.xerces.internal.util.ErrorHandlerWrapper.createSAXParseException(ErrorHandlerWrapper.java:203)
	at com.sun.org.apache.xerces.internal.util.ErrorHandlerWrapper.fatalError(ErrorHandlerWrapper.java:177)
	at com.sun.org.apache.xerces.internal.impl.XMLErrorReporter.reportError(XMLErrorReporter.java:400)
	at com.sun.org.apache.xerces.internal.impl.XMLErrorReporter.reportError(XMLErrorReporter.java:327)
	at com.sun.org.apache.xerces.internal.impl.XMLScanner.reportFatalError(XMLScanner.java:1472)
	at com.sun.org.apache.xerces.internal.impl.XMLScanner.scanAttributeValue(XMLScanner.java:908)
	at com.sun.org.apache.xerces.internal.impl.XMLDocumentFragmentScannerImpl.scanAttribute(XMLDocumentFragmentScannerImpl.java:1548)
	at com.sun.org.apache.xerces.internal.impl.XMLDocumentFragmentScannerImpl.scanStartElement(XMLDocumentFragmentScannerImpl.java:1315)
	at com.sun.org.apache.xerces.internal.impl.XMLDocumentFragmentScannerImpl$FragmentContentDriver.next(XMLDocumentFragmentScannerImpl.java:2784)
	at com.sun.org.apache.xerces.internal.impl.XMLDocumentScannerImpl.next(XMLDocumentScannerImpl.java:602)
	at com.sun.org.apache.xerces.internal.impl.XMLDocumentFragmentScannerImpl.scanDocument(XMLDocumentFragmentScannerImpl.java:505)
	at com.sun.org.apache.xerces.internal.parsers.XML11Configuration.parse(XML11Configuration.java:841)
	at com.sun.org.apache.xerces.internal.parsers.XML11Configuration.parse(XML11Configuration.java:770)
	at com.sun.org.apache.xerces.internal.parsers.XMLParser.parse(XMLParser.java:141)
	at com.sun.org.apache.xerces.internal.parsers.DOMParser.parse(DOMParser.java:243)
	at com.sun.org.apache.xerces.internal.jaxp.DocumentBuilderImpl.parse(DocumentBuilderImpl.java:339)
	at org.eclipse.debug.internal.core.LaunchManager.createInfoFromXML(LaunchManager.java:935)
	at org.eclipse.debug.internal.core.LaunchManager.getInfo(LaunchManager.java:1359)
	at org.eclipse.debug.internal.core.LaunchConfiguration.getInfo(LaunchConfiguration.java:490)
	at org.eclipse.debug.internal.core.LaunchConfiguration.getType(LaunchConfiguration.java:645)
	at org.eclipse.debug.internal.core.LaunchManager.isValid(LaunchManager.java:2091)
	at org.eclipse.debug.internal.core.LaunchManager.verifyConfigurations(LaunchManager.java:2462)
	at org.eclipse.debug.internal.core.LaunchManager.getAllLaunchConfigurations(LaunchManager.java:1140)
	at org.eclipse.debug.internal.core.LaunchManager.getLaunchConfigurations(LaunchManager.java:1444)
	at org.eclipse.debug.internal.core.LaunchManager.getLaunchConfigurations(LaunchManager.java:1439)
	at org.eclipse.launchbar.core.internal.LaunchBarManager.init(LaunchBarManager.java:130)
	at org.eclipse.launchbar.core.internal.LaunchBarManager$1.run(LaunchBarManager.java:96)
	at org.eclipse.core.internal.jobs.Worker.run(Worker.java:63)

!ENTRY org.eclipse.debug.core 4 125 2026-07-28 11:20:41.055
!MESSAGE 调试核心所记录的错误：
!STACK 1
org.eclipse.debug.core.DebugException: 读取启动配置文件 F:\code\vibe_project\rollerball\M33\libraries\components\mtb-device-support-pse8xxgp\make\make\scripts\interface_version_4\eclipse\CM55\flash\_normal\JLink\any\&&_PRJ_NAME&& Program RAM (JLink).launch 时发生了 org.xml.sax.SAXParseException; lineNumber: 3; columnNumber: 66; 在实体引用中, 实体名称必须紧跟在 '&' 后面。。
	at org.eclipse.debug.internal.core.LaunchManager.createDebugException(LaunchManager.java:886)
	at org.eclipse.debug.internal.core.LaunchManager.throwException(LaunchManager.java:2448)
	at org.eclipse.debug.internal.core.LaunchManager.getInfo(LaunchManager.java:1366)
	at org.eclipse.debug.internal.core.LaunchConfiguration.getInfo(LaunchConfiguration.java:490)
	at org.eclipse.debug.internal.core.LaunchConfiguration.getType(LaunchConfiguration.java:645)
	at org.eclipse.debug.internal.core.LaunchManager.isValid(LaunchManager.java:2091)
	at org.eclipse.debug.internal.core.LaunchManager.verifyConfigurations(LaunchManager.java:2462)
	at org.eclipse.debug.internal.core.LaunchManager.getAllLaunchConfigurations(LaunchManager.java:1140)
	at org.eclipse.debug.internal.core.LaunchManager.getLaunchConfigurations(LaunchManager.java:1444)
	at org.eclipse.debug.internal.core.LaunchManager.getLaunchConfigurations(LaunchManager.java:1439)
	at org.eclipse.launchbar.core.internal.LaunchBarManager.init(LaunchBarManager.java:130)
	at org.eclipse.launchbar.core.internal.LaunchBarManager$1.run(LaunchBarManager.java:96)
	at org.eclipse.core.internal.jobs.Worker.run(Worker.java:63)
Caused by: org.xml.sax.SAXParseException; lineNumber: 3; columnNumber: 66; 在实体引用中, 实体名称必须紧跟在 '&' 后面。
	at com.sun.org.apache.xerces.internal.util.ErrorHandlerWrapper.createSAXParseException(ErrorHandlerWrapper.java:203)
	at com.sun.org.apache.xerces.internal.util.ErrorHandlerWrapper.fatalError(ErrorHandlerWrapper.java:177)
	at com.sun.org.apache.xerces.internal.impl.XMLErrorReporter.reportError(XMLErrorReporter.java:400)
	at com.sun.org.apache.xerces.internal.impl.XMLErrorReporter.reportError(XMLErrorReporter.java:327)
	at com.sun.org.apache.xerces.internal.impl.XMLScanner.reportFatalError(XMLScanner.java:1472)
	at com.sun.org.apache.xerces.internal.impl.XMLScanner.scanAttributeValue(XMLScanner.java:908)
	at com.sun.org.apache.xerces.internal.impl.XMLDocumentFragmentScannerImpl.scanAttribute(XMLDocumentFragmentScannerImpl.java:1548)
	at com.sun.org.apache.xerces.internal.impl.XMLDocumentFragmentScannerImpl.scanStartElement(XMLDocumentFragmentScannerImpl.java:1315)
	at com.sun.org.apache.xerces.internal.impl.XMLDocumentFragmentScannerImpl$FragmentContentDriver.next(XMLDocumentFragmentScannerImpl.java:2784)
	at com.sun.org.apache.xerces.internal.impl.XMLDocumentScannerImpl.next(XMLDocumentScannerImpl.java:602)
	at com.sun.org.apache.xerces.internal.impl.XMLDocumentFragmentScannerImpl.scanDocument(XMLDocumentFragmentScannerImpl.java:505)
	at com.sun.org.apache.xerces.internal.parsers.XML11Configuration.parse(XML11Configuration.java:841)
	at com.sun.org.apache.xerces.internal.parsers.XML11Configuration.parse(XML11Configuration.java:770)
	at com.sun.org.apache.xerces.internal.parsers.XMLParser.parse(XMLParser.java:141)
	at com.sun.org.apache.xerces.internal.parsers.DOMParser.parse(DOMParser.java:243)
	at com.sun.org.apache.xerces.internal.jaxp.DocumentBuilderImpl.parse(DocumentBuilderImpl.java:339)
	at org.eclipse.debug.internal.core.LaunchManager.createInfoFromXML(LaunchManager.java:935)
	at org.eclipse.debug.internal.core.LaunchManager.getInfo(LaunchManager.java:1359)
	... 10 more
!SUBENTRY 1 org.eclipse.debug.core 4 5012 2026-07-28 11:20:41.055
!MESSAGE 读取启动配置文件 F:\code\vibe_project\rollerball\M33\libraries\components\mtb-device-support-pse8xxgp\make\make\scripts\interface_version_4\eclipse\CM55\flash\_normal\JLink\any\&&_PRJ_NAME&& Program RAM (JLink).launch 时发生了 org.xml.sax.SAXParseException; lineNumber: 3; columnNumber: 66; 在实体引用中, 实体名称必须紧跟在 '&' 后面。。
!STACK 0
org.xml.sax.SAXParseException; lineNumber: 3; columnNumber: 66; 在实体引用中, 实体名称必须紧跟在 '&' 后面。
	at com.sun.org.apache.xerces.internal.util.ErrorHandlerWrapper.createSAXParseException(ErrorHandlerWrapper.java:203)
	at com.sun.org.apache.xerces.internal.util.ErrorHandlerWrapper.fatalError(ErrorHandlerWrapper.java:177)
	at com.sun.org.apache.xerces.internal.impl.XMLErrorReporter.reportError(XMLErrorReporter.java:400)
	at com.sun.org.apache.xerces.internal.impl.XMLErrorReporter.reportError(XMLErrorReporter.java:327)
	at com.sun.org.apache.xerces.internal.impl.XMLScanner.reportFatalError(XMLScanner.java:1472)
	at com.sun.org.apache.xerces.internal.impl.XMLScanner.scanAttributeValue(XMLScanner.java:908)
	at com.sun.org.apache.xerces.internal.impl.XMLDocumentFragmentScannerImpl.scanAttribute(XMLDocumentFragmentScannerImpl.java:1548)
	at com.sun.org.apache.xerces.internal.impl.XMLDocumentFragmentScannerImpl.scanStartElement(XMLDocumentFragmentScannerImpl.java:1315)
	at com.sun.org.apache.xerces.internal.impl.XMLDocumentFragmentScannerImpl$FragmentContentDriver.next(XMLDocumentFragmentScannerImpl.java:2784)
	at com.sun.org.apache.xerces.internal.impl.XMLDocumentScannerImpl.next(XMLDocumentScannerImpl.java:602)
	at com.sun.org.apache.xerces.internal.impl.XMLDocumentFragmentScannerImpl.scanDocument(XMLDocumentFragmentScannerImpl.java:505)
	at com.sun.org.apache.xerces.internal.parsers.XML11Configuration.parse(XML11Configuration.java:841)
	at com.sun.org.apache.xerces.internal.parsers.XML11Configuration.parse(XML11Configuration.java:770)
	at com.sun.org.apache.xerces.internal.parsers.XMLParser.parse(XMLParser.java:141)
	at com.sun.org.apache.xerces.internal.parsers.DOMParser.parse(DOMParser.java:243)
	at com.sun.org.apache.xerces.internal.jaxp.DocumentBuilderImpl.parse(DocumentBuilderImpl.java:339)
	at org.eclipse.debug.internal.core.LaunchManager.createInfoFromXML(LaunchManager.java:935)
	at org.eclipse.debug.internal.core.LaunchManager.getInfo(LaunchManager.java:1359)
	at org.eclipse.debug.internal.core.LaunchConfiguration.getInfo(LaunchConfiguration.java:490)
	at org.eclipse.debug.internal.core.LaunchConfiguration.getType(LaunchConfiguration.java:645)
	at org.eclipse.debug.internal.core.LaunchManager.isValid(LaunchManager.java:2091)
	at org.eclipse.debug.internal.core.LaunchManager.verifyConfigurations(LaunchManager.java:2462)
	at org.eclipse.debug.internal.core.LaunchManager.getAllLaunchConfigurations(LaunchManager.java:1140)
	at org.eclipse.debug.internal.core.LaunchManager.getLaunchConfigurations(LaunchManager.java:1444)
	at org.eclipse.debug.internal.core.LaunchManager.getLaunchConfigurations(LaunchManager.java:1439)
	at org.eclipse.launchbar.core.internal.LaunchBarManager.init(LaunchBarManager.java:130)
	at org.eclipse.launchbar.core.internal.LaunchBarManager$1.run(LaunchBarManager.java:96)
	at org.eclipse.core.internal.jobs.Worker.run(Worker.java:63)

!ENTRY org.eclipse.debug.core 4 125 2026-07-28 11:20:41.055
!MESSAGE 调试核心所记录的错误：
!STACK 1
org.eclipse.debug.core.DebugException: 读取启动配置文件 F:\code\vibe_project\rollerball\M33\libraries\components\mtb-device-support-pse8xxgp\make\make\scripts\interface_version_4\eclipse\CM55\flash\_normal\KitProg3\any\&&_PRJ_NAME&& Attach (KitProg3_MiniProg4).launch 时发生了 org.xml.sax.SAXParseException; lineNumber: 3; columnNumber: 66; 在实体引用中, 实体名称必须紧跟在 '&' 后面。。
	at org.eclipse.debug.internal.core.LaunchManager.createDebugException(LaunchManager.java:886)
	at org.eclipse.debug.internal.core.LaunchManager.throwException(LaunchManager.java:2448)
	at org.eclipse.debug.internal.core.LaunchManager.getInfo(LaunchManager.java:1366)
	at org.eclipse.debug.internal.core.LaunchConfiguration.getInfo(LaunchConfiguration.java:490)
	at org.eclipse.debug.internal.core.LaunchConfiguration.getType(LaunchConfiguration.java:645)
	at org.eclipse.debug.internal.core.LaunchManager.isValid(LaunchManager.java:2091)
	at org.eclipse.debug.internal.core.LaunchManager.verifyConfigurations(LaunchManager.java:2462)
	at org.eclipse.debug.internal.core.LaunchManager.getAllLaunchConfigurations(LaunchManager.java:1140)
	at org.eclipse.debug.internal.core.LaunchManager.getLaunchConfigurations(LaunchManager.java:1444)
	at org.eclipse.debug.internal.core.LaunchManager.getLaunchConfigurations(LaunchManager.java:1439)
	at org.eclipse.launchbar.core.internal.LaunchBarManager.init(LaunchBarManager.java:130)
	at org.eclipse.launchbar.core.internal.LaunchBarManager$1.run(LaunchBarManager.java:96)
	at org.eclipse.core.internal.jobs.Worker.run(Worker.java:63)
Caused by: org.xml.sax.SAXParseException; lineNumber: 3; columnNumber: 66; 在实体引用中, 实体名称必须紧跟在 '&' 后面。
	at com.sun.org.apache.xerces.internal.util.ErrorHandlerWrapper.createSAXParseException(ErrorHandlerWrapper.java:203)
	at com.sun.org.apache.xerces.internal.util.ErrorHandlerWrapper.fatalError(ErrorHandlerWrapper.java:177)
	at com.sun.org.apache.xerces.internal.impl.XMLErrorReporter.reportError(XMLErrorReporter.java:400)
	at com.sun.org.apache.xerces.internal.impl.XMLErrorReporter.reportError(XMLErrorReporter.java:327)
	at com.sun.org.apache.xerces.internal.impl.XMLScanner.reportFatalError(XMLScanner.java:1472)
	at com.sun.org.apache.xerces.internal.impl.XMLScanner.scanAttributeValue(XMLScanner.java:908)
	at com.sun.org.apache.xerces.internal.impl.XMLDocumentFragmentScannerImpl.scanAttribute(XMLDocumentFragmentScannerImpl.java:1548)
	at com.sun.org.apache.xerces.internal.impl.XMLDocumentFragmentScannerImpl.scanStartElement(XMLDocumentFragmentScannerImpl.java:1315)
	at com.sun.org.apache.xerces.internal.impl.XMLDocumentFragmentScannerImpl$FragmentContentDriver.next(XMLDocumentFragmentScannerImpl.java:2784)
	at com.sun.org.apache.xerces.internal.impl.XMLDocumentScannerImpl.next(XMLDocumentScannerImpl.java:602)
	at com.sun.org.apache.xerces.internal.impl.XMLDocumentFragmentScannerImpl.scanDocument(XMLDocumentFragmentScannerImpl.java:505)
	at com.sun.org.apache.xerces.internal.parsers.XML11Configuration.parse(XML11Configuration.java:841)
	at com.sun.org.apache.xerces.internal.parsers.XML11Configuration.parse(XML11Configuration.java:770)
	at com.sun.org.apache.xerces.internal.parsers.XMLParser.parse(XMLParser.java:141)
	at com.sun.org.apache.xerces.internal.parsers.DOMParser.parse(DOMParser.java:243)
	at com.sun.org.apache.xerces.internal.jaxp.DocumentBuilderImpl.parse(DocumentBuilderImpl.java:339)
	at org.eclipse.debug.internal.core.LaunchManager.createInfoFromXML(LaunchManager.java:935)
	at org.eclipse.debug.internal.core.LaunchManager.getInfo(LaunchManager.java:1359)
	... 10 more
!SUBENTRY 1 org.eclipse.debug.core 4 5012 2026-07-28 11:20:41.055
!MESSAGE 读取启动配置文件 F:\code\vibe_project\rollerball\M33\libraries\components\mtb-device-support-pse8xxgp\make\make\scripts\interface_version_4\eclipse\CM55\flash\_normal\KitProg3\any\&&_PRJ_NAME&& Attach (KitProg3_MiniProg4).launch 时发生了 org.xml.sax.SAXParseException; lineNumber: 3; columnNumber: 66; 在实体引用中, 实体名称必须紧跟在 '&' 后面。。
!STACK 0
org.xml.sax.SAXParseException; lineNumber: 3; columnNumber: 66; 在实体引用中, 实体名称必须紧跟在 '&' 后面。
	at com.sun.org.apache.xerces.internal.util.ErrorHandlerWrapper.createSAXParseException(ErrorHandlerWrapper.java:203)
	at com.sun.org.apache.xerces.internal.util.ErrorHandlerWrapper.fatalError(ErrorHandlerWrapper.java:177)
	at com.sun.org.apache.xerces.internal.impl.XMLErrorReporter.reportError(XMLErrorReporter.java:400)
	at com.sun.org.apache.xerces.internal.impl.XMLErrorReporter.reportError(XMLErrorReporter.java:327)
	at com.sun.org.apache.xerces.internal.impl.XMLScanner.reportFatalError(XMLScanner.java:1472)
	at com.sun.org.apache.xerces.internal.impl.XMLScanner.scanAttributeValue(XMLScanner.java:908)
	at com.sun.org.apache.xerces.internal.impl.XMLDocumentFragmentScannerImpl.scanAttribute(XMLDocumentFragmentScannerImpl.java:1548)
	at com.sun.org.apache.xerces.internal.impl.XMLDocumentFragmentScannerImpl.scanStartElement(XMLDocumentFragmentScannerImpl.java:1315)
	at com.sun.org.apache.xerces.internal.impl.XMLDocumentFragmentScannerImpl$FragmentContentDriver.next(XMLDocumentFragmentScannerImpl.java:2784)
	at com.sun.org.apache.xerces.internal.impl.XMLDocumentScannerImpl.next(XMLDocumentScannerImpl.java:602)
	at com.sun.org.apache.xerces.internal.impl.XMLDocumentFragmentScannerImpl.scanDocument(XMLDocumentFragmentScannerImpl.java:505)
	at com.sun.org.apache.xerces.internal.parsers.XML11Configuration.parse(XML11Configuration.java:841)
	at com.sun.org.apache.xerces.internal.parsers.XML11Configuration.parse(XML11Configuration.java:770)
	at com.sun.org.apache.xerces.internal.parsers.XMLParser.parse(XMLParser.java:141)
	at com.sun.org.apache.xerces.internal.parsers.DOMParser.parse(DOMParser.java:243)
	at com.sun.org.apache.xerces.internal.jaxp.DocumentBuilderImpl.parse(DocumentBuilderImpl.java:339)
	at org.eclipse.debug.internal.core.LaunchManager.createInfoFromXML(LaunchManager.java:935)
	at org.eclipse.debug.internal.core.LaunchManager.getInfo(LaunchManager.java:1359)
	at org.eclipse.debug.internal.core.LaunchConfiguration.getInfo(LaunchConfiguration.java:490)
	at org.eclipse.debug.internal.core.LaunchConfiguration.getType(LaunchConfiguration.java:645)
	at org.eclipse.debug.internal.core.LaunchManager.isValid(LaunchManager.java:2091)
	at org.eclipse.debug.internal.core.LaunchManager.verifyConfigurations(LaunchManager.java:2462)
	at org.eclipse.debug.internal.core.LaunchManager.getAllLaunchConfigurations(LaunchManager.java:1140)
	at org.eclipse.debug.internal.core.LaunchManager.getLaunchConfigurations(LaunchManager.java:1444)
	at org.eclipse.debug.internal.core.LaunchManager.getLaunchConfigurations(LaunchManager.java:1439)
	at org.eclipse.launchbar.core.internal.LaunchBarManager.init(LaunchBarManager.java:130)
	at org.eclipse.launchbar.core.internal.LaunchBarManager$1.run(LaunchBarManager.java:96)
	at org.eclipse.core.internal.jobs.Worker.run(Worker.java:63)

!ENTRY org.eclipse.debug.core 4 125 2026-07-28 11:20:41.059
!MESSAGE 调试核心所记录的错误：
!STACK 1
org.eclipse.debug.core.DebugException: 读取启动配置文件 F:\code\vibe_project\rollerball\M33\libraries\components\mtb-device-support-pse8xxgp\make\make\scripts\interface_version_4\eclipse\CM55\flash\_normal\KitProg3\any\&&_PRJ_NAME&& Program (KitProg3_MiniProg4).launch 时发生了 org.xml.sax.SAXParseException; lineNumber: 3; columnNumber: 66; 在实体引用中, 实体名称必须紧跟在 '&' 后面。。
	at org.eclipse.debug.internal.core.LaunchManager.createDebugException(LaunchManager.java:886)
	at org.eclipse.debug.internal.core.LaunchManager.throwException(LaunchManager.java:2448)
	at org.eclipse.debug.internal.core.LaunchManager.getInfo(LaunchManager.java:1366)
	at org.eclipse.debug.internal.core.LaunchConfiguration.getInfo(LaunchConfiguration.java:490)
	at org.eclipse.debug.internal.core.LaunchConfiguration.getType(LaunchConfiguration.java:645)
	at org.eclipse.debug.internal.core.LaunchManager.isValid(LaunchManager.java:2091)
	at org.eclipse.debug.internal.core.LaunchManager.verifyConfigurations(LaunchManager.java:2462)
	at org.eclipse.debug.internal.core.LaunchManager.getAllLaunchConfigurations(LaunchManager.java:1140)
	at org.eclipse.debug.internal.core.LaunchManager.getLaunchConfigurations(LaunchManager.java:1444)
	at org.eclipse.debug.internal.core.LaunchManager.getLaunchConfigurations(LaunchManager.java:1439)
	at org.eclipse.launchbar.core.internal.LaunchBarManager.init(LaunchBarManager.java:130)
	at org.eclipse.launchbar.core.internal.LaunchBarManager$1.run(LaunchBarManager.java:96)
	at org.eclipse.core.internal.jobs.Worker.run(Worker.java:63)
Caused by: org.xml.sax.SAXParseException; lineNumber: 3; columnNumber: 66; 在实体引用中, 实体名称必须紧跟在 '&' 后面。
	at com.sun.org.apache.xerces.internal.util.ErrorHandlerWrapper.createSAXParseException(ErrorHandlerWrapper.java:203)
	at com.sun.org.apache.xerces.internal.util.ErrorHandlerWrapper.fatalError(ErrorHandlerWrapper.java:177)
	at com.sun.org.apache.xerces.internal.impl.XMLErrorReporter.reportError(XMLErrorReporter.java:400)
	at com.sun.org.apache.xerces.internal.impl.XMLErrorReporter.reportError(XMLErrorReporter.java:327)
	at com.sun.org.apache.xerces.internal.impl.XMLScanner.reportFatalError(XMLScanner.java:1472)
	at com.sun.org.apache.xerces.internal.impl.XMLScanner.scanAttributeValue(XMLScanner.java:908)
	at com.sun.org.apache.xerces.internal.impl.XMLDocumentFragmentScannerImpl.scanAttribute(XMLDocumentFragmentScannerImpl.java:1548)
	at com.sun.org.apache.xerces.internal.impl.XMLDocumentFragmentScannerImpl.scanStartElement(XMLDocumentFragmentScannerImpl.java:1315)
	at com.sun.org.apache.xerces.internal.impl.XMLDocumentFragmentScannerImpl$FragmentContentDriver.next(XMLDocumentFragmentScannerImpl.java:2784)
	at com.sun.org.apache.xerces.internal.impl.XMLDocumentScannerImpl.next(XMLDocumentScannerImpl.java:602)
	at com.sun.org.apache.xerces.internal.impl.XMLDocumentFragmentScannerImpl.scanDocument(XMLDocumentFragmentScannerImpl.java:505)
	at com.sun.org.apache.xerces.internal.parsers.XML11Configuration.parse(XML11Configuration.java:841)
	at com.sun.org.apache.xerces.internal.parsers.XML11Configuration.parse(XML11Configuration.java:770)
	at com.sun.org.apache.xerces.internal.parsers.XMLParser.parse(XMLParser.java:141)
	at com.sun.org.apache.xerces.internal.parsers.DOMParser.parse(DOMParser.java:243)
	at com.sun.org.apache.xerces.internal.jaxp.DocumentBuilderImpl.parse(DocumentBuilderImpl.java:339)
	at org.eclipse.debug.internal.core.LaunchManager.createInfoFromXML(LaunchManager.java:935)
	at org.eclipse.debug.internal.core.LaunchManager.getInfo(LaunchManager.java:1359)
	... 10 more
!SUBENTRY 1 org.eclipse.debug.core 4 5012 2026-07-28 11:20:41.059
!MESSAGE 读取启动配置文件 F:\code\vibe_project\rollerball\M33\libraries\components\mtb-device-support-pse8xxgp\make\make\scripts\interface_version_4\eclipse\CM55\flash\_normal\KitProg3\any\&&_PRJ_NAME&& Program (KitProg3_MiniProg4).launch 时发生了 org.xml.sax.SAXParseException; lineNumber: 3; columnNumber: 66; 在实体引用中, 实体名称必须紧跟在 '&' 后面。。
!STACK 0
org.xml.sax.SAXParseException; lineNumber: 3; columnNumber: 66; 在实体引用中, 实体名称必须紧跟在 '&' 后面。
	at com.sun.org.apache.xerces.internal.util.ErrorHandlerWrapper.createSAXParseException(ErrorHandlerWrapper.java:203)
	at com.sun.org.apache.xerces.internal.util.ErrorHandlerWrapper.fatalError(ErrorHandlerWrapper.java:177)
	at com.sun.org.apache.xerces.internal.impl.XMLErrorReporter.reportError(XMLErrorReporter.java:400)
	at com.sun.org.apache.xerces.internal.impl.XMLErrorReporter.reportError(XMLErrorReporter.java:327)
	at com.sun.org.apache.xerces.internal.impl.XMLScanner.reportFatalError(XMLScanner.java:1472)
	at com.sun.org.apache.xerces.internal.impl.XMLScanner.scanAttributeValue(XMLScanner.java:908)
	at com.sun.org.apache.xerces.internal.impl.XMLDocumentFragmentScannerImpl.scanAttribute(XMLDocumentFragmentScannerImpl.java:1548)
	at com.sun.org.apache.xerces.internal.impl.XMLDocumentFragmentScannerImpl.scanStartElement(XMLDocumentFragmentScannerImpl.java:1315)
	at com.sun.org.apache.xerces.internal.impl.XMLDocumentFragmentScannerImpl$FragmentContentDriver.next(XMLDocumentFragmentScannerImpl.java:2784)
	at com.sun.org.apache.xerces.internal.impl.XMLDocumentScannerImpl.next(XMLDocumentScannerImpl.java:602)
	at com.sun.org.apache.xerces.internal.impl.XMLDocumentFragmentScannerImpl.scanDocument(XMLDocumentFragmentScannerImpl.java:505)
	at com.sun.org.apache.xerces.internal.parsers.XML11Configuration.parse(XML11Configuration.java:841)
	at com.sun.org.apache.xerces.internal.parsers.XML11Configuration.parse(XML11Configuration.java:770)
	at com.sun.org.apache.xerces.internal.parsers.XMLParser.parse(XMLParser.java:141)
	at com.sun.org.apache.xerces.internal.parsers.DOMParser.parse(DOMParser.java:243)
	at com.sun.org.apache.xerces.internal.jaxp.DocumentBuilderImpl.parse(DocumentBuilderImpl.java:339)
	at org.eclipse.debug.internal.core.LaunchManager.createInfoFromXML(LaunchManager.java:935)
	at org.eclipse.debug.internal.core.LaunchManager.getInfo(LaunchManager.java:1359)
	at org.eclipse.debug.internal.core.LaunchConfiguration.getInfo(LaunchConfiguration.java:490)
	at org.eclipse.debug.internal.core.LaunchConfiguration.getType(LaunchConfiguration.java:645)
	at org.eclipse.debug.internal.core.LaunchManager.isValid(LaunchManager.java:2091)
	at org.eclipse.debug.internal.core.LaunchManager.verifyConfigurations(LaunchManager.java:2462)
	at org.eclipse.debug.internal.core.LaunchManager.getAllLaunchConfigurations(LaunchManager.java:1140)
	at org.eclipse.debug.internal.core.LaunchManager.getLaunchConfigurations(LaunchManager.java:1444)
	at org.eclipse.debug.internal.core.LaunchManager.getLaunchConfigurations(LaunchManager.java:1439)
	at org.eclipse.launchbar.core.internal.LaunchBarManager.init(LaunchBarManager.java:130)
	at org.eclipse.launchbar.core.internal.LaunchBarManager$1.run(LaunchBarManager.java:96)
	at org.eclipse.core.internal.jobs.Worker.run(Worker.java:63)

!ENTRY org.eclipse.debug.core 4 125 2026-07-28 11:20:41.059
!MESSAGE 调试核心所记录的错误：
!STACK 1
org.eclipse.debug.core.DebugException: 读取启动配置文件 F:\code\vibe_project\rollerball\M33\libraries\components\mtb-device-support-pse8xxgp\make\make\scripts\interface_version_4\eclipse\CM55\flash\_normal\KitProg3\multi\&&_PRJ_NAME&& Add CM55 to CM33 (KitProg3_MiniProg4).launch 时发生了 org.xml.sax.SAXParseException; lineNumber: 3; columnNumber: 66; 在实体引用中, 实体名称必须紧跟在 '&' 后面。。
	at org.eclipse.debug.internal.core.LaunchManager.createDebugException(LaunchManager.java:886)
	at org.eclipse.debug.internal.core.LaunchManager.throwException(LaunchManager.java:2448)
	at org.eclipse.debug.internal.core.LaunchManager.getInfo(LaunchManager.java:1366)
	at org.eclipse.debug.internal.core.LaunchConfiguration.getInfo(LaunchConfiguration.java:490)
	at org.eclipse.debug.internal.core.LaunchConfiguration.getType(LaunchConfiguration.java:645)
	at org.eclipse.debug.internal.core.LaunchManager.isValid(LaunchManager.java:2091)
	at org.eclipse.debug.internal.core.LaunchManager.verifyConfigurations(LaunchManager.java:2462)
	at org.eclipse.debug.internal.core.LaunchManager.getAllLaunchConfigurations(LaunchManager.java:1140)
	at org.eclipse.debug.internal.core.LaunchManager.getLaunchConfigurations(LaunchManager.java:1444)
	at org.eclipse.debug.internal.core.LaunchManager.getLaunchConfigurations(LaunchManager.java:1439)
	at org.eclipse.launchbar.core.internal.LaunchBarManager.init(LaunchBarManager.java:130)
	at org.eclipse.launchbar.core.internal.LaunchBarManager$1.run(LaunchBarManager.java:96)
	at org.eclipse.core.internal.jobs.Worker.run(Worker.java:63)
Caused by: org.xml.sax.SAXParseException; lineNumber: 3; columnNumber: 66; 在实体引用中, 实体名称必须紧跟在 '&' 后面。
	at com.sun.org.apache.xerces.internal.util.ErrorHandlerWrapper.createSAXParseException(ErrorHandlerWrapper.java:203)
	at com.sun.org.apache.xerces.internal.util.ErrorHandlerWrapper.fatalError(ErrorHandlerWrapper.java:177)
	at com.sun.org.apache.xerces.internal.impl.XMLErrorReporter.reportError(XMLErrorReporter.java:400)
	at com.sun.org.apache.xerces.internal.impl.XMLErrorReporter.reportError(XMLErrorReporter.java:327)
	at com.sun.org.apache.xerces.internal.impl.XMLScanner.reportFatalError(XMLScanner.java:1472)
	at com.sun.org.apache.xerces.internal.impl.XMLScanner.scanAttributeValue(XMLScanner.java:908)
	at com.sun.org.apache.xerces.internal.impl.XMLDocumentFragmentScannerImpl.scanAttribute(XMLDocumentFragmentScannerImpl.java:1548)
	at com.sun.org.apache.xerces.internal.impl.XMLDocumentFragmentScannerImpl.scanStartElement(XMLDocumentFragmentScannerImpl.java:1315)
	at com.sun.org.apache.xerces.internal.impl.XMLDocumentFragmentScannerImpl$FragmentContentDriver.next(XMLDocumentFragmentScannerImpl.java:2784)
	at com.sun.org.apache.xerces.internal.impl.XMLDocumentScannerImpl.next(XMLDocumentScannerImpl.java:602)
	at com.sun.org.apache.xerces.internal.impl.XMLDocumentFragmentScannerImpl.scanDocument(XMLDocumentFragmentScannerImpl.java:505)
	at com.sun.org.apache.xerces.internal.parsers.XML11Configuration.parse(XML11Configuration.java:841)
	at com.sun.org.apache.xerces.internal.parsers.XML11Configuration.parse(XML11Configuration.java:770)
	at com.sun.org.apache.xerces.internal.parsers.XMLParser.parse(XMLParser.java:141)
	at com.sun.org.apache.xerces.internal.parsers.DOMParser.parse(DOMParser.java:243)
	at com.sun.org.apache.xerces.internal.jaxp.DocumentBuilderImpl.parse(DocumentBuilderImpl.java:339)
	at org.eclipse.debug.internal.core.LaunchManager.createInfoFromXML(LaunchManager.java:935)
	at org.eclipse.debug.internal.core.LaunchManager.getInfo(LaunchManager.java:1359)
	... 10 more
!SUBENTRY 1 org.eclipse.debug.core 4 5012 2026-07-28 11:20:41.059
!MESSAGE 读取启动配置文件 F:\code\vibe_project\rollerball\M33\libraries\components\mtb-device-support-pse8xxgp\make\make\scripts\interface_version_4\eclipse\CM55\flash\_normal\KitProg3\multi\&&_PRJ_NAME&& Add CM55 to CM33 (KitProg3_MiniProg4).launch 时发生了 org.xml.sax.SAXParseException; lineNumber: 3; columnNumber: 66; 在实体引用中, 实体名称必须紧跟在 '&' 后面。。
!STACK 0
org.xml.sax.SAXParseException; lineNumber: 3; columnNumber: 66; 在实体引用中, 实体名称必须紧跟在 '&' 后面。
	at com.sun.org.apache.xerces.internal.util.ErrorHandlerWrapper.createSAXParseException(ErrorHandlerWrapper.java:203)
	at com.sun.org.apache.xerces.internal.util.ErrorHandlerWrapper.fatalError(ErrorHandlerWrapper.java:177)
	at com.sun.org.apache.xerces.internal.impl.XMLErrorReporter.reportError(XMLErrorReporter.java:400)
	at com.sun.org.apache.xerces.internal.impl.XMLErrorReporter.reportError(XMLErrorReporter.java:327)
	at com.sun.org.apache.xerces.internal.impl.XMLScanner.reportFatalError(XMLScanner.java:1472)
	at com.sun.org.apache.xerces.internal.impl.XMLScanner.scanAttributeValue(XMLScanner.java:908)
	at com.sun.org.apache.xerces.internal.impl.XMLDocumentFragmentScannerImpl.scanAttribute(XMLDocumentFragmentScannerImpl.java:1548)
	at com.sun.org.apache.xerces.internal.impl.XMLDocumentFragmentScannerImpl.scanStartElement(XMLDocumentFragmentScannerImpl.java:1315)
	at com.sun.org.apache.xerces.internal.impl.XMLDocumentFragmentScannerImpl$FragmentContentDriver.next(XMLDocumentFragmentScannerImpl.java:2784)
	at com.sun.org.apache.xerces.internal.impl.XMLDocumentScannerImpl.next(XMLDocumentScannerImpl.java:602)
	at com.sun.org.apache.xerces.internal.impl.XMLDocumentFragmentScannerImpl.scanDocument(XMLDocumentFragmentScannerImpl.java:505)
	at com.sun.org.apache.xerces.internal.parsers.XML11Configuration.parse(XML11Configuration.java:841)
	at com.sun.org.apache.xerces.internal.parsers.XML11Configuration.parse(XML11Configuration.java:770)
	at com.sun.org.apache.xerces.internal.parsers.XMLParser.parse(XMLParser.java:141)
	at com.sun.org.apache.xerces.internal.parsers.DOMParser.parse(DOMParser.java:243)
	at com.sun.org.apache.xerces.internal.jaxp.DocumentBuilderImpl.parse(DocumentBuilderImpl.java:339)
	at org.eclipse.debug.internal.core.LaunchManager.createInfoFromXML(LaunchManager.java:935)
	at org.eclipse.debug.internal.core.LaunchManager.getInfo(LaunchManager.java:1359)
	at org.eclipse.debug.internal.core.LaunchConfiguration.getInfo(LaunchConfiguration.java:490)
	at org.eclipse.debug.internal.core.LaunchConfiguration.getType(LaunchConfiguration.java:645)
	at org.eclipse.debug.internal.core.LaunchManager.isValid(LaunchManager.java:2091)
	at org.eclipse.debug.internal.core.LaunchManager.verifyConfigurations(LaunchManager.java:2462)
	at org.eclipse.debug.internal.core.LaunchManager.getAllLaunchConfigurations(LaunchManager.java:1140)
	at org.eclipse.debug.internal.core.LaunchManager.getLaunchConfigurations(LaunchManager.java:1444)
	at org.eclipse.debug.internal.core.LaunchManager.getLaunchConfigurations(LaunchManager.java:1439)
	at org.eclipse.launchbar.core.internal.LaunchBarManager.init(LaunchBarManager.java:130)
	at org.eclipse.launchbar.core.internal.LaunchBarManager$1.run(LaunchBarManager.java:96)
	at org.eclipse.core.internal.jobs.Worker.run(Worker.java:63)

!ENTRY org.eclipse.debug.core 4 125 2026-07-28 11:20:41.059
!MESSAGE 调试核心所记录的错误：
!STACK 1
org.eclipse.debug.core.DebugException: 读取启动配置文件 F:\code\vibe_project\rollerball\M33\libraries\components\mtb-device-support-pse8xxgp\make\make\scripts\interface_version_4\eclipse\CM55\flash\normal\JLink\any\&&_PRJ_NAME&& Attach (JLink).launch 时发生了 org.xml.sax.SAXParseException; lineNumber: 3; columnNumber: 66; 在实体引用中, 实体名称必须紧跟在 '&' 后面。。
	at org.eclipse.debug.internal.core.LaunchManager.createDebugException(LaunchManager.java:886)
	at org.eclipse.debug.internal.core.LaunchManager.throwException(LaunchManager.java:2448)
	at org.eclipse.debug.internal.core.LaunchManager.getInfo(LaunchManager.java:1366)
	at org.eclipse.debug.internal.core.LaunchConfiguration.getInfo(LaunchConfiguration.java:490)
	at org.eclipse.debug.internal.core.LaunchConfiguration.getType(LaunchConfiguration.java:645)
	at org.eclipse.debug.internal.core.LaunchManager.isValid(LaunchManager.java:2091)
	at org.eclipse.debug.internal.core.LaunchManager.verifyConfigurations(LaunchManager.java:2462)
	at org.eclipse.debug.internal.core.LaunchManager.getAllLaunchConfigurations(LaunchManager.java:1140)
	at org.eclipse.debug.internal.core.LaunchManager.getLaunchConfigurations(LaunchManager.java:1444)
	at org.eclipse.debug.internal.core.LaunchManager.getLaunchConfigurations(LaunchManager.java:1439)
	at org.eclipse.launchbar.core.internal.LaunchBarManager.init(LaunchBarManager.java:130)
	at org.eclipse.launchbar.core.internal.LaunchBarManager$1.run(LaunchBarManager.java:96)
	at org.eclipse.core.internal.jobs.Worker.run(Worker.java:63)
Caused by: org.xml.sax.SAXParseException; lineNumber: 3; columnNumber: 66; 在实体引用中, 实体名称必须紧跟在 '&' 后面。
	at com.sun.org.apache.xerces.internal.util.ErrorHandlerWrapper.createSAXParseException(ErrorHandlerWrapper.java:203)
	at com.sun.org.apache.xerces.internal.util.ErrorHandlerWrapper.fatalError(ErrorHandlerWrapper.java:177)
	at com.sun.org.apache.xerces.internal.impl.XMLErrorReporter.reportError(XMLErrorReporter.java:400)
	at com.sun.org.apache.xerces.internal.impl.XMLErrorReporter.reportError(XMLErrorReporter.java:327)
	at com.sun.org.apache.xerces.internal.impl.XMLScanner.reportFatalError(XMLScanner.java:1472)
	at com.sun.org.apache.xerces.internal.impl.XMLScanner.scanAttributeValue(XMLScanner.java:908)
	at com.sun.org.apache.xerces.internal.impl.XMLDocumentFragmentScannerImpl.scanAttribute(XMLDocumentFragmentScannerImpl.java:1548)
	at com.sun.org.apache.xerces.internal.impl.XMLDocumentFragmentScannerImpl.scanStartElement(XMLDocumentFragmentScannerImpl.java:1315)
	at com.sun.org.apache.xerces.internal.impl.XMLDocumentFragmentScannerImpl$FragmentContentDriver.next(XMLDocumentFragmentScannerImpl.java:2784)
	at com.sun.org.apache.xerces.internal.impl.XMLDocumentScannerImpl.next(XMLDocumentScannerImpl.java:602)
	at com.sun.org.apache.xerces.internal.impl.XMLDocumentFragmentScannerImpl.scanDocument(XMLDocumentFragmentScannerImpl.java:505)
	at com.sun.org.apache.xerces.internal.parsers.XML11Configuration.parse(XML11Configuration.java:841)
	at com.sun.org.apache.xerces.internal.parsers.XML11Configuration.parse(XML11Configuration.java:770)
	at com.sun.org.apache.xerces.internal.parsers.XMLParser.parse(XMLParser.java:141)
	at com.sun.org.apache.xerces.internal.parsers.DOMParser.parse(DOMParser.java:243)
	at com.sun.org.apache.xerces.internal.jaxp.DocumentBuilderImpl.parse(DocumentBuilderImpl.java:339)
	at org.eclipse.debug.internal.core.LaunchManager.createInfoFromXML(LaunchManager.java:935)
	at org.eclipse.debug.internal.core.LaunchManager.getInfo(LaunchManager.java:1359)
	... 10 more
!SUBENTRY 1 org.eclipse.debug.core 4 5012 2026-07-28 11:20:41.059
!MESSAGE 读取启动配置文件 F:\code\vibe_project\rollerball\M33\libraries\components\mtb-device-support-pse8xxgp\make\make\scripts\interface_version_4\eclipse\CM55\flash\normal\JLink\any\&&_PRJ_NAME&& Attach (JLink).launch 时发生了 org.xml.sax.SAXParseException; lineNumber: 3; columnNumber: 66; 在实体引用中, 实体名称必须紧跟在 '&' 后面。。
!STACK 0
org.xml.sax.SAXParseException; lineNumber: 3; columnNumber: 66; 在实体引用中, 实体名称必须紧跟在 '&' 后面。
	at com.sun.org.apache.xerces.internal.util.ErrorHandlerWrapper.createSAXParseException(ErrorHandlerWrapper.java:203)
	at com.sun.org.apache.xerces.internal.util.ErrorHandlerWrapper.fatalError(ErrorHandlerWrapper.java:177)
	at com.sun.org.apache.xerces.internal.impl.XMLErrorReporter.reportError(XMLErrorReporter.java:400)
	at com.sun.org.apache.xerces.internal.impl.XMLErrorReporter.reportError(XMLErrorReporter.java:327)
	at com.sun.org.apache.xerces.internal.impl.XMLScanner.reportFatalError(XMLScanner.java:1472)
	at com.sun.org.apache.xerces.internal.impl.XMLScanner.scanAttributeValue(XMLScanner.java:908)
	at com.sun.org.apache.xerces.internal.impl.XMLDocumentFragmentScannerImpl.scanAttribute(XMLDocumentFragmentScannerImpl.java:1548)
	at com.sun.org.apache.xerces.internal.impl.XMLDocumentFragmentScannerImpl.scanStartElement(XMLDocumentFragmentScannerImpl.java:1315)
	at com.sun.org.apache.xerces.internal.impl.XMLDocumentFragmentScannerImpl$FragmentContentDriver.next(XMLDocumentFragmentScannerImpl.java:2784)
	at com.sun.org.apache.xerces.internal.impl.XMLDocumentScannerImpl.next(XMLDocumentScannerImpl.java:602)
	at com.sun.org.apache.xerces.internal.impl.XMLDocumentFragmentScannerImpl.scanDocument(XMLDocumentFragmentScannerImpl.java:505)
	at com.sun.org.apache.xerces.internal.parsers.XML11Configuration.parse(XML11Configuration.java:841)
	at com.sun.org.apache.xerces.internal.parsers.XML11Configuration.parse(XML11Configuration.java:770)
	at com.sun.org.apache.xerces.internal.parsers.XMLParser.parse(XMLParser.java:141)
	at com.sun.org.apache.xerces.internal.parsers.DOMParser.parse(DOMParser.java:243)
	at com.sun.org.apache.xerces.internal.jaxp.DocumentBuilderImpl.parse(DocumentBuilderImpl.java:339)
	at org.eclipse.debug.internal.core.LaunchManager.createInfoFromXML(LaunchManager.java:935)
	at org.eclipse.debug.internal.core.LaunchManager.getInfo(LaunchManager.java:1359)
	at org.eclipse.debug.internal.core.LaunchConfiguration.getInfo(LaunchConfiguration.java:490)
	at org.eclipse.debug.internal.core.LaunchConfiguration.getType(LaunchConfiguration.java:645)
	at org.eclipse.debug.internal.core.LaunchManager.isValid(LaunchManager.java:2091)
	at org.eclipse.debug.internal.core.LaunchManager.verifyConfigurations(LaunchManager.java:2462)
	at org.eclipse.debug.internal.core.LaunchManager.getAllLaunchConfigurations(LaunchManager.java:1140)
	at org.eclipse.debug.internal.core.LaunchManager.getLaunchConfigurations(LaunchManager.java:1444)
	at org.eclipse.debug.internal.core.LaunchManager.getLaunchConfigurations(LaunchManager.java:1439)
	at org.eclipse.launchbar.core.internal.LaunchBarManager.init(LaunchBarManager.java:130)
	at org.eclipse.launchbar.core.internal.LaunchBarManager$1.run(LaunchBarManager.java:96)
	at org.eclipse.core.internal.jobs.Worker.run(Worker.java:63)

!ENTRY org.eclipse.debug.core 4 125 2026-07-28 11:20:41.065
!MESSAGE 调试核心所记录的错误：
!STACK 1
org.eclipse.debug.core.DebugException: 读取启动配置文件 F:\code\vibe_project\rollerball\M33\libraries\components\mtb-device-support-pse8xxgp\make\make\scripts\interface_version_4\eclipse\CM55\flash\normal\JLink\any\&&_PRJ_NAME&& Debug (JLink).launch 时发生了 org.xml.sax.SAXParseException; lineNumber: 3; columnNumber: 66; 在实体引用中, 实体名称必须紧跟在 '&' 后面。。
	at org.eclipse.debug.internal.core.LaunchManager.createDebugException(LaunchManager.java:886)
	at org.eclipse.debug.internal.core.LaunchManager.throwException(LaunchManager.java:2448)
	at org.eclipse.debug.internal.core.LaunchManager.getInfo(LaunchManager.java:1366)
	at org.eclipse.debug.internal.core.LaunchConfiguration.getInfo(LaunchConfiguration.java:490)
	at org.eclipse.debug.internal.core.LaunchConfiguration.getType(LaunchConfiguration.java:645)
	at org.eclipse.debug.internal.core.LaunchManager.isValid(LaunchManager.java:2091)
	at org.eclipse.debug.internal.core.LaunchManager.verifyConfigurations(LaunchManager.java:2462)
	at org.eclipse.debug.internal.core.LaunchManager.getAllLaunchConfigurations(LaunchManager.java:1140)
	at org.eclipse.debug.internal.core.LaunchManager.getLaunchConfigurations(LaunchManager.java:1444)
	at org.eclipse.debug.internal.core.LaunchManager.getLaunchConfigurations(LaunchManager.java:1439)
	at org.eclipse.launchbar.core.internal.LaunchBarManager.init(LaunchBarManager.java:130)
	at org.eclipse.launchbar.core.internal.LaunchBarManager$1.run(LaunchBarManager.java:96)
	at org.eclipse.core.internal.jobs.Worker.run(Worker.java:63)
Caused by: org.xml.sax.SAXParseException; lineNumber: 3; columnNumber: 66; 在实体引用中, 实体名称必须紧跟在 '&' 后面。
	at com.sun.org.apache.xerces.internal.util.ErrorHandlerWrapper.createSAXParseException(ErrorHandlerWrapper.java:203)
	at com.sun.org.apache.xerces.internal.util.ErrorHandlerWrapper.fatalError(ErrorHandlerWrapper.java:177)
	at com.sun.org.apache.xerces.internal.impl.XMLErrorReporter.reportError(XMLErrorReporter.java:400)
	at com.sun.org.apache.xerces.internal.impl.XMLErrorReporter.reportError(XMLErrorReporter.java:327)
	at com.sun.org.apache.xerces.internal.impl.XMLScanner.reportFatalError(XMLScanner.java:1472)
	at com.sun.org.apache.xerces.internal.impl.XMLScanner.scanAttributeValue(XMLScanner.java:908)
	at com.sun.org.apache.xerces.internal.impl.XMLDocumentFragmentScannerImpl.scanAttribute(XMLDocumentFragmentScannerImpl.java:1548)
	at com.sun.org.apache.xerces.internal.impl.XMLDocumentFragmentScannerImpl.scanStartElement(XMLDocumentFragmentScannerImpl.java:1315)
	at com.sun.org.apache.xerces.internal.impl.XMLDocumentFragmentScannerImpl$FragmentContentDriver.next(XMLDocumentFragmentScannerImpl.java:2784)
	at com.sun.org.apache.xerces.internal.impl.XMLDocumentScannerImpl.next(XMLDocumentScannerImpl.java:602)
	at com.sun.org.apache.xerces.internal.impl.XMLDocumentFragmentScannerImpl.scanDocument(XMLDocumentFragmentScannerImpl.java:505)
	at com.sun.org.apache.xerces.internal.parsers.XML11Configuration.parse(XML11Configuration.java:841)
	at com.sun.org.apache.xerces.internal.parsers.XML11Configuration.parse(XML11Configuration.java:770)
	at com.sun.org.apache.xerces.internal.parsers.XMLParser.parse(XMLParser.java:141)
	at com.sun.org.apache.xerces.internal.parsers.DOMParser.parse(DOMParser.java:243)
	at com.sun.org.apache.xerces.internal.jaxp.DocumentBuilderImpl.parse(DocumentBuilderImpl.java:339)
	at org.eclipse.debug.internal.core.LaunchManager.createInfoFromXML(LaunchManager.java:935)
	at org.eclipse.debug.internal.core.LaunchManager.getInfo(LaunchManager.java:1359)
	... 10 more
!SUBENTRY 1 org.eclipse.debug.core 4 5012 2026-07-28 11:20:41.066
!MESSAGE 读取启动配置文件 F:\code\vibe_project\rollerball\M33\libraries\components\mtb-device-support-pse8xxgp\make\make\scripts\interface_version_4\eclipse\CM55\flash\normal\JLink\any\&&_PRJ_NAME&& Debug (JLink).launch 时发生了 org.xml.sax.SAXParseException; lineNumber: 3; columnNumber: 66; 在实体引用中, 实体名称必须紧跟在 '&' 后面。。
!STACK 0
org.xml.sax.SAXParseException; lineNumber: 3; columnNumber: 66; 在实体引用中, 实体名称必须紧跟在 '&' 后面。
	at com.sun.org.apache.xerces.internal.util.ErrorHandlerWrapper.createSAXParseException(ErrorHandlerWrapper.java:203)
	at com.sun.org.apache.xerces.internal.util.ErrorHandlerWrapper.fatalError(ErrorHandlerWrapper.java:177)
	at com.sun.org.apache.xerces.internal.impl.XMLErrorReporter.reportError(XMLErrorReporter.java:400)
	at com.sun.org.apache.xerces.internal.impl.XMLErrorReporter.reportError(XMLErrorReporter.java:327)
	at com.sun.org.apache.xerces.internal.impl.XMLScanner.reportFatalError(XMLScanner.java:1472)
	at com.sun.org.apache.xerces.internal.impl.XMLScanner.scanAttributeValue(XMLScanner.java:908)
	at com.sun.org.apache.xerces.internal.impl.XMLDocumentFragmentScannerImpl.scanAttribute(XMLDocumentFragmentScannerImpl.java:1548)
	at com.sun.org.apache.xerces.internal.impl.XMLDocumentFragmentScannerImpl.scanStartElement(XMLDocumentFragmentScannerImpl.java:1315)
	at com.sun.org.apache.xerces.internal.impl.XMLDocumentFragmentScannerImpl$FragmentContentDriver.next(XMLDocumentFragmentScannerImpl.java:2784)
	at com.sun.org.apache.xerces.internal.impl.XMLDocumentScannerImpl.next(XMLDocumentScannerImpl.java:602)
	at com.sun.org.apache.xerces.internal.impl.XMLDocumentFragmentScannerImpl.scanDocument(XMLDocumentFragmentScannerImpl.java:505)
	at com.sun.org.apache.xerces.internal.parsers.XML11Configuration.parse(XML11Configuration.java:841)
	at com.sun.org.apache.xerces.internal.parsers.XML11Configuration.parse(XML11Configuration.java:770)
	at com.sun.org.apache.xerces.internal.parsers.XMLParser.parse(XMLParser.java:141)
	at com.sun.org.apache.xerces.internal.parsers.DOMParser.parse(DOMParser.java:243)
	at com.sun.org.apache.xerces.internal.jaxp.DocumentBuilderImpl.parse(DocumentBuilderImpl.java:339)
	at org.eclipse.debug.internal.core.LaunchManager.createInfoFromXML(LaunchManager.java:935)
	at org.eclipse.debug.internal.core.LaunchManager.getInfo(LaunchManager.java:1359)
	at org.eclipse.debug.internal.core.LaunchConfiguration.getInfo(LaunchConfiguration.java:490)
	at org.eclipse.debug.internal.core.LaunchConfiguration.getType(LaunchConfiguration.java:645)
	at org.eclipse.debug.internal.core.LaunchManager.isValid(LaunchManager.java:2091)
	at org.eclipse.debug.internal.core.LaunchManager.verifyConfigurations(LaunchManager.java:2462)
	at org.eclipse.debug.internal.core.LaunchManager.getAllLaunchConfigurations(LaunchManager.java:1140)
	at org.eclipse.debug.internal.core.LaunchManager.getLaunchConfigurations(LaunchManager.java:1444)
	at org.eclipse.debug.internal.core.LaunchManager.getLaunchConfigurations(LaunchManager.java:1439)
	at org.eclipse.launchbar.core.internal.LaunchBarManager.init(LaunchBarManager.java:130)
	at org.eclipse.launchbar.core.internal.LaunchBarManager$1.run(LaunchBarManager.java:96)
	at org.eclipse.core.internal.jobs.Worker.run(Worker.java:63)

!ENTRY org.eclipse.debug.core 4 125 2026-07-28 11:20:41.068
!MESSAGE 调试核心所记录的错误：
!STACK 1
org.eclipse.debug.core.DebugException: 读取启动配置文件 F:\code\vibe_project\rollerball\M33\libraries\components\mtb-device-support-pse8xxgp\make\make\scripts\interface_version_4\eclipse\CM55\flash\normal\JLink\combine_sign\Attach.launch 时发生了 org.xml.sax.SAXParseException; lineNumber: 3; columnNumber: 66; 在实体引用中, 实体名称必须紧跟在 '&' 后面。。
	at org.eclipse.debug.internal.core.LaunchManager.createDebugException(LaunchManager.java:886)
	at org.eclipse.debug.internal.core.LaunchManager.throwException(LaunchManager.java:2448)
	at org.eclipse.debug.internal.core.LaunchManager.getInfo(LaunchManager.java:1366)
	at org.eclipse.debug.internal.core.LaunchConfiguration.getInfo(LaunchConfiguration.java:490)
	at org.eclipse.debug.internal.core.LaunchConfiguration.getType(LaunchConfiguration.java:645)
	at org.eclipse.debug.internal.core.LaunchManager.isValid(LaunchManager.java:2091)
	at org.eclipse.debug.internal.core.LaunchManager.verifyConfigurations(LaunchManager.java:2462)
	at org.eclipse.debug.internal.core.LaunchManager.getAllLaunchConfigurations(LaunchManager.java:1140)
	at org.eclipse.debug.internal.core.LaunchManager.getLaunchConfigurations(LaunchManager.java:1444)
	at org.eclipse.debug.internal.core.LaunchManager.getLaunchConfigurations(LaunchManager.java:1439)
	at org.eclipse.launchbar.core.internal.LaunchBarManager.init(LaunchBarManager.java:130)
	at org.eclipse.launchbar.core.internal.LaunchBarManager$1.run(LaunchBarManager.java:96)
	at org.eclipse.core.internal.jobs.Worker.run(Worker.java:63)
Caused by: org.xml.sax.SAXParseException; lineNumber: 3; columnNumber: 66; 在实体引用中, 实体名称必须紧跟在 '&' 后面。
	at com.sun.org.apache.xerces.internal.util.ErrorHandlerWrapper.createSAXParseException(ErrorHandlerWrapper.java:203)
	at com.sun.org.apache.xerces.internal.util.ErrorHandlerWrapper.fatalError(ErrorHandlerWrapper.java:177)
	at com.sun.org.apache.xerces.internal.impl.XMLErrorReporter.reportError(XMLErrorReporter.java:400)
	at com.sun.org.apache.xerces.internal.impl.XMLErrorReporter.reportError(XMLErrorReporter.java:327)
	at com.sun.org.apache.xerces.internal.impl.XMLScanner.reportFatalError(XMLScanner.java:1472)
	at com.sun.org.apache.xerces.internal.impl.XMLScanner.scanAttributeValue(XMLScanner.java:908)
	at com.sun.org.apache.xerces.internal.impl.XMLDocumentFragmentScannerImpl.scanAttribute(XMLDocumentFragmentScannerImpl.java:1548)
	at com.sun.org.apache.xerces.internal.impl.XMLDocumentFragmentScannerImpl.scanStartElement(XMLDocumentFragmentScannerImpl.java:1315)
	at com.sun.org.apache.xerces.internal.impl.XMLDocumentFragmentScannerImpl$FragmentContentDriver.next(XMLDocumentFragmentScannerImpl.java:2784)
	at com.sun.org.apache.xerces.internal.impl.XMLDocumentScannerImpl.next(XMLDocumentScannerImpl.java:602)
	at com.sun.org.apache.xerces.internal.impl.XMLDocumentFragmentScannerImpl.scanDocument(XMLDocumentFragmentScannerImpl.java:505)
	at com.sun.org.apache.xerces.internal.parsers.XML11Configuration.parse(XML11Configuration.java:841)
	at com.sun.org.apache.xerces.internal.parsers.XML11Configuration.parse(XML11Configuration.java:770)
	at com.sun.org.apache.xerces.internal.parsers.XMLParser.parse(XMLParser.java:141)
	at com.sun.org.apache.xerces.internal.parsers.DOMParser.parse(DOMParser.java:243)
	at com.sun.org.apache.xerces.internal.jaxp.DocumentBuilderImpl.parse(DocumentBuilderImpl.java:339)
	at org.eclipse.debug.internal.core.LaunchManager.createInfoFromXML(LaunchManager.java:935)
	at org.eclipse.debug.internal.core.LaunchManager.getInfo(LaunchManager.java:1359)
	... 10 more
!SUBENTRY 1 org.eclipse.debug.core 4 5012 2026-07-28 11:20:41.068
!MESSAGE 读取启动配置文件 F:\code\vibe_project\rollerball\M33\libraries\components\mtb-device-support-pse8xxgp\make\make\scripts\interface_version_4\eclipse\CM55\flash\normal\JLink\combine_sign\Attach.launch 时发生了 org.xml.sax.SAXParseException; lineNumber: 3; columnNumber: 66; 在实体引用中, 实体名称必须紧跟在 '&' 后面。。
!STACK 0
org.xml.sax.SAXParseException; lineNumber: 3; columnNumber: 66; 在实体引用中, 实体名称必须紧跟在 '&' 后面。
	at com.sun.org.apache.xerces.internal.util.ErrorHandlerWrapper.createSAXParseException(ErrorHandlerWrapper.java:203)
	at com.sun.org.apache.xerces.internal.util.ErrorHandlerWrapper.fatalError(ErrorHandlerWrapper.java:177)
	at com.sun.org.apache.xerces.internal.impl.XMLErrorReporter.reportError(XMLErrorReporter.java:400)
	at com.sun.org.apache.xerces.internal.impl.XMLErrorReporter.reportError(XMLErrorReporter.java:327)
	at com.sun.org.apache.xerces.internal.impl.XMLScanner.reportFatalError(XMLScanner.java:1472)
	at com.sun.org.apache.xerces.internal.impl.XMLScanner.scanAttributeValue(XMLScanner.java:908)
	at com.sun.org.apache.xerces.internal.impl.XMLDocumentFragmentScannerImpl.scanAttribute(XMLDocumentFragmentScannerImpl.java:1548)
	at com.sun.org.apache.xerces.internal.impl.XMLDocumentFragmentScannerImpl.scanStartElement(XMLDocumentFragmentScannerImpl.java:1315)
	at com.sun.org.apache.xerces.internal.impl.XMLDocumentFragmentScannerImpl$FragmentContentDriver.next(XMLDocumentFragmentScannerImpl.java:2784)
	at com.sun.org.apache.xerces.internal.impl.XMLDocumentScannerImpl.next(XMLDocumentScannerImpl.java:602)
	at com.sun.org.apache.xerces.internal.impl.XMLDocumentFragmentScannerImpl.scanDocument(XMLDocumentFragmentScannerImpl.java:505)
	at com.sun.org.apache.xerces.internal.parsers.XML11Configuration.parse(XML11Configuration.java:841)
	at com.sun.org.apache.xerces.internal.parsers.XML11Configuration.parse(XML11Configuration.java:770)
	at com.sun.org.apache.xerces.internal.parsers.XMLParser.parse(XMLParser.java:141)
	at com.sun.org.apache.xerces.internal.parsers.DOMParser.parse(DOMParser.java:243)
	at com.sun.org.apache.xerces.internal.jaxp.DocumentBuilderImpl.parse(DocumentBuilderImpl.java:339)
	at org.eclipse.debug.internal.core.LaunchManager.createInfoFromXML(LaunchManager.java:935)
	at org.eclipse.debug.internal.core.LaunchManager.getInfo(LaunchManager.java:1359)
	at org.eclipse.debug.internal.core.LaunchConfiguration.getInfo(LaunchConfiguration.java:490)
	at org.eclipse.debug.internal.core.LaunchConfiguration.getType(LaunchConfiguration.java:645)
	at org.eclipse.debug.internal.core.LaunchManager.isValid(LaunchManager.java:2091)
	at org.eclipse.debug.internal.core.LaunchManager.verifyConfigurations(LaunchManager.java:2462)
	at org.eclipse.debug.internal.core.LaunchManager.getAllLaunchConfigurations(LaunchManager.java:1140)
	at org.eclipse.debug.internal.core.LaunchManager.getLaunchConfigurations(LaunchManager.java:1444)
	at org.eclipse.debug.internal.core.LaunchManager.getLaunchConfigurations(LaunchManager.java:1439)
	at org.eclipse.launchbar.core.internal.LaunchBarManager.init(LaunchBarManager.java:130)
	at org.eclipse.launchbar.core.internal.LaunchBarManager$1.run(LaunchBarManager.java:96)
	at org.eclipse.core.internal.jobs.Worker.run(Worker.java:63)

!ENTRY org.eclipse.debug.core 4 125 2026-07-28 11:20:41.070
!MESSAGE 调试核心所记录的错误：
!STACK 1
org.eclipse.debug.core.DebugException: 读取启动配置文件 F:\code\vibe_project\rollerball\M33\libraries\components\mtb-device-support-pse8xxgp\make\make\scripts\interface_version_4\eclipse\CM55\flash\normal\JLink\combine_sign\Debug.launch 时发生了 org.xml.sax.SAXParseException; lineNumber: 3; columnNumber: 66; 在实体引用中, 实体名称必须紧跟在 '&' 后面。。
	at org.eclipse.debug.internal.core.LaunchManager.createDebugException(LaunchManager.java:886)
	at org.eclipse.debug.internal.core.LaunchManager.throwException(LaunchManager.java:2448)
	at org.eclipse.debug.internal.core.LaunchManager.getInfo(LaunchManager.java:1366)
	at org.eclipse.debug.internal.core.LaunchConfiguration.getInfo(LaunchConfiguration.java:490)
	at org.eclipse.debug.internal.core.LaunchConfiguration.getType(LaunchConfiguration.java:645)
	at org.eclipse.debug.internal.core.LaunchManager.isValid(LaunchManager.java:2091)
	at org.eclipse.debug.internal.core.LaunchManager.verifyConfigurations(LaunchManager.java:2462)
	at org.eclipse.debug.internal.core.LaunchManager.getAllLaunchConfigurations(LaunchManager.java:1140)
	at org.eclipse.debug.internal.core.LaunchManager.getLaunchConfigurations(LaunchManager.java:1444)
	at org.eclipse.debug.internal.core.LaunchManager.getLaunchConfigurations(LaunchManager.java:1439)
	at org.eclipse.launchbar.core.internal.LaunchBarManager.init(LaunchBarManager.java:130)
	at org.eclipse.launchbar.core.internal.LaunchBarManager$1.run(LaunchBarManager.java:96)
	at org.eclipse.core.internal.jobs.Worker.run(Worker.java:63)
Caused by: org.xml.sax.SAXParseException; lineNumber: 3; columnNumber: 66; 在实体引用中, 实体名称必须紧跟在 '&' 后面。
	at com.sun.org.apache.xerces.internal.util.ErrorHandlerWrapper.createSAXParseException(ErrorHandlerWrapper.java:203)
	at com.sun.org.apache.xerces.internal.util.ErrorHandlerWrapper.fatalError(ErrorHandlerWrapper.java:177)
	at com.sun.org.apache.xerces.internal.impl.XMLErrorReporter.reportError(XMLErrorReporter.java:400)
	at com.sun.org.apache.xerces.internal.impl.XMLErrorReporter.reportError(XMLErrorReporter.java:327)
	at com.sun.org.apache.xerces.internal.impl.XMLScanner.reportFatalError(XMLScanner.java:1472)
	at com.sun.org.apache.xerces.internal.impl.XMLScanner.scanAttributeValue(XMLScanner.java:908)
	at com.sun.org.apache.xerces.internal.impl.XMLDocumentFragmentScannerImpl.scanAttribute(XMLDocumentFragmentScannerImpl.java:1548)
	at com.sun.org.apache.xerces.internal.impl.XMLDocumentFragmentScannerImpl.scanStartElement(XMLDocumentFragmentScannerImpl.java:1315)
	at com.sun.org.apache.xerces.internal.impl.XMLDocumentFragmentScannerImpl$FragmentContentDriver.next(XMLDocumentFragmentScannerImpl.java:2784)
	at com.sun.org.apache.xerces.internal.impl.XMLDocumentScannerImpl.next(XMLDocumentScannerImpl.java:602)
	at com.sun.org.apache.xerces.internal.impl.XMLDocumentFragmentScannerImpl.scanDocument(XMLDocumentFragmentScannerImpl.java:505)
	at com.sun.org.apache.xerces.internal.parsers.XML11Configuration.parse(XML11Configuration.java:841)
	at com.sun.org.apache.xerces.internal.parsers.XML11Configuration.parse(XML11Configuration.java:770)
	at com.sun.org.apache.xerces.internal.parsers.XMLParser.parse(XMLParser.java:141)
	at com.sun.org.apache.xerces.internal.parsers.DOMParser.parse(DOMParser.java:243)
	at com.sun.org.apache.xerces.internal.jaxp.DocumentBuilderImpl.parse(DocumentBuilderImpl.java:339)
	at org.eclipse.debug.internal.core.LaunchManager.createInfoFromXML(LaunchManager.java:935)
	at org.eclipse.debug.internal.core.LaunchManager.getInfo(LaunchManager.java:1359)
	... 10 more
!SUBENTRY 1 org.eclipse.debug.core 4 5012 2026-07-28 11:20:41.070
!MESSAGE 读取启动配置文件 F:\code\vibe_project\rollerball\M33\libraries\components\mtb-device-support-pse8xxgp\make\make\scripts\interface_version_4\eclipse\CM55\flash\normal\JLink\combine_sign\Debug.launch 时发生了 org.xml.sax.SAXParseException; lineNumber: 3; columnNumber: 66; 在实体引用中, 实体名称必须紧跟在 '&' 后面。。
!STACK 0
org.xml.sax.SAXParseException; lineNumber: 3; columnNumber: 66; 在实体引用中, 实体名称必须紧跟在 '&' 后面。
	at com.sun.org.apache.xerces.internal.util.ErrorHandlerWrapper.createSAXParseException(ErrorHandlerWrapper.java:203)
	at com.sun.org.apache.xerces.internal.util.ErrorHandlerWrapper.fatalError(ErrorHandlerWrapper.java:177)
	at com.sun.org.apache.xerces.internal.impl.XMLErrorReporter.reportError(XMLErrorReporter.java:400)
	at com.sun.org.apache.xerces.internal.impl.XMLErrorReporter.reportError(XMLErrorReporter.java:327)
	at com.sun.org.apache.xerces.internal.impl.XMLScanner.reportFatalError(XMLScanner.java:1472)
	at com.sun.org.apache.xerces.internal.impl.XMLScanner.scanAttributeValue(XMLScanner.java:908)
	at com.sun.org.apache.xerces.internal.impl.XMLDocumentFragmentScannerImpl.scanAttribute(XMLDocumentFragmentScannerImpl.java:1548)
	at com.sun.org.apache.xerces.internal.impl.XMLDocumentFragmentScannerImpl.scanStartElement(XMLDocumentFragmentScannerImpl.java:1315)
	at com.sun.org.apache.xerces.internal.impl.XMLDocumentFragmentScannerImpl$FragmentContentDriver.next(XMLDocumentFragmentScannerImpl.java:2784)
	at com.sun.org.apache.xerces.internal.impl.XMLDocumentScannerImpl.next(XMLDocumentScannerImpl.java:602)
	at com.sun.org.apache.xerces.internal.impl.XMLDocumentFragmentScannerImpl.scanDocument(XMLDocumentFragmentScannerImpl.java:505)
	at com.sun.org.apache.xerces.internal.parsers.XML11Configuration.parse(XML11Configuration.java:841)
	at com.sun.org.apache.xerces.internal.parsers.XML11Configuration.parse(XML11Configuration.java:770)
	at com.sun.org.apache.xerces.internal.parsers.XMLParser.parse(XMLParser.java:141)
	at com.sun.org.apache.xerces.internal.parsers.DOMParser.parse(DOMParser.java:243)
	at com.sun.org.apache.xerces.internal.jaxp.DocumentBuilderImpl.parse(DocumentBuilderImpl.java:339)
	at org.eclipse.debug.internal.core.LaunchManager.createInfoFromXML(LaunchManager.java:935)
	at org.eclipse.debug.internal.core.LaunchManager.getInfo(LaunchManager.java:1359)
	at org.eclipse.debug.internal.core.LaunchConfiguration.getInfo(LaunchConfiguration.java:490)
	at org.eclipse.debug.internal.core.LaunchConfiguration.getType(LaunchConfiguration.java:645)
	at org.eclipse.debug.internal.core.LaunchManager.isValid(LaunchManager.java:2091)
	at org.eclipse.debug.internal.core.LaunchManager.verifyConfigurations(LaunchManager.java:2462)
	at org.eclipse.debug.internal.core.LaunchManager.getAllLaunchConfigurations(LaunchManager.java:1140)
	at org.eclipse.debug.internal.core.LaunchManager.getLaunchConfigurations(LaunchManager.java:1444)
	at org.eclipse.debug.internal.core.LaunchManager.getLaunchConfigurations(LaunchManager.java:1439)
	at org.eclipse.launchbar.core.internal.LaunchBarManager.init(LaunchBarManager.java:130)
	at org.eclipse.launchbar.core.internal.LaunchBarManager$1.run(LaunchBarManager.java:96)
	at org.eclipse.core.internal.jobs.Worker.run(Worker.java:63)

!ENTRY org.eclipse.debug.core 4 125 2026-07-28 11:20:41.071
!MESSAGE 调试核心所记录的错误：
!STACK 1
org.eclipse.debug.core.DebugException: 读取启动配置文件 F:\code\vibe_project\rollerball\M33\libraries\components\mtb-device-support-pse8xxgp\make\make\scripts\interface_version_4\eclipse\CM55\flash\normal\KitProg3\any\&&_PRJ_NAME&& Attach (KitProg3_MiniProg4).launch 时发生了 org.xml.sax.SAXParseException; lineNumber: 3; columnNumber: 66; 在实体引用中, 实体名称必须紧跟在 '&' 后面。。
	at org.eclipse.debug.internal.core.LaunchManager.createDebugException(LaunchManager.java:886)
	at org.eclipse.debug.internal.core.LaunchManager.throwException(LaunchManager.java:2448)
	at org.eclipse.debug.internal.core.LaunchManager.getInfo(LaunchManager.java:1366)
	at org.eclipse.debug.internal.core.LaunchConfiguration.getInfo(LaunchConfiguration.java:490)
	at org.eclipse.debug.internal.core.LaunchConfiguration.getType(LaunchConfiguration.java:645)
	at org.eclipse.debug.internal.core.LaunchManager.isValid(LaunchManager.java:2091)
	at org.eclipse.debug.internal.core.LaunchManager.verifyConfigurations(LaunchManager.java:2462)
	at org.eclipse.debug.internal.core.LaunchManager.getAllLaunchConfigurations(LaunchManager.java:1140)
	at org.eclipse.debug.internal.core.LaunchManager.getLaunchConfigurations(LaunchManager.java:1444)
	at org.eclipse.debug.internal.core.LaunchManager.getLaunchConfigurations(LaunchManager.java:1439)
	at org.eclipse.launchbar.core.internal.LaunchBarManager.init(LaunchBarManager.java:130)
	at org.eclipse.launchbar.core.internal.LaunchBarManager$1.run(LaunchBarManager.java:96)
	at org.eclipse.core.internal.jobs.Worker.run(Worker.java:63)
Caused by: org.xml.sax.SAXParseException; lineNumber: 3; columnNumber: 66; 在实体引用中, 实体名称必须紧跟在 '&' 后面。
	at com.sun.org.apache.xerces.internal.util.ErrorHandlerWrapper.createSAXParseException(ErrorHandlerWrapper.java:203)
	at com.sun.org.apache.xerces.internal.util.ErrorHandlerWrapper.fatalError(ErrorHandlerWrapper.java:177)
	at com.sun.org.apache.xerces.internal.impl.XMLErrorReporter.reportError(XMLErrorReporter.java:400)
	at com.sun.org.apache.xerces.internal.impl.XMLErrorReporter.reportError(XMLErrorReporter.java:327)
	at com.sun.org.apache.xerces.internal.impl.XMLScanner.reportFatalError(XMLScanner.java:1472)
	at com.sun.org.apache.xerces.internal.impl.XMLScanner.scanAttributeValue(XMLScanner.java:908)
	at com.sun.org.apache.xerces.internal.impl.XMLDocumentFragmentScannerImpl.scanAttribute(XMLDocumentFragmentScannerImpl.java:1548)
	at com.sun.org.apache.xerces.internal.impl.XMLDocumentFragmentScannerImpl.scanStartElement(XMLDocumentFragmentScannerImpl.java:1315)
	at com.sun.org.apache.xerces.internal.impl.XMLDocumentFragmentScannerImpl$FragmentContentDriver.next(XMLDocumentFragmentScannerImpl.java:2784)
	at com.sun.org.apache.xerces.internal.impl.XMLDocumentScannerImpl.next(XMLDocumentScannerImpl.java:602)
	at com.sun.org.apache.xerces.internal.impl.XMLDocumentFragmentScannerImpl.scanDocument(XMLDocumentFragmentScannerImpl.java:505)
	at com.sun.org.apache.xerces.internal.parsers.XML11Configuration.parse(XML11Configuration.java:841)
	at com.sun.org.apache.xerces.internal.parsers.XML11Configuration.parse(XML11Configuration.java:770)
	at com.sun.org.apache.xerces.internal.parsers.XMLParser.parse(XMLParser.java:141)
	at com.sun.org.apache.xerces.internal.parsers.DOMParser.parse(DOMParser.java:243)
	at com.sun.org.apache.xerces.internal.jaxp.DocumentBuilderImpl.parse(DocumentBuilderImpl.java:339)
	at org.eclipse.debug.internal.core.LaunchManager.createInfoFromXML(LaunchManager.java:935)
	at org.eclipse.debug.internal.core.LaunchManager.getInfo(LaunchManager.java:1359)
	... 10 more
!SUBENTRY 1 org.eclipse.debug.core 4 5012 2026-07-28 11:20:41.071
!MESSAGE 读取启动配置文件 F:\code\vibe_project\rollerball\M33\libraries\components\mtb-device-support-pse8xxgp\make\make\scripts\interface_version_4\eclipse\CM55\flash\normal\KitProg3\any\&&_PRJ_NAME&& Attach (KitProg3_MiniProg4).launch 时发生了 org.xml.sax.SAXParseException; lineNumber: 3; columnNumber: 66; 在实体引用中, 实体名称必须紧跟在 '&' 后面。。
!STACK 0
org.xml.sax.SAXParseException; lineNumber: 3; columnNumber: 66; 在实体引用中, 实体名称必须紧跟在 '&' 后面。
	at com.sun.org.apache.xerces.internal.util.ErrorHandlerWrapper.createSAXParseException(ErrorHandlerWrapper.java:203)
	at com.sun.org.apache.xerces.internal.util.ErrorHandlerWrapper.fatalError(ErrorHandlerWrapper.java:177)
	at com.sun.org.apache.xerces.internal.impl.XMLErrorReporter.reportError(XMLErrorReporter.java:400)
	at com.sun.org.apache.xerces.internal.impl.XMLErrorReporter.reportError(XMLErrorReporter.java:327)
	at com.sun.org.apache.xerces.internal.impl.XMLScanner.reportFatalError(XMLScanner.java:1472)
	at com.sun.org.apache.xerces.internal.impl.XMLScanner.scanAttributeValue(XMLScanner.java:908)
	at com.sun.org.apache.xerces.internal.impl.XMLDocumentFragmentScannerImpl.scanAttribute(XMLDocumentFragmentScannerImpl.java:1548)
	at com.sun.org.apache.xerces.internal.impl.XMLDocumentFragmentScannerImpl.scanStartElement(XMLDocumentFragmentScannerImpl.java:1315)
	at com.sun.org.apache.xerces.internal.impl.XMLDocumentFragmentScannerImpl$FragmentContentDriver.next(XMLDocumentFragmentScannerImpl.java:2784)
	at com.sun.org.apache.xerces.internal.impl.XMLDocumentScannerImpl.next(XMLDocumentScannerImpl.java:602)
	at com.sun.org.apache.xerces.internal.impl.XMLDocumentFragmentScannerImpl.scanDocument(XMLDocumentFragmentScannerImpl.java:505)
	at com.sun.org.apache.xerces.internal.parsers.XML11Configuration.parse(XML11Configuration.java:841)
	at com.sun.org.apache.xerces.internal.parsers.XML11Configuration.parse(XML11Configuration.java:770)
	at com.sun.org.apache.xerces.internal.parsers.XMLParser.parse(XMLParser.java:141)
	at com.sun.org.apache.xerces.internal.parsers.DOMParser.parse(DOMParser.java:243)
	at com.sun.org.apache.xerces.internal.jaxp.DocumentBuilderImpl.parse(DocumentBuilderImpl.java:339)
	at org.eclipse.debug.internal.core.LaunchManager.createInfoFromXML(LaunchManager.java:935)
	at org.eclipse.debug.internal.core.LaunchManager.getInfo(LaunchManager.java:1359)
	at org.eclipse.debug.internal.core.LaunchConfiguration.getInfo(LaunchConfiguration.java:490)
	at org.eclipse.debug.internal.core.LaunchConfiguration.getType(LaunchConfiguration.java:645)
	at org.eclipse.debug.internal.core.LaunchManager.isValid(LaunchManager.java:2091)
	at org.eclipse.debug.internal.core.LaunchManager.verifyConfigurations(LaunchManager.java:2462)
	at org.eclipse.debug.internal.core.LaunchManager.getAllLaunchConfigurations(LaunchManager.java:1140)
	at org.eclipse.debug.internal.core.LaunchManager.getLaunchConfigurations(LaunchManager.java:1444)
	at org.eclipse.debug.internal.core.LaunchManager.getLaunchConfigurations(LaunchManager.java:1439)
	at org.eclipse.launchbar.core.internal.LaunchBarManager.init(LaunchBarManager.java:130)
	at org.eclipse.launchbar.core.internal.LaunchBarManager$1.run(LaunchBarManager.java:96)
	at org.eclipse.core.internal.jobs.Worker.run(Worker.java:63)

!ENTRY org.eclipse.debug.core 4 125 2026-07-28 11:20:41.075
!MESSAGE 调试核心所记录的错误：
!STACK 1
org.eclipse.debug.core.DebugException: 读取启动配置文件 F:\code\vibe_project\rollerball\M33\libraries\components\mtb-device-support-pse8xxgp\make\make\scripts\interface_version_4\eclipse\CM55\flash\normal\KitProg3\any\&&_PRJ_NAME&& Debug (KitProg3_MiniProg4).launch 时发生了 org.xml.sax.SAXParseException; lineNumber: 3; columnNumber: 66; 在实体引用中, 实体名称必须紧跟在 '&' 后面。。
	at org.eclipse.debug.internal.core.LaunchManager.createDebugException(LaunchManager.java:886)
	at org.eclipse.debug.internal.core.LaunchManager.throwException(LaunchManager.java:2448)
	at org.eclipse.debug.internal.core.LaunchManager.getInfo(LaunchManager.java:1366)
	at org.eclipse.debug.internal.core.LaunchConfiguration.getInfo(LaunchConfiguration.java:490)
	at org.eclipse.debug.internal.core.LaunchConfiguration.getType(LaunchConfiguration.java:645)
	at org.eclipse.debug.internal.core.LaunchManager.isValid(LaunchManager.java:2091)
	at org.eclipse.debug.internal.core.LaunchManager.verifyConfigurations(LaunchManager.java:2462)
	at org.eclipse.debug.internal.core.LaunchManager.getAllLaunchConfigurations(LaunchManager.java:1140)
	at org.eclipse.debug.internal.core.LaunchManager.getLaunchConfigurations(LaunchManager.java:1444)
	at org.eclipse.debug.internal.core.LaunchManager.getLaunchConfigurations(LaunchManager.java:1439)
	at org.eclipse.launchbar.core.internal.LaunchBarManager.init(LaunchBarManager.java:130)
	at org.eclipse.launchbar.core.internal.LaunchBarManager$1.run(LaunchBarManager.java:96)
	at org.eclipse.core.internal.jobs.Worker.run(Worker.java:63)
Caused by: org.xml.sax.SAXParseException; lineNumber: 3; columnNumber: 66; 在实体引用中, 实体名称必须紧跟在 '&' 后面。
	at com.sun.org.apache.xerces.internal.util.ErrorHandlerWrapper.createSAXParseException(ErrorHandlerWrapper.java:203)
	at com.sun.org.apache.xerces.internal.util.ErrorHandlerWrapper.fatalError(ErrorHandlerWrapper.java:177)
	at com.sun.org.apache.xerces.internal.impl.XMLErrorReporter.reportError(XMLErrorReporter.java:400)
	at com.sun.org.apache.xerces.internal.impl.XMLErrorReporter.reportError(XMLErrorReporter.java:327)
	at com.sun.org.apache.xerces.internal.impl.XMLScanner.reportFatalError(XMLScanner.java:1472)
	at com.sun.org.apache.xerces.internal.impl.XMLScanner.scanAttributeValue(XMLScanner.java:908)
	at com.sun.org.apache.xerces.internal.impl.XMLDocumentFragmentScannerImpl.scanAttribute(XMLDocumentFragmentScannerImpl.java:1548)
	at com.sun.org.apache.xerces.internal.impl.XMLDocumentFragmentScannerImpl.scanStartElement(XMLDocumentFragmentScannerImpl.java:1315)
	at com.sun.org.apache.xerces.internal.impl.XMLDocumentFragmentScannerImpl$FragmentContentDriver.next(XMLDocumentFragmentScannerImpl.java:2784)
	at com.sun.org.apache.xerces.internal.impl.XMLDocumentScannerImpl.next(XMLDocumentScannerImpl.java:602)
	at com.sun.org.apache.xerces.internal.impl.XMLDocumentFragmentScannerImpl.scanDocument(XMLDocumentFragmentScannerImpl.java:505)
	at com.sun.org.apache.xerces.internal.parsers.XML11Configuration.parse(XML11Configuration.java:841)
	at com.sun.org.apache.xerces.internal.parsers.XML11Configuration.parse(XML11Configuration.java:770)
	at com.sun.org.apache.xerces.internal.parsers.XMLParser.parse(XMLParser.java:141)
	at com.sun.org.apache.xerces.internal.parsers.DOMParser.parse(DOMParser.java:243)
	at com.sun.org.apache.xerces.internal.jaxp.DocumentBuilderImpl.parse(DocumentBuilderImpl.java:339)
	at org.eclipse.debug.internal.core.LaunchManager.createInfoFromXML(LaunchManager.java:935)
	at org.eclipse.debug.internal.core.LaunchManager.getInfo(LaunchManager.java:1359)
	... 10 more
!SUBENTRY 1 org.eclipse.debug.core 4 5012 2026-07-28 11:20:41.075
!MESSAGE 读取启动配置文件 F:\code\vibe_project\rollerball\M33\libraries\components\mtb-device-support-pse8xxgp\make\make\scripts\interface_version_4\eclipse\CM55\flash\normal\KitProg3\any\&&_PRJ_NAME&& Debug (KitProg3_MiniProg4).launch 时发生了 org.xml.sax.SAXParseException; lineNumber: 3; columnNumber: 66; 在实体引用中, 实体名称必须紧跟在 '&' 后面。。
!STACK 0
org.xml.sax.SAXParseException; lineNumber: 3; columnNumber: 66; 在实体引用中, 实体名称必须紧跟在 '&' 后面。
	at com.sun.org.apache.xerces.internal.util.ErrorHandlerWrapper.createSAXParseException(ErrorHandlerWrapper.java:203)
	at com.sun.org.apache.xerces.internal.util.ErrorHandlerWrapper.fatalError(ErrorHandlerWrapper.java:177)
	at com.sun.org.apache.xerces.internal.impl.XMLErrorReporter.reportError(XMLErrorReporter.java:400)
	at com.sun.org.apache.xerces.internal.impl.XMLErrorReporter.reportError(XMLErrorReporter.java:327)
	at com.sun.org.apache.xerces.internal.impl.XMLScanner.reportFatalError(XMLScanner.java:1472)
	at com.sun.org.apache.xerces.internal.impl.XMLScanner.scanAttributeValue(XMLScanner.java:908)
	at com.sun.org.apache.xerces.internal.impl.XMLDocumentFragmentScannerImpl.scanAttribute(XMLDocumentFragmentScannerImpl.java:1548)
	at com.sun.org.apache.xerces.internal.impl.XMLDocumentFragmentScannerImpl.scanStartElement(XMLDocumentFragmentScannerImpl.java:1315)
	at com.sun.org.apache.xerces.internal.impl.XMLDocumentFragmentScannerImpl$FragmentContentDriver.next(XMLDocumentFragmentScannerImpl.java:2784)
	at com.sun.org.apache.xerces.internal.impl.XMLDocumentScannerImpl.next(XMLDocumentScannerImpl.java:602)
	at com.sun.org.apache.xerces.internal.impl.XMLDocumentFragmentScannerImpl.scanDocument(XMLDocumentFragmentScannerImpl.java:505)
	at com.sun.org.apache.xerces.internal.parsers.XML11Configuration.parse(XML11Configuration.java:841)
	at com.sun.org.apache.xerces.internal.parsers.XML11Configuration.parse(XML11Configuration.java:770)
	at com.sun.org.apache.xerces.internal.parsers.XMLParser.parse(XMLParser.java:141)
	at com.sun.org.apache.xerces.internal.parsers.DOMParser.parse(DOMParser.java:243)
	at com.sun.org.apache.xerces.internal.jaxp.DocumentBuilderImpl.parse(DocumentBuilderImpl.java:339)
	at org.eclipse.debug.internal.core.LaunchManager.createInfoFromXML(LaunchManager.java:935)
	at org.eclipse.debug.internal.core.LaunchManager.getInfo(LaunchManager.java:1359)
	at org.eclipse.debug.internal.core.LaunchConfiguration.getInfo(LaunchConfiguration.java:490)
	at org.eclipse.debug.internal.core.LaunchConfiguration.getType(LaunchConfiguration.java:645)
	at org.eclipse.debug.internal.core.LaunchManager.isValid(LaunchManager.java:2091)
	at org.eclipse.debug.internal.core.LaunchManager.verifyConfigurations(LaunchManager.java:2462)
	at org.eclipse.debug.internal.core.LaunchManager.getAllLaunchConfigurations(LaunchManager.java:1140)
	at org.eclipse.debug.internal.core.LaunchManager.getLaunchConfigurations(LaunchManager.java:1444)
	at org.eclipse.debug.internal.core.LaunchManager.getLaunchConfigurations(LaunchManager.java:1439)
	at org.eclipse.launchbar.core.internal.LaunchBarManager.init(LaunchBarManager.java:130)
	at org.eclipse.launchbar.core.internal.LaunchBarManager$1.run(LaunchBarManager.java:96)
	at org.eclipse.core.internal.jobs.Worker.run(Worker.java:63)

!ENTRY org.eclipse.debug.core 4 125 2026-07-28 11:20:41.077
!MESSAGE 调试核心所记录的错误：
!STACK 1
org.eclipse.debug.core.DebugException: 读取启动配置文件 F:\code\vibe_project\rollerball\M33\libraries\components\mtb-device-support-pse8xxgp\make\make\scripts\interface_version_4\eclipse\CM55\flash\normal\KitProg3\combine_sign\Add CM55 to CM33.launch 时发生了 org.xml.sax.SAXParseException; lineNumber: 3; columnNumber: 66; 在实体引用中, 实体名称必须紧跟在 '&' 后面。。
	at org.eclipse.debug.internal.core.LaunchManager.createDebugException(LaunchManager.java:886)
	at org.eclipse.debug.internal.core.LaunchManager.throwException(LaunchManager.java:2448)
	at org.eclipse.debug.internal.core.LaunchManager.getInfo(LaunchManager.java:1366)
	at org.eclipse.debug.internal.core.LaunchConfiguration.getInfo(LaunchConfiguration.java:490)
	at org.eclipse.debug.internal.core.LaunchConfiguration.getType(LaunchConfiguration.java:645)
	at org.eclipse.debug.internal.core.LaunchManager.isValid(LaunchManager.java:2091)
	at org.eclipse.debug.internal.core.LaunchManager.verifyConfigurations(LaunchManager.java:2462)
	at org.eclipse.debug.internal.core.LaunchManager.getAllLaunchConfigurations(LaunchManager.java:1140)
	at org.eclipse.debug.internal.core.LaunchManager.getLaunchConfigurations(LaunchManager.java:1444)
	at org.eclipse.debug.internal.core.LaunchManager.getLaunchConfigurations(LaunchManager.java:1439)
	at org.eclipse.launchbar.core.internal.LaunchBarManager.init(LaunchBarManager.java:130)
	at org.eclipse.launchbar.core.internal.LaunchBarManager$1.run(LaunchBarManager.java:96)
	at org.eclipse.core.internal.jobs.Worker.run(Worker.java:63)
Caused by: org.xml.sax.SAXParseException; lineNumber: 3; columnNumber: 66; 在实体引用中, 实体名称必须紧跟在 '&' 后面。
	at com.sun.org.apache.xerces.internal.util.ErrorHandlerWrapper.createSAXParseException(ErrorHandlerWrapper.java:203)
	at com.sun.org.apache.xerces.internal.util.ErrorHandlerWrapper.fatalError(ErrorHandlerWrapper.java:177)
	at com.sun.org.apache.xerces.internal.impl.XMLErrorReporter.reportError(XMLErrorReporter.java:400)
	at com.sun.org.apache.xerces.internal.impl.XMLErrorReporter.reportError(XMLErrorReporter.java:327)
	at com.sun.org.apache.xerces.internal.impl.XMLScanner.reportFatalError(XMLScanner.java:1472)
	at com.sun.org.apache.xerces.internal.impl.XMLScanner.scanAttributeValue(XMLScanner.java:908)
	at com.sun.org.apache.xerces.internal.impl.XMLDocumentFragmentScannerImpl.scanAttribute(XMLDocumentFragmentScannerImpl.java:1548)
	at com.sun.org.apache.xerces.internal.impl.XMLDocumentFragmentScannerImpl.scanStartElement(XMLDocumentFragmentScannerImpl.java:1315)
	at com.sun.org.apache.xerces.internal.impl.XMLDocumentFragmentScannerImpl$FragmentContentDriver.next(XMLDocumentFragmentScannerImpl.java:2784)
	at com.sun.org.apache.xerces.internal.impl.XMLDocumentScannerImpl.next(XMLDocumentScannerImpl.java:602)
	at com.sun.org.apache.xerces.internal.impl.XMLDocumentFragmentScannerImpl.scanDocument(XMLDocumentFragmentScannerImpl.java:505)
	at com.sun.org.apache.xerces.internal.parsers.XML11Configuration.parse(XML11Configuration.java:841)
	at com.sun.org.apache.xerces.internal.parsers.XML11Configuration.parse(XML11Configuration.java:770)
	at com.sun.org.apache.xerces.internal.parsers.XMLParser.parse(XMLParser.java:141)
	at com.sun.org.apache.xerces.internal.parsers.DOMParser.parse(DOMParser.java:243)
	at com.sun.org.apache.xerces.internal.jaxp.DocumentBuilderImpl.parse(DocumentBuilderImpl.java:339)
	at org.eclipse.debug.internal.core.LaunchManager.createInfoFromXML(LaunchManager.java:935)
	at org.eclipse.debug.internal.core.LaunchManager.getInfo(LaunchManager.java:1359)
	... 10 more
!SUBENTRY 1 org.eclipse.debug.core 4 5012 2026-07-28 11:20:41.077
!MESSAGE 读取启动配置文件 F:\code\vibe_project\rollerball\M33\libraries\components\mtb-device-support-pse8xxgp\make\make\scripts\interface_version_4\eclipse\CM55\flash\normal\KitProg3\combine_sign\Add CM55 to CM33.launch 时发生了 org.xml.sax.SAXParseException; lineNumber: 3; columnNumber: 66; 在实体引用中, 实体名称必须紧跟在 '&' 后面。。
!STACK 0
org.xml.sax.SAXParseException; lineNumber: 3; columnNumber: 66; 在实体引用中, 实体名称必须紧跟在 '&' 后面。
	at com.sun.org.apache.xerces.internal.util.ErrorHandlerWrapper.createSAXParseException(ErrorHandlerWrapper.java:203)
	at com.sun.org.apache.xerces.internal.util.ErrorHandlerWrapper.fatalError(ErrorHandlerWrapper.java:177)
	at com.sun.org.apache.xerces.internal.impl.XMLErrorReporter.reportError(XMLErrorReporter.java:400)
	at com.sun.org.apache.xerces.internal.impl.XMLErrorReporter.reportError(XMLErrorReporter.java:327)
	at com.sun.org.apache.xerces.internal.impl.XMLScanner.reportFatalError(XMLScanner.java:1472)
	at com.sun.org.apache.xerces.internal.impl.XMLScanner.scanAttributeValue(XMLScanner.java:908)
	at com.sun.org.apache.xerces.internal.impl.XMLDocumentFragmentScannerImpl.scanAttribute(XMLDocumentFragmentScannerImpl.java:1548)
	at com.sun.org.apache.xerces.internal.impl.XMLDocumentFragmentScannerImpl.scanStartElement(XMLDocumentFragmentScannerImpl.java:1315)
	at com.sun.org.apache.xerces.internal.impl.XMLDocumentFragmentScannerImpl$FragmentContentDriver.next(XMLDocumentFragmentScannerImpl.java:2784)
	at com.sun.org.apache.xerces.internal.impl.XMLDocumentScannerImpl.next(XMLDocumentScannerImpl.java:602)
	at com.sun.org.apache.xerces.internal.impl.XMLDocumentFragmentScannerImpl.scanDocument(XMLDocumentFragmentScannerImpl.java:505)
	at com.sun.org.apache.xerces.internal.parsers.XML11Configuration.parse(XML11Configuration.java:841)
	at com.sun.org.apache.xerces.internal.parsers.XML11Configuration.parse(XML11Configuration.java:770)
	at com.sun.org.apache.xerces.internal.parsers.XMLParser.parse(XMLParser.java:141)
	at com.sun.org.apache.xerces.internal.parsers.DOMParser.parse(DOMParser.java:243)
	at com.sun.org.apache.xerces.internal.jaxp.DocumentBuilderImpl.parse(DocumentBuilderImpl.java:339)
	at org.eclipse.debug.internal.core.LaunchManager.createInfoFromXML(LaunchManager.java:935)
	at org.eclipse.debug.internal.core.LaunchManager.getInfo(LaunchManager.java:1359)
	at org.eclipse.debug.internal.core.LaunchConfiguration.getInfo(LaunchConfiguration.java:490)
	at org.eclipse.debug.internal.core.LaunchConfiguration.getType(LaunchConfiguration.java:645)
	at org.eclipse.debug.internal.core.LaunchManager.isValid(LaunchManager.java:2091)
	at org.eclipse.debug.internal.core.LaunchManager.verifyConfigurations(LaunchManager.java:2462)
	at org.eclipse.debug.internal.core.LaunchManager.getAllLaunchConfigurations(LaunchManager.java:1140)
	at org.eclipse.debug.internal.core.LaunchManager.getLaunchConfigurations(LaunchManager.java:1444)
	at org.eclipse.debug.internal.core.LaunchManager.getLaunchConfigurations(LaunchManager.java:1439)
	at org.eclipse.launchbar.core.internal.LaunchBarManager.init(LaunchBarManager.java:130)
	at org.eclipse.launchbar.core.internal.LaunchBarManager$1.run(LaunchBarManager.java:96)
	at org.eclipse.core.internal.jobs.Worker.run(Worker.java:63)

!ENTRY org.eclipse.debug.core 4 125 2026-07-28 11:20:41.079
!MESSAGE 调试核心所记录的错误：
!STACK 1
org.eclipse.debug.core.DebugException: 读取启动配置文件 F:\code\vibe_project\rollerball\M33\libraries\components\mtb-device-support-pse8xxgp\make\make\scripts\interface_version_4\eclipse\CM55\flash\normal\KitProg3\combine_sign\Attach.launch 时发生了 org.xml.sax.SAXParseException; lineNumber: 3; columnNumber: 66; 在实体引用中, 实体名称必须紧跟在 '&' 后面。。
	at org.eclipse.debug.internal.core.LaunchManager.createDebugException(LaunchManager.java:886)
	at org.eclipse.debug.internal.core.LaunchManager.throwException(LaunchManager.java:2448)
	at org.eclipse.debug.internal.core.LaunchManager.getInfo(LaunchManager.java:1366)
	at org.eclipse.debug.internal.core.LaunchConfiguration.getInfo(LaunchConfiguration.java:490)
	at org.eclipse.debug.internal.core.LaunchConfiguration.getType(LaunchConfiguration.java:645)
	at org.eclipse.debug.internal.core.LaunchManager.isValid(LaunchManager.java:2091)
	at org.eclipse.debug.internal.core.LaunchManager.verifyConfigurations(LaunchManager.java:2462)
	at org.eclipse.debug.internal.core.LaunchManager.getAllLaunchConfigurations(LaunchManager.java:1140)
	at org.eclipse.debug.internal.core.LaunchManager.getLaunchConfigurations(LaunchManager.java:1444)
	at org.eclipse.debug.internal.core.LaunchManager.getLaunchConfigurations(LaunchManager.java:1439)
	at org.eclipse.launchbar.core.internal.LaunchBarManager.init(LaunchBarManager.java:130)
	at org.eclipse.launchbar.core.internal.LaunchBarManager$1.run(LaunchBarManager.java:96)
	at org.eclipse.core.internal.jobs.Worker.run(Worker.java:63)
Caused by: org.xml.sax.SAXParseException; lineNumber: 3; columnNumber: 66; 在实体引用中, 实体名称必须紧跟在 '&' 后面。
	at com.sun.org.apache.xerces.internal.util.ErrorHandlerWrapper.createSAXParseException(ErrorHandlerWrapper.java:203)
	at com.sun.org.apache.xerces.internal.util.ErrorHandlerWrapper.fatalError(ErrorHandlerWrapper.java:177)
	at com.sun.org.apache.xerces.internal.impl.XMLErrorReporter.reportError(XMLErrorReporter.java:400)
	at com.sun.org.apache.xerces.internal.impl.XMLErrorReporter.reportError(XMLErrorReporter.java:327)
	at com.sun.org.apache.xerces.internal.impl.XMLScanner.reportFatalError(XMLScanner.java:1472)
	at com.sun.org.apache.xerces.internal.impl.XMLScanner.scanAttributeValue(XMLScanner.java:908)
	at com.sun.org.apache.xerces.internal.impl.XMLDocumentFragmentScannerImpl.scanAttribute(XMLDocumentFragmentScannerImpl.java:1548)
	at com.sun.org.apache.xerces.internal.impl.XMLDocumentFragmentScannerImpl.scanStartElement(XMLDocumentFragmentScannerImpl.java:1315)
	at com.sun.org.apache.xerces.internal.impl.XMLDocumentFragmentScannerImpl$FragmentContentDriver.next(XMLDocumentFragmentScannerImpl.java:2784)
	at com.sun.org.apache.xerces.internal.impl.XMLDocumentScannerImpl.next(XMLDocumentScannerImpl.java:602)
	at com.sun.org.apache.xerces.internal.impl.XMLDocumentFragmentScannerImpl.scanDocument(XMLDocumentFragmentScannerImpl.java:505)
	at com.sun.org.apache.xerces.internal.parsers.XML11Configuration.parse(XML11Configuration.java:841)
	at com.sun.org.apache.xerces.internal.parsers.XML11Configuration.parse(XML11Configuration.java:770)
	at com.sun.org.apache.xerces.internal.parsers.XMLParser.parse(XMLParser.java:141)
	at com.sun.org.apache.xerces.internal.parsers.DOMParser.parse(DOMParser.java:243)
	at com.sun.org.apache.xerces.internal.jaxp.DocumentBuilderImpl.parse(DocumentBuilderImpl.java:339)
	at org.eclipse.debug.internal.core.LaunchManager.createInfoFromXML(LaunchManager.java:935)
	at org.eclipse.debug.internal.core.LaunchManager.getInfo(LaunchManager.java:1359)
	... 10 more
!SUBENTRY 1 org.eclipse.debug.core 4 5012 2026-07-28 11:20:41.079
!MESSAGE 读取启动配置文件 F:\code\vibe_project\rollerball\M33\libraries\components\mtb-device-support-pse8xxgp\make\make\scripts\interface_version_4\eclipse\CM55\flash\normal\KitProg3\combine_sign\Attach.launch 时发生了 org.xml.sax.SAXParseException; lineNumber: 3; columnNumber: 66; 在实体引用中, 实体名称必须紧跟在 '&' 后面。。
!STACK 0
org.xml.sax.SAXParseException; lineNumber: 3; columnNumber: 66; 在实体引用中, 实体名称必须紧跟在 '&' 后面。
	at com.sun.org.apache.xerces.internal.util.ErrorHandlerWrapper.createSAXParseException(ErrorHandlerWrapper.java:203)
	at com.sun.org.apache.xerces.internal.util.ErrorHandlerWrapper.fatalError(ErrorHandlerWrapper.java:177)
	at com.sun.org.apache.xerces.internal.impl.XMLErrorReporter.reportError(XMLErrorReporter.java:400)
	at com.sun.org.apache.xerces.internal.impl.XMLErrorReporter.reportError(XMLErrorReporter.java:327)
	at com.sun.org.apache.xerces.internal.impl.XMLScanner.reportFatalError(XMLScanner.java:1472)
	at com.sun.org.apache.xerces.internal.impl.XMLScanner.scanAttributeValue(XMLScanner.java:908)
	at com.sun.org.apache.xerces.internal.impl.XMLDocumentFragmentScannerImpl.scanAttribute(XMLDocumentFragmentScannerImpl.java:1548)
	at com.sun.org.apache.xerces.internal.impl.XMLDocumentFragmentScannerImpl.scanStartElement(XMLDocumentFragmentScannerImpl.java:1315)
	at com.sun.org.apache.xerces.internal.impl.XMLDocumentFragmentScannerImpl$FragmentContentDriver.next(XMLDocumentFragmentScannerImpl.java:2784)
	at com.sun.org.apache.xerces.internal.impl.XMLDocumentScannerImpl.next(XMLDocumentScannerImpl.java:602)
	at com.sun.org.apache.xerces.internal.impl.XMLDocumentFragmentScannerImpl.scanDocument(XMLDocumentFragmentScannerImpl.java:505)
	at com.sun.org.apache.xerces.internal.parsers.XML11Configuration.parse(XML11Configuration.java:841)
	at com.sun.org.apache.xerces.internal.parsers.XML11Configuration.parse(XML11Configuration.java:770)
	at com.sun.org.apache.xerces.internal.parsers.XMLParser.parse(XMLParser.java:141)
	at com.sun.org.apache.xerces.internal.parsers.DOMParser.parse(DOMParser.java:243)
	at com.sun.org.apache.xerces.internal.jaxp.DocumentBuilderImpl.parse(DocumentBuilderImpl.java:339)
	at org.eclipse.debug.internal.core.LaunchManager.createInfoFromXML(LaunchManager.java:935)
	at org.eclipse.debug.internal.core.LaunchManager.getInfo(LaunchManager.java:1359)
	at org.eclipse.debug.internal.core.LaunchConfiguration.getInfo(LaunchConfiguration.java:490)
	at org.eclipse.debug.internal.core.LaunchConfiguration.getType(LaunchConfiguration.java:645)
	at org.eclipse.debug.internal.core.LaunchManager.isValid(LaunchManager.java:2091)
	at org.eclipse.debug.internal.core.LaunchManager.verifyConfigurations(LaunchManager.java:2462)
	at org.eclipse.debug.internal.core.LaunchManager.getAllLaunchConfigurations(LaunchManager.java:1140)
	at org.eclipse.debug.internal.core.LaunchManager.getLaunchConfigurations(LaunchManager.java:1444)
	at org.eclipse.debug.internal.core.LaunchManager.getLaunchConfigurations(LaunchManager.java:1439)
	at org.eclipse.launchbar.core.internal.LaunchBarManager.init(LaunchBarManager.java:130)
	at org.eclipse.launchbar.core.internal.LaunchBarManager$1.run(LaunchBarManager.java:96)
	at org.eclipse.core.internal.jobs.Worker.run(Worker.java:63)

!ENTRY org.eclipse.debug.core 4 125 2026-07-28 11:20:41.080
!MESSAGE 调试核心所记录的错误：
!STACK 1
org.eclipse.debug.core.DebugException: 读取启动配置文件 F:\code\vibe_project\rollerball\M33\libraries\components\mtb-device-support-pse8xxgp\make\make\scripts\interface_version_4\eclipse\CM55\flash\normal\KitProg3\combine_sign\Debug.launch 时发生了 org.xml.sax.SAXParseException; lineNumber: 3; columnNumber: 66; 在实体引用中, 实体名称必须紧跟在 '&' 后面。。
	at org.eclipse.debug.internal.core.LaunchManager.createDebugException(LaunchManager.java:886)
	at org.eclipse.debug.internal.core.LaunchManager.throwException(LaunchManager.java:2448)
	at org.eclipse.debug.internal.core.LaunchManager.getInfo(LaunchManager.java:1366)
	at org.eclipse.debug.internal.core.LaunchConfiguration.getInfo(LaunchConfiguration.java:490)
	at org.eclipse.debug.internal.core.LaunchConfiguration.getType(LaunchConfiguration.java:645)
	at org.eclipse.debug.internal.core.LaunchManager.isValid(LaunchManager.java:2091)
	at org.eclipse.debug.internal.core.LaunchManager.verifyConfigurations(LaunchManager.java:2462)
	at org.eclipse.debug.internal.core.LaunchManager.getAllLaunchConfigurations(LaunchManager.java:1140)
	at org.eclipse.debug.internal.core.LaunchManager.getLaunchConfigurations(LaunchManager.java:1444)
	at org.eclipse.debug.internal.core.LaunchManager.getLaunchConfigurations(LaunchManager.java:1439)
	at org.eclipse.launchbar.core.internal.LaunchBarManager.init(LaunchBarManager.java:130)
	at org.eclipse.launchbar.core.internal.LaunchBarManager$1.run(LaunchBarManager.java:96)
	at org.eclipse.core.internal.jobs.Worker.run(Worker.java:63)
Caused by: org.xml.sax.SAXParseException; lineNumber: 3; columnNumber: 66; 在实体引用中, 实体名称必须紧跟在 '&' 后面。
	at com.sun.org.apache.xerces.internal.util.ErrorHandlerWrapper.createSAXParseException(ErrorHandlerWrapper.java:203)
	at com.sun.org.apache.xerces.internal.util.ErrorHandlerWrapper.fatalError(ErrorHandlerWrapper.java:177)
	at com.sun.org.apache.xerces.internal.impl.XMLErrorReporter.reportError(XMLErrorReporter.java:400)
	at com.sun.org.apache.xerces.internal.impl.XMLErrorReporter.reportError(XMLErrorReporter.java:327)
	at com.sun.org.apache.xerces.internal.impl.XMLScanner.reportFatalError(XMLScanner.java:1472)
	at com.sun.org.apache.xerces.internal.impl.XMLScanner.scanAttributeValue(XMLScanner.java:908)
	at com.sun.org.apache.xerces.internal.impl.XMLDocumentFragmentScannerImpl.scanAttribute(XMLDocumentFragmentScannerImpl.java:1548)
	at com.sun.org.apache.xerces.internal.impl.XMLDocumentFragmentScannerImpl.scanStartElement(XMLDocumentFragmentScannerImpl.java:1315)
	at com.sun.org.apache.xerces.internal.impl.XMLDocumentFragmentScannerImpl$FragmentContentDriver.next(XMLDocumentFragmentScannerImpl.java:2784)
	at com.sun.org.apache.xerces.internal.impl.XMLDocumentScannerImpl.next(XMLDocumentScannerImpl.java:602)
	at com.sun.org.apache.xerces.internal.impl.XMLDocumentFragmentScannerImpl.scanDocument(XMLDocumentFragmentScannerImpl.java:505)
	at com.sun.org.apache.xerces.internal.parsers.XML11Configuration.parse(XML11Configuration.java:841)
	at com.sun.org.apache.xerces.internal.parsers.XML11Configuration.parse(XML11Configuration.java:770)
	at com.sun.org.apache.xerces.internal.parsers.XMLParser.parse(XMLParser.java:141)
	at com.sun.org.apache.xerces.internal.parsers.DOMParser.parse(DOMParser.java:243)
	at com.sun.org.apache.xerces.internal.jaxp.DocumentBuilderImpl.parse(DocumentBuilderImpl.java:339)
	at org.eclipse.debug.internal.core.LaunchManager.createInfoFromXML(LaunchManager.java:935)
	at org.eclipse.debug.internal.core.LaunchManager.getInfo(LaunchManager.java:1359)
	... 10 more
!SUBENTRY 1 org.eclipse.debug.core 4 5012 2026-07-28 11:20:41.080
!MESSAGE 读取启动配置文件 F:\code\vibe_project\rollerball\M33\libraries\components\mtb-device-support-pse8xxgp\make\make\scripts\interface_version_4\eclipse\CM55\flash\normal\KitProg3\combine_sign\Debug.launch 时发生了 org.xml.sax.SAXParseException; lineNumber: 3; columnNumber: 66; 在实体引用中, 实体名称必须紧跟在 '&' 后面。。
!STACK 0
org.xml.sax.SAXParseException; lineNumber: 3; columnNumber: 66; 在实体引用中, 实体名称必须紧跟在 '&' 后面。
	at com.sun.org.apache.xerces.internal.util.ErrorHandlerWrapper.createSAXParseException(ErrorHandlerWrapper.java:203)
	at com.sun.org.apache.xerces.internal.util.ErrorHandlerWrapper.fatalError(ErrorHandlerWrapper.java:177)
	at com.sun.org.apache.xerces.internal.impl.XMLErrorReporter.reportError(XMLErrorReporter.java:400)
	at com.sun.org.apache.xerces.internal.impl.XMLErrorReporter.reportError(XMLErrorReporter.java:327)
	at com.sun.org.apache.xerces.internal.impl.XMLScanner.reportFatalError(XMLScanner.java:1472)
	at com.sun.org.apache.xerces.internal.impl.XMLScanner.scanAttributeValue(XMLScanner.java:908)
	at com.sun.org.apache.xerces.internal.impl.XMLDocumentFragmentScannerImpl.scanAttribute(XMLDocumentFragmentScannerImpl.java:1548)
	at com.sun.org.apache.xerces.internal.impl.XMLDocumentFragmentScannerImpl.scanStartElement(XMLDocumentFragmentScannerImpl.java:1315)
	at com.sun.org.apache.xerces.internal.impl.XMLDocumentFragmentScannerImpl$FragmentContentDriver.next(XMLDocumentFragmentScannerImpl.java:2784)
	at com.sun.org.apache.xerces.internal.impl.XMLDocumentScannerImpl.next(XMLDocumentScannerImpl.java:602)
	at com.sun.org.apache.xerces.internal.impl.XMLDocumentFragmentScannerImpl.scanDocument(XMLDocumentFragmentScannerImpl.java:505)
	at com.sun.org.apache.xerces.internal.parsers.XML11Configuration.parse(XML11Configuration.java:841)
	at com.sun.org.apache.xerces.internal.parsers.XML11Configuration.parse(XML11Configuration.java:770)
	at com.sun.org.apache.xerces.internal.parsers.XMLParser.parse(XMLParser.java:141)
	at com.sun.org.apache.xerces.internal.parsers.DOMParser.parse(DOMParser.java:243)
	at com.sun.org.apache.xerces.internal.jaxp.DocumentBuilderImpl.parse(DocumentBuilderImpl.java:339)
	at org.eclipse.debug.internal.core.LaunchManager.createInfoFromXML(LaunchManager.java:935)
	at org.eclipse.debug.internal.core.LaunchManager.getInfo(LaunchManager.java:1359)
	at org.eclipse.debug.internal.core.LaunchConfiguration.getInfo(LaunchConfiguration.java:490)
	at org.eclipse.debug.internal.core.LaunchConfiguration.getType(LaunchConfiguration.java:645)
	at org.eclipse.debug.internal.core.LaunchManager.isValid(LaunchManager.java:2091)
	at org.eclipse.debug.internal.core.LaunchManager.verifyConfigurations(LaunchManager.java:2462)
	at org.eclipse.debug.internal.core.LaunchManager.getAllLaunchConfigurations(LaunchManager.java:1140)
	at org.eclipse.debug.internal.core.LaunchManager.getLaunchConfigurations(LaunchManager.java:1444)
	at org.eclipse.debug.internal.core.LaunchManager.getLaunchConfigurations(LaunchManager.java:1439)
	at org.eclipse.launchbar.core.internal.LaunchBarManager.init(LaunchBarManager.java:130)
	at org.eclipse.launchbar.core.internal.LaunchBarManager$1.run(LaunchBarManager.java:96)
	at org.eclipse.core.internal.jobs.Worker.run(Worker.java:63)

!ENTRY org.eclipse.debug.core 4 125 2026-07-28 11:20:41.080
!MESSAGE 调试核心所记录的错误：
!STACK 1
org.eclipse.debug.core.DebugException: 读取启动配置文件 F:\code\vibe_project\rollerball\M33\libraries\components\mtb-device-support-pse8xxgp\make\make\scripts\interface_version_4\eclipse\CM55\flash\normal\KitProg3\multi\&&_PRJ_NAME&& Add CM55 to CM33 (KitProg3_MiniProg4).launch 时发生了 org.xml.sax.SAXParseException; lineNumber: 3; columnNumber: 66; 在实体引用中, 实体名称必须紧跟在 '&' 后面。。
	at org.eclipse.debug.internal.core.LaunchManager.createDebugException(LaunchManager.java:886)
	at org.eclipse.debug.internal.core.LaunchManager.throwException(LaunchManager.java:2448)
	at org.eclipse.debug.internal.core.LaunchManager.getInfo(LaunchManager.java:1366)
	at org.eclipse.debug.internal.core.LaunchConfiguration.getInfo(LaunchConfiguration.java:490)
	at org.eclipse.debug.internal.core.LaunchConfiguration.getType(LaunchConfiguration.java:645)
	at org.eclipse.debug.internal.core.LaunchManager.isValid(LaunchManager.java:2091)
	at org.eclipse.debug.internal.core.LaunchManager.verifyConfigurations(LaunchManager.java:2462)
	at org.eclipse.debug.internal.core.LaunchManager.getAllLaunchConfigurations(LaunchManager.java:1140)
	at org.eclipse.debug.internal.core.LaunchManager.getLaunchConfigurations(LaunchManager.java:1444)
	at org.eclipse.debug.internal.core.LaunchManager.getLaunchConfigurations(LaunchManager.java:1439)
	at org.eclipse.launchbar.core.internal.LaunchBarManager.init(LaunchBarManager.java:130)
	at org.eclipse.launchbar.core.internal.LaunchBarManager$1.run(LaunchBarManager.java:96)
	at org.eclipse.core.internal.jobs.Worker.run(Worker.java:63)
Caused by: org.xml.sax.SAXParseException; lineNumber: 3; columnNumber: 66; 在实体引用中, 实体名称必须紧跟在 '&' 后面。
	at com.sun.org.apache.xerces.internal.util.ErrorHandlerWrapper.createSAXParseException(ErrorHandlerWrapper.java:203)
	at com.sun.org.apache.xerces.internal.util.ErrorHandlerWrapper.fatalError(ErrorHandlerWrapper.java:177)
	at com.sun.org.apache.xerces.internal.impl.XMLErrorReporter.reportError(XMLErrorReporter.java:400)
	at com.sun.org.apache.xerces.internal.impl.XMLErrorReporter.reportError(XMLErrorReporter.java:327)
	at com.sun.org.apache.xerces.internal.impl.XMLScanner.reportFatalError(XMLScanner.java:1472)
	at com.sun.org.apache.xerces.internal.impl.XMLScanner.scanAttributeValue(XMLScanner.java:908)
	at com.sun.org.apache.xerces.internal.impl.XMLDocumentFragmentScannerImpl.scanAttribute(XMLDocumentFragmentScannerImpl.java:1548)
	at com.sun.org.apache.xerces.internal.impl.XMLDocumentFragmentScannerImpl.scanStartElement(XMLDocumentFragmentScannerImpl.java:1315)
	at com.sun.org.apache.xerces.internal.impl.XMLDocumentFragmentScannerImpl$FragmentContentDriver.next(XMLDocumentFragmentScannerImpl.java:2784)
	at com.sun.org.apache.xerces.internal.impl.XMLDocumentScannerImpl.next(XMLDocumentScannerImpl.java:602)
	at com.sun.org.apache.xerces.internal.impl.XMLDocumentFragmentScannerImpl.scanDocument(XMLDocumentFragmentScannerImpl.java:505)
	at com.sun.org.apache.xerces.internal.parsers.XML11Configuration.parse(XML11Configuration.java:841)
	at com.sun.org.apache.xerces.internal.parsers.XML11Configuration.parse(XML11Configuration.java:770)
	at com.sun.org.apache.xerces.internal.parsers.XMLParser.parse(XMLParser.java:141)
	at com.sun.org.apache.xerces.internal.parsers.DOMParser.parse(DOMParser.java:243)
	at com.sun.org.apache.xerces.internal.jaxp.DocumentBuilderImpl.parse(DocumentBuilderImpl.java:339)
	at org.eclipse.debug.internal.core.LaunchManager.createInfoFromXML(LaunchManager.java:935)
	at org.eclipse.debug.internal.core.LaunchManager.getInfo(LaunchManager.java:1359)
	... 10 more
!SUBENTRY 1 org.eclipse.debug.core 4 5012 2026-07-28 11:20:41.080
!MESSAGE 读取启动配置文件 F:\code\vibe_project\rollerball\M33\libraries\components\mtb-device-support-pse8xxgp\make\make\scripts\interface_version_4\eclipse\CM55\flash\normal\KitProg3\multi\&&_PRJ_NAME&& Add CM55 to CM33 (KitProg3_MiniProg4).launch 时发生了 org.xml.sax.SAXParseException; lineNumber: 3; columnNumber: 66; 在实体引用中, 实体名称必须紧跟在 '&' 后面。。
!STACK 0
org.xml.sax.SAXParseException; lineNumber: 3; columnNumber: 66; 在实体引用中, 实体名称必须紧跟在 '&' 后面。
	at com.sun.org.apache.xerces.internal.util.ErrorHandlerWrapper.createSAXParseException(ErrorHandlerWrapper.java:203)
	at com.sun.org.apache.xerces.internal.util.ErrorHandlerWrapper.fatalError(ErrorHandlerWrapper.java:177)
	at com.sun.org.apache.xerces.internal.impl.XMLErrorReporter.reportError(XMLErrorReporter.java:400)
	at com.sun.org.apache.xerces.internal.impl.XMLErrorReporter.reportError(XMLErrorReporter.java:327)
	at com.sun.org.apache.xerces.internal.impl.XMLScanner.reportFatalError(XMLScanner.java:1472)
	at com.sun.org.apache.xerces.internal.impl.XMLScanner.scanAttributeValue(XMLScanner.java:908)
	at com.sun.org.apache.xerces.internal.impl.XMLDocumentFragmentScannerImpl.scanAttribute(XMLDocumentFragmentScannerImpl.java:1548)
	at com.sun.org.apache.xerces.internal.impl.XMLDocumentFragmentScannerImpl.scanStartElement(XMLDocumentFragmentScannerImpl.java:1315)
	at com.sun.org.apache.xerces.internal.impl.XMLDocumentFragmentScannerImpl$FragmentContentDriver.next(XMLDocumentFragmentScannerImpl.java:2784)
	at com.sun.org.apache.xerces.internal.impl.XMLDocumentScannerImpl.next(XMLDocumentScannerImpl.java:602)
	at com.sun.org.apache.xerces.internal.impl.XMLDocumentFragmentScannerImpl.scanDocument(XMLDocumentFragmentScannerImpl.java:505)
	at com.sun.org.apache.xerces.internal.parsers.XML11Configuration.parse(XML11Configuration.java:841)
	at com.sun.org.apache.xerces.internal.parsers.XML11Configuration.parse(XML11Configuration.java:770)
	at com.sun.org.apache.xerces.internal.parsers.XMLParser.parse(XMLParser.java:141)
	at com.sun.org.apache.xerces.internal.parsers.DOMParser.parse(DOMParser.java:243)
	at com.sun.org.apache.xerces.internal.jaxp.DocumentBuilderImpl.parse(DocumentBuilderImpl.java:339)
	at org.eclipse.debug.internal.core.LaunchManager.createInfoFromXML(LaunchManager.java:935)
	at org.eclipse.debug.internal.core.LaunchManager.getInfo(LaunchManager.java:1359)
	at org.eclipse.debug.internal.core.LaunchConfiguration.getInfo(LaunchConfiguration.java:490)
	at org.eclipse.debug.internal.core.LaunchConfiguration.getType(LaunchConfiguration.java:645)
	at org.eclipse.debug.internal.core.LaunchManager.isValid(LaunchManager.java:2091)
	at org.eclipse.debug.internal.core.LaunchManager.verifyConfigurations(LaunchManager.java:2462)
	at org.eclipse.debug.internal.core.LaunchManager.getAllLaunchConfigurations(LaunchManager.java:1140)
	at org.eclipse.debug.internal.core.LaunchManager.getLaunchConfigurations(LaunchManager.java:1444)
	at org.eclipse.debug.internal.core.LaunchManager.getLaunchConfigurations(LaunchManager.java:1439)
	at org.eclipse.launchbar.core.internal.LaunchBarManager.init(LaunchBarManager.java:130)
	at org.eclipse.launchbar.core.internal.LaunchBarManager$1.run(LaunchBarManager.java:96)
	at org.eclipse.core.internal.jobs.Worker.run(Worker.java:63)

!ENTRY org.eclipse.debug.core 4 125 2026-07-28 11:20:41.084
!MESSAGE 调试核心所记录的错误：
!STACK 1
org.eclipse.debug.core.DebugException: 读取启动配置文件 F:\code\vibe_project\rollerball\M33\libraries\components\mtb-device-support-pse8xxgp\make\make\scripts\interface_version_4\eclipse\CM55\flash\virgin\JLink\any\&&_PRJ_NAME&& Attach (JLink).launch 时发生了 org.xml.sax.SAXParseException; lineNumber: 3; columnNumber: 66; 在实体引用中, 实体名称必须紧跟在 '&' 后面。。
	at org.eclipse.debug.internal.core.LaunchManager.createDebugException(LaunchManager.java:886)
	at org.eclipse.debug.internal.core.LaunchManager.throwException(LaunchManager.java:2448)
	at org.eclipse.debug.internal.core.LaunchManager.getInfo(LaunchManager.java:1366)
	at org.eclipse.debug.internal.core.LaunchConfiguration.getInfo(LaunchConfiguration.java:490)
	at org.eclipse.debug.internal.core.LaunchConfiguration.getType(LaunchConfiguration.java:645)
	at org.eclipse.debug.internal.core.LaunchManager.isValid(LaunchManager.java:2091)
	at org.eclipse.debug.internal.core.LaunchManager.verifyConfigurations(LaunchManager.java:2462)
	at org.eclipse.debug.internal.core.LaunchManager.getAllLaunchConfigurations(LaunchManager.java:1140)
	at org.eclipse.debug.internal.core.LaunchManager.getLaunchConfigurations(LaunchManager.java:1444)
	at org.eclipse.debug.internal.core.LaunchManager.getLaunchConfigurations(LaunchManager.java:1439)
	at org.eclipse.launchbar.core.internal.LaunchBarManager.init(LaunchBarManager.java:130)
	at org.eclipse.launchbar.core.internal.LaunchBarManager$1.run(LaunchBarManager.java:96)
	at org.eclipse.core.internal.jobs.Worker.run(Worker.java:63)
Caused by: org.xml.sax.SAXParseException; lineNumber: 3; columnNumber: 66; 在实体引用中, 实体名称必须紧跟在 '&' 后面。
	at com.sun.org.apache.xerces.internal.util.ErrorHandlerWrapper.createSAXParseException(ErrorHandlerWrapper.java:203)
	at com.sun.org.apache.xerces.internal.util.ErrorHandlerWrapper.fatalError(ErrorHandlerWrapper.java:177)
	at com.sun.org.apache.xerces.internal.impl.XMLErrorReporter.reportError(XMLErrorReporter.java:400)
	at com.sun.org.apache.xerces.internal.impl.XMLErrorReporter.reportError(XMLErrorReporter.java:327)
	at com.sun.org.apache.xerces.internal.impl.XMLScanner.reportFatalError(XMLScanner.java:1472)
	at com.sun.org.apache.xerces.internal.impl.XMLScanner.scanAttributeValue(XMLScanner.java:908)
	at com.sun.org.apache.xerces.internal.impl.XMLDocumentFragmentScannerImpl.scanAttribute(XMLDocumentFragmentScannerImpl.java:1548)
	at com.sun.org.apache.xerces.internal.impl.XMLDocumentFragmentScannerImpl.scanStartElement(XMLDocumentFragmentScannerImpl.java:1315)
	at com.sun.org.apache.xerces.internal.impl.XMLDocumentFragmentScannerImpl$FragmentContentDriver.next(XMLDocumentFragmentScannerImpl.java:2784)
	at com.sun.org.apache.xerces.internal.impl.XMLDocumentScannerImpl.next(XMLDocumentScannerImpl.java:602)
	at com.sun.org.apache.xerces.internal.impl.XMLDocumentFragmentScannerImpl.scanDocument(XMLDocumentFragmentScannerImpl.java:505)
	at com.sun.org.apache.xerces.internal.parsers.XML11Configuration.parse(XML11Configuration.java:841)
	at com.sun.org.apache.xerces.internal.parsers.XML11Configuration.parse(XML11Configuration.java:770)
	at com.sun.org.apache.xerces.internal.parsers.XMLParser.parse(XMLParser.java:141)
	at com.sun.org.apache.xerces.internal.parsers.DOMParser.parse(DOMParser.java:243)
	at com.sun.org.apache.xerces.internal.jaxp.DocumentBuilderImpl.parse(DocumentBuilderImpl.java:339)
	at org.eclipse.debug.internal.core.LaunchManager.createInfoFromXML(LaunchManager.java:935)
	at org.eclipse.debug.internal.core.LaunchManager.getInfo(LaunchManager.java:1359)
	... 10 more
!SUBENTRY 1 org.eclipse.debug.core 4 5012 2026-07-28 11:20:41.084
!MESSAGE 读取启动配置文件 F:\code\vibe_project\rollerball\M33\libraries\components\mtb-device-support-pse8xxgp\make\make\scripts\interface_version_4\eclipse\CM55\flash\virgin\JLink\any\&&_PRJ_NAME&& Attach (JLink).launch 时发生了 org.xml.sax.SAXParseException; lineNumber: 3; columnNumber: 66; 在实体引用中, 实体名称必须紧跟在 '&' 后面。。
!STACK 0
org.xml.sax.SAXParseException; lineNumber: 3; columnNumber: 66; 在实体引用中, 实体名称必须紧跟在 '&' 后面。
	at com.sun.org.apache.xerces.internal.util.ErrorHandlerWrapper.createSAXParseException(ErrorHandlerWrapper.java:203)
	at com.sun.org.apache.xerces.internal.util.ErrorHandlerWrapper.fatalError(ErrorHandlerWrapper.java:177)
	at com.sun.org.apache.xerces.internal.impl.XMLErrorReporter.reportError(XMLErrorReporter.java:400)
	at com.sun.org.apache.xerces.internal.impl.XMLErrorReporter.reportError(XMLErrorReporter.java:327)
	at com.sun.org.apache.xerces.internal.impl.XMLScanner.reportFatalError(XMLScanner.java:1472)
	at com.sun.org.apache.xerces.internal.impl.XMLScanner.scanAttributeValue(XMLScanner.java:908)
	at com.sun.org.apache.xerces.internal.impl.XMLDocumentFragmentScannerImpl.scanAttribute(XMLDocumentFragmentScannerImpl.java:1548)
	at com.sun.org.apache.xerces.internal.impl.XMLDocumentFragmentScannerImpl.scanStartElement(XMLDocumentFragmentScannerImpl.java:1315)
	at com.sun.org.apache.xerces.internal.impl.XMLDocumentFragmentScannerImpl$FragmentContentDriver.next(XMLDocumentFragmentScannerImpl.java:2784)
	at com.sun.org.apache.xerces.internal.impl.XMLDocumentScannerImpl.next(XMLDocumentScannerImpl.java:602)
	at com.sun.org.apache.xerces.internal.impl.XMLDocumentFragmentScannerImpl.scanDocument(XMLDocumentFragmentScannerImpl.java:505)
	at com.sun.org.apache.xerces.internal.parsers.XML11Configuration.parse(XML11Configuration.java:841)
	at com.sun.org.apache.xerces.internal.parsers.XML11Configuration.parse(XML11Configuration.java:770)
	at com.sun.org.apache.xerces.internal.parsers.XMLParser.parse(XMLParser.java:141)
	at com.sun.org.apache.xerces.internal.parsers.DOMParser.parse(DOMParser.java:243)
	at com.sun.org.apache.xerces.internal.jaxp.DocumentBuilderImpl.parse(DocumentBuilderImpl.java:339)
	at org.eclipse.debug.internal.core.LaunchManager.createInfoFromXML(LaunchManager.java:935)
	at org.eclipse.debug.internal.core.LaunchManager.getInfo(LaunchManager.java:1359)
	at org.eclipse.debug.internal.core.LaunchConfiguration.getInfo(LaunchConfiguration.java:490)
	at org.eclipse.debug.internal.core.LaunchConfiguration.getType(LaunchConfiguration.java:645)
	at org.eclipse.debug.internal.core.LaunchManager.isValid(LaunchManager.java:2091)
	at org.eclipse.debug.internal.core.LaunchManager.verifyConfigurations(LaunchManager.java:2462)
	at org.eclipse.debug.internal.core.LaunchManager.getAllLaunchConfigurations(LaunchManager.java:1140)
	at org.eclipse.debug.internal.core.LaunchManager.getLaunchConfigurations(LaunchManager.java:1444)
	at org.eclipse.debug.internal.core.LaunchManager.getLaunchConfigurations(LaunchManager.java:1439)
	at org.eclipse.launchbar.core.internal.LaunchBarManager.init(LaunchBarManager.java:130)
	at org.eclipse.launchbar.core.internal.LaunchBarManager$1.run(LaunchBarManager.java:96)
	at org.eclipse.core.internal.jobs.Worker.run(Worker.java:63)

!ENTRY org.eclipse.debug.core 4 125 2026-07-28 11:20:41.084
!MESSAGE 调试核心所记录的错误：
!STACK 1
org.eclipse.debug.core.DebugException: 读取启动配置文件 F:\code\vibe_project\rollerball\M33\libraries\components\mtb-device-support-pse8xxgp\make\make\scripts\interface_version_4\eclipse\CM55\flash\virgin\JLink\any\&&_PRJ_NAME&& Debug (JLink).launch 时发生了 org.xml.sax.SAXParseException; lineNumber: 3; columnNumber: 66; 在实体引用中, 实体名称必须紧跟在 '&' 后面。。
	at org.eclipse.debug.internal.core.LaunchManager.createDebugException(LaunchManager.java:886)
	at org.eclipse.debug.internal.core.LaunchManager.throwException(LaunchManager.java:2448)
	at org.eclipse.debug.internal.core.LaunchManager.getInfo(LaunchManager.java:1366)
	at org.eclipse.debug.internal.core.LaunchConfiguration.getInfo(LaunchConfiguration.java:490)
	at org.eclipse.debug.internal.core.LaunchConfiguration.getType(LaunchConfiguration.java:645)
	at org.eclipse.debug.internal.core.LaunchManager.isValid(LaunchManager.java:2091)
	at org.eclipse.debug.internal.core.LaunchManager.verifyConfigurations(LaunchManager.java:2462)
	at org.eclipse.debug.internal.core.LaunchManager.getAllLaunchConfigurations(LaunchManager.java:1140)
	at org.eclipse.debug.internal.core.LaunchManager.getLaunchConfigurations(LaunchManager.java:1444)
	at org.eclipse.debug.internal.core.LaunchManager.getLaunchConfigurations(LaunchManager.java:1439)
	at org.eclipse.launchbar.core.internal.LaunchBarManager.init(LaunchBarManager.java:130)
	at org.eclipse.launchbar.core.internal.LaunchBarManager$1.run(LaunchBarManager.java:96)
	at org.eclipse.core.internal.jobs.Worker.run(Worker.java:63)
Caused by: org.xml.sax.SAXParseException; lineNumber: 3; columnNumber: 66; 在实体引用中, 实体名称必须紧跟在 '&' 后面。
	at com.sun.org.apache.xerces.internal.util.ErrorHandlerWrapper.createSAXParseException(ErrorHandlerWrapper.java:203)
	at com.sun.org.apache.xerces.internal.util.ErrorHandlerWrapper.fatalError(ErrorHandlerWrapper.java:177)
	at com.sun.org.apache.xerces.internal.impl.XMLErrorReporter.reportError(XMLErrorReporter.java:400)
	at com.sun.org.apache.xerces.internal.impl.XMLErrorReporter.reportError(XMLErrorReporter.java:327)
	at com.sun.org.apache.xerces.internal.impl.XMLScanner.reportFatalError(XMLScanner.java:1472)
	at com.sun.org.apache.xerces.internal.impl.XMLScanner.scanAttributeValue(XMLScanner.java:908)
	at com.sun.org.apache.xerces.internal.impl.XMLDocumentFragmentScannerImpl.scanAttribute(XMLDocumentFragmentScannerImpl.java:1548)
	at com.sun.org.apache.xerces.internal.impl.XMLDocumentFragmentScannerImpl.scanStartElement(XMLDocumentFragmentScannerImpl.java:1315)
	at com.sun.org.apache.xerces.internal.impl.XMLDocumentFragmentScannerImpl$FragmentContentDriver.next(XMLDocumentFragmentScannerImpl.java:2784)
	at com.sun.org.apache.xerces.internal.impl.XMLDocumentScannerImpl.next(XMLDocumentScannerImpl.java:602)
	at com.sun.org.apache.xerces.internal.impl.XMLDocumentFragmentScannerImpl.scanDocument(XMLDocumentFragmentScannerImpl.java:505)
	at com.sun.org.apache.xerces.internal.parsers.XML11Configuration.parse(XML11Configuration.java:841)
	at com.sun.org.apache.xerces.internal.parsers.XML11Configuration.parse(XML11Configuration.java:770)
	at com.sun.org.apache.xerces.internal.parsers.XMLParser.parse(XMLParser.java:141)
	at com.sun.org.apache.xerces.internal.parsers.DOMParser.parse(DOMParser.java:243)
	at com.sun.org.apache.xerces.internal.jaxp.DocumentBuilderImpl.parse(DocumentBuilderImpl.java:339)
	at org.eclipse.debug.internal.core.LaunchManager.createInfoFromXML(LaunchManager.java:935)
	at org.eclipse.debug.internal.core.LaunchManager.getInfo(LaunchManager.java:1359)
	... 10 more
!SUBENTRY 1 org.eclipse.debug.core 4 5012 2026-07-28 11:20:41.084
!MESSAGE 读取启动配置文件 F:\code\vibe_project\rollerball\M33\libraries\components\mtb-device-support-pse8xxgp\make\make\scripts\interface_version_4\eclipse\CM55\flash\virgin\JLink\any\&&_PRJ_NAME&& Debug (JLink).launch 时发生了 org.xml.sax.SAXParseException; lineNumber: 3; columnNumber: 66; 在实体引用中, 实体名称必须紧跟在 '&' 后面。。
!STACK 0
org.xml.sax.SAXParseException; lineNumber: 3; columnNumber: 66; 在实体引用中, 实体名称必须紧跟在 '&' 后面。
	at com.sun.org.apache.xerces.internal.util.ErrorHandlerWrapper.createSAXParseException(ErrorHandlerWrapper.java:203)
	at com.sun.org.apache.xerces.internal.util.ErrorHandlerWrapper.fatalError(ErrorHandlerWrapper.java:177)
	at com.sun.org.apache.xerces.internal.impl.XMLErrorReporter.reportError(XMLErrorReporter.java:400)
	at com.sun.org.apache.xerces.internal.impl.XMLErrorReporter.reportError(XMLErrorReporter.java:327)
	at com.sun.org.apache.xerces.internal.impl.XMLScanner.reportFatalError(XMLScanner.java:1472)
	at com.sun.org.apache.xerces.internal.impl.XMLScanner.scanAttributeValue(XMLScanner.java:908)
	at com.sun.org.apache.xerces.internal.impl.XMLDocumentFragmentScannerImpl.scanAttribute(XMLDocumentFragmentScannerImpl.java:1548)
	at com.sun.org.apache.xerces.internal.impl.XMLDocumentFragmentScannerImpl.scanStartElement(XMLDocumentFragmentScannerImpl.java:1315)
	at com.sun.org.apache.xerces.internal.impl.XMLDocumentFragmentScannerImpl$FragmentContentDriver.next(XMLDocumentFragmentScannerImpl.java:2784)
	at com.sun.org.apache.xerces.internal.impl.XMLDocumentScannerImpl.next(XMLDocumentScannerImpl.java:602)
	at com.sun.org.apache.xerces.internal.impl.XMLDocumentFragmentScannerImpl.scanDocument(XMLDocumentFragmentScannerImpl.java:505)
	at com.sun.org.apache.xerces.internal.parsers.XML11Configuration.parse(XML11Configuration.java:841)
	at com.sun.org.apache.xerces.internal.parsers.XML11Configuration.parse(XML11Configuration.java:770)
	at com.sun.org.apache.xerces.internal.parsers.XMLParser.parse(XMLParser.java:141)
	at com.sun.org.apache.xerces.internal.parsers.DOMParser.parse(DOMParser.java:243)
	at com.sun.org.apache.xerces.internal.jaxp.DocumentBuilderImpl.parse(DocumentBuilderImpl.java:339)
	at org.eclipse.debug.internal.core.LaunchManager.createInfoFromXML(LaunchManager.java:935)
	at org.eclipse.debug.internal.core.LaunchManager.getInfo(LaunchManager.java:1359)
	at org.eclipse.debug.internal.core.LaunchConfiguration.getInfo(LaunchConfiguration.java:490)
	at org.eclipse.debug.internal.core.LaunchConfiguration.getType(LaunchConfiguration.java:645)
	at org.eclipse.debug.internal.core.LaunchManager.isValid(LaunchManager.java:2091)
	at org.eclipse.debug.internal.core.LaunchManager.verifyConfigurations(LaunchManager.java:2462)
	at org.eclipse.debug.internal.core.LaunchManager.getAllLaunchConfigurations(LaunchManager.java:1140)
	at org.eclipse.debug.internal.core.LaunchManager.getLaunchConfigurations(LaunchManager.java:1444)
	at org.eclipse.debug.internal.core.LaunchManager.getLaunchConfigurations(LaunchManager.java:1439)
	at org.eclipse.launchbar.core.internal.LaunchBarManager.init(LaunchBarManager.java:130)
	at org.eclipse.launchbar.core.internal.LaunchBarManager$1.run(LaunchBarManager.java:96)
	at org.eclipse.core.internal.jobs.Worker.run(Worker.java:63)

!ENTRY org.eclipse.debug.core 4 125 2026-07-28 11:20:41.088
!MESSAGE 调试核心所记录的错误：
!STACK 1
org.eclipse.debug.core.DebugException: 读取启动配置文件 F:\code\vibe_project\rollerball\M33\libraries\components\mtb-device-support-pse8xxgp\make\make\scripts\interface_version_4\eclipse\CM55\flash\virgin\JLink\any\&&_PRJ_NAME&& Program (JLink).launch 时发生了 org.xml.sax.SAXParseException; lineNumber: 3; columnNumber: 66; 在实体引用中, 实体名称必须紧跟在 '&' 后面。。
	at org.eclipse.debug.internal.core.LaunchManager.createDebugException(LaunchManager.java:886)
	at org.eclipse.debug.internal.core.LaunchManager.throwException(LaunchManager.java:2448)
	at org.eclipse.debug.internal.core.LaunchManager.getInfo(LaunchManager.java:1366)
	at org.eclipse.debug.internal.core.LaunchConfiguration.getInfo(LaunchConfiguration.java:490)
	at org.eclipse.debug.internal.core.LaunchConfiguration.getType(LaunchConfiguration.java:645)
	at org.eclipse.debug.internal.core.LaunchManager.isValid(LaunchManager.java:2091)
	at org.eclipse.debug.internal.core.LaunchManager.verifyConfigurations(LaunchManager.java:2462)
	at org.eclipse.debug.internal.core.LaunchManager.getAllLaunchConfigurations(LaunchManager.java:1140)
	at org.eclipse.debug.internal.core.LaunchManager.getLaunchConfigurations(LaunchManager.java:1444)
	at org.eclipse.debug.internal.core.LaunchManager.getLaunchConfigurations(LaunchManager.java:1439)
	at org.eclipse.launchbar.core.internal.LaunchBarManager.init(LaunchBarManager.java:130)
	at org.eclipse.launchbar.core.internal.LaunchBarManager$1.run(LaunchBarManager.java:96)
	at org.eclipse.core.internal.jobs.Worker.run(Worker.java:63)
Caused by: org.xml.sax.SAXParseException; lineNumber: 3; columnNumber: 66; 在实体引用中, 实体名称必须紧跟在 '&' 后面。
	at com.sun.org.apache.xerces.internal.util.ErrorHandlerWrapper.createSAXParseException(ErrorHandlerWrapper.java:203)
	at com.sun.org.apache.xerces.internal.util.ErrorHandlerWrapper.fatalError(ErrorHandlerWrapper.java:177)
	at com.sun.org.apache.xerces.internal.impl.XMLErrorReporter.reportError(XMLErrorReporter.java:400)
	at com.sun.org.apache.xerces.internal.impl.XMLErrorReporter.reportError(XMLErrorReporter.java:327)
	at com.sun.org.apache.xerces.internal.impl.XMLScanner.reportFatalError(XMLScanner.java:1472)
	at com.sun.org.apache.xerces.internal.impl.XMLScanner.scanAttributeValue(XMLScanner.java:908)
	at com.sun.org.apache.xerces.internal.impl.XMLDocumentFragmentScannerImpl.scanAttribute(XMLDocumentFragmentScannerImpl.java:1548)
	at com.sun.org.apache.xerces.internal.impl.XMLDocumentFragmentScannerImpl.scanStartElement(XMLDocumentFragmentScannerImpl.java:1315)
	at com.sun.org.apache.xerces.internal.impl.XMLDocumentFragmentScannerImpl$FragmentContentDriver.next(XMLDocumentFragmentScannerImpl.java:2784)
	at com.sun.org.apache.xerces.internal.impl.XMLDocumentScannerImpl.next(XMLDocumentScannerImpl.java:602)
	at com.sun.org.apache.xerces.internal.impl.XMLDocumentFragmentScannerImpl.scanDocument(XMLDocumentFragmentScannerImpl.java:505)
	at com.sun.org.apache.xerces.internal.parsers.XML11Configuration.parse(XML11Configuration.java:841)
	at com.sun.org.apache.xerces.internal.parsers.XML11Configuration.parse(XML11Configuration.java:770)
	at com.sun.org.apache.xerces.internal.parsers.XMLParser.parse(XMLParser.java:141)
	at com.sun.org.apache.xerces.internal.parsers.DOMParser.parse(DOMParser.java:243)
	at com.sun.org.apache.xerces.internal.jaxp.DocumentBuilderImpl.parse(DocumentBuilderImpl.java:339)
	at org.eclipse.debug.internal.core.LaunchManager.createInfoFromXML(LaunchManager.java:935)
	at org.eclipse.debug.internal.core.LaunchManager.getInfo(LaunchManager.java:1359)
	... 10 more
!SUBENTRY 1 org.eclipse.debug.core 4 5012 2026-07-28 11:20:41.088
!MESSAGE 读取启动配置文件 F:\code\vibe_project\rollerball\M33\libraries\components\mtb-device-support-pse8xxgp\make\make\scripts\interface_version_4\eclipse\CM55\flash\virgin\JLink\any\&&_PRJ_NAME&& Program (JLink).launch 时发生了 org.xml.sax.SAXParseException; lineNumber: 3; columnNumber: 66; 在实体引用中, 实体名称必须紧跟在 '&' 后面。。
!STACK 0
org.xml.sax.SAXParseException; lineNumber: 3; columnNumber: 66; 在实体引用中, 实体名称必须紧跟在 '&' 后面。
	at com.sun.org.apache.xerces.internal.util.ErrorHandlerWrapper.createSAXParseException(ErrorHandlerWrapper.java:203)
	at com.sun.org.apache.xerces.internal.util.ErrorHandlerWrapper.fatalError(ErrorHandlerWrapper.java:177)
	at com.sun.org.apache.xerces.internal.impl.XMLErrorReporter.reportError(XMLErrorReporter.java:400)
	at com.sun.org.apache.xerces.internal.impl.XMLErrorReporter.reportError(XMLErrorReporter.java:327)
	at com.sun.org.apache.xerces.internal.impl.XMLScanner.reportFatalError(XMLScanner.java:1472)
	at com.sun.org.apache.xerces.internal.impl.XMLScanner.scanAttributeValue(XMLScanner.java:908)
	at com.sun.org.apache.xerces.internal.impl.XMLDocumentFragmentScannerImpl.scanAttribute(XMLDocumentFragmentScannerImpl.java:1548)
	at com.sun.org.apache.xerces.internal.impl.XMLDocumentFragmentScannerImpl.scanStartElement(XMLDocumentFragmentScannerImpl.java:1315)
	at com.sun.org.apache.xerces.internal.impl.XMLDocumentFragmentScannerImpl$FragmentContentDriver.next(XMLDocumentFragmentScannerImpl.java:2784)
	at com.sun.org.apache.xerces.internal.impl.XMLDocumentScannerImpl.next(XMLDocumentScannerImpl.java:602)
	at com.sun.org.apache.xerces.internal.impl.XMLDocumentFragmentScannerImpl.scanDocument(XMLDocumentFragmentScannerImpl.java:505)
	at com.sun.org.apache.xerces.internal.parsers.XML11Configuration.parse(XML11Configuration.java:841)
	at com.sun.org.apache.xerces.internal.parsers.XML11Configuration.parse(XML11Configuration.java:770)
	at com.sun.org.apache.xerces.internal.parsers.XMLParser.parse(XMLParser.java:141)
	at com.sun.org.apache.xerces.internal.parsers.DOMParser.parse(DOMParser.java:243)
	at com.sun.org.apache.xerces.internal.jaxp.DocumentBuilderImpl.parse(DocumentBuilderImpl.java:339)
	at org.eclipse.debug.internal.core.LaunchManager.createInfoFromXML(LaunchManager.java:935)
	at org.eclipse.debug.internal.core.LaunchManager.getInfo(LaunchManager.java:1359)
	at org.eclipse.debug.internal.core.LaunchConfiguration.getInfo(LaunchConfiguration.java:490)
	at org.eclipse.debug.internal.core.LaunchConfiguration.getType(LaunchConfiguration.java:645)
	at org.eclipse.debug.internal.core.LaunchManager.isValid(LaunchManager.java:2091)
	at org.eclipse.debug.internal.core.LaunchManager.verifyConfigurations(LaunchManager.java:2462)
	at org.eclipse.debug.internal.core.LaunchManager.getAllLaunchConfigurations(LaunchManager.java:1140)
	at org.eclipse.debug.internal.core.LaunchManager.getLaunchConfigurations(LaunchManager.java:1444)
	at org.eclipse.debug.internal.core.LaunchManager.getLaunchConfigurations(LaunchManager.java:1439)
	at org.eclipse.launchbar.core.internal.LaunchBarManager.init(LaunchBarManager.java:130)
	at org.eclipse.launchbar.core.internal.LaunchBarManager$1.run(LaunchBarManager.java:96)
	at org.eclipse.core.internal.jobs.Worker.run(Worker.java:63)

!ENTRY org.eclipse.debug.core 4 125 2026-07-28 11:20:41.088
!MESSAGE 调试核心所记录的错误：
!STACK 1
org.eclipse.debug.core.DebugException: 读取启动配置文件 F:\code\vibe_project\rollerball\M33\libraries\components\mtb-device-support-pse8xxgp\make\make\scripts\interface_version_4\eclipse\CM55\flash\virgin\JLink\combine_sign\Debug.launch 时发生了 org.xml.sax.SAXParseException; lineNumber: 3; columnNumber: 66; 在实体引用中, 实体名称必须紧跟在 '&' 后面。。
	at org.eclipse.debug.internal.core.LaunchManager.createDebugException(LaunchManager.java:886)
	at org.eclipse.debug.internal.core.LaunchManager.throwException(LaunchManager.java:2448)
	at org.eclipse.debug.internal.core.LaunchManager.getInfo(LaunchManager.java:1366)
	at org.eclipse.debug.internal.core.LaunchConfiguration.getInfo(LaunchConfiguration.java:490)
	at org.eclipse.debug.internal.core.LaunchConfiguration.getType(LaunchConfiguration.java:645)
	at org.eclipse.debug.internal.core.LaunchManager.isValid(LaunchManager.java:2091)
	at org.eclipse.debug.internal.core.LaunchManager.verifyConfigurations(LaunchManager.java:2462)
	at org.eclipse.debug.internal.core.LaunchManager.getAllLaunchConfigurations(LaunchManager.java:1140)
	at org.eclipse.debug.internal.core.LaunchManager.getLaunchConfigurations(LaunchManager.java:1444)
	at org.eclipse.debug.internal.core.LaunchManager.getLaunchConfigurations(LaunchManager.java:1439)
	at org.eclipse.launchbar.core.internal.LaunchBarManager.init(LaunchBarManager.java:130)
	at org.eclipse.launchbar.core.internal.LaunchBarManager$1.run(LaunchBarManager.java:96)
	at org.eclipse.core.internal.jobs.Worker.run(Worker.java:63)
Caused by: org.xml.sax.SAXParseException; lineNumber: 3; columnNumber: 66; 在实体引用中, 实体名称必须紧跟在 '&' 后面。
	at com.sun.org.apache.xerces.internal.util.ErrorHandlerWrapper.createSAXParseException(ErrorHandlerWrapper.java:203)
	at com.sun.org.apache.xerces.internal.util.ErrorHandlerWrapper.fatalError(ErrorHandlerWrapper.java:177)
	at com.sun.org.apache.xerces.internal.impl.XMLErrorReporter.reportError(XMLErrorReporter.java:400)
	at com.sun.org.apache.xerces.internal.impl.XMLErrorReporter.reportError(XMLErrorReporter.java:327)
	at com.sun.org.apache.xerces.internal.impl.XMLScanner.reportFatalError(XMLScanner.java:1472)
	at com.sun.org.apache.xerces.internal.impl.XMLScanner.scanAttributeValue(XMLScanner.java:908)
	at com.sun.org.apache.xerces.internal.impl.XMLDocumentFragmentScannerImpl.scanAttribute(XMLDocumentFragmentScannerImpl.java:1548)
	at com.sun.org.apache.xerces.internal.impl.XMLDocumentFragmentScannerImpl.scanStartElement(XMLDocumentFragmentScannerImpl.java:1315)
	at com.sun.org.apache.xerces.internal.impl.XMLDocumentFragmentScannerImpl$FragmentContentDriver.next(XMLDocumentFragmentScannerImpl.java:2784)
	at com.sun.org.apache.xerces.internal.impl.XMLDocumentScannerImpl.next(XMLDocumentScannerImpl.java:602)
	at com.sun.org.apache.xerces.internal.impl.XMLDocumentFragmentScannerImpl.scanDocument(XMLDocumentFragmentScannerImpl.java:505)
	at com.sun.org.apache.xerces.internal.parsers.XML11Configuration.parse(XML11Configuration.java:841)
	at com.sun.org.apache.xerces.internal.parsers.XML11Configuration.parse(XML11Configuration.java:770)
	at com.sun.org.apache.xerces.internal.parsers.XMLParser.parse(XMLParser.java:141)
	at com.sun.org.apache.xerces.internal.parsers.DOMParser.parse(DOMParser.java:243)
	at com.sun.org.apache.xerces.internal.jaxp.DocumentBuilderImpl.parse(DocumentBuilderImpl.java:339)
	at org.eclipse.debug.internal.core.LaunchManager.createInfoFromXML(LaunchManager.java:935)
	at org.eclipse.debug.internal.core.LaunchManager.getInfo(LaunchManager.java:1359)
	... 10 more
!SUBENTRY 1 org.eclipse.debug.core 4 5012 2026-07-28 11:20:41.088
!MESSAGE 读取启动配置文件 F:\code\vibe_project\rollerball\M33\libraries\components\mtb-device-support-pse8xxgp\make\make\scripts\interface_version_4\eclipse\CM55\flash\virgin\JLink\combine_sign\Debug.launch 时发生了 org.xml.sax.SAXParseException; lineNumber: 3; columnNumber: 66; 在实体引用中, 实体名称必须紧跟在 '&' 后面。。
!STACK 0
org.xml.sax.SAXParseException; lineNumber: 3; columnNumber: 66; 在实体引用中, 实体名称必须紧跟在 '&' 后面。
	at com.sun.org.apache.xerces.internal.util.ErrorHandlerWrapper.createSAXParseException(ErrorHandlerWrapper.java:203)
	at com.sun.org.apache.xerces.internal.util.ErrorHandlerWrapper.fatalError(ErrorHandlerWrapper.java:177)
	at com.sun.org.apache.xerces.internal.impl.XMLErrorReporter.reportError(XMLErrorReporter.java:400)
	at com.sun.org.apache.xerces.internal.impl.XMLErrorReporter.reportError(XMLErrorReporter.java:327)
	at com.sun.org.apache.xerces.internal.impl.XMLScanner.reportFatalError(XMLScanner.java:1472)
	at com.sun.org.apache.xerces.internal.impl.XMLScanner.scanAttributeValue(XMLScanner.java:908)
	at com.sun.org.apache.xerces.internal.impl.XMLDocumentFragmentScannerImpl.scanAttribute(XMLDocumentFragmentScannerImpl.java:1548)
	at com.sun.org.apache.xerces.internal.impl.XMLDocumentFragmentScannerImpl.scanStartElement(XMLDocumentFragmentScannerImpl.java:1315)
	at com.sun.org.apache.xerces.internal.impl.XMLDocumentFragmentScannerImpl$FragmentContentDriver.next(XMLDocumentFragmentScannerImpl.java:2784)
	at com.sun.org.apache.xerces.internal.impl.XMLDocumentScannerImpl.next(XMLDocumentScannerImpl.java:602)
	at com.sun.org.apache.xerces.internal.impl.XMLDocumentFragmentScannerImpl.scanDocument(XMLDocumentFragmentScannerImpl.java:505)
	at com.sun.org.apache.xerces.internal.parsers.XML11Configuration.parse(XML11Configuration.java:841)
	at com.sun.org.apache.xerces.internal.parsers.XML11Configuration.parse(XML11Configuration.java:770)
	at com.sun.org.apache.xerces.internal.parsers.XMLParser.parse(XMLParser.java:141)
	at com.sun.org.apache.xerces.internal.parsers.DOMParser.parse(DOMParser.java:243)
	at com.sun.org.apache.xerces.internal.jaxp.DocumentBuilderImpl.parse(DocumentBuilderImpl.java:339)
	at org.eclipse.debug.internal.core.LaunchManager.createInfoFromXML(LaunchManager.java:935)
	at org.eclipse.debug.internal.core.LaunchManager.getInfo(LaunchManager.java:1359)
	at org.eclipse.debug.internal.core.LaunchConfiguration.getInfo(LaunchConfiguration.java:490)
	at org.eclipse.debug.internal.core.LaunchConfiguration.getType(LaunchConfiguration.java:645)
	at org.eclipse.debug.internal.core.LaunchManager.isValid(LaunchManager.java:2091)
	at org.eclipse.debug.internal.core.LaunchManager.verifyConfigurations(LaunchManager.java:2462)
	at org.eclipse.debug.internal.core.LaunchManager.getAllLaunchConfigurations(LaunchManager.java:1140)
	at org.eclipse.debug.internal.core.LaunchManager.getLaunchConfigurations(LaunchManager.java:1444)
	at org.eclipse.debug.internal.core.LaunchManager.getLaunchConfigurations(LaunchManager.java:1439)
	at org.eclipse.launchbar.core.internal.LaunchBarManager.init(LaunchBarManager.java:130)
	at org.eclipse.launchbar.core.internal.LaunchBarManager$1.run(LaunchBarManager.java:96)
	at org.eclipse.core.internal.jobs.Worker.run(Worker.java:63)

!ENTRY org.eclipse.debug.core 4 125 2026-07-28 11:20:41.092
!MESSAGE 调试核心所记录的错误：
!STACK 1
org.eclipse.debug.core.DebugException: 读取启动配置文件 F:\code\vibe_project\rollerball\M33\libraries\components\mtb-device-support-pse8xxgp\make\make\scripts\interface_version_4\eclipse\CM55\flash\virgin\JLink\single\&&_PRJ_NAME&& Erase All (JLink).launch 时发生了 org.xml.sax.SAXParseException; lineNumber: 3; columnNumber: 66; 在实体引用中, 实体名称必须紧跟在 '&' 后面。。
	at org.eclipse.debug.internal.core.LaunchManager.createDebugException(LaunchManager.java:886)
	at org.eclipse.debug.internal.core.LaunchManager.throwException(LaunchManager.java:2448)
	at org.eclipse.debug.internal.core.LaunchManager.getInfo(LaunchManager.java:1366)
	at org.eclipse.debug.internal.core.LaunchConfiguration.getInfo(LaunchConfiguration.java:490)
	at org.eclipse.debug.internal.core.LaunchConfiguration.getType(LaunchConfiguration.java:645)
	at org.eclipse.debug.internal.core.LaunchManager.isValid(LaunchManager.java:2091)
	at org.eclipse.debug.internal.core.LaunchManager.verifyConfigurations(LaunchManager.java:2462)
	at org.eclipse.debug.internal.core.LaunchManager.getAllLaunchConfigurations(LaunchManager.java:1140)
	at org.eclipse.debug.internal.core.LaunchManager.getLaunchConfigurations(LaunchManager.java:1444)
	at org.eclipse.debug.internal.core.LaunchManager.getLaunchConfigurations(LaunchManager.java:1439)
	at org.eclipse.launchbar.core.internal.LaunchBarManager.init(LaunchBarManager.java:130)
	at org.eclipse.launchbar.core.internal.LaunchBarManager$1.run(LaunchBarManager.java:96)
	at org.eclipse.core.internal.jobs.Worker.run(Worker.java:63)
Caused by: org.xml.sax.SAXParseException; lineNumber: 3; columnNumber: 66; 在实体引用中, 实体名称必须紧跟在 '&' 后面。
	at com.sun.org.apache.xerces.internal.util.ErrorHandlerWrapper.createSAXParseException(ErrorHandlerWrapper.java:203)
	at com.sun.org.apache.xerces.internal.util.ErrorHandlerWrapper.fatalError(ErrorHandlerWrapper.java:177)
	at com.sun.org.apache.xerces.internal.impl.XMLErrorReporter.reportError(XMLErrorReporter.java:400)
	at com.sun.org.apache.xerces.internal.impl.XMLErrorReporter.reportError(XMLErrorReporter.java:327)
	at com.sun.org.apache.xerces.internal.impl.XMLScanner.reportFatalError(XMLScanner.java:1472)
	at com.sun.org.apache.xerces.internal.impl.XMLScanner.scanAttributeValue(XMLScanner.java:908)
	at com.sun.org.apache.xerces.internal.impl.XMLDocumentFragmentScannerImpl.scanAttribute(XMLDocumentFragmentScannerImpl.java:1548)
	at com.sun.org.apache.xerces.internal.impl.XMLDocumentFragmentScannerImpl.scanStartElement(XMLDocumentFragmentScannerImpl.java:1315)
	at com.sun.org.apache.xerces.internal.impl.XMLDocumentFragmentScannerImpl$FragmentContentDriver.next(XMLDocumentFragmentScannerImpl.java:2784)
	at com.sun.org.apache.xerces.internal.impl.XMLDocumentScannerImpl.next(XMLDocumentScannerImpl.java:602)
	at com.sun.org.apache.xerces.internal.impl.XMLDocumentFragmentScannerImpl.scanDocument(XMLDocumentFragmentScannerImpl.java:505)
	at com.sun.org.apache.xerces.internal.parsers.XML11Configuration.parse(XML11Configuration.java:841)
	at com.sun.org.apache.xerces.internal.parsers.XML11Configuration.parse(XML11Configuration.java:770)
	at com.sun.org.apache.xerces.internal.parsers.XMLParser.parse(XMLParser.java:141)
	at com.sun.org.apache.xerces.internal.parsers.DOMParser.parse(DOMParser.java:243)
	at com.sun.org.apache.xerces.internal.jaxp.DocumentBuilderImpl.parse(DocumentBuilderImpl.java:339)
	at org.eclipse.debug.internal.core.LaunchManager.createInfoFromXML(LaunchManager.java:935)
	at org.eclipse.debug.internal.core.LaunchManager.getInfo(LaunchManager.java:1359)
	... 10 more
!SUBENTRY 1 org.eclipse.debug.core 4 5012 2026-07-28 11:20:41.092
!MESSAGE 读取启动配置文件 F:\code\vibe_project\rollerball\M33\libraries\components\mtb-device-support-pse8xxgp\make\make\scripts\interface_version_4\eclipse\CM55\flash\virgin\JLink\single\&&_PRJ_NAME&& Erase All (JLink).launch 时发生了 org.xml.sax.SAXParseException; lineNumber: 3; columnNumber: 66; 在实体引用中, 实体名称必须紧跟在 '&' 后面。。
!STACK 0
org.xml.sax.SAXParseException; lineNumber: 3; columnNumber: 66; 在实体引用中, 实体名称必须紧跟在 '&' 后面。
	at com.sun.org.apache.xerces.internal.util.ErrorHandlerWrapper.createSAXParseException(ErrorHandlerWrapper.java:203)
	at com.sun.org.apache.xerces.internal.util.ErrorHandlerWrapper.fatalError(ErrorHandlerWrapper.java:177)
	at com.sun.org.apache.xerces.internal.impl.XMLErrorReporter.reportError(XMLErrorReporter.java:400)
	at com.sun.org.apache.xerces.internal.impl.XMLErrorReporter.reportError(XMLErrorReporter.java:327)
	at com.sun.org.apache.xerces.internal.impl.XMLScanner.reportFatalError(XMLScanner.java:1472)
	at com.sun.org.apache.xerces.internal.impl.XMLScanner.scanAttributeValue(XMLScanner.java:908)
	at com.sun.org.apache.xerces.internal.impl.XMLDocumentFragmentScannerImpl.scanAttribute(XMLDocumentFragmentScannerImpl.java:1548)
	at com.sun.org.apache.xerces.internal.impl.XMLDocumentFragmentScannerImpl.scanStartElement(XMLDocumentFragmentScannerImpl.java:1315)
	at com.sun.org.apache.xerces.internal.impl.XMLDocumentFragmentScannerImpl$FragmentContentDriver.next(XMLDocumentFragmentScannerImpl.java:2784)
	at com.sun.org.apache.xerces.internal.impl.XMLDocumentScannerImpl.next(XMLDocumentScannerImpl.java:602)
	at com.sun.org.apache.xerces.internal.impl.XMLDocumentFragmentScannerImpl.scanDocument(XMLDocumentFragmentScannerImpl.java:505)
	at com.sun.org.apache.xerces.internal.parsers.XML11Configuration.parse(XML11Configuration.java:841)
	at com.sun.org.apache.xerces.internal.parsers.XML11Configuration.parse(XML11Configuration.java:770)
	at com.sun.org.apache.xerces.internal.parsers.XMLParser.parse(XMLParser.java:141)
	at com.sun.org.apache.xerces.internal.parsers.DOMParser.parse(DOMParser.java:243)
	at com.sun.org.apache.xerces.internal.jaxp.DocumentBuilderImpl.parse(DocumentBuilderImpl.java:339)
	at org.eclipse.debug.internal.core.LaunchManager.createInfoFromXML(LaunchManager.java:935)
	at org.eclipse.debug.internal.core.LaunchManager.getInfo(LaunchManager.java:1359)
	at org.eclipse.debug.internal.core.LaunchConfiguration.getInfo(LaunchConfiguration.java:490)
	at org.eclipse.debug.internal.core.LaunchConfiguration.getType(LaunchConfiguration.java:645)
	at org.eclipse.debug.internal.core.LaunchManager.isValid(LaunchManager.java:2091)
	at org.eclipse.debug.internal.core.LaunchManager.verifyConfigurations(LaunchManager.java:2462)
	at org.eclipse.debug.internal.core.LaunchManager.getAllLaunchConfigurations(LaunchManager.java:1140)
	at org.eclipse.debug.internal.core.LaunchManager.getLaunchConfigurations(LaunchManager.java:1444)
	at org.eclipse.debug.internal.core.LaunchManager.getLaunchConfigurations(LaunchManager.java:1439)
	at org.eclipse.launchbar.core.internal.LaunchBarManager.init(LaunchBarManager.java:130)
	at org.eclipse.launchbar.core.internal.LaunchBarManager$1.run(LaunchBarManager.java:96)
	at org.eclipse.core.internal.jobs.Worker.run(Worker.java:63)

!ENTRY org.eclipse.debug.core 4 125 2026-07-28 11:20:41.092
!MESSAGE 调试核心所记录的错误：
!STACK 1
org.eclipse.debug.core.DebugException: 读取启动配置文件 F:\code\vibe_project\rollerball\M33\libraries\components\mtb-device-support-pse8xxgp\make\make\scripts\interface_version_4\eclipse\CM55\flash\virgin\JLink\single\&&_PRJ_NAME&& Erase Device (JLink).launch 时发生了 org.xml.sax.SAXParseException; lineNumber: 3; columnNumber: 66; 在实体引用中, 实体名称必须紧跟在 '&' 后面。。
	at org.eclipse.debug.internal.core.LaunchManager.createDebugException(LaunchManager.java:886)
	at org.eclipse.debug.internal.core.LaunchManager.throwException(LaunchManager.java:2448)
	at org.eclipse.debug.internal.core.LaunchManager.getInfo(LaunchManager.java:1366)
	at org.eclipse.debug.internal.core.LaunchConfiguration.getInfo(LaunchConfiguration.java:490)
	at org.eclipse.debug.internal.core.LaunchConfiguration.getType(LaunchConfiguration.java:645)
	at org.eclipse.debug.internal.core.LaunchManager.isValid(LaunchManager.java:2091)
	at org.eclipse.debug.internal.core.LaunchManager.verifyConfigurations(LaunchManager.java:2462)
	at org.eclipse.debug.internal.core.LaunchManager.getAllLaunchConfigurations(LaunchManager.java:1140)
	at org.eclipse.debug.internal.core.LaunchManager.getLaunchConfigurations(LaunchManager.java:1444)
	at org.eclipse.debug.internal.core.LaunchManager.getLaunchConfigurations(LaunchManager.java:1439)
	at org.eclipse.launchbar.core.internal.LaunchBarManager.init(LaunchBarManager.java:130)
	at org.eclipse.launchbar.core.internal.LaunchBarManager$1.run(LaunchBarManager.java:96)
	at org.eclipse.core.internal.jobs.Worker.run(Worker.java:63)
Caused by: org.xml.sax.SAXParseException; lineNumber: 3; columnNumber: 66; 在实体引用中, 实体名称必须紧跟在 '&' 后面。
	at com.sun.org.apache.xerces.internal.util.ErrorHandlerWrapper.createSAXParseException(ErrorHandlerWrapper.java:203)
	at com.sun.org.apache.xerces.internal.util.ErrorHandlerWrapper.fatalError(ErrorHandlerWrapper.java:177)
	at com.sun.org.apache.xerces.internal.impl.XMLErrorReporter.reportError(XMLErrorReporter.java:400)
	at com.sun.org.apache.xerces.internal.impl.XMLErrorReporter.reportError(XMLErrorReporter.java:327)
	at com.sun.org.apache.xerces.internal.impl.XMLScanner.reportFatalError(XMLScanner.java:1472)
	at com.sun.org.apache.xerces.internal.impl.XMLScanner.scanAttributeValue(XMLScanner.java:908)
	at com.sun.org.apache.xerces.internal.impl.XMLDocumentFragmentScannerImpl.scanAttribute(XMLDocumentFragmentScannerImpl.java:1548)
	at com.sun.org.apache.xerces.internal.impl.XMLDocumentFragmentScannerImpl.scanStartElement(XMLDocumentFragmentScannerImpl.java:1315)
	at com.sun.org.apache.xerces.internal.impl.XMLDocumentFragmentScannerImpl$FragmentContentDriver.next(XMLDocumentFragmentScannerImpl.java:2784)
	at com.sun.org.apache.xerces.internal.impl.XMLDocumentScannerImpl.next(XMLDocumentScannerImpl.java:602)
	at com.sun.org.apache.xerces.internal.impl.XMLDocumentFragmentScannerImpl.scanDocument(XMLDocumentFragmentScannerImpl.java:505)
	at com.sun.org.apache.xerces.internal.parsers.XML11Configuration.parse(XML11Configuration.java:841)
	at com.sun.org.apache.xerces.internal.parsers.XML11Configuration.parse(XML11Configuration.java:770)
	at com.sun.org.apache.xerces.internal.parsers.XMLParser.parse(XMLParser.java:141)
	at com.sun.org.apache.xerces.internal.parsers.DOMParser.parse(DOMParser.java:243)
	at com.sun.org.apache.xerces.internal.jaxp.DocumentBuilderImpl.parse(DocumentBuilderImpl.java:339)
	at org.eclipse.debug.internal.core.LaunchManager.createInfoFromXML(LaunchManager.java:935)
	at org.eclipse.debug.internal.core.LaunchManager.getInfo(LaunchManager.java:1359)
	... 10 more
!SUBENTRY 1 org.eclipse.debug.core 4 5012 2026-07-28 11:20:41.092
!MESSAGE 读取启动配置文件 F:\code\vibe_project\rollerball\M33\libraries\components\mtb-device-support-pse8xxgp\make\make\scripts\interface_version_4\eclipse\CM55\flash\virgin\JLink\single\&&_PRJ_NAME&& Erase Device (JLink).launch 时发生了 org.xml.sax.SAXParseException; lineNumber: 3; columnNumber: 66; 在实体引用中, 实体名称必须紧跟在 '&' 后面。。
!STACK 0
org.xml.sax.SAXParseException; lineNumber: 3; columnNumber: 66; 在实体引用中, 实体名称必须紧跟在 '&' 后面。
	at com.sun.org.apache.xerces.internal.util.ErrorHandlerWrapper.createSAXParseException(ErrorHandlerWrapper.java:203)
	at com.sun.org.apache.xerces.internal.util.ErrorHandlerWrapper.fatalError(ErrorHandlerWrapper.java:177)
	at com.sun.org.apache.xerces.internal.impl.XMLErrorReporter.reportError(XMLErrorReporter.java:400)
	at com.sun.org.apache.xerces.internal.impl.XMLErrorReporter.reportError(XMLErrorReporter.java:327)
	at com.sun.org.apache.xerces.internal.impl.XMLScanner.reportFatalError(XMLScanner.java:1472)
	at com.sun.org.apache.xerces.internal.impl.XMLScanner.scanAttributeValue(XMLScanner.java:908)
	at com.sun.org.apache.xerces.internal.impl.XMLDocumentFragmentScannerImpl.scanAttribute(XMLDocumentFragmentScannerImpl.java:1548)
	at com.sun.org.apache.xerces.internal.impl.XMLDocumentFragmentScannerImpl.scanStartElement(XMLDocumentFragmentScannerImpl.java:1315)
	at com.sun.org.apache.xerces.internal.impl.XMLDocumentFragmentScannerImpl$FragmentContentDriver.next(XMLDocumentFragmentScannerImpl.java:2784)
	at com.sun.org.apache.xerces.internal.impl.XMLDocumentScannerImpl.next(XMLDocumentScannerImpl.java:602)
	at com.sun.org.apache.xerces.internal.impl.XMLDocumentFragmentScannerImpl.scanDocument(XMLDocumentFragmentScannerImpl.java:505)
	at com.sun.org.apache.xerces.internal.parsers.XML11Configuration.parse(XML11Configuration.java:841)
	at com.sun.org.apache.xerces.internal.parsers.XML11Configuration.parse(XML11Configuration.java:770)
	at com.sun.org.apache.xerces.internal.parsers.XMLParser.parse(XMLParser.java:141)
	at com.sun.org.apache.xerces.internal.parsers.DOMParser.parse(DOMParser.java:243)
	at com.sun.org.apache.xerces.internal.jaxp.DocumentBuilderImpl.parse(DocumentBuilderImpl.java:339)
	at org.eclipse.debug.internal.core.LaunchManager.createInfoFromXML(LaunchManager.java:935)
	at org.eclipse.debug.internal.core.LaunchManager.getInfo(LaunchManager.java:1359)
	at org.eclipse.debug.internal.core.LaunchConfiguration.getInfo(LaunchConfiguration.java:490)
	at org.eclipse.debug.internal.core.LaunchConfiguration.getType(LaunchConfiguration.java:645)
	at org.eclipse.debug.internal.core.LaunchManager.isValid(LaunchManager.java:2091)
	at org.eclipse.debug.internal.core.LaunchManager.verifyConfigurations(LaunchManager.java:2462)
	at org.eclipse.debug.internal.core.LaunchManager.getAllLaunchConfigurations(LaunchManager.java:1140)
	at org.eclipse.debug.internal.core.LaunchManager.getLaunchConfigurations(LaunchManager.java:1444)
	at org.eclipse.debug.internal.core.LaunchManager.getLaunchConfigurations(LaunchManager.java:1439)
	at org.eclipse.launchbar.core.internal.LaunchBarManager.init(LaunchBarManager.java:130)
	at org.eclipse.launchbar.core.internal.LaunchBarManager$1.run(LaunchBarManager.java:96)
	at org.eclipse.core.internal.jobs.Worker.run(Worker.java:63)

!ENTRY org.eclipse.debug.core 4 125 2026-07-28 11:20:41.096
!MESSAGE 调试核心所记录的错误：
!STACK 1
org.eclipse.debug.core.DebugException: 读取启动配置文件 F:\code\vibe_project\rollerball\M33\libraries\components\mtb-device-support-pse8xxgp\make\make\scripts\interface_version_4\eclipse\CM55\flash\virgin\KitProg3\any\&&_PRJ_NAME&& Attach (KitProg3_MiniProg4).launch 时发生了 org.xml.sax.SAXParseException; lineNumber: 3; columnNumber: 66; 在实体引用中, 实体名称必须紧跟在 '&' 后面。。
	at org.eclipse.debug.internal.core.LaunchManager.createDebugException(LaunchManager.java:886)
	at org.eclipse.debug.internal.core.LaunchManager.throwException(LaunchManager.java:2448)
	at org.eclipse.debug.internal.core.LaunchManager.getInfo(LaunchManager.java:1366)
	at org.eclipse.debug.internal.core.LaunchConfiguration.getInfo(LaunchConfiguration.java:490)
	at org.eclipse.debug.internal.core.LaunchConfiguration.getType(LaunchConfiguration.java:645)
	at org.eclipse.debug.internal.core.LaunchManager.isValid(LaunchManager.java:2091)
	at org.eclipse.debug.internal.core.LaunchManager.verifyConfigurations(LaunchManager.java:2462)
	at org.eclipse.debug.internal.core.LaunchManager.getAllLaunchConfigurations(LaunchManager.java:1140)
	at org.eclipse.debug.internal.core.LaunchManager.getLaunchConfigurations(LaunchManager.java:1444)
	at org.eclipse.debug.internal.core.LaunchManager.getLaunchConfigurations(LaunchManager.java:1439)
	at org.eclipse.launchbar.core.internal.LaunchBarManager.init(LaunchBarManager.java:130)
	at org.eclipse.launchbar.core.internal.LaunchBarManager$1.run(LaunchBarManager.java:96)
	at org.eclipse.core.internal.jobs.Worker.run(Worker.java:63)
Caused by: org.xml.sax.SAXParseException; lineNumber: 3; columnNumber: 66; 在实体引用中, 实体名称必须紧跟在 '&' 后面。
	at com.sun.org.apache.xerces.internal.util.ErrorHandlerWrapper.createSAXParseException(ErrorHandlerWrapper.java:203)
	at com.sun.org.apache.xerces.internal.util.ErrorHandlerWrapper.fatalError(ErrorHandlerWrapper.java:177)
	at com.sun.org.apache.xerces.internal.impl.XMLErrorReporter.reportError(XMLErrorReporter.java:400)
	at com.sun.org.apache.xerces.internal.impl.XMLErrorReporter.reportError(XMLErrorReporter.java:327)
	at com.sun.org.apache.xerces.internal.impl.XMLScanner.reportFatalError(XMLScanner.java:1472)
	at com.sun.org.apache.xerces.internal.impl.XMLScanner.scanAttributeValue(XMLScanner.java:908)
	at com.sun.org.apache.xerces.internal.impl.XMLDocumentFragmentScannerImpl.scanAttribute(XMLDocumentFragmentScannerImpl.java:1548)
	at com.sun.org.apache.xerces.internal.impl.XMLDocumentFragmentScannerImpl.scanStartElement(XMLDocumentFragmentScannerImpl.java:1315)
	at com.sun.org.apache.xerces.internal.impl.XMLDocumentFragmentScannerImpl$FragmentContentDriver.next(XMLDocumentFragmentScannerImpl.java:2784)
	at com.sun.org.apache.xerces.internal.impl.XMLDocumentScannerImpl.next(XMLDocumentScannerImpl.java:602)
	at com.sun.org.apache.xerces.internal.impl.XMLDocumentFragmentScannerImpl.scanDocument(XMLDocumentFragmentScannerImpl.java:505)
	at com.sun.org.apache.xerces.internal.parsers.XML11Configuration.parse(XML11Configuration.java:841)
	at com.sun.org.apache.xerces.internal.parsers.XML11Configuration.parse(XML11Configuration.java:770)
	at com.sun.org.apache.xerces.internal.parsers.XMLParser.parse(XMLParser.java:141)
	at com.sun.org.apache.xerces.internal.parsers.DOMParser.parse(DOMParser.java:243)
	at com.sun.org.apache.xerces.internal.jaxp.DocumentBuilderImpl.parse(DocumentBuilderImpl.java:339)
	at org.eclipse.debug.internal.core.LaunchManager.createInfoFromXML(LaunchManager.java:935)
	at org.eclipse.debug.internal.core.LaunchManager.getInfo(LaunchManager.java:1359)
	... 10 more
!SUBENTRY 1 org.eclipse.debug.core 4 5012 2026-07-28 11:20:41.096
!MESSAGE 读取启动配置文件 F:\code\vibe_project\rollerball\M33\libraries\components\mtb-device-support-pse8xxgp\make\make\scripts\interface_version_4\eclipse\CM55\flash\virgin\KitProg3\any\&&_PRJ_NAME&& Attach (KitProg3_MiniProg4).launch 时发生了 org.xml.sax.SAXParseException; lineNumber: 3; columnNumber: 66; 在实体引用中, 实体名称必须紧跟在 '&' 后面。。
!STACK 0
org.xml.sax.SAXParseException; lineNumber: 3; columnNumber: 66; 在实体引用中, 实体名称必须紧跟在 '&' 后面。
	at com.sun.org.apache.xerces.internal.util.ErrorHandlerWrapper.createSAXParseException(ErrorHandlerWrapper.java:203)
	at com.sun.org.apache.xerces.internal.util.ErrorHandlerWrapper.fatalError(ErrorHandlerWrapper.java:177)
	at com.sun.org.apache.xerces.internal.impl.XMLErrorReporter.reportError(XMLErrorReporter.java:400)
	at com.sun.org.apache.xerces.internal.impl.XMLErrorReporter.reportError(XMLErrorReporter.java:327)
	at com.sun.org.apache.xerces.internal.impl.XMLScanner.reportFatalError(XMLScanner.java:1472)
	at com.sun.org.apache.xerces.internal.impl.XMLScanner.scanAttributeValue(XMLScanner.java:908)
	at com.sun.org.apache.xerces.internal.impl.XMLDocumentFragmentScannerImpl.scanAttribute(XMLDocumentFragmentScannerImpl.java:1548)
	at com.sun.org.apache.xerces.internal.impl.XMLDocumentFragmentScannerImpl.scanStartElement(XMLDocumentFragmentScannerImpl.java:1315)
	at com.sun.org.apache.xerces.internal.impl.XMLDocumentFragmentScannerImpl$FragmentContentDriver.next(XMLDocumentFragmentScannerImpl.java:2784)
	at com.sun.org.apache.xerces.internal.impl.XMLDocumentScannerImpl.next(XMLDocumentScannerImpl.java:602)
	at com.sun.org.apache.xerces.internal.impl.XMLDocumentFragmentScannerImpl.scanDocument(XMLDocumentFragmentScannerImpl.java:505)
	at com.sun.org.apache.xerces.internal.parsers.XML11Configuration.parse(XML11Configuration.java:841)
	at com.sun.org.apache.xerces.internal.parsers.XML11Configuration.parse(XML11Configuration.java:770)
	at com.sun.org.apache.xerces.internal.parsers.XMLParser.parse(XMLParser.java:141)
	at com.sun.org.apache.xerces.internal.parsers.DOMParser.parse(DOMParser.java:243)
	at com.sun.org.apache.xerces.internal.jaxp.DocumentBuilderImpl.parse(DocumentBuilderImpl.java:339)
	at org.eclipse.debug.internal.core.LaunchManager.createInfoFromXML(LaunchManager.java:935)
	at org.eclipse.debug.internal.core.LaunchManager.getInfo(LaunchManager.java:1359)
	at org.eclipse.debug.internal.core.LaunchConfiguration.getInfo(LaunchConfiguration.java:490)
	at org.eclipse.debug.internal.core.LaunchConfiguration.getType(LaunchConfiguration.java:645)
	at org.eclipse.debug.internal.core.LaunchManager.isValid(LaunchManager.java:2091)
	at org.eclipse.debug.internal.core.LaunchManager.verifyConfigurations(LaunchManager.java:2462)
	at org.eclipse.debug.internal.core.LaunchManager.getAllLaunchConfigurations(LaunchManager.java:1140)
	at org.eclipse.debug.internal.core.LaunchManager.getLaunchConfigurations(LaunchManager.java:1444)
	at org.eclipse.debug.internal.core.LaunchManager.getLaunchConfigurations(LaunchManager.java:1439)
	at org.eclipse.launchbar.core.internal.LaunchBarManager.init(LaunchBarManager.java:130)
	at org.eclipse.launchbar.core.internal.LaunchBarManager$1.run(LaunchBarManager.java:96)
	at org.eclipse.core.internal.jobs.Worker.run(Worker.java:63)

!ENTRY org.eclipse.debug.core 4 125 2026-07-28 11:20:41.096
!MESSAGE 调试核心所记录的错误：
!STACK 1
org.eclipse.debug.core.DebugException: 读取启动配置文件 F:\code\vibe_project\rollerball\M33\libraries\components\mtb-device-support-pse8xxgp\make\make\scripts\interface_version_4\eclipse\CM55\flash\virgin\KitProg3\any\&&_PRJ_NAME&& Program (KitProg3_MiniProg4).launch 时发生了 org.xml.sax.SAXParseException; lineNumber: 3; columnNumber: 66; 在实体引用中, 实体名称必须紧跟在 '&' 后面。。
	at org.eclipse.debug.internal.core.LaunchManager.createDebugException(LaunchManager.java:886)
	at org.eclipse.debug.internal.core.LaunchManager.throwException(LaunchManager.java:2448)
	at org.eclipse.debug.internal.core.LaunchManager.getInfo(LaunchManager.java:1366)
	at org.eclipse.debug.internal.core.LaunchConfiguration.getInfo(LaunchConfiguration.java:490)
	at org.eclipse.debug.internal.core.LaunchConfiguration.getType(LaunchConfiguration.java:645)
	at org.eclipse.debug.internal.core.LaunchManager.isValid(LaunchManager.java:2091)
	at org.eclipse.debug.internal.core.LaunchManager.verifyConfigurations(LaunchManager.java:2462)
	at org.eclipse.debug.internal.core.LaunchManager.getAllLaunchConfigurations(LaunchManager.java:1140)
	at org.eclipse.debug.internal.core.LaunchManager.getLaunchConfigurations(LaunchManager.java:1444)
	at org.eclipse.debug.internal.core.LaunchManager.getLaunchConfigurations(LaunchManager.java:1439)
	at org.eclipse.launchbar.core.internal.LaunchBarManager.init(LaunchBarManager.java:130)
	at org.eclipse.launchbar.core.internal.LaunchBarManager$1.run(LaunchBarManager.java:96)
	at org.eclipse.core.internal.jobs.Worker.run(Worker.java:63)
Caused by: org.xml.sax.SAXParseException; lineNumber: 3; columnNumber: 66; 在实体引用中, 实体名称必须紧跟在 '&' 后面。
	at com.sun.org.apache.xerces.internal.util.ErrorHandlerWrapper.createSAXParseException(ErrorHandlerWrapper.java:203)
	at com.sun.org.apache.xerces.internal.util.ErrorHandlerWrapper.fatalError(ErrorHandlerWrapper.java:177)
	at com.sun.org.apache.xerces.internal.impl.XMLErrorReporter.reportError(XMLErrorReporter.java:400)
	at com.sun.org.apache.xerces.internal.impl.XMLErrorReporter.reportError(XMLErrorReporter.java:327)
	at com.sun.org.apache.xerces.internal.impl.XMLScanner.reportFatalError(XMLScanner.java:1472)
	at com.sun.org.apache.xerces.internal.impl.XMLScanner.scanAttributeValue(XMLScanner.java:908)
	at com.sun.org.apache.xerces.internal.impl.XMLDocumentFragmentScannerImpl.scanAttribute(XMLDocumentFragmentScannerImpl.java:1548)
	at com.sun.org.apache.xerces.internal.impl.XMLDocumentFragmentScannerImpl.scanStartElement(XMLDocumentFragmentScannerImpl.java:1315)
	at com.sun.org.apache.xerces.internal.impl.XMLDocumentFragmentScannerImpl$FragmentContentDriver.next(XMLDocumentFragmentScannerImpl.java:2784)
	at com.sun.org.apache.xerces.internal.impl.XMLDocumentScannerImpl.next(XMLDocumentScannerImpl.java:602)
	at com.sun.org.apache.xerces.internal.impl.XMLDocumentFragmentScannerImpl.scanDocument(XMLDocumentFragmentScannerImpl.java:505)
	at com.sun.org.apache.xerces.internal.parsers.XML11Configuration.parse(XML11Configuration.java:841)
	at com.sun.org.apache.xerces.internal.parsers.XML11Configuration.parse(XML11Configuration.java:770)
	at com.sun.org.apache.xerces.internal.parsers.XMLParser.parse(XMLParser.java:141)
	at com.sun.org.apache.xerces.internal.parsers.DOMParser.parse(DOMParser.java:243)
	at com.sun.org.apache.xerces.internal.jaxp.DocumentBuilderImpl.parse(DocumentBuilderImpl.java:339)
	at org.eclipse.debug.internal.core.LaunchManager.createInfoFromXML(LaunchManager.java:935)
	at org.eclipse.debug.internal.core.LaunchManager.getInfo(LaunchManager.java:1359)
	... 10 more
!SUBENTRY 1 org.eclipse.debug.core 4 5012 2026-07-28 11:20:41.098
!MESSAGE 读取启动配置文件 F:\code\vibe_project\rollerball\M33\libraries\components\mtb-device-support-pse8xxgp\make\make\scripts\interface_version_4\eclipse\CM55\flash\virgin\KitProg3\any\&&_PRJ_NAME&& Program (KitProg3_MiniProg4).launch 时发生了 org.xml.sax.SAXParseException; lineNumber: 3; columnNumber: 66; 在实体引用中, 实体名称必须紧跟在 '&' 后面。。
!STACK 0
org.xml.sax.SAXParseException; lineNumber: 3; columnNumber: 66; 在实体引用中, 实体名称必须紧跟在 '&' 后面。
	at com.sun.org.apache.xerces.internal.util.ErrorHandlerWrapper.createSAXParseException(ErrorHandlerWrapper.java:203)
	at com.sun.org.apache.xerces.internal.util.ErrorHandlerWrapper.fatalError(ErrorHandlerWrapper.java:177)
	at com.sun.org.apache.xerces.internal.impl.XMLErrorReporter.reportError(XMLErrorReporter.java:400)
	at com.sun.org.apache.xerces.internal.impl.XMLErrorReporter.reportError(XMLErrorReporter.java:327)
	at com.sun.org.apache.xerces.internal.impl.XMLScanner.reportFatalError(XMLScanner.java:1472)
	at com.sun.org.apache.xerces.internal.impl.XMLScanner.scanAttributeValue(XMLScanner.java:908)
	at com.sun.org.apache.xerces.internal.impl.XMLDocumentFragmentScannerImpl.scanAttribute(XMLDocumentFragmentScannerImpl.java:1548)
	at com.sun.org.apache.xerces.internal.impl.XMLDocumentFragmentScannerImpl.scanStartElement(XMLDocumentFragmentScannerImpl.java:1315)
	at com.sun.org.apache.xerces.internal.impl.XMLDocumentFragmentScannerImpl$FragmentContentDriver.next(XMLDocumentFragmentScannerImpl.java:2784)
	at com.sun.org.apache.xerces.internal.impl.XMLDocumentScannerImpl.next(XMLDocumentScannerImpl.java:602)
	at com.sun.org.apache.xerces.internal.impl.XMLDocumentFragmentScannerImpl.scanDocument(XMLDocumentFragmentScannerImpl.java:505)
	at com.sun.org.apache.xerces.internal.parsers.XML11Configuration.parse(XML11Configuration.java:841)
	at com.sun.org.apache.xerces.internal.parsers.XML11Configuration.parse(XML11Configuration.java:770)
	at com.sun.org.apache.xerces.internal.parsers.XMLParser.parse(XMLParser.java:141)
	at com.sun.org.apache.xerces.internal.parsers.DOMParser.parse(DOMParser.java:243)
	at com.sun.org.apache.xerces.internal.jaxp.DocumentBuilderImpl.parse(DocumentBuilderImpl.java:339)
	at org.eclipse.debug.internal.core.LaunchManager.createInfoFromXML(LaunchManager.java:935)
	at org.eclipse.debug.internal.core.LaunchManager.getInfo(LaunchManager.java:1359)
	at org.eclipse.debug.internal.core.LaunchConfiguration.getInfo(LaunchConfiguration.java:490)
	at org.eclipse.debug.internal.core.LaunchConfiguration.getType(LaunchConfiguration.java:645)
	at org.eclipse.debug.internal.core.LaunchManager.isValid(LaunchManager.java:2091)
	at org.eclipse.debug.internal.core.LaunchManager.verifyConfigurations(LaunchManager.java:2462)
	at org.eclipse.debug.internal.core.LaunchManager.getAllLaunchConfigurations(LaunchManager.java:1140)
	at org.eclipse.debug.internal.core.LaunchManager.getLaunchConfigurations(LaunchManager.java:1444)
	at org.eclipse.debug.internal.core.LaunchManager.getLaunchConfigurations(LaunchManager.java:1439)
	at org.eclipse.launchbar.core.internal.LaunchBarManager.init(LaunchBarManager.java:130)
	at org.eclipse.launchbar.core.internal.LaunchBarManager$1.run(LaunchBarManager.java:96)
	at org.eclipse.core.internal.jobs.Worker.run(Worker.java:63)

!ENTRY org.eclipse.debug.core 4 125 2026-07-28 11:20:41.098
!MESSAGE 调试核心所记录的错误：
!STACK 1
org.eclipse.debug.core.DebugException: 读取启动配置文件 F:\code\vibe_project\rollerball\M33\libraries\components\mtb-device-support-pse8xxgp\make\make\scripts\interface_version_4\eclipse\CM55\flash\virgin\KitProg3\multi\&&_PRJ_NAME&& Add CM55 to CM33 (KitProg3_MiniProg4).launch 时发生了 org.xml.sax.SAXParseException; lineNumber: 3; columnNumber: 66; 在实体引用中, 实体名称必须紧跟在 '&' 后面。。
	at org.eclipse.debug.internal.core.LaunchManager.createDebugException(LaunchManager.java:886)
	at org.eclipse.debug.internal.core.LaunchManager.throwException(LaunchManager.java:2448)
	at org.eclipse.debug.internal.core.LaunchManager.getInfo(LaunchManager.java:1366)
	at org.eclipse.debug.internal.core.LaunchConfiguration.getInfo(LaunchConfiguration.java:490)
	at org.eclipse.debug.internal.core.LaunchConfiguration.getType(LaunchConfiguration.java:645)
	at org.eclipse.debug.internal.core.LaunchManager.isValid(LaunchManager.java:2091)
	at org.eclipse.debug.internal.core.LaunchManager.verifyConfigurations(LaunchManager.java:2462)
	at org.eclipse.debug.internal.core.LaunchManager.getAllLaunchConfigurations(LaunchManager.java:1140)
	at org.eclipse.debug.internal.core.LaunchManager.getLaunchConfigurations(LaunchManager.java:1444)
	at org.eclipse.debug.internal.core.LaunchManager.getLaunchConfigurations(LaunchManager.java:1439)
	at org.eclipse.launchbar.core.internal.LaunchBarManager.init(LaunchBarManager.java:130)
	at org.eclipse.launchbar.core.internal.LaunchBarManager$1.run(LaunchBarManager.java:96)
	at org.eclipse.core.internal.jobs.Worker.run(Worker.java:63)
Caused by: org.xml.sax.SAXParseException; lineNumber: 3; columnNumber: 66; 在实体引用中, 实体名称必须紧跟在 '&' 后面。
	at com.sun.org.apache.xerces.internal.util.ErrorHandlerWrapper.createSAXParseException(ErrorHandlerWrapper.java:203)
	at com.sun.org.apache.xerces.internal.util.ErrorHandlerWrapper.fatalError(ErrorHandlerWrapper.java:177)
	at com.sun.org.apache.xerces.internal.impl.XMLErrorReporter.reportError(XMLErrorReporter.java:400)
	at com.sun.org.apache.xerces.internal.impl.XMLErrorReporter.reportError(XMLErrorReporter.java:327)
	at com.sun.org.apache.xerces.internal.impl.XMLScanner.reportFatalError(XMLScanner.java:1472)
	at com.sun.org.apache.xerces.internal.impl.XMLScanner.scanAttributeValue(XMLScanner.java:908)
	at com.sun.org.apache.xerces.internal.impl.XMLDocumentFragmentScannerImpl.scanAttribute(XMLDocumentFragmentScannerImpl.java:1548)
	at com.sun.org.apache.xerces.internal.impl.XMLDocumentFragmentScannerImpl.scanStartElement(XMLDocumentFragmentScannerImpl.java:1315)
	at com.sun.org.apache.xerces.internal.impl.XMLDocumentFragmentScannerImpl$FragmentContentDriver.next(XMLDocumentFragmentScannerImpl.java:2784)
	at com.sun.org.apache.xerces.internal.impl.XMLDocumentScannerImpl.next(XMLDocumentScannerImpl.java:602)
	at com.sun.org.apache.xerces.internal.impl.XMLDocumentFragmentScannerImpl.scanDocument(XMLDocumentFragmentScannerImpl.java:505)
	at com.sun.org.apache.xerces.internal.parsers.XML11Configuration.parse(XML11Configuration.java:841)
	at com.sun.org.apache.xerces.internal.parsers.XML11Configuration.parse(XML11Configuration.java:770)
	at com.sun.org.apache.xerces.internal.parsers.XMLParser.parse(XMLParser.java:141)
	at com.sun.org.apache.xerces.internal.parsers.DOMParser.parse(DOMParser.java:243)
	at com.sun.org.apache.xerces.internal.jaxp.DocumentBuilderImpl.parse(DocumentBuilderImpl.java:339)
	at org.eclipse.debug.internal.core.LaunchManager.createInfoFromXML(LaunchManager.java:935)
	at org.eclipse.debug.internal.core.LaunchManager.getInfo(LaunchManager.java:1359)
	... 10 more
!SUBENTRY 1 org.eclipse.debug.core 4 5012 2026-07-28 11:20:41.098
!MESSAGE 读取启动配置文件 F:\code\vibe_project\rollerball\M33\libraries\components\mtb-device-support-pse8xxgp\make\make\scripts\interface_version_4\eclipse\CM55\flash\virgin\KitProg3\multi\&&_PRJ_NAME&& Add CM55 to CM33 (KitProg3_MiniProg4).launch 时发生了 org.xml.sax.SAXParseException; lineNumber: 3; columnNumber: 66; 在实体引用中, 实体名称必须紧跟在 '&' 后面。。
!STACK 0
org.xml.sax.SAXParseException; lineNumber: 3; columnNumber: 66; 在实体引用中, 实体名称必须紧跟在 '&' 后面。
	at com.sun.org.apache.xerces.internal.util.ErrorHandlerWrapper.createSAXParseException(ErrorHandlerWrapper.java:203)
	at com.sun.org.apache.xerces.internal.util.ErrorHandlerWrapper.fatalError(ErrorHandlerWrapper.java:177)
	at com.sun.org.apache.xerces.internal.impl.XMLErrorReporter.reportError(XMLErrorReporter.java:400)
	at com.sun.org.apache.xerces.internal.impl.XMLErrorReporter.reportError(XMLErrorReporter.java:327)
	at com.sun.org.apache.xerces.internal.impl.XMLScanner.reportFatalError(XMLScanner.java:1472)
	at com.sun.org.apache.xerces.internal.impl.XMLScanner.scanAttributeValue(XMLScanner.java:908)
	at com.sun.org.apache.xerces.internal.impl.XMLDocumentFragmentScannerImpl.scanAttribute(XMLDocumentFragmentScannerImpl.java:1548)
	at com.sun.org.apache.xerces.internal.impl.XMLDocumentFragmentScannerImpl.scanStartElement(XMLDocumentFragmentScannerImpl.java:1315)
	at com.sun.org.apache.xerces.internal.impl.XMLDocumentFragmentScannerImpl$FragmentContentDriver.next(XMLDocumentFragmentScannerImpl.java:2784)
	at com.sun.org.apache.xerces.internal.impl.XMLDocumentScannerImpl.next(XMLDocumentScannerImpl.java:602)
	at com.sun.org.apache.xerces.internal.impl.XMLDocumentFragmentScannerImpl.scanDocument(XMLDocumentFragmentScannerImpl.java:505)
	at com.sun.org.apache.xerces.internal.parsers.XML11Configuration.parse(XML11Configuration.java:841)
	at com.sun.org.apache.xerces.internal.parsers.XML11Configuration.parse(XML11Configuration.java:770)
	at com.sun.org.apache.xerces.internal.parsers.XMLParser.parse(XMLParser.java:141)
	at com.sun.org.apache.xerces.internal.parsers.DOMParser.parse(DOMParser.java:243)
	at com.sun.org.apache.xerces.internal.jaxp.DocumentBuilderImpl.parse(DocumentBuilderImpl.java:339)
	at org.eclipse.debug.internal.core.LaunchManager.createInfoFromXML(LaunchManager.java:935)
	at org.eclipse.debug.internal.core.LaunchManager.getInfo(LaunchManager.java:1359)
	at org.eclipse.debug.internal.core.LaunchConfiguration.getInfo(LaunchConfiguration.java:490)
	at org.eclipse.debug.internal.core.LaunchConfiguration.getType(LaunchConfiguration.java:645)
	at org.eclipse.debug.internal.core.LaunchManager.isValid(LaunchManager.java:2091)
	at org.eclipse.debug.internal.core.LaunchManager.verifyConfigurations(LaunchManager.java:2462)
	at org.eclipse.debug.internal.core.LaunchManager.getAllLaunchConfigurations(LaunchManager.java:1140)
	at org.eclipse.debug.internal.core.LaunchManager.getLaunchConfigurations(LaunchManager.java:1444)
	at org.eclipse.debug.internal.core.LaunchManager.getLaunchConfigurations(LaunchManager.java:1439)
	at org.eclipse.launchbar.core.internal.LaunchBarManager.init(LaunchBarManager.java:130)
	at org.eclipse.launchbar.core.internal.LaunchBarManager$1.run(LaunchBarManager.java:96)
	at org.eclipse.core.internal.jobs.Worker.run(Worker.java:63)

!ENTRY org.eclipse.debug.core 4 125 2026-07-28 11:20:41.100
!MESSAGE 调试核心所记录的错误：
!STACK 1
org.eclipse.debug.core.DebugException: 读取启动配置文件 F:\code\vibe_project\rollerball\M33\libraries\components\mtb-device-support-pse8xxgp\make\make\scripts\interface_version_4\eclipse\CM55\flash\virgin\KitProg3\single\&&_PRJ_NAME&& Erase All (KitProg3_MiniProg4).launch 时发生了 org.xml.sax.SAXParseException; lineNumber: 3; columnNumber: 66; 在实体引用中, 实体名称必须紧跟在 '&' 后面。。
	at org.eclipse.debug.internal.core.LaunchManager.createDebugException(LaunchManager.java:886)
	at org.eclipse.debug.internal.core.LaunchManager.throwException(LaunchManager.java:2448)
	at org.eclipse.debug.internal.core.LaunchManager.getInfo(LaunchManager.java:1366)
	at org.eclipse.debug.internal.core.LaunchConfiguration.getInfo(LaunchConfiguration.java:490)
	at org.eclipse.debug.internal.core.LaunchConfiguration.getType(LaunchConfiguration.java:645)
	at org.eclipse.debug.internal.core.LaunchManager.isValid(LaunchManager.java:2091)
	at org.eclipse.debug.internal.core.LaunchManager.verifyConfigurations(LaunchManager.java:2462)
	at org.eclipse.debug.internal.core.LaunchManager.getAllLaunchConfigurations(LaunchManager.java:1140)
	at org.eclipse.debug.internal.core.LaunchManager.getLaunchConfigurations(LaunchManager.java:1444)
	at org.eclipse.debug.internal.core.LaunchManager.getLaunchConfigurations(LaunchManager.java:1439)
	at org.eclipse.launchbar.core.internal.LaunchBarManager.init(LaunchBarManager.java:130)
	at org.eclipse.launchbar.core.internal.LaunchBarManager$1.run(LaunchBarManager.java:96)
	at org.eclipse.core.internal.jobs.Worker.run(Worker.java:63)
Caused by: org.xml.sax.SAXParseException; lineNumber: 3; columnNumber: 66; 在实体引用中, 实体名称必须紧跟在 '&' 后面。
	at com.sun.org.apache.xerces.internal.util.ErrorHandlerWrapper.createSAXParseException(ErrorHandlerWrapper.java:203)
	at com.sun.org.apache.xerces.internal.util.ErrorHandlerWrapper.fatalError(ErrorHandlerWrapper.java:177)
	at com.sun.org.apache.xerces.internal.impl.XMLErrorReporter.reportError(XMLErrorReporter.java:400)
	at com.sun.org.apache.xerces.internal.impl.XMLErrorReporter.reportError(XMLErrorReporter.java:327)
	at com.sun.org.apache.xerces.internal.impl.XMLScanner.reportFatalError(XMLScanner.java:1472)
	at com.sun.org.apache.xerces.internal.impl.XMLScanner.scanAttributeValue(XMLScanner.java:908)
	at com.sun.org.apache.xerces.internal.impl.XMLDocumentFragmentScannerImpl.scanAttribute(XMLDocumentFragmentScannerImpl.java:1548)
	at com.sun.org.apache.xerces.internal.impl.XMLDocumentFragmentScannerImpl.scanStartElement(XMLDocumentFragmentScannerImpl.java:1315)
	at com.sun.org.apache.xerces.internal.impl.XMLDocumentFragmentScannerImpl$FragmentContentDriver.next(XMLDocumentFragmentScannerImpl.java:2784)
	at com.sun.org.apache.xerces.internal.impl.XMLDocumentScannerImpl.next(XMLDocumentScannerImpl.java:602)
	at com.sun.org.apache.xerces.internal.impl.XMLDocumentFragmentScannerImpl.scanDocument(XMLDocumentFragmentScannerImpl.java:505)
	at com.sun.org.apache.xerces.internal.parsers.XML11Configuration.parse(XML11Configuration.java:841)
	at com.sun.org.apache.xerces.internal.parsers.XML11Configuration.parse(XML11Configuration.java:770)
	at com.sun.org.apache.xerces.internal.parsers.XMLParser.parse(XMLParser.java:141)
	at com.sun.org.apache.xerces.internal.parsers.DOMParser.parse(DOMParser.java:243)
	at com.sun.org.apache.xerces.internal.jaxp.DocumentBuilderImpl.parse(DocumentBuilderImpl.java:339)
	at org.eclipse.debug.internal.core.LaunchManager.createInfoFromXML(LaunchManager.java:935)
	at org.eclipse.debug.internal.core.LaunchManager.getInfo(LaunchManager.java:1359)
	... 10 more
!SUBENTRY 1 org.eclipse.debug.core 4 5012 2026-07-28 11:20:41.100
!MESSAGE 读取启动配置文件 F:\code\vibe_project\rollerball\M33\libraries\components\mtb-device-support-pse8xxgp\make\make\scripts\interface_version_4\eclipse\CM55\flash\virgin\KitProg3\single\&&_PRJ_NAME&& Erase All (KitProg3_MiniProg4).launch 时发生了 org.xml.sax.SAXParseException; lineNumber: 3; columnNumber: 66; 在实体引用中, 实体名称必须紧跟在 '&' 后面。。
!STACK 0
org.xml.sax.SAXParseException; lineNumber: 3; columnNumber: 66; 在实体引用中, 实体名称必须紧跟在 '&' 后面。
	at com.sun.org.apache.xerces.internal.util.ErrorHandlerWrapper.createSAXParseException(ErrorHandlerWrapper.java:203)
	at com.sun.org.apache.xerces.internal.util.ErrorHandlerWrapper.fatalError(ErrorHandlerWrapper.java:177)
	at com.sun.org.apache.xerces.internal.impl.XMLErrorReporter.reportError(XMLErrorReporter.java:400)
	at com.sun.org.apache.xerces.internal.impl.XMLErrorReporter.reportError(XMLErrorReporter.java:327)
	at com.sun.org.apache.xerces.internal.impl.XMLScanner.reportFatalError(XMLScanner.java:1472)
	at com.sun.org.apache.xerces.internal.impl.XMLScanner.scanAttributeValue(XMLScanner.java:908)
	at com.sun.org.apache.xerces.internal.impl.XMLDocumentFragmentScannerImpl.scanAttribute(XMLDocumentFragmentScannerImpl.java:1548)
	at com.sun.org.apache.xerces.internal.impl.XMLDocumentFragmentScannerImpl.scanStartElement(XMLDocumentFragmentScannerImpl.java:1315)
	at com.sun.org.apache.xerces.internal.impl.XMLDocumentFragmentScannerImpl$FragmentContentDriver.next(XMLDocumentFragmentScannerImpl.java:2784)
	at com.sun.org.apache.xerces.internal.impl.XMLDocumentScannerImpl.next(XMLDocumentScannerImpl.java:602)
	at com.sun.org.apache.xerces.internal.impl.XMLDocumentFragmentScannerImpl.scanDocument(XMLDocumentFragmentScannerImpl.java:505)
	at com.sun.org.apache.xerces.internal.parsers.XML11Configuration.parse(XML11Configuration.java:841)
	at com.sun.org.apache.xerces.internal.parsers.XML11Configuration.parse(XML11Configuration.java:770)
	at com.sun.org.apache.xerces.internal.parsers.XMLParser.parse(XMLParser.java:141)
	at com.sun.org.apache.xerces.internal.parsers.DOMParser.parse(DOMParser.java:243)
	at com.sun.org.apache.xerces.internal.jaxp.DocumentBuilderImpl.parse(DocumentBuilderImpl.java:339)
	at org.eclipse.debug.internal.core.LaunchManager.createInfoFromXML(LaunchManager.java:935)
	at org.eclipse.debug.internal.core.LaunchManager.getInfo(LaunchManager.java:1359)
	at org.eclipse.debug.internal.core.LaunchConfiguration.getInfo(LaunchConfiguration.java:490)
	at org.eclipse.debug.internal.core.LaunchConfiguration.getType(LaunchConfiguration.java:645)
	at org.eclipse.debug.internal.core.LaunchManager.isValid(LaunchManager.java:2091)
	at org.eclipse.debug.internal.core.LaunchManager.verifyConfigurations(LaunchManager.java:2462)
	at org.eclipse.debug.internal.core.LaunchManager.getAllLaunchConfigurations(LaunchManager.java:1140)
	at org.eclipse.debug.internal.core.LaunchManager.getLaunchConfigurations(LaunchManager.java:1444)
	at org.eclipse.debug.internal.core.LaunchManager.getLaunchConfigurations(LaunchManager.java:1439)
	at org.eclipse.launchbar.core.internal.LaunchBarManager.init(LaunchBarManager.java:130)
	at org.eclipse.launchbar.core.internal.LaunchBarManager$1.run(LaunchBarManager.java:96)
	at org.eclipse.core.internal.jobs.Worker.run(Worker.java:63)

!ENTRY org.eclipse.debug.core 4 125 2026-07-28 11:20:41.100
!MESSAGE 调试核心所记录的错误：
!STACK 1
org.eclipse.debug.core.DebugException: 读取启动配置文件 F:\code\vibe_project\rollerball\M33\libraries\components\mtb-device-support-pse8xxgp\make\make\scripts\interface_version_4\eclipse\CM55\flash\virgin\KitProg3\single\&&_PRJ_NAME&& Erase Device (KitProg3_MiniProg4).launch 时发生了 org.xml.sax.SAXParseException; lineNumber: 3; columnNumber: 66; 在实体引用中, 实体名称必须紧跟在 '&' 后面。。
	at org.eclipse.debug.internal.core.LaunchManager.createDebugException(LaunchManager.java:886)
	at org.eclipse.debug.internal.core.LaunchManager.throwException(LaunchManager.java:2448)
	at org.eclipse.debug.internal.core.LaunchManager.getInfo(LaunchManager.java:1366)
	at org.eclipse.debug.internal.core.LaunchConfiguration.getInfo(LaunchConfiguration.java:490)
	at org.eclipse.debug.internal.core.LaunchConfiguration.getType(LaunchConfiguration.java:645)
	at org.eclipse.debug.internal.core.LaunchManager.isValid(LaunchManager.java:2091)
	at org.eclipse.debug.internal.core.LaunchManager.verifyConfigurations(LaunchManager.java:2462)
	at org.eclipse.debug.internal.core.LaunchManager.getAllLaunchConfigurations(LaunchManager.java:1140)
	at org.eclipse.debug.internal.core.LaunchManager.getLaunchConfigurations(LaunchManager.java:1444)
	at org.eclipse.debug.internal.core.LaunchManager.getLaunchConfigurations(LaunchManager.java:1439)
	at org.eclipse.launchbar.core.internal.LaunchBarManager.init(LaunchBarManager.java:130)
	at org.eclipse.launchbar.core.internal.LaunchBarManager$1.run(LaunchBarManager.java:96)
	at org.eclipse.core.internal.jobs.Worker.run(Worker.java:63)
Caused by: org.xml.sax.SAXParseException; lineNumber: 3; columnNumber: 66; 在实体引用中, 实体名称必须紧跟在 '&' 后面。
	at com.sun.org.apache.xerces.internal.util.ErrorHandlerWrapper.createSAXParseException(ErrorHandlerWrapper.java:203)
	at com.sun.org.apache.xerces.internal.util.ErrorHandlerWrapper.fatalError(ErrorHandlerWrapper.java:177)
	at com.sun.org.apache.xerces.internal.impl.XMLErrorReporter.reportError(XMLErrorReporter.java:400)
	at com.sun.org.apache.xerces.internal.impl.XMLErrorReporter.reportError(XMLErrorReporter.java:327)
	at com.sun.org.apache.xerces.internal.impl.XMLScanner.reportFatalError(XMLScanner.java:1472)
	at com.sun.org.apache.xerces.internal.impl.XMLScanner.scanAttributeValue(XMLScanner.java:908)
	at com.sun.org.apache.xerces.internal.impl.XMLDocumentFragmentScannerImpl.scanAttribute(XMLDocumentFragmentScannerImpl.java:1548)
	at com.sun.org.apache.xerces.internal.impl.XMLDocumentFragmentScannerImpl.scanStartElement(XMLDocumentFragmentScannerImpl.java:1315)
	at com.sun.org.apache.xerces.internal.impl.XMLDocumentFragmentScannerImpl$FragmentContentDriver.next(XMLDocumentFragmentScannerImpl.java:2784)
	at com.sun.org.apache.xerces.internal.impl.XMLDocumentScannerImpl.next(XMLDocumentScannerImpl.java:602)
	at com.sun.org.apache.xerces.internal.impl.XMLDocumentFragmentScannerImpl.scanDocument(XMLDocumentFragmentScannerImpl.java:505)
	at com.sun.org.apache.xerces.internal.parsers.XML11Configuration.parse(XML11Configuration.java:841)
	at com.sun.org.apache.xerces.internal.parsers.XML11Configuration.parse(XML11Configuration.java:770)
	at com.sun.org.apache.xerces.internal.parsers.XMLParser.parse(XMLParser.java:141)
	at com.sun.org.apache.xerces.internal.parsers.DOMParser.parse(DOMParser.java:243)
	at com.sun.org.apache.xerces.internal.jaxp.DocumentBuilderImpl.parse(DocumentBuilderImpl.java:339)
	at org.eclipse.debug.internal.core.LaunchManager.createInfoFromXML(LaunchManager.java:935)
	at org.eclipse.debug.internal.core.LaunchManager.getInfo(LaunchManager.java:1359)
	... 10 more
!SUBENTRY 1 org.eclipse.debug.core 4 5012 2026-07-28 11:20:41.100
!MESSAGE 读取启动配置文件 F:\code\vibe_project\rollerball\M33\libraries\components\mtb-device-support-pse8xxgp\make\make\scripts\interface_version_4\eclipse\CM55\flash\virgin\KitProg3\single\&&_PRJ_NAME&& Erase Device (KitProg3_MiniProg4).launch 时发生了 org.xml.sax.SAXParseException; lineNumber: 3; columnNumber: 66; 在实体引用中, 实体名称必须紧跟在 '&' 后面。。
!STACK 0
org.xml.sax.SAXParseException; lineNumber: 3; columnNumber: 66; 在实体引用中, 实体名称必须紧跟在 '&' 后面。
	at com.sun.org.apache.xerces.internal.util.ErrorHandlerWrapper.createSAXParseException(ErrorHandlerWrapper.java:203)
	at com.sun.org.apache.xerces.internal.util.ErrorHandlerWrapper.fatalError(ErrorHandlerWrapper.java:177)
	at com.sun.org.apache.xerces.internal.impl.XMLErrorReporter.reportError(XMLErrorReporter.java:400)
	at com.sun.org.apache.xerces.internal.impl.XMLErrorReporter.reportError(XMLErrorReporter.java:327)
	at com.sun.org.apache.xerces.internal.impl.XMLScanner.reportFatalError(XMLScanner.java:1472)
	at com.sun.org.apache.xerces.internal.impl.XMLScanner.scanAttributeValue(XMLScanner.java:908)
	at com.sun.org.apache.xerces.internal.impl.XMLDocumentFragmentScannerImpl.scanAttribute(XMLDocumentFragmentScannerImpl.java:1548)
	at com.sun.org.apache.xerces.internal.impl.XMLDocumentFragmentScannerImpl.scanStartElement(XMLDocumentFragmentScannerImpl.java:1315)
	at com.sun.org.apache.xerces.internal.impl.XMLDocumentFragmentScannerImpl$FragmentContentDriver.next(XMLDocumentFragmentScannerImpl.java:2784)
	at com.sun.org.apache.xerces.internal.impl.XMLDocumentScannerImpl.next(XMLDocumentScannerImpl.java:602)
	at com.sun.org.apache.xerces.internal.impl.XMLDocumentFragmentScannerImpl.scanDocument(XMLDocumentFragmentScannerImpl.java:505)
	at com.sun.org.apache.xerces.internal.parsers.XML11Configuration.parse(XML11Configuration.java:841)
	at com.sun.org.apache.xerces.internal.parsers.XML11Configuration.parse(XML11Configuration.java:770)
	at com.sun.org.apache.xerces.internal.parsers.XMLParser.parse(XMLParser.java:141)
	at com.sun.org.apache.xerces.internal.parsers.DOMParser.parse(DOMParser.java:243)
	at com.sun.org.apache.xerces.internal.jaxp.DocumentBuilderImpl.parse(DocumentBuilderImpl.java:339)
	at org.eclipse.debug.internal.core.LaunchManager.createInfoFromXML(LaunchManager.java:935)
	at org.eclipse.debug.internal.core.LaunchManager.getInfo(LaunchManager.java:1359)
	at org.eclipse.debug.internal.core.LaunchConfiguration.getInfo(LaunchConfiguration.java:490)
	at org.eclipse.debug.internal.core.LaunchConfiguration.getType(LaunchConfiguration.java:645)
	at org.eclipse.debug.internal.core.LaunchManager.isValid(LaunchManager.java:2091)
	at org.eclipse.debug.internal.core.LaunchManager.verifyConfigurations(LaunchManager.java:2462)
	at org.eclipse.debug.internal.core.LaunchManager.getAllLaunchConfigurations(LaunchManager.java:1140)
	at org.eclipse.debug.internal.core.LaunchManager.getLaunchConfigurations(LaunchManager.java:1444)
	at org.eclipse.debug.internal.core.LaunchManager.getLaunchConfigurations(LaunchManager.java:1439)
	at org.eclipse.launchbar.core.internal.LaunchBarManager.init(LaunchBarManager.java:130)
	at org.eclipse.launchbar.core.internal.LaunchBarManager$1.run(LaunchBarManager.java:96)
	at org.eclipse.core.internal.jobs.Worker.run(Worker.java:63)

!ENTRY org.eclipse.debug.core 4 125 2026-07-28 11:20:41.104
!MESSAGE 调试核心所记录的错误：
!STACK 1
org.eclipse.debug.core.DebugException: 读取启动配置文件 F:\code\vibe_project\rollerball\M33\libraries\components\mtb-device-support-pse8xxgp\make\make\scripts\interface_version_4\eclipse\CM55\flash\virgin\KitProg3\single\&&_PRJ_NAME&& Start App (KitProg3_MiniProg4).launch 时发生了 org.xml.sax.SAXParseException; lineNumber: 3; columnNumber: 66; 在实体引用中, 实体名称必须紧跟在 '&' 后面。。
	at org.eclipse.debug.internal.core.LaunchManager.createDebugException(LaunchManager.java:886)
	at org.eclipse.debug.internal.core.LaunchManager.throwException(LaunchManager.java:2448)
	at org.eclipse.debug.internal.core.LaunchManager.getInfo(LaunchManager.java:1366)
	at org.eclipse.debug.internal.core.LaunchConfiguration.getInfo(LaunchConfiguration.java:490)
	at org.eclipse.debug.internal.core.LaunchConfiguration.getType(LaunchConfiguration.java:645)
	at org.eclipse.debug.internal.core.LaunchManager.isValid(LaunchManager.java:2091)
	at org.eclipse.debug.internal.core.LaunchManager.verifyConfigurations(LaunchManager.java:2462)
	at org.eclipse.debug.internal.core.LaunchManager.getAllLaunchConfigurations(LaunchManager.java:1140)
	at org.eclipse.debug.internal.core.LaunchManager.getLaunchConfigurations(LaunchManager.java:1444)
	at org.eclipse.debug.internal.core.LaunchManager.getLaunchConfigurations(LaunchManager.java:1439)
	at org.eclipse.launchbar.core.internal.LaunchBarManager.init(LaunchBarManager.java:130)
	at org.eclipse.launchbar.core.internal.LaunchBarManager$1.run(LaunchBarManager.java:96)
	at org.eclipse.core.internal.jobs.Worker.run(Worker.java:63)
Caused by: org.xml.sax.SAXParseException; lineNumber: 3; columnNumber: 66; 在实体引用中, 实体名称必须紧跟在 '&' 后面。
	at com.sun.org.apache.xerces.internal.util.ErrorHandlerWrapper.createSAXParseException(ErrorHandlerWrapper.java:203)
	at com.sun.org.apache.xerces.internal.util.ErrorHandlerWrapper.fatalError(ErrorHandlerWrapper.java:177)
	at com.sun.org.apache.xerces.internal.impl.XMLErrorReporter.reportError(XMLErrorReporter.java:400)
	at com.sun.org.apache.xerces.internal.impl.XMLErrorReporter.reportError(XMLErrorReporter.java:327)
	at com.sun.org.apache.xerces.internal.impl.XMLScanner.reportFatalError(XMLScanner.java:1472)
	at com.sun.org.apache.xerces.internal.impl.XMLScanner.scanAttributeValue(XMLScanner.java:908)
	at com.sun.org.apache.xerces.internal.impl.XMLDocumentFragmentScannerImpl.scanAttribute(XMLDocumentFragmentScannerImpl.java:1548)
	at com.sun.org.apache.xerces.internal.impl.XMLDocumentFragmentScannerImpl.scanStartElement(XMLDocumentFragmentScannerImpl.java:1315)
	at com.sun.org.apache.xerces.internal.impl.XMLDocumentFragmentScannerImpl$FragmentContentDriver.next(XMLDocumentFragmentScannerImpl.java:2784)
	at com.sun.org.apache.xerces.internal.impl.XMLDocumentScannerImpl.next(XMLDocumentScannerImpl.java:602)
	at com.sun.org.apache.xerces.internal.impl.XMLDocumentFragmentScannerImpl.scanDocument(XMLDocumentFragmentScannerImpl.java:505)
	at com.sun.org.apache.xerces.internal.parsers.XML11Configuration.parse(XML11Configuration.java:841)
	at com.sun.org.apache.xerces.internal.parsers.XML11Configuration.parse(XML11Configuration.java:770)
	at com.sun.org.apache.xerces.internal.parsers.XMLParser.parse(XMLParser.java:141)
	at com.sun.org.apache.xerces.internal.parsers.DOMParser.parse(DOMParser.java:243)
	at com.sun.org.apache.xerces.internal.jaxp.DocumentBuilderImpl.parse(DocumentBuilderImpl.java:339)
	at org.eclipse.debug.internal.core.LaunchManager.createInfoFromXML(LaunchManager.java:935)
	at org.eclipse.debug.internal.core.LaunchManager.getInfo(LaunchManager.java:1359)
	... 10 more
!SUBENTRY 1 org.eclipse.debug.core 4 5012 2026-07-28 11:20:41.104
!MESSAGE 读取启动配置文件 F:\code\vibe_project\rollerball\M33\libraries\components\mtb-device-support-pse8xxgp\make\make\scripts\interface_version_4\eclipse\CM55\flash\virgin\KitProg3\single\&&_PRJ_NAME&& Start App (KitProg3_MiniProg4).launch 时发生了 org.xml.sax.SAXParseException; lineNumber: 3; columnNumber: 66; 在实体引用中, 实体名称必须紧跟在 '&' 后面。。
!STACK 0
org.xml.sax.SAXParseException; lineNumber: 3; columnNumber: 66; 在实体引用中, 实体名称必须紧跟在 '&' 后面。
	at com.sun.org.apache.xerces.internal.util.ErrorHandlerWrapper.createSAXParseException(ErrorHandlerWrapper.java:203)
	at com.sun.org.apache.xerces.internal.util.ErrorHandlerWrapper.fatalError(ErrorHandlerWrapper.java:177)
	at com.sun.org.apache.xerces.internal.impl.XMLErrorReporter.reportError(XMLErrorReporter.java:400)
	at com.sun.org.apache.xerces.internal.impl.XMLErrorReporter.reportError(XMLErrorReporter.java:327)
	at com.sun.org.apache.xerces.internal.impl.XMLScanner.reportFatalError(XMLScanner.java:1472)
	at com.sun.org.apache.xerces.internal.impl.XMLScanner.scanAttributeValue(XMLScanner.java:908)
	at com.sun.org.apache.xerces.internal.impl.XMLDocumentFragmentScannerImpl.scanAttribute(XMLDocumentFragmentScannerImpl.java:1548)
	at com.sun.org.apache.xerces.internal.impl.XMLDocumentFragmentScannerImpl.scanStartElement(XMLDocumentFragmentScannerImpl.java:1315)
	at com.sun.org.apache.xerces.internal.impl.XMLDocumentFragmentScannerImpl$FragmentContentDriver.next(XMLDocumentFragmentScannerImpl.java:2784)
	at com.sun.org.apache.xerces.internal.impl.XMLDocumentScannerImpl.next(XMLDocumentScannerImpl.java:602)
	at com.sun.org.apache.xerces.internal.impl.XMLDocumentFragmentScannerImpl.scanDocument(XMLDocumentFragmentScannerImpl.java:505)
	at com.sun.org.apache.xerces.internal.parsers.XML11Configuration.parse(XML11Configuration.java:841)
	at com.sun.org.apache.xerces.internal.parsers.XML11Configuration.parse(XML11Configuration.java:770)
	at com.sun.org.apache.xerces.internal.parsers.XMLParser.parse(XMLParser.java:141)
	at com.sun.org.apache.xerces.internal.parsers.DOMParser.parse(DOMParser.java:243)
	at com.sun.org.apache.xerces.internal.jaxp.DocumentBuilderImpl.parse(DocumentBuilderImpl.java:339)
	at org.eclipse.debug.internal.core.LaunchManager.createInfoFromXML(LaunchManager.java:935)
	at org.eclipse.debug.internal.core.LaunchManager.getInfo(LaunchManager.java:1359)
	at org.eclipse.debug.internal.core.LaunchConfiguration.getInfo(LaunchConfiguration.java:490)
	at org.eclipse.debug.internal.core.LaunchConfiguration.getType(LaunchConfiguration.java:645)
	at org.eclipse.debug.internal.core.LaunchManager.isValid(LaunchManager.java:2091)
	at org.eclipse.debug.internal.core.LaunchManager.verifyConfigurations(LaunchManager.java:2462)
	at org.eclipse.debug.internal.core.LaunchManager.getAllLaunchConfigurations(LaunchManager.java:1140)
	at org.eclipse.debug.internal.core.LaunchManager.getLaunchConfigurations(LaunchManager.java:1444)
	at org.eclipse.debug.internal.core.LaunchManager.getLaunchConfigurations(LaunchManager.java:1439)
	at org.eclipse.launchbar.core.internal.LaunchBarManager.init(LaunchBarManager.java:130)
	at org.eclipse.launchbar.core.internal.LaunchBarManager$1.run(LaunchBarManager.java:96)
	at org.eclipse.core.internal.jobs.Worker.run(Worker.java:63)

!ENTRY org.eclipse.debug.core 4 125 2026-07-28 11:20:41.104
!MESSAGE 调试核心所记录的错误：
!STACK 1
org.eclipse.debug.core.DebugException: 读取启动配置文件 F:\code\vibe_project\rollerball\M33\libraries\components\mtb-device-support-pse8xxgp\make\make\scripts\interface_version_4\eclipse\CM55\ram\_normal\JLink\any\&&_PRJ_NAME&& Attach RAM (JLink).launch 时发生了 org.xml.sax.SAXParseException; lineNumber: 3; columnNumber: 66; 在实体引用中, 实体名称必须紧跟在 '&' 后面。。
	at org.eclipse.debug.internal.core.LaunchManager.createDebugException(LaunchManager.java:886)
	at org.eclipse.debug.internal.core.LaunchManager.throwException(LaunchManager.java:2448)
	at org.eclipse.debug.internal.core.LaunchManager.getInfo(LaunchManager.java:1366)
	at org.eclipse.debug.internal.core.LaunchConfiguration.getInfo(LaunchConfiguration.java:490)
	at org.eclipse.debug.internal.core.LaunchConfiguration.getType(LaunchConfiguration.java:645)
	at org.eclipse.debug.internal.core.LaunchManager.isValid(LaunchManager.java:2091)
	at org.eclipse.debug.internal.core.LaunchManager.verifyConfigurations(LaunchManager.java:2462)
	at org.eclipse.debug.internal.core.LaunchManager.getAllLaunchConfigurations(LaunchManager.java:1140)
	at org.eclipse.debug.internal.core.LaunchManager.getLaunchConfigurations(LaunchManager.java:1444)
	at org.eclipse.debug.internal.core.LaunchManager.getLaunchConfigurations(LaunchManager.java:1439)
	at org.eclipse.launchbar.core.internal.LaunchBarManager.init(LaunchBarManager.java:130)
	at org.eclipse.launchbar.core.internal.LaunchBarManager$1.run(LaunchBarManager.java:96)
	at org.eclipse.core.internal.jobs.Worker.run(Worker.java:63)
Caused by: org.xml.sax.SAXParseException; lineNumber: 3; columnNumber: 66; 在实体引用中, 实体名称必须紧跟在 '&' 后面。
	at com.sun.org.apache.xerces.internal.util.ErrorHandlerWrapper.createSAXParseException(ErrorHandlerWrapper.java:203)
	at com.sun.org.apache.xerces.internal.util.ErrorHandlerWrapper.fatalError(ErrorHandlerWrapper.java:177)
	at com.sun.org.apache.xerces.internal.impl.XMLErrorReporter.reportError(XMLErrorReporter.java:400)
	at com.sun.org.apache.xerces.internal.impl.XMLErrorReporter.reportError(XMLErrorReporter.java:327)
	at com.sun.org.apache.xerces.internal.impl.XMLScanner.reportFatalError(XMLScanner.java:1472)
	at com.sun.org.apache.xerces.internal.impl.XMLScanner.scanAttributeValue(XMLScanner.java:908)
	at com.sun.org.apache.xerces.internal.impl.XMLDocumentFragmentScannerImpl.scanAttribute(XMLDocumentFragmentScannerImpl.java:1548)
	at com.sun.org.apache.xerces.internal.impl.XMLDocumentFragmentScannerImpl.scanStartElement(XMLDocumentFragmentScannerImpl.java:1315)
	at com.sun.org.apache.xerces.internal.impl.XMLDocumentFragmentScannerImpl$FragmentContentDriver.next(XMLDocumentFragmentScannerImpl.java:2784)
	at com.sun.org.apache.xerces.internal.impl.XMLDocumentScannerImpl.next(XMLDocumentScannerImpl.java:602)
	at com.sun.org.apache.xerces.internal.impl.XMLDocumentFragmentScannerImpl.scanDocument(XMLDocumentFragmentScannerImpl.java:505)
	at com.sun.org.apache.xerces.internal.parsers.XML11Configuration.parse(XML11Configuration.java:841)
	at com.sun.org.apache.xerces.internal.parsers.XML11Configuration.parse(XML11Configuration.java:770)
	at com.sun.org.apache.xerces.internal.parsers.XMLParser.parse(XMLParser.java:141)
	at com.sun.org.apache.xerces.internal.parsers.DOMParser.parse(DOMParser.java:243)
	at com.sun.org.apache.xerces.internal.jaxp.DocumentBuilderImpl.parse(DocumentBuilderImpl.java:339)
	at org.eclipse.debug.internal.core.LaunchManager.createInfoFromXML(LaunchManager.java:935)
	at org.eclipse.debug.internal.core.LaunchManager.getInfo(LaunchManager.java:1359)
	... 10 more
!SUBENTRY 1 org.eclipse.debug.core 4 5012 2026-07-28 11:20:41.104
!MESSAGE 读取启动配置文件 F:\code\vibe_project\rollerball\M33\libraries\components\mtb-device-support-pse8xxgp\make\make\scripts\interface_version_4\eclipse\CM55\ram\_normal\JLink\any\&&_PRJ_NAME&& Attach RAM (JLink).launch 时发生了 org.xml.sax.SAXParseException; lineNumber: 3; columnNumber: 66; 在实体引用中, 实体名称必须紧跟在 '&' 后面。。
!STACK 0
org.xml.sax.SAXParseException; lineNumber: 3; columnNumber: 66; 在实体引用中, 实体名称必须紧跟在 '&' 后面。
	at com.sun.org.apache.xerces.internal.util.ErrorHandlerWrapper.createSAXParseException(ErrorHandlerWrapper.java:203)
	at com.sun.org.apache.xerces.internal.util.ErrorHandlerWrapper.fatalError(ErrorHandlerWrapper.java:177)
	at com.sun.org.apache.xerces.internal.impl.XMLErrorReporter.reportError(XMLErrorReporter.java:400)
	at com.sun.org.apache.xerces.internal.impl.XMLErrorReporter.reportError(XMLErrorReporter.java:327)
	at com.sun.org.apache.xerces.internal.impl.XMLScanner.reportFatalError(XMLScanner.java:1472)
	at com.sun.org.apache.xerces.internal.impl.XMLScanner.scanAttributeValue(XMLScanner.java:908)
	at com.sun.org.apache.xerces.internal.impl.XMLDocumentFragmentScannerImpl.scanAttribute(XMLDocumentFragmentScannerImpl.java:1548)
	at com.sun.org.apache.xerces.internal.impl.XMLDocumentFragmentScannerImpl.scanStartElement(XMLDocumentFragmentScannerImpl.java:1315)
	at com.sun.org.apache.xerces.internal.impl.XMLDocumentFragmentScannerImpl$FragmentContentDriver.next(XMLDocumentFragmentScannerImpl.java:2784)
	at com.sun.org.apache.xerces.internal.impl.XMLDocumentScannerImpl.next(XMLDocumentScannerImpl.java:602)
	at com.sun.org.apache.xerces.internal.impl.XMLDocumentFragmentScannerImpl.scanDocument(XMLDocumentFragmentScannerImpl.java:505)
	at com.sun.org.apache.xerces.internal.parsers.XML11Configuration.parse(XML11Configuration.java:841)
	at com.sun.org.apache.xerces.internal.parsers.XML11Configuration.parse(XML11Configuration.java:770)
	at com.sun.org.apache.xerces.internal.parsers.XMLParser.parse(XMLParser.java:141)
	at com.sun.org.apache.xerces.internal.parsers.DOMParser.parse(DOMParser.java:243)
	at com.sun.org.apache.xerces.internal.jaxp.DocumentBuilderImpl.parse(DocumentBuilderImpl.java:339)
	at org.eclipse.debug.internal.core.LaunchManager.createInfoFromXML(LaunchManager.java:935)
	at org.eclipse.debug.internal.core.LaunchManager.getInfo(LaunchManager.java:1359)
	at org.eclipse.debug.internal.core.LaunchConfiguration.getInfo(LaunchConfiguration.java:490)
	at org.eclipse.debug.internal.core.LaunchConfiguration.getType(LaunchConfiguration.java:645)
	at org.eclipse.debug.internal.core.LaunchManager.isValid(LaunchManager.java:2091)
	at org.eclipse.debug.internal.core.LaunchManager.verifyConfigurations(LaunchManager.java:2462)
	at org.eclipse.debug.internal.core.LaunchManager.getAllLaunchConfigurations(LaunchManager.java:1140)
	at org.eclipse.debug.internal.core.LaunchManager.getLaunchConfigurations(LaunchManager.java:1444)
	at org.eclipse.debug.internal.core.LaunchManager.getLaunchConfigurations(LaunchManager.java:1439)
	at org.eclipse.launchbar.core.internal.LaunchBarManager.init(LaunchBarManager.java:130)
	at org.eclipse.launchbar.core.internal.LaunchBarManager$1.run(LaunchBarManager.java:96)
	at org.eclipse.core.internal.jobs.Worker.run(Worker.java:63)

!ENTRY org.eclipse.debug.core 4 125 2026-07-28 11:20:41.108
!MESSAGE 调试核心所记录的错误：
!STACK 1
org.eclipse.debug.core.DebugException: 读取启动配置文件 F:\code\vibe_project\rollerball\M33\libraries\components\mtb-device-support-pse8xxgp\make\make\scripts\interface_version_4\eclipse\CM55\ram\_normal\JLink\any\&&_PRJ_NAME&& Program RAM (JLink).launch 时发生了 org.xml.sax.SAXParseException; lineNumber: 3; columnNumber: 66; 在实体引用中, 实体名称必须紧跟在 '&' 后面。。
	at org.eclipse.debug.internal.core.LaunchManager.createDebugException(LaunchManager.java:886)
	at org.eclipse.debug.internal.core.LaunchManager.throwException(LaunchManager.java:2448)
	at org.eclipse.debug.internal.core.LaunchManager.getInfo(LaunchManager.java:1366)
	at org.eclipse.debug.internal.core.LaunchConfiguration.getInfo(LaunchConfiguration.java:490)
	at org.eclipse.debug.internal.core.LaunchConfiguration.getType(LaunchConfiguration.java:645)
	at org.eclipse.debug.internal.core.LaunchManager.isValid(LaunchManager.java:2091)
	at org.eclipse.debug.internal.core.LaunchManager.verifyConfigurations(LaunchManager.java:2462)
	at org.eclipse.debug.internal.core.LaunchManager.getAllLaunchConfigurations(LaunchManager.java:1140)
	at org.eclipse.debug.internal.core.LaunchManager.getLaunchConfigurations(LaunchManager.java:1444)
	at org.eclipse.debug.internal.core.LaunchManager.getLaunchConfigurations(LaunchManager.java:1439)
	at org.eclipse.launchbar.core.internal.LaunchBarManager.init(LaunchBarManager.java:130)
	at org.eclipse.launchbar.core.internal.LaunchBarManager$1.run(LaunchBarManager.java:96)
	at org.eclipse.core.internal.jobs.Worker.run(Worker.java:63)
Caused by: org.xml.sax.SAXParseException; lineNumber: 3; columnNumber: 66; 在实体引用中, 实体名称必须紧跟在 '&' 后面。
	at com.sun.org.apache.xerces.internal.util.ErrorHandlerWrapper.createSAXParseException(ErrorHandlerWrapper.java:203)
	at com.sun.org.apache.xerces.internal.util.ErrorHandlerWrapper.fatalError(ErrorHandlerWrapper.java:177)
	at com.sun.org.apache.xerces.internal.impl.XMLErrorReporter.reportError(XMLErrorReporter.java:400)
	at com.sun.org.apache.xerces.internal.impl.XMLErrorReporter.reportError(XMLErrorReporter.java:327)
	at com.sun.org.apache.xerces.internal.impl.XMLScanner.reportFatalError(XMLScanner.java:1472)
	at com.sun.org.apache.xerces.internal.impl.XMLScanner.scanAttributeValue(XMLScanner.java:908)
	at com.sun.org.apache.xerces.internal.impl.XMLDocumentFragmentScannerImpl.scanAttribute(XMLDocumentFragmentScannerImpl.java:1548)
	at com.sun.org.apache.xerces.internal.impl.XMLDocumentFragmentScannerImpl.scanStartElement(XMLDocumentFragmentScannerImpl.java:1315)
	at com.sun.org.apache.xerces.internal.impl.XMLDocumentFragmentScannerImpl$FragmentContentDriver.next(XMLDocumentFragmentScannerImpl.java:2784)
	at com.sun.org.apache.xerces.internal.impl.XMLDocumentScannerImpl.next(XMLDocumentScannerImpl.java:602)
	at com.sun.org.apache.xerces.internal.impl.XMLDocumentFragmentScannerImpl.scanDocument(XMLDocumentFragmentScannerImpl.java:505)
	at com.sun.org.apache.xerces.internal.parsers.XML11Configuration.parse(XML11Configuration.java:841)
	at com.sun.org.apache.xerces.internal.parsers.XML11Configuration.parse(XML11Configuration.java:770)
	at com.sun.org.apache.xerces.internal.parsers.XMLParser.parse(XMLParser.java:141)
	at com.sun.org.apache.xerces.internal.parsers.DOMParser.parse(DOMParser.java:243)
	at com.sun.org.apache.xerces.internal.jaxp.DocumentBuilderImpl.parse(DocumentBuilderImpl.java:339)
	at org.eclipse.debug.internal.core.LaunchManager.createInfoFromXML(LaunchManager.java:935)
	at org.eclipse.debug.internal.core.LaunchManager.getInfo(LaunchManager.java:1359)
	... 10 more
!SUBENTRY 1 org.eclipse.debug.core 4 5012 2026-07-28 11:20:41.108
!MESSAGE 读取启动配置文件 F:\code\vibe_project\rollerball\M33\libraries\components\mtb-device-support-pse8xxgp\make\make\scripts\interface_version_4\eclipse\CM55\ram\_normal\JLink\any\&&_PRJ_NAME&& Program RAM (JLink).launch 时发生了 org.xml.sax.SAXParseException; lineNumber: 3; columnNumber: 66; 在实体引用中, 实体名称必须紧跟在 '&' 后面。。
!STACK 0
org.xml.sax.SAXParseException; lineNumber: 3; columnNumber: 66; 在实体引用中, 实体名称必须紧跟在 '&' 后面。
	at com.sun.org.apache.xerces.internal.util.ErrorHandlerWrapper.createSAXParseException(ErrorHandlerWrapper.java:203)
	at com.sun.org.apache.xerces.internal.util.ErrorHandlerWrapper.fatalError(ErrorHandlerWrapper.java:177)
	at com.sun.org.apache.xerces.internal.impl.XMLErrorReporter.reportError(XMLErrorReporter.java:400)
	at com.sun.org.apache.xerces.internal.impl.XMLErrorReporter.reportError(XMLErrorReporter.java:327)
	at com.sun.org.apache.xerces.internal.impl.XMLScanner.reportFatalError(XMLScanner.java:1472)
	at com.sun.org.apache.xerces.internal.impl.XMLScanner.scanAttributeValue(XMLScanner.java:908)
	at com.sun.org.apache.xerces.internal.impl.XMLDocumentFragmentScannerImpl.scanAttribute(XMLDocumentFragmentScannerImpl.java:1548)
	at com.sun.org.apache.xerces.internal.impl.XMLDocumentFragmentScannerImpl.scanStartElement(XMLDocumentFragmentScannerImpl.java:1315)
	at com.sun.org.apache.xerces.internal.impl.XMLDocumentFragmentScannerImpl$FragmentContentDriver.next(XMLDocumentFragmentScannerImpl.java:2784)
	at com.sun.org.apache.xerces.internal.impl.XMLDocumentScannerImpl.next(XMLDocumentScannerImpl.java:602)
	at com.sun.org.apache.xerces.internal.impl.XMLDocumentFragmentScannerImpl.scanDocument(XMLDocumentFragmentScannerImpl.java:505)
	at com.sun.org.apache.xerces.internal.parsers.XML11Configuration.parse(XML11Configuration.java:841)
	at com.sun.org.apache.xerces.internal.parsers.XML11Configuration.parse(XML11Configuration.java:770)
	at com.sun.org.apache.xerces.internal.parsers.XMLParser.parse(XMLParser.java:141)
	at com.sun.org.apache.xerces.internal.parsers.DOMParser.parse(DOMParser.java:243)
	at com.sun.org.apache.xerces.internal.jaxp.DocumentBuilderImpl.parse(DocumentBuilderImpl.java:339)
	at org.eclipse.debug.internal.core.LaunchManager.createInfoFromXML(LaunchManager.java:935)
	at org.eclipse.debug.internal.core.LaunchManager.getInfo(LaunchManager.java:1359)
	at org.eclipse.debug.internal.core.LaunchConfiguration.getInfo(LaunchConfiguration.java:490)
	at org.eclipse.debug.internal.core.LaunchConfiguration.getType(LaunchConfiguration.java:645)
	at org.eclipse.debug.internal.core.LaunchManager.isValid(LaunchManager.java:2091)
	at org.eclipse.debug.internal.core.LaunchManager.verifyConfigurations(LaunchManager.java:2462)
	at org.eclipse.debug.internal.core.LaunchManager.getAllLaunchConfigurations(LaunchManager.java:1140)
	at org.eclipse.debug.internal.core.LaunchManager.getLaunchConfigurations(LaunchManager.java:1444)
	at org.eclipse.debug.internal.core.LaunchManager.getLaunchConfigurations(LaunchManager.java:1439)
	at org.eclipse.launchbar.core.internal.LaunchBarManager.init(LaunchBarManager.java:130)
	at org.eclipse.launchbar.core.internal.LaunchBarManager$1.run(LaunchBarManager.java:96)
	at org.eclipse.core.internal.jobs.Worker.run(Worker.java:63)

!ENTRY org.eclipse.debug.core 4 125 2026-07-28 11:20:41.110
!MESSAGE 调试核心所记录的错误：
!STACK 1
org.eclipse.debug.core.DebugException: 读取启动配置文件 F:\code\vibe_project\rollerball\M33\libraries\components\mtb-device-support-pse8xxgp\make\make\scripts\interface_version_4\eclipse\CM55\ram\_normal\KitProg3\any\&&_PRJ_NAME&& Attach (KitProg3_MiniProg4).launch 时发生了 org.xml.sax.SAXParseException; lineNumber: 3; columnNumber: 66; 在实体引用中, 实体名称必须紧跟在 '&' 后面。。
	at org.eclipse.debug.internal.core.LaunchManager.createDebugException(LaunchManager.java:886)
	at org.eclipse.debug.internal.core.LaunchManager.throwException(LaunchManager.java:2448)
	at org.eclipse.debug.internal.core.LaunchManager.getInfo(LaunchManager.java:1366)
	at org.eclipse.debug.internal.core.LaunchConfiguration.getInfo(LaunchConfiguration.java:490)
	at org.eclipse.debug.internal.core.LaunchConfiguration.getType(LaunchConfiguration.java:645)
	at org.eclipse.debug.internal.core.LaunchManager.isValid(LaunchManager.java:2091)
	at org.eclipse.debug.internal.core.LaunchManager.verifyConfigurations(LaunchManager.java:2462)
	at org.eclipse.debug.internal.core.LaunchManager.getAllLaunchConfigurations(LaunchManager.java:1140)
	at org.eclipse.debug.internal.core.LaunchManager.getLaunchConfigurations(LaunchManager.java:1444)
	at org.eclipse.debug.internal.core.LaunchManager.getLaunchConfigurations(LaunchManager.java:1439)
	at org.eclipse.launchbar.core.internal.LaunchBarManager.init(LaunchBarManager.java:130)
	at org.eclipse.launchbar.core.internal.LaunchBarManager$1.run(LaunchBarManager.java:96)
	at org.eclipse.core.internal.jobs.Worker.run(Worker.java:63)
Caused by: org.xml.sax.SAXParseException; lineNumber: 3; columnNumber: 66; 在实体引用中, 实体名称必须紧跟在 '&' 后面。
	at com.sun.org.apache.xerces.internal.util.ErrorHandlerWrapper.createSAXParseException(ErrorHandlerWrapper.java:203)
	at com.sun.org.apache.xerces.internal.util.ErrorHandlerWrapper.fatalError(ErrorHandlerWrapper.java:177)
	at com.sun.org.apache.xerces.internal.impl.XMLErrorReporter.reportError(XMLErrorReporter.java:400)
	at com.sun.org.apache.xerces.internal.impl.XMLErrorReporter.reportError(XMLErrorReporter.java:327)
	at com.sun.org.apache.xerces.internal.impl.XMLScanner.reportFatalError(XMLScanner.java:1472)
	at com.sun.org.apache.xerces.internal.impl.XMLScanner.scanAttributeValue(XMLScanner.java:908)
	at com.sun.org.apache.xerces.internal.impl.XMLDocumentFragmentScannerImpl.scanAttribute(XMLDocumentFragmentScannerImpl.java:1548)
	at com.sun.org.apache.xerces.internal.impl.XMLDocumentFragmentScannerImpl.scanStartElement(XMLDocumentFragmentScannerImpl.java:1315)
	at com.sun.org.apache.xerces.internal.impl.XMLDocumentFragmentScannerImpl$FragmentContentDriver.next(XMLDocumentFragmentScannerImpl.java:2784)
	at com.sun.org.apache.xerces.internal.impl.XMLDocumentScannerImpl.next(XMLDocumentScannerImpl.java:602)
	at com.sun.org.apache.xerces.internal.impl.XMLDocumentFragmentScannerImpl.scanDocument(XMLDocumentFragmentScannerImpl.java:505)
	at com.sun.org.apache.xerces.internal.parsers.XML11Configuration.parse(XML11Configuration.java:841)
	at com.sun.org.apache.xerces.internal.parsers.XML11Configuration.parse(XML11Configuration.java:770)
	at com.sun.org.apache.xerces.internal.parsers.XMLParser.parse(XMLParser.java:141)
	at com.sun.org.apache.xerces.internal.parsers.DOMParser.parse(DOMParser.java:243)
	at com.sun.org.apache.xerces.internal.jaxp.DocumentBuilderImpl.parse(DocumentBuilderImpl.java:339)
	at org.eclipse.debug.internal.core.LaunchManager.createInfoFromXML(LaunchManager.java:935)
	at org.eclipse.debug.internal.core.LaunchManager.getInfo(LaunchManager.java:1359)
	... 10 more
!SUBENTRY 1 org.eclipse.debug.core 4 5012 2026-07-28 11:20:41.110
!MESSAGE 读取启动配置文件 F:\code\vibe_project\rollerball\M33\libraries\components\mtb-device-support-pse8xxgp\make\make\scripts\interface_version_4\eclipse\CM55\ram\_normal\KitProg3\any\&&_PRJ_NAME&& Attach (KitProg3_MiniProg4).launch 时发生了 org.xml.sax.SAXParseException; lineNumber: 3; columnNumber: 66; 在实体引用中, 实体名称必须紧跟在 '&' 后面。。
!STACK 0
org.xml.sax.SAXParseException; lineNumber: 3; columnNumber: 66; 在实体引用中, 实体名称必须紧跟在 '&' 后面。
	at com.sun.org.apache.xerces.internal.util.ErrorHandlerWrapper.createSAXParseException(ErrorHandlerWrapper.java:203)
	at com.sun.org.apache.xerces.internal.util.ErrorHandlerWrapper.fatalError(ErrorHandlerWrapper.java:177)
	at com.sun.org.apache.xerces.internal.impl.XMLErrorReporter.reportError(XMLErrorReporter.java:400)
	at com.sun.org.apache.xerces.internal.impl.XMLErrorReporter.reportError(XMLErrorReporter.java:327)
	at com.sun.org.apache.xerces.internal.impl.XMLScanner.reportFatalError(XMLScanner.java:1472)
	at com.sun.org.apache.xerces.internal.impl.XMLScanner.scanAttributeValue(XMLScanner.java:908)
	at com.sun.org.apache.xerces.internal.impl.XMLDocumentFragmentScannerImpl.scanAttribute(XMLDocumentFragmentScannerImpl.java:1548)
	at com.sun.org.apache.xerces.internal.impl.XMLDocumentFragmentScannerImpl.scanStartElement(XMLDocumentFragmentScannerImpl.java:1315)
	at com.sun.org.apache.xerces.internal.impl.XMLDocumentFragmentScannerImpl$FragmentContentDriver.next(XMLDocumentFragmentScannerImpl.java:2784)
	at com.sun.org.apache.xerces.internal.impl.XMLDocumentScannerImpl.next(XMLDocumentScannerImpl.java:602)
	at com.sun.org.apache.xerces.internal.impl.XMLDocumentFragmentScannerImpl.scanDocument(XMLDocumentFragmentScannerImpl.java:505)
	at com.sun.org.apache.xerces.internal.parsers.XML11Configuration.parse(XML11Configuration.java:841)
	at com.sun.org.apache.xerces.internal.parsers.XML11Configuration.parse(XML11Configuration.java:770)
	at com.sun.org.apache.xerces.internal.parsers.XMLParser.parse(XMLParser.java:141)
	at com.sun.org.apache.xerces.internal.parsers.DOMParser.parse(DOMParser.java:243)
	at com.sun.org.apache.xerces.internal.jaxp.DocumentBuilderImpl.parse(DocumentBuilderImpl.java:339)
	at org.eclipse.debug.internal.core.LaunchManager.createInfoFromXML(LaunchManager.java:935)
	at org.eclipse.debug.internal.core.LaunchManager.getInfo(LaunchManager.java:1359)
	at org.eclipse.debug.internal.core.LaunchConfiguration.getInfo(LaunchConfiguration.java:490)
	at org.eclipse.debug.internal.core.LaunchConfiguration.getType(LaunchConfiguration.java:645)
	at org.eclipse.debug.internal.core.LaunchManager.isValid(LaunchManager.java:2091)
	at org.eclipse.debug.internal.core.LaunchManager.verifyConfigurations(LaunchManager.java:2462)
	at org.eclipse.debug.internal.core.LaunchManager.getAllLaunchConfigurations(LaunchManager.java:1140)
	at org.eclipse.debug.internal.core.LaunchManager.getLaunchConfigurations(LaunchManager.java:1444)
	at org.eclipse.debug.internal.core.LaunchManager.getLaunchConfigurations(LaunchManager.java:1439)
	at org.eclipse.launchbar.core.internal.LaunchBarManager.init(LaunchBarManager.java:130)
	at org.eclipse.launchbar.core.internal.LaunchBarManager$1.run(LaunchBarManager.java:96)
	at org.eclipse.core.internal.jobs.Worker.run(Worker.java:63)

!ENTRY org.eclipse.debug.core 4 125 2026-07-28 11:20:41.112
!MESSAGE 调试核心所记录的错误：
!STACK 1
org.eclipse.debug.core.DebugException: 读取启动配置文件 F:\code\vibe_project\rollerball\M33\libraries\components\mtb-device-support-pse8xxgp\make\make\scripts\interface_version_4\eclipse\CM55\ram\_normal\KitProg3\any\&&_PRJ_NAME&& Program (KitProg3_MiniProg4).launch 时发生了 org.xml.sax.SAXParseException; lineNumber: 3; columnNumber: 66; 在实体引用中, 实体名称必须紧跟在 '&' 后面。。
	at org.eclipse.debug.internal.core.LaunchManager.createDebugException(LaunchManager.java:886)
	at org.eclipse.debug.internal.core.LaunchManager.throwException(LaunchManager.java:2448)
	at org.eclipse.debug.internal.core.LaunchManager.getInfo(LaunchManager.java:1366)
	at org.eclipse.debug.internal.core.LaunchConfiguration.getInfo(LaunchConfiguration.java:490)
	at org.eclipse.debug.internal.core.LaunchConfiguration.getType(LaunchConfiguration.java:645)
	at org.eclipse.debug.internal.core.LaunchManager.isValid(LaunchManager.java:2091)
	at org.eclipse.debug.internal.core.LaunchManager.verifyConfigurations(LaunchManager.java:2462)
	at org.eclipse.debug.internal.core.LaunchManager.getAllLaunchConfigurations(LaunchManager.java:1140)
	at org.eclipse.debug.internal.core.LaunchManager.getLaunchConfigurations(LaunchManager.java:1444)
	at org.eclipse.debug.internal.core.LaunchManager.getLaunchConfigurations(LaunchManager.java:1439)
	at org.eclipse.launchbar.core.internal.LaunchBarManager.init(LaunchBarManager.java:130)
	at org.eclipse.launchbar.core.internal.LaunchBarManager$1.run(LaunchBarManager.java:96)
	at org.eclipse.core.internal.jobs.Worker.run(Worker.java:63)
Caused by: org.xml.sax.SAXParseException; lineNumber: 3; columnNumber: 66; 在实体引用中, 实体名称必须紧跟在 '&' 后面。
	at com.sun.org.apache.xerces.internal.util.ErrorHandlerWrapper.createSAXParseException(ErrorHandlerWrapper.java:203)
	at com.sun.org.apache.xerces.internal.util.ErrorHandlerWrapper.fatalError(ErrorHandlerWrapper.java:177)
	at com.sun.org.apache.xerces.internal.impl.XMLErrorReporter.reportError(XMLErrorReporter.java:400)
	at com.sun.org.apache.xerces.internal.impl.XMLErrorReporter.reportError(XMLErrorReporter.java:327)
	at com.sun.org.apache.xerces.internal.impl.XMLScanner.reportFatalError(XMLScanner.java:1472)
	at com.sun.org.apache.xerces.internal.impl.XMLScanner.scanAttributeValue(XMLScanner.java:908)
	at com.sun.org.apache.xerces.internal.impl.XMLDocumentFragmentScannerImpl.scanAttribute(XMLDocumentFragmentScannerImpl.java:1548)
	at com.sun.org.apache.xerces.internal.impl.XMLDocumentFragmentScannerImpl.scanStartElement(XMLDocumentFragmentScannerImpl.java:1315)
	at com.sun.org.apache.xerces.internal.impl.XMLDocumentFragmentScannerImpl$FragmentContentDriver.next(XMLDocumentFragmentScannerImpl.java:2784)
	at com.sun.org.apache.xerces.internal.impl.XMLDocumentScannerImpl.next(XMLDocumentScannerImpl.java:602)
	at com.sun.org.apache.xerces.internal.impl.XMLDocumentFragmentScannerImpl.scanDocument(XMLDocumentFragmentScannerImpl.java:505)
	at com.sun.org.apache.xerces.internal.parsers.XML11Configuration.parse(XML11Configuration.java:841)
	at com.sun.org.apache.xerces.internal.parsers.XML11Configuration.parse(XML11Configuration.java:770)
	at com.sun.org.apache.xerces.internal.parsers.XMLParser.parse(XMLParser.java:141)
	at com.sun.org.apache.xerces.internal.parsers.DOMParser.parse(DOMParser.java:243)
	at com.sun.org.apache.xerces.internal.jaxp.DocumentBuilderImpl.parse(DocumentBuilderImpl.java:339)
	at org.eclipse.debug.internal.core.LaunchManager.createInfoFromXML(LaunchManager.java:935)
	at org.eclipse.debug.internal.core.LaunchManager.getInfo(LaunchManager.java:1359)
	... 10 more
!SUBENTRY 1 org.eclipse.debug.core 4 5012 2026-07-28 11:20:41.112
!MESSAGE 读取启动配置文件 F:\code\vibe_project\rollerball\M33\libraries\components\mtb-device-support-pse8xxgp\make\make\scripts\interface_version_4\eclipse\CM55\ram\_normal\KitProg3\any\&&_PRJ_NAME&& Program (KitProg3_MiniProg4).launch 时发生了 org.xml.sax.SAXParseException; lineNumber: 3; columnNumber: 66; 在实体引用中, 实体名称必须紧跟在 '&' 后面。。
!STACK 0
org.xml.sax.SAXParseException; lineNumber: 3; columnNumber: 66; 在实体引用中, 实体名称必须紧跟在 '&' 后面。
	at com.sun.org.apache.xerces.internal.util.ErrorHandlerWrapper.createSAXParseException(ErrorHandlerWrapper.java:203)
	at com.sun.org.apache.xerces.internal.util.ErrorHandlerWrapper.fatalError(ErrorHandlerWrapper.java:177)
	at com.sun.org.apache.xerces.internal.impl.XMLErrorReporter.reportError(XMLErrorReporter.java:400)
	at com.sun.org.apache.xerces.internal.impl.XMLErrorReporter.reportError(XMLErrorReporter.java:327)
	at com.sun.org.apache.xerces.internal.impl.XMLScanner.reportFatalError(XMLScanner.java:1472)
	at com.sun.org.apache.xerces.internal.impl.XMLScanner.scanAttributeValue(XMLScanner.java:908)
	at com.sun.org.apache.xerces.internal.impl.XMLDocumentFragmentScannerImpl.scanAttribute(XMLDocumentFragmentScannerImpl.java:1548)
	at com.sun.org.apache.xerces.internal.impl.XMLDocumentFragmentScannerImpl.scanStartElement(XMLDocumentFragmentScannerImpl.java:1315)
	at com.sun.org.apache.xerces.internal.impl.XMLDocumentFragmentScannerImpl$FragmentContentDriver.next(XMLDocumentFragmentScannerImpl.java:2784)
	at com.sun.org.apache.xerces.internal.impl.XMLDocumentScannerImpl.next(XMLDocumentScannerImpl.java:602)
	at com.sun.org.apache.xerces.internal.impl.XMLDocumentFragmentScannerImpl.scanDocument(XMLDocumentFragmentScannerImpl.java:505)
	at com.sun.org.apache.xerces.internal.parsers.XML11Configuration.parse(XML11Configuration.java:841)
	at com.sun.org.apache.xerces.internal.parsers.XML11Configuration.parse(XML11Configuration.java:770)
	at com.sun.org.apache.xerces.internal.parsers.XMLParser.parse(XMLParser.java:141)
	at com.sun.org.apache.xerces.internal.parsers.DOMParser.parse(DOMParser.java:243)
	at com.sun.org.apache.xerces.internal.jaxp.DocumentBuilderImpl.parse(DocumentBuilderImpl.java:339)
	at org.eclipse.debug.internal.core.LaunchManager.createInfoFromXML(LaunchManager.java:935)
	at org.eclipse.debug.internal.core.LaunchManager.getInfo(LaunchManager.java:1359)
	at org.eclipse.debug.internal.core.LaunchConfiguration.getInfo(LaunchConfiguration.java:490)
	at org.eclipse.debug.internal.core.LaunchConfiguration.getType(LaunchConfiguration.java:645)
	at org.eclipse.debug.internal.core.LaunchManager.isValid(LaunchManager.java:2091)
	at org.eclipse.debug.internal.core.LaunchManager.verifyConfigurations(LaunchManager.java:2462)
	at org.eclipse.debug.internal.core.LaunchManager.getAllLaunchConfigurations(LaunchManager.java:1140)
	at org.eclipse.debug.internal.core.LaunchManager.getLaunchConfigurations(LaunchManager.java:1444)
	at org.eclipse.debug.internal.core.LaunchManager.getLaunchConfigurations(LaunchManager.java:1439)
	at org.eclipse.launchbar.core.internal.LaunchBarManager.init(LaunchBarManager.java:130)
	at org.eclipse.launchbar.core.internal.LaunchBarManager$1.run(LaunchBarManager.java:96)
	at org.eclipse.core.internal.jobs.Worker.run(Worker.java:63)

!ENTRY org.eclipse.debug.core 4 125 2026-07-28 11:20:41.114
!MESSAGE 调试核心所记录的错误：
!STACK 1
org.eclipse.debug.core.DebugException: 读取启动配置文件 F:\code\vibe_project\rollerball\M33\libraries\components\mtb-device-support-pse8xxgp\make\make\scripts\interface_version_4\eclipse\CM55\ram\_normal\KitProg3\multi\&&_PRJ_NAME&& Add CM55 to CM33 (KitProg3_MiniProg4).launch 时发生了 org.xml.sax.SAXParseException; lineNumber: 3; columnNumber: 66; 在实体引用中, 实体名称必须紧跟在 '&' 后面。。
	at org.eclipse.debug.internal.core.LaunchManager.createDebugException(LaunchManager.java:886)
	at org.eclipse.debug.internal.core.LaunchManager.throwException(LaunchManager.java:2448)
	at org.eclipse.debug.internal.core.LaunchManager.getInfo(LaunchManager.java:1366)
	at org.eclipse.debug.internal.core.LaunchConfiguration.getInfo(LaunchConfiguration.java:490)
	at org.eclipse.debug.internal.core.LaunchConfiguration.getType(LaunchConfiguration.java:645)
	at org.eclipse.debug.internal.core.LaunchManager.isValid(LaunchManager.java:2091)
	at org.eclipse.debug.internal.core.LaunchManager.verifyConfigurations(LaunchManager.java:2462)
	at org.eclipse.debug.internal.core.LaunchManager.getAllLaunchConfigurations(LaunchManager.java:1140)
	at org.eclipse.debug.internal.core.LaunchManager.getLaunchConfigurations(LaunchManager.java:1444)
	at org.eclipse.debug.internal.core.LaunchManager.getLaunchConfigurations(LaunchManager.java:1439)
	at org.eclipse.launchbar.core.internal.LaunchBarManager.init(LaunchBarManager.java:130)
	at org.eclipse.launchbar.core.internal.LaunchBarManager$1.run(LaunchBarManager.java:96)
	at org.eclipse.core.internal.jobs.Worker.run(Worker.java:63)
Caused by: org.xml.sax.SAXParseException; lineNumber: 3; columnNumber: 66; 在实体引用中, 实体名称必须紧跟在 '&' 后面。
	at com.sun.org.apache.xerces.internal.util.ErrorHandlerWrapper.createSAXParseException(ErrorHandlerWrapper.java:203)
	at com.sun.org.apache.xerces.internal.util.ErrorHandlerWrapper.fatalError(ErrorHandlerWrapper.java:177)
	at com.sun.org.apache.xerces.internal.impl.XMLErrorReporter.reportError(XMLErrorReporter.java:400)
	at com.sun.org.apache.xerces.internal.impl.XMLErrorReporter.reportError(XMLErrorReporter.java:327)
	at com.sun.org.apache.xerces.internal.impl.XMLScanner.reportFatalError(XMLScanner.java:1472)
	at com.sun.org.apache.xerces.internal.impl.XMLScanner.scanAttributeValue(XMLScanner.java:908)
	at com.sun.org.apache.xerces.internal.impl.XMLDocumentFragmentScannerImpl.scanAttribute(XMLDocumentFragmentScannerImpl.java:1548)
	at com.sun.org.apache.xerces.internal.impl.XMLDocumentFragmentScannerImpl.scanStartElement(XMLDocumentFragmentScannerImpl.java:1315)
	at com.sun.org.apache.xerces.internal.impl.XMLDocumentFragmentScannerImpl$FragmentContentDriver.next(XMLDocumentFragmentScannerImpl.java:2784)
	at com.sun.org.apache.xerces.internal.impl.XMLDocumentScannerImpl.next(XMLDocumentScannerImpl.java:602)
	at com.sun.org.apache.xerces.internal.impl.XMLDocumentFragmentScannerImpl.scanDocument(XMLDocumentFragmentScannerImpl.java:505)
	at com.sun.org.apache.xerces.internal.parsers.XML11Configuration.parse(XML11Configuration.java:841)
	at com.sun.org.apache.xerces.internal.parsers.XML11Configuration.parse(XML11Configuration.java:770)
	at com.sun.org.apache.xerces.internal.parsers.XMLParser.parse(XMLParser.java:141)
	at com.sun.org.apache.xerces.internal.parsers.DOMParser.parse(DOMParser.java:243)
	at com.sun.org.apache.xerces.internal.jaxp.DocumentBuilderImpl.parse(DocumentBuilderImpl.java:339)
	at org.eclipse.debug.internal.core.LaunchManager.createInfoFromXML(LaunchManager.java:935)
	at org.eclipse.debug.internal.core.LaunchManager.getInfo(LaunchManager.java:1359)
	... 10 more
!SUBENTRY 1 org.eclipse.debug.core 4 5012 2026-07-28 11:20:41.114
!MESSAGE 读取启动配置文件 F:\code\vibe_project\rollerball\M33\libraries\components\mtb-device-support-pse8xxgp\make\make\scripts\interface_version_4\eclipse\CM55\ram\_normal\KitProg3\multi\&&_PRJ_NAME&& Add CM55 to CM33 (KitProg3_MiniProg4).launch 时发生了 org.xml.sax.SAXParseException; lineNumber: 3; columnNumber: 66; 在实体引用中, 实体名称必须紧跟在 '&' 后面。。
!STACK 0
org.xml.sax.SAXParseException; lineNumber: 3; columnNumber: 66; 在实体引用中, 实体名称必须紧跟在 '&' 后面。
	at com.sun.org.apache.xerces.internal.util.ErrorHandlerWrapper.createSAXParseException(ErrorHandlerWrapper.java:203)
	at com.sun.org.apache.xerces.internal.util.ErrorHandlerWrapper.fatalError(ErrorHandlerWrapper.java:177)
	at com.sun.org.apache.xerces.internal.impl.XMLErrorReporter.reportError(XMLErrorReporter.java:400)
	at com.sun.org.apache.xerces.internal.impl.XMLErrorReporter.reportError(XMLErrorReporter.java:327)
	at com.sun.org.apache.xerces.internal.impl.XMLScanner.reportFatalError(XMLScanner.java:1472)
	at com.sun.org.apache.xerces.internal.impl.XMLScanner.scanAttributeValue(XMLScanner.java:908)
	at com.sun.org.apache.xerces.internal.impl.XMLDocumentFragmentScannerImpl.scanAttribute(XMLDocumentFragmentScannerImpl.java:1548)
	at com.sun.org.apache.xerces.internal.impl.XMLDocumentFragmentScannerImpl.scanStartElement(XMLDocumentFragmentScannerImpl.java:1315)
	at com.sun.org.apache.xerces.internal.impl.XMLDocumentFragmentScannerImpl$FragmentContentDriver.next(XMLDocumentFragmentScannerImpl.java:2784)
	at com.sun.org.apache.xerces.internal.impl.XMLDocumentScannerImpl.next(XMLDocumentScannerImpl.java:602)
	at com.sun.org.apache.xerces.internal.impl.XMLDocumentFragmentScannerImpl.scanDocument(XMLDocumentFragmentScannerImpl.java:505)
	at com.sun.org.apache.xerces.internal.parsers.XML11Configuration.parse(XML11Configuration.java:841)
	at com.sun.org.apache.xerces.internal.parsers.XML11Configuration.parse(XML11Configuration.java:770)
	at com.sun.org.apache.xerces.internal.parsers.XMLParser.parse(XMLParser.java:141)
	at com.sun.org.apache.xerces.internal.parsers.DOMParser.parse(DOMParser.java:243)
	at com.sun.org.apache.xerces.internal.jaxp.DocumentBuilderImpl.parse(DocumentBuilderImpl.java:339)
	at org.eclipse.debug.internal.core.LaunchManager.createInfoFromXML(LaunchManager.java:935)
	at org.eclipse.debug.internal.core.LaunchManager.getInfo(LaunchManager.java:1359)
	at org.eclipse.debug.internal.core.LaunchConfiguration.getInfo(LaunchConfiguration.java:490)
	at org.eclipse.debug.internal.core.LaunchConfiguration.getType(LaunchConfiguration.java:645)
	at org.eclipse.debug.internal.core.LaunchManager.isValid(LaunchManager.java:2091)
	at org.eclipse.debug.internal.core.LaunchManager.verifyConfigurations(LaunchManager.java:2462)
	at org.eclipse.debug.internal.core.LaunchManager.getAllLaunchConfigurations(LaunchManager.java:1140)
	at org.eclipse.debug.internal.core.LaunchManager.getLaunchConfigurations(LaunchManager.java:1444)
	at org.eclipse.debug.internal.core.LaunchManager.getLaunchConfigurations(LaunchManager.java:1439)
	at org.eclipse.launchbar.core.internal.LaunchBarManager.init(LaunchBarManager.java:130)
	at org.eclipse.launchbar.core.internal.LaunchBarManager$1.run(LaunchBarManager.java:96)
	at org.eclipse.core.internal.jobs.Worker.run(Worker.java:63)

!ENTRY org.eclipse.debug.core 4 125 2026-07-28 11:20:41.116
!MESSAGE 调试核心所记录的错误：
!STACK 1
org.eclipse.debug.core.DebugException: 读取启动配置文件 F:\code\vibe_project\rollerball\M33\libraries\components\mtb-device-support-pse8xxgp\make\make\scripts\interface_version_4\eclipse\CM55\ram\virgin\JLink\any\&&_PRJ_NAME&& Attach RAM (JLink).launch 时发生了 org.xml.sax.SAXParseException; lineNumber: 3; columnNumber: 66; 在实体引用中, 实体名称必须紧跟在 '&' 后面。。
	at org.eclipse.debug.internal.core.LaunchManager.createDebugException(LaunchManager.java:886)
	at org.eclipse.debug.internal.core.LaunchManager.throwException(LaunchManager.java:2448)
	at org.eclipse.debug.internal.core.LaunchManager.getInfo(LaunchManager.java:1366)
	at org.eclipse.debug.internal.core.LaunchConfiguration.getInfo(LaunchConfiguration.java:490)
	at org.eclipse.debug.internal.core.LaunchConfiguration.getType(LaunchConfiguration.java:645)
	at org.eclipse.debug.internal.core.LaunchManager.isValid(LaunchManager.java:2091)
	at org.eclipse.debug.internal.core.LaunchManager.verifyConfigurations(LaunchManager.java:2462)
	at org.eclipse.debug.internal.core.LaunchManager.getAllLaunchConfigurations(LaunchManager.java:1140)
	at org.eclipse.debug.internal.core.LaunchManager.getLaunchConfigurations(LaunchManager.java:1444)
	at org.eclipse.debug.internal.core.LaunchManager.getLaunchConfigurations(LaunchManager.java:1439)
	at org.eclipse.launchbar.core.internal.LaunchBarManager.init(LaunchBarManager.java:130)
	at org.eclipse.launchbar.core.internal.LaunchBarManager$1.run(LaunchBarManager.java:96)
	at org.eclipse.core.internal.jobs.Worker.run(Worker.java:63)
Caused by: org.xml.sax.SAXParseException; lineNumber: 3; columnNumber: 66; 在实体引用中, 实体名称必须紧跟在 '&' 后面。
	at com.sun.org.apache.xerces.internal.util.ErrorHandlerWrapper.createSAXParseException(ErrorHandlerWrapper.java:203)
	at com.sun.org.apache.xerces.internal.util.ErrorHandlerWrapper.fatalError(ErrorHandlerWrapper.java:177)
	at com.sun.org.apache.xerces.internal.impl.XMLErrorReporter.reportError(XMLErrorReporter.java:400)
	at com.sun.org.apache.xerces.internal.impl.XMLErrorReporter.reportError(XMLErrorReporter.java:327)
	at com.sun.org.apache.xerces.internal.impl.XMLScanner.reportFatalError(XMLScanner.java:1472)
	at com.sun.org.apache.xerces.internal.impl.XMLScanner.scanAttributeValue(XMLScanner.java:908)
	at com.sun.org.apache.xerces.internal.impl.XMLDocumentFragmentScannerImpl.scanAttribute(XMLDocumentFragmentScannerImpl.java:1548)
	at com.sun.org.apache.xerces.internal.impl.XMLDocumentFragmentScannerImpl.scanStartElement(XMLDocumentFragmentScannerImpl.java:1315)
	at com.sun.org.apache.xerces.internal.impl.XMLDocumentFragmentScannerImpl$FragmentContentDriver.next(XMLDocumentFragmentScannerImpl.java:2784)
	at com.sun.org.apache.xerces.internal.impl.XMLDocumentScannerImpl.next(XMLDocumentScannerImpl.java:602)
	at com.sun.org.apache.xerces.internal.impl.XMLDocumentFragmentScannerImpl.scanDocument(XMLDocumentFragmentScannerImpl.java:505)
	at com.sun.org.apache.xerces.internal.parsers.XML11Configuration.parse(XML11Configuration.java:841)
	at com.sun.org.apache.xerces.internal.parsers.XML11Configuration.parse(XML11Configuration.java:770)
	at com.sun.org.apache.xerces.internal.parsers.XMLParser.parse(XMLParser.java:141)
	at com.sun.org.apache.xerces.internal.parsers.DOMParser.parse(DOMParser.java:243)
	at com.sun.org.apache.xerces.internal.jaxp.DocumentBuilderImpl.parse(DocumentBuilderImpl.java:339)
	at org.eclipse.debug.internal.core.LaunchManager.createInfoFromXML(LaunchManager.java:935)
	at org.eclipse.debug.internal.core.LaunchManager.getInfo(LaunchManager.java:1359)
	... 10 more
!SUBENTRY 1 org.eclipse.debug.core 4 5012 2026-07-28 11:20:41.116
!MESSAGE 读取启动配置文件 F:\code\vibe_project\rollerball\M33\libraries\components\mtb-device-support-pse8xxgp\make\make\scripts\interface_version_4\eclipse\CM55\ram\virgin\JLink\any\&&_PRJ_NAME&& Attach RAM (JLink).launch 时发生了 org.xml.sax.SAXParseException; lineNumber: 3; columnNumber: 66; 在实体引用中, 实体名称必须紧跟在 '&' 后面。。
!STACK 0
org.xml.sax.SAXParseException; lineNumber: 3; columnNumber: 66; 在实体引用中, 实体名称必须紧跟在 '&' 后面。
	at com.sun.org.apache.xerces.internal.util.ErrorHandlerWrapper.createSAXParseException(ErrorHandlerWrapper.java:203)
	at com.sun.org.apache.xerces.internal.util.ErrorHandlerWrapper.fatalError(ErrorHandlerWrapper.java:177)
	at com.sun.org.apache.xerces.internal.impl.XMLErrorReporter.reportError(XMLErrorReporter.java:400)
	at com.sun.org.apache.xerces.internal.impl.XMLErrorReporter.reportError(XMLErrorReporter.java:327)
	at com.sun.org.apache.xerces.internal.impl.XMLScanner.reportFatalError(XMLScanner.java:1472)
	at com.sun.org.apache.xerces.internal.impl.XMLScanner.scanAttributeValue(XMLScanner.java:908)
	at com.sun.org.apache.xerces.internal.impl.XMLDocumentFragmentScannerImpl.scanAttribute(XMLDocumentFragmentScannerImpl.java:1548)
	at com.sun.org.apache.xerces.internal.impl.XMLDocumentFragmentScannerImpl.scanStartElement(XMLDocumentFragmentScannerImpl.java:1315)
	at com.sun.org.apache.xerces.internal.impl.XMLDocumentFragmentScannerImpl$FragmentContentDriver.next(XMLDocumentFragmentScannerImpl.java:2784)
	at com.sun.org.apache.xerces.internal.impl.XMLDocumentScannerImpl.next(XMLDocumentScannerImpl.java:602)
	at com.sun.org.apache.xerces.internal.impl.XMLDocumentFragmentScannerImpl.scanDocument(XMLDocumentFragmentScannerImpl.java:505)
	at com.sun.org.apache.xerces.internal.parsers.XML11Configuration.parse(XML11Configuration.java:841)
	at com.sun.org.apache.xerces.internal.parsers.XML11Configuration.parse(XML11Configuration.java:770)
	at com.sun.org.apache.xerces.internal.parsers.XMLParser.parse(XMLParser.java:141)
	at com.sun.org.apache.xerces.internal.parsers.DOMParser.parse(DOMParser.java:243)
	at com.sun.org.apache.xerces.internal.jaxp.DocumentBuilderImpl.parse(DocumentBuilderImpl.java:339)
	at org.eclipse.debug.internal.core.LaunchManager.createInfoFromXML(LaunchManager.java:935)
	at org.eclipse.debug.internal.core.LaunchManager.getInfo(LaunchManager.java:1359)
	at org.eclipse.debug.internal.core.LaunchConfiguration.getInfo(LaunchConfiguration.java:490)
	at org.eclipse.debug.internal.core.LaunchConfiguration.getType(LaunchConfiguration.java:645)
	at org.eclipse.debug.internal.core.LaunchManager.isValid(LaunchManager.java:2091)
	at org.eclipse.debug.internal.core.LaunchManager.verifyConfigurations(LaunchManager.java:2462)
	at org.eclipse.debug.internal.core.LaunchManager.getAllLaunchConfigurations(LaunchManager.java:1140)
	at org.eclipse.debug.internal.core.LaunchManager.getLaunchConfigurations(LaunchManager.java:1444)
	at org.eclipse.debug.internal.core.LaunchManager.getLaunchConfigurations(LaunchManager.java:1439)
	at org.eclipse.launchbar.core.internal.LaunchBarManager.init(LaunchBarManager.java:130)
	at org.eclipse.launchbar.core.internal.LaunchBarManager$1.run(LaunchBarManager.java:96)
	at org.eclipse.core.internal.jobs.Worker.run(Worker.java:63)

!ENTRY org.eclipse.debug.core 4 125 2026-07-28 11:20:41.116
!MESSAGE 调试核心所记录的错误：
!STACK 1
org.eclipse.debug.core.DebugException: 读取启动配置文件 F:\code\vibe_project\rollerball\M33\libraries\components\mtb-device-support-pse8xxgp\make\make\scripts\interface_version_4\eclipse\CM55\ram\virgin\JLink\any\&&_PRJ_NAME&& Program RAM (JLink).launch 时发生了 org.xml.sax.SAXParseException; lineNumber: 3; columnNumber: 66; 在实体引用中, 实体名称必须紧跟在 '&' 后面。。
	at org.eclipse.debug.internal.core.LaunchManager.createDebugException(LaunchManager.java:886)
	at org.eclipse.debug.internal.core.LaunchManager.throwException(LaunchManager.java:2448)
	at org.eclipse.debug.internal.core.LaunchManager.getInfo(LaunchManager.java:1366)
	at org.eclipse.debug.internal.core.LaunchConfiguration.getInfo(LaunchConfiguration.java:490)
	at org.eclipse.debug.internal.core.LaunchConfiguration.getType(LaunchConfiguration.java:645)
	at org.eclipse.debug.internal.core.LaunchManager.isValid(LaunchManager.java:2091)
	at org.eclipse.debug.internal.core.LaunchManager.verifyConfigurations(LaunchManager.java:2462)
	at org.eclipse.debug.internal.core.LaunchManager.getAllLaunchConfigurations(LaunchManager.java:1140)
	at org.eclipse.debug.internal.core.LaunchManager.getLaunchConfigurations(LaunchManager.java:1444)
	at org.eclipse.debug.internal.core.LaunchManager.getLaunchConfigurations(LaunchManager.java:1439)
	at org.eclipse.launchbar.core.internal.LaunchBarManager.init(LaunchBarManager.java:130)
	at org.eclipse.launchbar.core.internal.LaunchBarManager$1.run(LaunchBarManager.java:96)
	at org.eclipse.core.internal.jobs.Worker.run(Worker.java:63)
Caused by: org.xml.sax.SAXParseException; lineNumber: 3; columnNumber: 66; 在实体引用中, 实体名称必须紧跟在 '&' 后面。
	at com.sun.org.apache.xerces.internal.util.ErrorHandlerWrapper.createSAXParseException(ErrorHandlerWrapper.java:203)
	at com.sun.org.apache.xerces.internal.util.ErrorHandlerWrapper.fatalError(ErrorHandlerWrapper.java:177)
	at com.sun.org.apache.xerces.internal.impl.XMLErrorReporter.reportError(XMLErrorReporter.java:400)
	at com.sun.org.apache.xerces.internal.impl.XMLErrorReporter.reportError(XMLErrorReporter.java:327)
	at com.sun.org.apache.xerces.internal.impl.XMLScanner.reportFatalError(XMLScanner.java:1472)
	at com.sun.org.apache.xerces.internal.impl.XMLScanner.scanAttributeValue(XMLScanner.java:908)
	at com.sun.org.apache.xerces.internal.impl.XMLDocumentFragmentScannerImpl.scanAttribute(XMLDocumentFragmentScannerImpl.java:1548)
	at com.sun.org.apache.xerces.internal.impl.XMLDocumentFragmentScannerImpl.scanStartElement(XMLDocumentFragmentScannerImpl.java:1315)
	at com.sun.org.apache.xerces.internal.impl.XMLDocumentFragmentScannerImpl$FragmentContentDriver.next(XMLDocumentFragmentScannerImpl.java:2784)
	at com.sun.org.apache.xerces.internal.impl.XMLDocumentScannerImpl.next(XMLDocumentScannerImpl.java:602)
	at com.sun.org.apache.xerces.internal.impl.XMLDocumentFragmentScannerImpl.scanDocument(XMLDocumentFragmentScannerImpl.java:505)
	at com.sun.org.apache.xerces.internal.parsers.XML11Configuration.parse(XML11Configuration.java:841)
	at com.sun.org.apache.xerces.internal.parsers.XML11Configuration.parse(XML11Configuration.java:770)
	at com.sun.org.apache.xerces.internal.parsers.XMLParser.parse(XMLParser.java:141)
	at com.sun.org.apache.xerces.internal.parsers.DOMParser.parse(DOMParser.java:243)
	at com.sun.org.apache.xerces.internal.jaxp.DocumentBuilderImpl.parse(DocumentBuilderImpl.java:339)
	at org.eclipse.debug.internal.core.LaunchManager.createInfoFromXML(LaunchManager.java:935)
	at org.eclipse.debug.internal.core.LaunchManager.getInfo(LaunchManager.java:1359)
	... 10 more
!SUBENTRY 1 org.eclipse.debug.core 4 5012 2026-07-28 11:20:41.116
!MESSAGE 读取启动配置文件 F:\code\vibe_project\rollerball\M33\libraries\components\mtb-device-support-pse8xxgp\make\make\scripts\interface_version_4\eclipse\CM55\ram\virgin\JLink\any\&&_PRJ_NAME&& Program RAM (JLink).launch 时发生了 org.xml.sax.SAXParseException; lineNumber: 3; columnNumber: 66; 在实体引用中, 实体名称必须紧跟在 '&' 后面。。
!STACK 0
org.xml.sax.SAXParseException; lineNumber: 3; columnNumber: 66; 在实体引用中, 实体名称必须紧跟在 '&' 后面。
	at com.sun.org.apache.xerces.internal.util.ErrorHandlerWrapper.createSAXParseException(ErrorHandlerWrapper.java:203)
	at com.sun.org.apache.xerces.internal.util.ErrorHandlerWrapper.fatalError(ErrorHandlerWrapper.java:177)
	at com.sun.org.apache.xerces.internal.impl.XMLErrorReporter.reportError(XMLErrorReporter.java:400)
	at com.sun.org.apache.xerces.internal.impl.XMLErrorReporter.reportError(XMLErrorReporter.java:327)
	at com.sun.org.apache.xerces.internal.impl.XMLScanner.reportFatalError(XMLScanner.java:1472)
	at com.sun.org.apache.xerces.internal.impl.XMLScanner.scanAttributeValue(XMLScanner.java:908)
	at com.sun.org.apache.xerces.internal.impl.XMLDocumentFragmentScannerImpl.scanAttribute(XMLDocumentFragmentScannerImpl.java:1548)
	at com.sun.org.apache.xerces.internal.impl.XMLDocumentFragmentScannerImpl.scanStartElement(XMLDocumentFragmentScannerImpl.java:1315)
	at com.sun.org.apache.xerces.internal.impl.XMLDocumentFragmentScannerImpl$FragmentContentDriver.next(XMLDocumentFragmentScannerImpl.java:2784)
	at com.sun.org.apache.xerces.internal.impl.XMLDocumentScannerImpl.next(XMLDocumentScannerImpl.java:602)
	at com.sun.org.apache.xerces.internal.impl.XMLDocumentFragmentScannerImpl.scanDocument(XMLDocumentFragmentScannerImpl.java:505)
	at com.sun.org.apache.xerces.internal.parsers.XML11Configuration.parse(XML11Configuration.java:841)
	at com.sun.org.apache.xerces.internal.parsers.XML11Configuration.parse(XML11Configuration.java:770)
	at com.sun.org.apache.xerces.internal.parsers.XMLParser.parse(XMLParser.java:141)
	at com.sun.org.apache.xerces.internal.parsers.DOMParser.parse(DOMParser.java:243)
	at com.sun.org.apache.xerces.internal.jaxp.DocumentBuilderImpl.parse(DocumentBuilderImpl.java:339)
	at org.eclipse.debug.internal.core.LaunchManager.createInfoFromXML(LaunchManager.java:935)
	at org.eclipse.debug.internal.core.LaunchManager.getInfo(LaunchManager.java:1359)
	at org.eclipse.debug.internal.core.LaunchConfiguration.getInfo(LaunchConfiguration.java:490)
	at org.eclipse.debug.internal.core.LaunchConfiguration.getType(LaunchConfiguration.java:645)
	at org.eclipse.debug.internal.core.LaunchManager.isValid(LaunchManager.java:2091)
	at org.eclipse.debug.internal.core.LaunchManager.verifyConfigurations(LaunchManager.java:2462)
	at org.eclipse.debug.internal.core.LaunchManager.getAllLaunchConfigurations(LaunchManager.java:1140)
	at org.eclipse.debug.internal.core.LaunchManager.getLaunchConfigurations(LaunchManager.java:1444)
	at org.eclipse.debug.internal.core.LaunchManager.getLaunchConfigurations(LaunchManager.java:1439)
	at org.eclipse.launchbar.core.internal.LaunchBarManager.init(LaunchBarManager.java:130)
	at org.eclipse.launchbar.core.internal.LaunchBarManager$1.run(LaunchBarManager.java:96)
	at org.eclipse.core.internal.jobs.Worker.run(Worker.java:63)

!ENTRY org.eclipse.debug.core 4 125 2026-07-28 11:20:41.118
!MESSAGE 调试核心所记录的错误：
!STACK 1
org.eclipse.debug.core.DebugException: 读取启动配置文件 F:\code\vibe_project\rollerball\M33\libraries\components\mtb-device-support-pse8xxgp\make\make\scripts\interface_version_4\eclipse\CM55\ram\virgin\KitProg3\any\&&_PRJ_NAME&& Attach RAM (KitProg3_MiniProg4).launch 时发生了 org.xml.sax.SAXParseException; lineNumber: 3; columnNumber: 66; 在实体引用中, 实体名称必须紧跟在 '&' 后面。。
	at org.eclipse.debug.internal.core.LaunchManager.createDebugException(LaunchManager.java:886)
	at org.eclipse.debug.internal.core.LaunchManager.throwException(LaunchManager.java:2448)
	at org.eclipse.debug.internal.core.LaunchManager.getInfo(LaunchManager.java:1366)
	at org.eclipse.debug.internal.core.LaunchConfiguration.getInfo(LaunchConfiguration.java:490)
	at org.eclipse.debug.internal.core.LaunchConfiguration.getType(LaunchConfiguration.java:645)
	at org.eclipse.debug.internal.core.LaunchManager.isValid(LaunchManager.java:2091)
	at org.eclipse.debug.internal.core.LaunchManager.verifyConfigurations(LaunchManager.java:2462)
	at org.eclipse.debug.internal.core.LaunchManager.getAllLaunchConfigurations(LaunchManager.java:1140)
	at org.eclipse.debug.internal.core.LaunchManager.getLaunchConfigurations(LaunchManager.java:1444)
	at org.eclipse.debug.internal.core.LaunchManager.getLaunchConfigurations(LaunchManager.java:1439)
	at org.eclipse.launchbar.core.internal.LaunchBarManager.init(LaunchBarManager.java:130)
	at org.eclipse.launchbar.core.internal.LaunchBarManager$1.run(LaunchBarManager.java:96)
	at org.eclipse.core.internal.jobs.Worker.run(Worker.java:63)
Caused by: org.xml.sax.SAXParseException; lineNumber: 3; columnNumber: 66; 在实体引用中, 实体名称必须紧跟在 '&' 后面。
	at com.sun.org.apache.xerces.internal.util.ErrorHandlerWrapper.createSAXParseException(ErrorHandlerWrapper.java:203)
	at com.sun.org.apache.xerces.internal.util.ErrorHandlerWrapper.fatalError(ErrorHandlerWrapper.java:177)
	at com.sun.org.apache.xerces.internal.impl.XMLErrorReporter.reportError(XMLErrorReporter.java:400)
	at com.sun.org.apache.xerces.internal.impl.XMLErrorReporter.reportError(XMLErrorReporter.java:327)
	at com.sun.org.apache.xerces.internal.impl.XMLScanner.reportFatalError(XMLScanner.java:1472)
	at com.sun.org.apache.xerces.internal.impl.XMLScanner.scanAttributeValue(XMLScanner.java:908)
	at com.sun.org.apache.xerces.internal.impl.XMLDocumentFragmentScannerImpl.scanAttribute(XMLDocumentFragmentScannerImpl.java:1548)
	at com.sun.org.apache.xerces.internal.impl.XMLDocumentFragmentScannerImpl.scanStartElement(XMLDocumentFragmentScannerImpl.java:1315)
	at com.sun.org.apache.xerces.internal.impl.XMLDocumentFragmentScannerImpl$FragmentContentDriver.next(XMLDocumentFragmentScannerImpl.java:2784)
	at com.sun.org.apache.xerces.internal.impl.XMLDocumentScannerImpl.next(XMLDocumentScannerImpl.java:602)
	at com.sun.org.apache.xerces.internal.impl.XMLDocumentFragmentScannerImpl.scanDocument(XMLDocumentFragmentScannerImpl.java:505)
	at com.sun.org.apache.xerces.internal.parsers.XML11Configuration.parse(XML11Configuration.java:841)
	at com.sun.org.apache.xerces.internal.parsers.XML11Configuration.parse(XML11Configuration.java:770)
	at com.sun.org.apache.xerces.internal.parsers.XMLParser.parse(XMLParser.java:141)
	at com.sun.org.apache.xerces.internal.parsers.DOMParser.parse(DOMParser.java:243)
	at com.sun.org.apache.xerces.internal.jaxp.DocumentBuilderImpl.parse(DocumentBuilderImpl.java:339)
	at org.eclipse.debug.internal.core.LaunchManager.createInfoFromXML(LaunchManager.java:935)
	at org.eclipse.debug.internal.core.LaunchManager.getInfo(LaunchManager.java:1359)
	... 10 more
!SUBENTRY 1 org.eclipse.debug.core 4 5012 2026-07-28 11:20:41.120
!MESSAGE 读取启动配置文件 F:\code\vibe_project\rollerball\M33\libraries\components\mtb-device-support-pse8xxgp\make\make\scripts\interface_version_4\eclipse\CM55\ram\virgin\KitProg3\any\&&_PRJ_NAME&& Attach RAM (KitProg3_MiniProg4).launch 时发生了 org.xml.sax.SAXParseException; lineNumber: 3; columnNumber: 66; 在实体引用中, 实体名称必须紧跟在 '&' 后面。。
!STACK 0
org.xml.sax.SAXParseException; lineNumber: 3; columnNumber: 66; 在实体引用中, 实体名称必须紧跟在 '&' 后面。
	at com.sun.org.apache.xerces.internal.util.ErrorHandlerWrapper.createSAXParseException(ErrorHandlerWrapper.java:203)
	at com.sun.org.apache.xerces.internal.util.ErrorHandlerWrapper.fatalError(ErrorHandlerWrapper.java:177)
	at com.sun.org.apache.xerces.internal.impl.XMLErrorReporter.reportError(XMLErrorReporter.java:400)
	at com.sun.org.apache.xerces.internal.impl.XMLErrorReporter.reportError(XMLErrorReporter.java:327)
	at com.sun.org.apache.xerces.internal.impl.XMLScanner.reportFatalError(XMLScanner.java:1472)
	at com.sun.org.apache.xerces.internal.impl.XMLScanner.scanAttributeValue(XMLScanner.java:908)
	at com.sun.org.apache.xerces.internal.impl.XMLDocumentFragmentScannerImpl.scanAttribute(XMLDocumentFragmentScannerImpl.java:1548)
	at com.sun.org.apache.xerces.internal.impl.XMLDocumentFragmentScannerImpl.scanStartElement(XMLDocumentFragmentScannerImpl.java:1315)
	at com.sun.org.apache.xerces.internal.impl.XMLDocumentFragmentScannerImpl$FragmentContentDriver.next(XMLDocumentFragmentScannerImpl.java:2784)
	at com.sun.org.apache.xerces.internal.impl.XMLDocumentScannerImpl.next(XMLDocumentScannerImpl.java:602)
	at com.sun.org.apache.xerces.internal.impl.XMLDocumentFragmentScannerImpl.scanDocument(XMLDocumentFragmentScannerImpl.java:505)
	at com.sun.org.apache.xerces.internal.parsers.XML11Configuration.parse(XML11Configuration.java:841)
	at com.sun.org.apache.xerces.internal.parsers.XML11Configuration.parse(XML11Configuration.java:770)
	at com.sun.org.apache.xerces.internal.parsers.XMLParser.parse(XMLParser.java:141)
	at com.sun.org.apache.xerces.internal.parsers.DOMParser.parse(DOMParser.java:243)
	at com.sun.org.apache.xerces.internal.jaxp.DocumentBuilderImpl.parse(DocumentBuilderImpl.java:339)
	at org.eclipse.debug.internal.core.LaunchManager.createInfoFromXML(LaunchManager.java:935)
	at org.eclipse.debug.internal.core.LaunchManager.getInfo(LaunchManager.java:1359)
	at org.eclipse.debug.internal.core.LaunchConfiguration.getInfo(LaunchConfiguration.java:490)
	at org.eclipse.debug.internal.core.LaunchConfiguration.getType(LaunchConfiguration.java:645)
	at org.eclipse.debug.internal.core.LaunchManager.isValid(LaunchManager.java:2091)
	at org.eclipse.debug.internal.core.LaunchManager.verifyConfigurations(LaunchManager.java:2462)
	at org.eclipse.debug.internal.core.LaunchManager.getAllLaunchConfigurations(LaunchManager.java:1140)
	at org.eclipse.debug.internal.core.LaunchManager.getLaunchConfigurations(LaunchManager.java:1444)
	at org.eclipse.debug.internal.core.LaunchManager.getLaunchConfigurations(LaunchManager.java:1439)
	at org.eclipse.launchbar.core.internal.LaunchBarManager.init(LaunchBarManager.java:130)
	at org.eclipse.launchbar.core.internal.LaunchBarManager$1.run(LaunchBarManager.java:96)
	at org.eclipse.core.internal.jobs.Worker.run(Worker.java:63)

!ENTRY org.eclipse.debug.core 4 125 2026-07-28 11:20:41.120
!MESSAGE 调试核心所记录的错误：
!STACK 1
org.eclipse.debug.core.DebugException: 读取启动配置文件 F:\code\vibe_project\rollerball\M33\libraries\components\mtb-device-support-pse8xxgp\make\make\scripts\interface_version_4\eclipse\CM55\ram\virgin\KitProg3\any\&&_PRJ_NAME&& Program RAM (KitProg3_MiniProg4).launch 时发生了 org.xml.sax.SAXParseException; lineNumber: 3; columnNumber: 66; 在实体引用中, 实体名称必须紧跟在 '&' 后面。。
	at org.eclipse.debug.internal.core.LaunchManager.createDebugException(LaunchManager.java:886)
	at org.eclipse.debug.internal.core.LaunchManager.throwException(LaunchManager.java:2448)
	at org.eclipse.debug.internal.core.LaunchManager.getInfo(LaunchManager.java:1366)
	at org.eclipse.debug.internal.core.LaunchConfiguration.getInfo(LaunchConfiguration.java:490)
	at org.eclipse.debug.internal.core.LaunchConfiguration.getType(LaunchConfiguration.java:645)
	at org.eclipse.debug.internal.core.LaunchManager.isValid(LaunchManager.java:2091)
	at org.eclipse.debug.internal.core.LaunchManager.verifyConfigurations(LaunchManager.java:2462)
	at org.eclipse.debug.internal.core.LaunchManager.getAllLaunchConfigurations(LaunchManager.java:1140)
	at org.eclipse.debug.internal.core.LaunchManager.getLaunchConfigurations(LaunchManager.java:1444)
	at org.eclipse.debug.internal.core.LaunchManager.getLaunchConfigurations(LaunchManager.java:1439)
	at org.eclipse.launchbar.core.internal.LaunchBarManager.init(LaunchBarManager.java:130)
	at org.eclipse.launchbar.core.internal.LaunchBarManager$1.run(LaunchBarManager.java:96)
	at org.eclipse.core.internal.jobs.Worker.run(Worker.java:63)
Caused by: org.xml.sax.SAXParseException; lineNumber: 3; columnNumber: 66; 在实体引用中, 实体名称必须紧跟在 '&' 后面。
	at com.sun.org.apache.xerces.internal.util.ErrorHandlerWrapper.createSAXParseException(ErrorHandlerWrapper.java:203)
	at com.sun.org.apache.xerces.internal.util.ErrorHandlerWrapper.fatalError(ErrorHandlerWrapper.java:177)
	at com.sun.org.apache.xerces.internal.impl.XMLErrorReporter.reportError(XMLErrorReporter.java:400)
	at com.sun.org.apache.xerces.internal.impl.XMLErrorReporter.reportError(XMLErrorReporter.java:327)
	at com.sun.org.apache.xerces.internal.impl.XMLScanner.reportFatalError(XMLScanner.java:1472)
	at com.sun.org.apache.xerces.internal.impl.XMLScanner.scanAttributeValue(XMLScanner.java:908)
	at com.sun.org.apache.xerces.internal.impl.XMLDocumentFragmentScannerImpl.scanAttribute(XMLDocumentFragmentScannerImpl.java:1548)
	at com.sun.org.apache.xerces.internal.impl.XMLDocumentFragmentScannerImpl.scanStartElement(XMLDocumentFragmentScannerImpl.java:1315)
	at com.sun.org.apache.xerces.internal.impl.XMLDocumentFragmentScannerImpl$FragmentContentDriver.next(XMLDocumentFragmentScannerImpl.java:2784)
	at com.sun.org.apache.xerces.internal.impl.XMLDocumentScannerImpl.next(XMLDocumentScannerImpl.java:602)
	at com.sun.org.apache.xerces.internal.impl.XMLDocumentFragmentScannerImpl.scanDocument(XMLDocumentFragmentScannerImpl.java:505)
	at com.sun.org.apache.xerces.internal.parsers.XML11Configuration.parse(XML11Configuration.java:841)
	at com.sun.org.apache.xerces.internal.parsers.XML11Configuration.parse(XML11Configuration.java:770)
	at com.sun.org.apache.xerces.internal.parsers.XMLParser.parse(XMLParser.java:141)
	at com.sun.org.apache.xerces.internal.parsers.DOMParser.parse(DOMParser.java:243)
	at com.sun.org.apache.xerces.internal.jaxp.DocumentBuilderImpl.parse(DocumentBuilderImpl.java:339)
	at org.eclipse.debug.internal.core.LaunchManager.createInfoFromXML(LaunchManager.java:935)
	at org.eclipse.debug.internal.core.LaunchManager.getInfo(LaunchManager.java:1359)
	... 10 more
!SUBENTRY 1 org.eclipse.debug.core 4 5012 2026-07-28 11:20:41.120
!MESSAGE 读取启动配置文件 F:\code\vibe_project\rollerball\M33\libraries\components\mtb-device-support-pse8xxgp\make\make\scripts\interface_version_4\eclipse\CM55\ram\virgin\KitProg3\any\&&_PRJ_NAME&& Program RAM (KitProg3_MiniProg4).launch 时发生了 org.xml.sax.SAXParseException; lineNumber: 3; columnNumber: 66; 在实体引用中, 实体名称必须紧跟在 '&' 后面。。
!STACK 0
org.xml.sax.SAXParseException; lineNumber: 3; columnNumber: 66; 在实体引用中, 实体名称必须紧跟在 '&' 后面。
	at com.sun.org.apache.xerces.internal.util.ErrorHandlerWrapper.createSAXParseException(ErrorHandlerWrapper.java:203)
	at com.sun.org.apache.xerces.internal.util.ErrorHandlerWrapper.fatalError(ErrorHandlerWrapper.java:177)
	at com.sun.org.apache.xerces.internal.impl.XMLErrorReporter.reportError(XMLErrorReporter.java:400)
	at com.sun.org.apache.xerces.internal.impl.XMLErrorReporter.reportError(XMLErrorReporter.java:327)
	at com.sun.org.apache.xerces.internal.impl.XMLScanner.reportFatalError(XMLScanner.java:1472)
	at com.sun.org.apache.xerces.internal.impl.XMLScanner.scanAttributeValue(XMLScanner.java:908)
	at com.sun.org.apache.xerces.internal.impl.XMLDocumentFragmentScannerImpl.scanAttribute(XMLDocumentFragmentScannerImpl.java:1548)
	at com.sun.org.apache.xerces.internal.impl.XMLDocumentFragmentScannerImpl.scanStartElement(XMLDocumentFragmentScannerImpl.java:1315)
	at com.sun.org.apache.xerces.internal.impl.XMLDocumentFragmentScannerImpl$FragmentContentDriver.next(XMLDocumentFragmentScannerImpl.java:2784)
	at com.sun.org.apache.xerces.internal.impl.XMLDocumentScannerImpl.next(XMLDocumentScannerImpl.java:602)
	at com.sun.org.apache.xerces.internal.impl.XMLDocumentFragmentScannerImpl.scanDocument(XMLDocumentFragmentScannerImpl.java:505)
	at com.sun.org.apache.xerces.internal.parsers.XML11Configuration.parse(XML11Configuration.java:841)
	at com.sun.org.apache.xerces.internal.parsers.XML11Configuration.parse(XML11Configuration.java:770)
	at com.sun.org.apache.xerces.internal.parsers.XMLParser.parse(XMLParser.java:141)
	at com.sun.org.apache.xerces.internal.parsers.DOMParser.parse(DOMParser.java:243)
	at com.sun.org.apache.xerces.internal.jaxp.DocumentBuilderImpl.parse(DocumentBuilderImpl.java:339)
	at org.eclipse.debug.internal.core.LaunchManager.createInfoFromXML(LaunchManager.java:935)
	at org.eclipse.debug.internal.core.LaunchManager.getInfo(LaunchManager.java:1359)
	at org.eclipse.debug.internal.core.LaunchConfiguration.getInfo(LaunchConfiguration.java:490)
	at org.eclipse.debug.internal.core.LaunchConfiguration.getType(LaunchConfiguration.java:645)
	at org.eclipse.debug.internal.core.LaunchManager.isValid(LaunchManager.java:2091)
	at org.eclipse.debug.internal.core.LaunchManager.verifyConfigurations(LaunchManager.java:2462)
	at org.eclipse.debug.internal.core.LaunchManager.getAllLaunchConfigurations(LaunchManager.java:1140)
	at org.eclipse.debug.internal.core.LaunchManager.getLaunchConfigurations(LaunchManager.java:1444)
	at org.eclipse.debug.internal.core.LaunchManager.getLaunchConfigurations(LaunchManager.java:1439)
	at org.eclipse.launchbar.core.internal.LaunchBarManager.init(LaunchBarManager.java:130)
	at org.eclipse.launchbar.core.internal.LaunchBarManager$1.run(LaunchBarManager.java:96)
	at org.eclipse.core.internal.jobs.Worker.run(Worker.java:63)

!ENTRY org.eclipse.debug.core 4 125 2026-07-28 11:20:41.120
!MESSAGE 调试核心所记录的错误：
!STACK 1
org.eclipse.debug.core.DebugException: 读取启动配置文件 F:\code\vibe_project\rollerball\M33\libraries\components\mtb-device-support-pse8xxgp\make\make\scripts\interface_version_4\eclipse\CM55\ram\virgin\KitProg3\multi\&&_PRJ_NAME&& Add CM55 to CM33 RAM (KitProg3_MiniProg4).launch 时发生了 org.xml.sax.SAXParseException; lineNumber: 3; columnNumber: 66; 在实体引用中, 实体名称必须紧跟在 '&' 后面。。
	at org.eclipse.debug.internal.core.LaunchManager.createDebugException(LaunchManager.java:886)
	at org.eclipse.debug.internal.core.LaunchManager.throwException(LaunchManager.java:2448)
	at org.eclipse.debug.internal.core.LaunchManager.getInfo(LaunchManager.java:1366)
	at org.eclipse.debug.internal.core.LaunchConfiguration.getInfo(LaunchConfiguration.java:490)
	at org.eclipse.debug.internal.core.LaunchConfiguration.getType(LaunchConfiguration.java:645)
	at org.eclipse.debug.internal.core.LaunchManager.isValid(LaunchManager.java:2091)
	at org.eclipse.debug.internal.core.LaunchManager.verifyConfigurations(LaunchManager.java:2462)
	at org.eclipse.debug.internal.core.LaunchManager.getAllLaunchConfigurations(LaunchManager.java:1140)
	at org.eclipse.debug.internal.core.LaunchManager.getLaunchConfigurations(LaunchManager.java:1444)
	at org.eclipse.debug.internal.core.LaunchManager.getLaunchConfigurations(LaunchManager.java:1439)
	at org.eclipse.launchbar.core.internal.LaunchBarManager.init(LaunchBarManager.java:130)
	at org.eclipse.launchbar.core.internal.LaunchBarManager$1.run(LaunchBarManager.java:96)
	at org.eclipse.core.internal.jobs.Worker.run(Worker.java:63)
Caused by: org.xml.sax.SAXParseException; lineNumber: 3; columnNumber: 66; 在实体引用中, 实体名称必须紧跟在 '&' 后面。
	at com.sun.org.apache.xerces.internal.util.ErrorHandlerWrapper.createSAXParseException(ErrorHandlerWrapper.java:203)
	at com.sun.org.apache.xerces.internal.util.ErrorHandlerWrapper.fatalError(ErrorHandlerWrapper.java:177)
	at com.sun.org.apache.xerces.internal.impl.XMLErrorReporter.reportError(XMLErrorReporter.java:400)
	at com.sun.org.apache.xerces.internal.impl.XMLErrorReporter.reportError(XMLErrorReporter.java:327)
	at com.sun.org.apache.xerces.internal.impl.XMLScanner.reportFatalError(XMLScanner.java:1472)
	at com.sun.org.apache.xerces.internal.impl.XMLScanner.scanAttributeValue(XMLScanner.java:908)
	at com.sun.org.apache.xerces.internal.impl.XMLDocumentFragmentScannerImpl.scanAttribute(XMLDocumentFragmentScannerImpl.java:1548)
	at com.sun.org.apache.xerces.internal.impl.XMLDocumentFragmentScannerImpl.scanStartElement(XMLDocumentFragmentScannerImpl.java:1315)
	at com.sun.org.apache.xerces.internal.impl.XMLDocumentFragmentScannerImpl$FragmentContentDriver.next(XMLDocumentFragmentScannerImpl.java:2784)
	at com.sun.org.apache.xerces.internal.impl.XMLDocumentScannerImpl.next(XMLDocumentScannerImpl.java:602)
	at com.sun.org.apache.xerces.internal.impl.XMLDocumentFragmentScannerImpl.scanDocument(XMLDocumentFragmentScannerImpl.java:505)
	at com.sun.org.apache.xerces.internal.parsers.XML11Configuration.parse(XML11Configuration.java:841)
	at com.sun.org.apache.xerces.internal.parsers.XML11Configuration.parse(XML11Configuration.java:770)
	at com.sun.org.apache.xerces.internal.parsers.XMLParser.parse(XMLParser.java:141)
	at com.sun.org.apache.xerces.internal.parsers.DOMParser.parse(DOMParser.java:243)
	at com.sun.org.apache.xerces.internal.jaxp.DocumentBuilderImpl.parse(DocumentBuilderImpl.java:339)
	at org.eclipse.debug.internal.core.LaunchManager.createInfoFromXML(LaunchManager.java:935)
	at org.eclipse.debug.internal.core.LaunchManager.getInfo(LaunchManager.java:1359)
	... 10 more
!SUBENTRY 1 org.eclipse.debug.core 4 5012 2026-07-28 11:20:41.120
!MESSAGE 读取启动配置文件 F:\code\vibe_project\rollerball\M33\libraries\components\mtb-device-support-pse8xxgp\make\make\scripts\interface_version_4\eclipse\CM55\ram\virgin\KitProg3\multi\&&_PRJ_NAME&& Add CM55 to CM33 RAM (KitProg3_MiniProg4).launch 时发生了 org.xml.sax.SAXParseException; lineNumber: 3; columnNumber: 66; 在实体引用中, 实体名称必须紧跟在 '&' 后面。。
!STACK 0
org.xml.sax.SAXParseException; lineNumber: 3; columnNumber: 66; 在实体引用中, 实体名称必须紧跟在 '&' 后面。
	at com.sun.org.apache.xerces.internal.util.ErrorHandlerWrapper.createSAXParseException(ErrorHandlerWrapper.java:203)
	at com.sun.org.apache.xerces.internal.util.ErrorHandlerWrapper.fatalError(ErrorHandlerWrapper.java:177)
	at com.sun.org.apache.xerces.internal.impl.XMLErrorReporter.reportError(XMLErrorReporter.java:400)
	at com.sun.org.apache.xerces.internal.impl.XMLErrorReporter.reportError(XMLErrorReporter.java:327)
	at com.sun.org.apache.xerces.internal.impl.XMLScanner.reportFatalError(XMLScanner.java:1472)
	at com.sun.org.apache.xerces.internal.impl.XMLScanner.scanAttributeValue(XMLScanner.java:908)
	at com.sun.org.apache.xerces.internal.impl.XMLDocumentFragmentScannerImpl.scanAttribute(XMLDocumentFragmentScannerImpl.java:1548)
	at com.sun.org.apache.xerces.internal.impl.XMLDocumentFragmentScannerImpl.scanStartElement(XMLDocumentFragmentScannerImpl.java:1315)
	at com.sun.org.apache.xerces.internal.impl.XMLDocumentFragmentScannerImpl$FragmentContentDriver.next(XMLDocumentFragmentScannerImpl.java:2784)
	at com.sun.org.apache.xerces.internal.impl.XMLDocumentScannerImpl.next(XMLDocumentScannerImpl.java:602)
	at com.sun.org.apache.xerces.internal.impl.XMLDocumentFragmentScannerImpl.scanDocument(XMLDocumentFragmentScannerImpl.java:505)
	at com.sun.org.apache.xerces.internal.parsers.XML11Configuration.parse(XML11Configuration.java:841)
	at com.sun.org.apache.xerces.internal.parsers.XML11Configuration.parse(XML11Configuration.java:770)
	at com.sun.org.apache.xerces.internal.parsers.XMLParser.parse(XMLParser.java:141)
	at com.sun.org.apache.xerces.internal.parsers.DOMParser.parse(DOMParser.java:243)
	at com.sun.org.apache.xerces.internal.jaxp.DocumentBuilderImpl.parse(DocumentBuilderImpl.java:339)
	at org.eclipse.debug.internal.core.LaunchManager.createInfoFromXML(LaunchManager.java:935)
	at org.eclipse.debug.internal.core.LaunchManager.getInfo(LaunchManager.java:1359)
	at org.eclipse.debug.internal.core.LaunchConfiguration.getInfo(LaunchConfiguration.java:490)
	at org.eclipse.debug.internal.core.LaunchConfiguration.getType(LaunchConfiguration.java:645)
	at org.eclipse.debug.internal.core.LaunchManager.isValid(LaunchManager.java:2091)
	at org.eclipse.debug.internal.core.LaunchManager.verifyConfigurations(LaunchManager.java:2462)
	at org.eclipse.debug.internal.core.LaunchManager.getAllLaunchConfigurations(LaunchManager.java:1140)
	at org.eclipse.debug.internal.core.LaunchManager.getLaunchConfigurations(LaunchManager.java:1444)
	at org.eclipse.debug.internal.core.LaunchManager.getLaunchConfigurations(LaunchManager.java:1439)
	at org.eclipse.launchbar.core.internal.LaunchBarManager.init(LaunchBarManager.java:130)
	at org.eclipse.launchbar.core.internal.LaunchBarManager$1.run(LaunchBarManager.java:96)
	at org.eclipse.core.internal.jobs.Worker.run(Worker.java:63)

!ENTRY org.eclipse.debug.core 4 125 2026-07-28 11:20:41.125
!MESSAGE 调试核心所记录的错误：
!STACK 1
org.eclipse.debug.core.DebugException: 读取启动配置文件 F:\code\vibe_project\rollerball\M55\libraries\components\mtb-device-support-pse8xxgp\make\make\recipe\interface_version_3\App\JLink\external\&&_MTB_RECIPE__APP_NAME&& Erase All (JLink).launch 时发生了 org.xml.sax.SAXParseException; lineNumber: 11; columnNumber: 83; 在实体引用中, 实体名称必须紧跟在 '&' 后面。。
	at org.eclipse.debug.internal.core.LaunchManager.createDebugException(LaunchManager.java:886)
	at org.eclipse.debug.internal.core.LaunchManager.throwException(LaunchManager.java:2448)
	at org.eclipse.debug.internal.core.LaunchManager.getInfo(LaunchManager.java:1366)
	at org.eclipse.debug.internal.core.LaunchConfiguration.getInfo(LaunchConfiguration.java:490)
	at org.eclipse.debug.internal.core.LaunchConfiguration.getType(LaunchConfiguration.java:645)
	at org.eclipse.debug.internal.core.LaunchManager.isValid(LaunchManager.java:2091)
	at org.eclipse.debug.internal.core.LaunchManager.verifyConfigurations(LaunchManager.java:2462)
	at org.eclipse.debug.internal.core.LaunchManager.getAllLaunchConfigurations(LaunchManager.java:1140)
	at org.eclipse.debug.internal.core.LaunchManager.getLaunchConfigurations(LaunchManager.java:1444)
	at org.eclipse.debug.internal.core.LaunchManager.getLaunchConfigurations(LaunchManager.java:1439)
	at org.eclipse.launchbar.core.internal.LaunchBarManager.init(LaunchBarManager.java:130)
	at org.eclipse.launchbar.core.internal.LaunchBarManager$1.run(LaunchBarManager.java:96)
	at org.eclipse.core.internal.jobs.Worker.run(Worker.java:63)
Caused by: org.xml.sax.SAXParseException; lineNumber: 11; columnNumber: 83; 在实体引用中, 实体名称必须紧跟在 '&' 后面。
	at com.sun.org.apache.xerces.internal.util.ErrorHandlerWrapper.createSAXParseException(ErrorHandlerWrapper.java:203)
	at com.sun.org.apache.xerces.internal.util.ErrorHandlerWrapper.fatalError(ErrorHandlerWrapper.java:177)
	at com.sun.org.apache.xerces.internal.impl.XMLErrorReporter.reportError(XMLErrorReporter.java:400)
	at com.sun.org.apache.xerces.internal.impl.XMLErrorReporter.reportError(XMLErrorReporter.java:327)
	at com.sun.org.apache.xerces.internal.impl.XMLScanner.reportFatalError(XMLScanner.java:1472)
	at com.sun.org.apache.xerces.internal.impl.XMLScanner.scanAttributeValue(XMLScanner.java:908)
	at com.sun.org.apache.xerces.internal.impl.XMLDocumentFragmentScannerImpl.scanAttribute(XMLDocumentFragmentScannerImpl.java:1548)
	at com.sun.org.apache.xerces.internal.impl.XMLDocumentFragmentScannerImpl.scanStartElement(XMLDocumentFragmentScannerImpl.java:1315)
	at com.sun.org.apache.xerces.internal.impl.XMLDocumentFragmentScannerImpl$FragmentContentDriver.next(XMLDocumentFragmentScannerImpl.java:2784)
	at com.sun.org.apache.xerces.internal.impl.XMLDocumentScannerImpl.next(XMLDocumentScannerImpl.java:602)
	at com.sun.org.apache.xerces.internal.impl.XMLDocumentFragmentScannerImpl.scanDocument(XMLDocumentFragmentScannerImpl.java:505)
	at com.sun.org.apache.xerces.internal.parsers.XML11Configuration.parse(XML11Configuration.java:841)
	at com.sun.org.apache.xerces.internal.parsers.XML11Configuration.parse(XML11Configuration.java:770)
	at com.sun.org.apache.xerces.internal.parsers.XMLParser.parse(XMLParser.java:141)
	at com.sun.org.apache.xerces.internal.parsers.DOMParser.parse(DOMParser.java:243)
	at com.sun.org.apache.xerces.internal.jaxp.DocumentBuilderImpl.parse(DocumentBuilderImpl.java:339)
	at org.eclipse.debug.internal.core.LaunchManager.createInfoFromXML(LaunchManager.java:935)
	at org.eclipse.debug.internal.core.LaunchManager.getInfo(LaunchManager.java:1359)
	... 10 more
!SUBENTRY 1 org.eclipse.debug.core 4 5012 2026-07-28 11:20:41.125
!MESSAGE 读取启动配置文件 F:\code\vibe_project\rollerball\M55\libraries\components\mtb-device-support-pse8xxgp\make\make\recipe\interface_version_3\App\JLink\external\&&_MTB_RECIPE__APP_NAME&& Erase All (JLink).launch 时发生了 org.xml.sax.SAXParseException; lineNumber: 11; columnNumber: 83; 在实体引用中, 实体名称必须紧跟在 '&' 后面。。
!STACK 0
org.xml.sax.SAXParseException; lineNumber: 11; columnNumber: 83; 在实体引用中, 实体名称必须紧跟在 '&' 后面。
	at com.sun.org.apache.xerces.internal.util.ErrorHandlerWrapper.createSAXParseException(ErrorHandlerWrapper.java:203)
	at com.sun.org.apache.xerces.internal.util.ErrorHandlerWrapper.fatalError(ErrorHandlerWrapper.java:177)
	at com.sun.org.apache.xerces.internal.impl.XMLErrorReporter.reportError(XMLErrorReporter.java:400)
	at com.sun.org.apache.xerces.internal.impl.XMLErrorReporter.reportError(XMLErrorReporter.java:327)
	at com.sun.org.apache.xerces.internal.impl.XMLScanner.reportFatalError(XMLScanner.java:1472)
	at com.sun.org.apache.xerces.internal.impl.XMLScanner.scanAttributeValue(XMLScanner.java:908)
	at com.sun.org.apache.xerces.internal.impl.XMLDocumentFragmentScannerImpl.scanAttribute(XMLDocumentFragmentScannerImpl.java:1548)
	at com.sun.org.apache.xerces.internal.impl.XMLDocumentFragmentScannerImpl.scanStartElement(XMLDocumentFragmentScannerImpl.java:1315)
	at com.sun.org.apache.xerces.internal.impl.XMLDocumentFragmentScannerImpl$FragmentContentDriver.next(XMLDocumentFragmentScannerImpl.java:2784)
	at com.sun.org.apache.xerces.internal.impl.XMLDocumentScannerImpl.next(XMLDocumentScannerImpl.java:602)
	at com.sun.org.apache.xerces.internal.impl.XMLDocumentFragmentScannerImpl.scanDocument(XMLDocumentFragmentScannerImpl.java:505)
	at com.sun.org.apache.xerces.internal.parsers.XML11Configuration.parse(XML11Configuration.java:841)
	at com.sun.org.apache.xerces.internal.parsers.XML11Configuration.parse(XML11Configuration.java:770)
	at com.sun.org.apache.xerces.internal.parsers.XMLParser.parse(XMLParser.java:141)
	at com.sun.org.apache.xerces.internal.parsers.DOMParser.parse(DOMParser.java:243)
	at com.sun.org.apache.xerces.internal.jaxp.DocumentBuilderImpl.parse(DocumentBuilderImpl.java:339)
	at org.eclipse.debug.internal.core.LaunchManager.createInfoFromXML(LaunchManager.java:935)
	at org.eclipse.debug.internal.core.LaunchManager.getInfo(LaunchManager.java:1359)
	at org.eclipse.debug.internal.core.LaunchConfiguration.getInfo(LaunchConfiguration.java:490)
	at org.eclipse.debug.internal.core.LaunchConfiguration.getType(LaunchConfiguration.java:645)
	at org.eclipse.debug.internal.core.LaunchManager.isValid(LaunchManager.java:2091)
	at org.eclipse.debug.internal.core.LaunchManager.verifyConfigurations(LaunchManager.java:2462)
	at org.eclipse.debug.internal.core.LaunchManager.getAllLaunchConfigurations(LaunchManager.java:1140)
	at org.eclipse.debug.internal.core.LaunchManager.getLaunchConfigurations(LaunchManager.java:1444)
	at org.eclipse.debug.internal.core.LaunchManager.getLaunchConfigurations(LaunchManager.java:1439)
	at org.eclipse.launchbar.core.internal.LaunchBarManager.init(LaunchBarManager.java:130)
	at org.eclipse.launchbar.core.internal.LaunchBarManager$1.run(LaunchBarManager.java:96)
	at org.eclipse.core.internal.jobs.Worker.run(Worker.java:63)

!ENTRY org.eclipse.debug.core 4 125 2026-07-28 11:20:41.125
!MESSAGE 调试核心所记录的错误：
!STACK 1
org.eclipse.debug.core.DebugException: 读取启动配置文件 F:\code\vibe_project\rollerball\M55\libraries\components\mtb-device-support-pse8xxgp\make\make\recipe\interface_version_3\App\JLink\internal\&&_MTB_RECIPE__APP_NAME&& Erase Device (JLink).launch 时发生了 org.xml.sax.SAXParseException; lineNumber: 11; columnNumber: 83; 在实体引用中, 实体名称必须紧跟在 '&' 后面。。
	at org.eclipse.debug.internal.core.LaunchManager.createDebugException(LaunchManager.java:886)
	at org.eclipse.debug.internal.core.LaunchManager.throwException(LaunchManager.java:2448)
	at org.eclipse.debug.internal.core.LaunchManager.getInfo(LaunchManager.java:1366)
	at org.eclipse.debug.internal.core.LaunchConfiguration.getInfo(LaunchConfiguration.java:490)
	at org.eclipse.debug.internal.core.LaunchConfiguration.getType(LaunchConfiguration.java:645)
	at org.eclipse.debug.internal.core.LaunchManager.isValid(LaunchManager.java:2091)
	at org.eclipse.debug.internal.core.LaunchManager.verifyConfigurations(LaunchManager.java:2462)
	at org.eclipse.debug.internal.core.LaunchManager.getAllLaunchConfigurations(LaunchManager.java:1140)
	at org.eclipse.debug.internal.core.LaunchManager.getLaunchConfigurations(LaunchManager.java:1444)
	at org.eclipse.debug.internal.core.LaunchManager.getLaunchConfigurations(LaunchManager.java:1439)
	at org.eclipse.launchbar.core.internal.LaunchBarManager.init(LaunchBarManager.java:130)
	at org.eclipse.launchbar.core.internal.LaunchBarManager$1.run(LaunchBarManager.java:96)
	at org.eclipse.core.internal.jobs.Worker.run(Worker.java:63)
Caused by: org.xml.sax.SAXParseException; lineNumber: 11; columnNumber: 83; 在实体引用中, 实体名称必须紧跟在 '&' 后面。
	at com.sun.org.apache.xerces.internal.util.ErrorHandlerWrapper.createSAXParseException(ErrorHandlerWrapper.java:203)
	at com.sun.org.apache.xerces.internal.util.ErrorHandlerWrapper.fatalError(ErrorHandlerWrapper.java:177)
	at com.sun.org.apache.xerces.internal.impl.XMLErrorReporter.reportError(XMLErrorReporter.java:400)
	at com.sun.org.apache.xerces.internal.impl.XMLErrorReporter.reportError(XMLErrorReporter.java:327)
	at com.sun.org.apache.xerces.internal.impl.XMLScanner.reportFatalError(XMLScanner.java:1472)
	at com.sun.org.apache.xerces.internal.impl.XMLScanner.scanAttributeValue(XMLScanner.java:908)
	at com.sun.org.apache.xerces.internal.impl.XMLDocumentFragmentScannerImpl.scanAttribute(XMLDocumentFragmentScannerImpl.java:1548)
	at com.sun.org.apache.xerces.internal.impl.XMLDocumentFragmentScannerImpl.scanStartElement(XMLDocumentFragmentScannerImpl.java:1315)
	at com.sun.org.apache.xerces.internal.impl.XMLDocumentFragmentScannerImpl$FragmentContentDriver.next(XMLDocumentFragmentScannerImpl.java:2784)
	at com.sun.org.apache.xerces.internal.impl.XMLDocumentScannerImpl.next(XMLDocumentScannerImpl.java:602)
	at com.sun.org.apache.xerces.internal.impl.XMLDocumentFragmentScannerImpl.scanDocument(XMLDocumentFragmentScannerImpl.java:505)
	at com.sun.org.apache.xerces.internal.parsers.XML11Configuration.parse(XML11Configuration.java:841)
	at com.sun.org.apache.xerces.internal.parsers.XML11Configuration.parse(XML11Configuration.java:770)
	at com.sun.org.apache.xerces.internal.parsers.XMLParser.parse(XMLParser.java:141)
	at com.sun.org.apache.xerces.internal.parsers.DOMParser.parse(DOMParser.java:243)
	at com.sun.org.apache.xerces.internal.jaxp.DocumentBuilderImpl.parse(DocumentBuilderImpl.java:339)
	at org.eclipse.debug.internal.core.LaunchManager.createInfoFromXML(LaunchManager.java:935)
	at org.eclipse.debug.internal.core.LaunchManager.getInfo(LaunchManager.java:1359)
	... 10 more
!SUBENTRY 1 org.eclipse.debug.core 4 5012 2026-07-28 11:20:41.125
!MESSAGE 读取启动配置文件 F:\code\vibe_project\rollerball\M55\libraries\components\mtb-device-support-pse8xxgp\make\make\recipe\interface_version_3\App\JLink\internal\&&_MTB_RECIPE__APP_NAME&& Erase Device (JLink).launch 时发生了 org.xml.sax.SAXParseException; lineNumber: 11; columnNumber: 83; 在实体引用中, 实体名称必须紧跟在 '&' 后面。。
!STACK 0
org.xml.sax.SAXParseException; lineNumber: 11; columnNumber: 83; 在实体引用中, 实体名称必须紧跟在 '&' 后面。
	at com.sun.org.apache.xerces.internal.util.ErrorHandlerWrapper.createSAXParseException(ErrorHandlerWrapper.java:203)
	at com.sun.org.apache.xerces.internal.util.ErrorHandlerWrapper.fatalError(ErrorHandlerWrapper.java:177)
	at com.sun.org.apache.xerces.internal.impl.XMLErrorReporter.reportError(XMLErrorReporter.java:400)
	at com.sun.org.apache.xerces.internal.impl.XMLErrorReporter.reportError(XMLErrorReporter.java:327)
	at com.sun.org.apache.xerces.internal.impl.XMLScanner.reportFatalError(XMLScanner.java:1472)
	at com.sun.org.apache.xerces.internal.impl.XMLScanner.scanAttributeValue(XMLScanner.java:908)
	at com.sun.org.apache.xerces.internal.impl.XMLDocumentFragmentScannerImpl.scanAttribute(XMLDocumentFragmentScannerImpl.java:1548)
	at com.sun.org.apache.xerces.internal.impl.XMLDocumentFragmentScannerImpl.scanStartElement(XMLDocumentFragmentScannerImpl.java:1315)
	at com.sun.org.apache.xerces.internal.impl.XMLDocumentFragmentScannerImpl$FragmentContentDriver.next(XMLDocumentFragmentScannerImpl.java:2784)
	at com.sun.org.apache.xerces.internal.impl.XMLDocumentScannerImpl.next(XMLDocumentScannerImpl.java:602)
	at com.sun.org.apache.xerces.internal.impl.XMLDocumentFragmentScannerImpl.scanDocument(XMLDocumentFragmentScannerImpl.java:505)
	at com.sun.org.apache.xerces.internal.parsers.XML11Configuration.parse(XML11Configuration.java:841)
	at com.sun.org.apache.xerces.internal.parsers.XML11Configuration.parse(XML11Configuration.java:770)
	at com.sun.org.apache.xerces.internal.parsers.XMLParser.parse(XMLParser.java:141)
	at com.sun.org.apache.xerces.internal.parsers.DOMParser.parse(DOMParser.java:243)
	at com.sun.org.apache.xerces.internal.jaxp.DocumentBuilderImpl.parse(DocumentBuilderImpl.java:339)
	at org.eclipse.debug.internal.core.LaunchManager.createInfoFromXML(LaunchManager.java:935)
	at org.eclipse.debug.internal.core.LaunchManager.getInfo(LaunchManager.java:1359)
	at org.eclipse.debug.internal.core.LaunchConfiguration.getInfo(LaunchConfiguration.java:490)
	at org.eclipse.debug.internal.core.LaunchConfiguration.getType(LaunchConfiguration.java:645)
	at org.eclipse.debug.internal.core.LaunchManager.isValid(LaunchManager.java:2091)
	at org.eclipse.debug.internal.core.LaunchManager.verifyConfigurations(LaunchManager.java:2462)
	at org.eclipse.debug.internal.core.LaunchManager.getAllLaunchConfigurations(LaunchManager.java:1140)
	at org.eclipse.debug.internal.core.LaunchManager.getLaunchConfigurations(LaunchManager.java:1444)
	at org.eclipse.debug.internal.core.LaunchManager.getLaunchConfigurations(LaunchManager.java:1439)
	at org.eclipse.launchbar.core.internal.LaunchBarManager.init(LaunchBarManager.java:130)
	at org.eclipse.launchbar.core.internal.LaunchBarManager$1.run(LaunchBarManager.java:96)
	at org.eclipse.core.internal.jobs.Worker.run(Worker.java:63)

!ENTRY org.eclipse.debug.core 4 125 2026-07-28 11:20:41.128
!MESSAGE 调试核心所记录的错误：
!STACK 1
org.eclipse.debug.core.DebugException: 读取启动配置文件 F:\code\vibe_project\rollerball\M55\libraries\components\mtb-device-support-pse8xxgp\make\make\recipe\interface_version_3\App\JLink\internal\&&_MTB_RECIPE__APP_NAME&& Program Application (JLink).launch 时发生了 org.xml.sax.SAXParseException; lineNumber: 10; columnNumber: 83; 在实体引用中, 实体名称必须紧跟在 '&' 后面。。
	at org.eclipse.debug.internal.core.LaunchManager.createDebugException(LaunchManager.java:886)
	at org.eclipse.debug.internal.core.LaunchManager.throwException(LaunchManager.java:2448)
	at org.eclipse.debug.internal.core.LaunchManager.getInfo(LaunchManager.java:1366)
	at org.eclipse.debug.internal.core.LaunchConfiguration.getInfo(LaunchConfiguration.java:490)
	at org.eclipse.debug.internal.core.LaunchConfiguration.getType(LaunchConfiguration.java:645)
	at org.eclipse.debug.internal.core.LaunchManager.isValid(LaunchManager.java:2091)
	at org.eclipse.debug.internal.core.LaunchManager.verifyConfigurations(LaunchManager.java:2462)
	at org.eclipse.debug.internal.core.LaunchManager.getAllLaunchConfigurations(LaunchManager.java:1140)
	at org.eclipse.debug.internal.core.LaunchManager.getLaunchConfigurations(LaunchManager.java:1444)
	at org.eclipse.debug.internal.core.LaunchManager.getLaunchConfigurations(LaunchManager.java:1439)
	at org.eclipse.launchbar.core.internal.LaunchBarManager.init(LaunchBarManager.java:130)
	at org.eclipse.launchbar.core.internal.LaunchBarManager$1.run(LaunchBarManager.java:96)
	at org.eclipse.core.internal.jobs.Worker.run(Worker.java:63)
Caused by: org.xml.sax.SAXParseException; lineNumber: 10; columnNumber: 83; 在实体引用中, 实体名称必须紧跟在 '&' 后面。
	at com.sun.org.apache.xerces.internal.util.ErrorHandlerWrapper.createSAXParseException(ErrorHandlerWrapper.java:203)
	at com.sun.org.apache.xerces.internal.util.ErrorHandlerWrapper.fatalError(ErrorHandlerWrapper.java:177)
	at com.sun.org.apache.xerces.internal.impl.XMLErrorReporter.reportError(XMLErrorReporter.java:400)
	at com.sun.org.apache.xerces.internal.impl.XMLErrorReporter.reportError(XMLErrorReporter.java:327)
	at com.sun.org.apache.xerces.internal.impl.XMLScanner.reportFatalError(XMLScanner.java:1472)
	at com.sun.org.apache.xerces.internal.impl.XMLScanner.scanAttributeValue(XMLScanner.java:908)
	at com.sun.org.apache.xerces.internal.impl.XMLDocumentFragmentScannerImpl.scanAttribute(XMLDocumentFragmentScannerImpl.java:1548)
	at com.sun.org.apache.xerces.internal.impl.XMLDocumentFragmentScannerImpl.scanStartElement(XMLDocumentFragmentScannerImpl.java:1315)
	at com.sun.org.apache.xerces.internal.impl.XMLDocumentFragmentScannerImpl$FragmentContentDriver.next(XMLDocumentFragmentScannerImpl.java:2784)
	at com.sun.org.apache.xerces.internal.impl.XMLDocumentScannerImpl.next(XMLDocumentScannerImpl.java:602)
	at com.sun.org.apache.xerces.internal.impl.XMLDocumentFragmentScannerImpl.scanDocument(XMLDocumentFragmentScannerImpl.java:505)
	at com.sun.org.apache.xerces.internal.parsers.XML11Configuration.parse(XML11Configuration.java:841)
	at com.sun.org.apache.xerces.internal.parsers.XML11Configuration.parse(XML11Configuration.java:770)
	at com.sun.org.apache.xerces.internal.parsers.XMLParser.parse(XMLParser.java:141)
	at com.sun.org.apache.xerces.internal.parsers.DOMParser.parse(DOMParser.java:243)
	at com.sun.org.apache.xerces.internal.jaxp.DocumentBuilderImpl.parse(DocumentBuilderImpl.java:339)
	at org.eclipse.debug.internal.core.LaunchManager.createInfoFromXML(LaunchManager.java:935)
	at org.eclipse.debug.internal.core.LaunchManager.getInfo(LaunchManager.java:1359)
	... 10 more
!SUBENTRY 1 org.eclipse.debug.core 4 5012 2026-07-28 11:20:41.128
!MESSAGE 读取启动配置文件 F:\code\vibe_project\rollerball\M55\libraries\components\mtb-device-support-pse8xxgp\make\make\recipe\interface_version_3\App\JLink\internal\&&_MTB_RECIPE__APP_NAME&& Program Application (JLink).launch 时发生了 org.xml.sax.SAXParseException; lineNumber: 10; columnNumber: 83; 在实体引用中, 实体名称必须紧跟在 '&' 后面。。
!STACK 0
org.xml.sax.SAXParseException; lineNumber: 10; columnNumber: 83; 在实体引用中, 实体名称必须紧跟在 '&' 后面。
	at com.sun.org.apache.xerces.internal.util.ErrorHandlerWrapper.createSAXParseException(ErrorHandlerWrapper.java:203)
	at com.sun.org.apache.xerces.internal.util.ErrorHandlerWrapper.fatalError(ErrorHandlerWrapper.java:177)
	at com.sun.org.apache.xerces.internal.impl.XMLErrorReporter.reportError(XMLErrorReporter.java:400)
	at com.sun.org.apache.xerces.internal.impl.XMLErrorReporter.reportError(XMLErrorReporter.java:327)
	at com.sun.org.apache.xerces.internal.impl.XMLScanner.reportFatalError(XMLScanner.java:1472)
	at com.sun.org.apache.xerces.internal.impl.XMLScanner.scanAttributeValue(XMLScanner.java:908)
	at com.sun.org.apache.xerces.internal.impl.XMLDocumentFragmentScannerImpl.scanAttribute(XMLDocumentFragmentScannerImpl.java:1548)
	at com.sun.org.apache.xerces.internal.impl.XMLDocumentFragmentScannerImpl.scanStartElement(XMLDocumentFragmentScannerImpl.java:1315)
	at com.sun.org.apache.xerces.internal.impl.XMLDocumentFragmentScannerImpl$FragmentContentDriver.next(XMLDocumentFragmentScannerImpl.java:2784)
	at com.sun.org.apache.xerces.internal.impl.XMLDocumentScannerImpl.next(XMLDocumentScannerImpl.java:602)
	at com.sun.org.apache.xerces.internal.impl.XMLDocumentFragmentScannerImpl.scanDocument(XMLDocumentFragmentScannerImpl.java:505)
	at com.sun.org.apache.xerces.internal.parsers.XML11Configuration.parse(XML11Configuration.java:841)
	at com.sun.org.apache.xerces.internal.parsers.XML11Configuration.parse(XML11Configuration.java:770)
	at com.sun.org.apache.xerces.internal.parsers.XMLParser.parse(XMLParser.java:141)
	at com.sun.org.apache.xerces.internal.parsers.DOMParser.parse(DOMParser.java:243)
	at com.sun.org.apache.xerces.internal.jaxp.DocumentBuilderImpl.parse(DocumentBuilderImpl.java:339)
	at org.eclipse.debug.internal.core.LaunchManager.createInfoFromXML(LaunchManager.java:935)
	at org.eclipse.debug.internal.core.LaunchManager.getInfo(LaunchManager.java:1359)
	at org.eclipse.debug.internal.core.LaunchConfiguration.getInfo(LaunchConfiguration.java:490)
	at org.eclipse.debug.internal.core.LaunchConfiguration.getType(LaunchConfiguration.java:645)
	at org.eclipse.debug.internal.core.LaunchManager.isValid(LaunchManager.java:2091)
	at org.eclipse.debug.internal.core.LaunchManager.verifyConfigurations(LaunchManager.java:2462)
	at org.eclipse.debug.internal.core.LaunchManager.getAllLaunchConfigurations(LaunchManager.java:1140)
	at org.eclipse.debug.internal.core.LaunchManager.getLaunchConfigurations(LaunchManager.java:1444)
	at org.eclipse.debug.internal.core.LaunchManager.getLaunchConfigurations(LaunchManager.java:1439)
	at org.eclipse.launchbar.core.internal.LaunchBarManager.init(LaunchBarManager.java:130)
	at org.eclipse.launchbar.core.internal.LaunchBarManager$1.run(LaunchBarManager.java:96)
	at org.eclipse.core.internal.jobs.Worker.run(Worker.java:63)

!ENTRY org.eclipse.debug.core 4 125 2026-07-28 11:20:41.128
!MESSAGE 调试核心所记录的错误：
!STACK 1
org.eclipse.debug.core.DebugException: 读取启动配置文件 F:\code\vibe_project\rollerball\M55\libraries\components\mtb-device-support-pse8xxgp\make\make\recipe\interface_version_3\App\KitProg3\external\&&_MTB_RECIPE__APP_NAME&& Erase All (KitProg3_MiniProg4).launch 时发生了 org.xml.sax.SAXParseException; lineNumber: 11; columnNumber: 83; 在实体引用中, 实体名称必须紧跟在 '&' 后面。。
	at org.eclipse.debug.internal.core.LaunchManager.createDebugException(LaunchManager.java:886)
	at org.eclipse.debug.internal.core.LaunchManager.throwException(LaunchManager.java:2448)
	at org.eclipse.debug.internal.core.LaunchManager.getInfo(LaunchManager.java:1366)
	at org.eclipse.debug.internal.core.LaunchConfiguration.getInfo(LaunchConfiguration.java:490)
	at org.eclipse.debug.internal.core.LaunchConfiguration.getType(LaunchConfiguration.java:645)
	at org.eclipse.debug.internal.core.LaunchManager.isValid(LaunchManager.java:2091)
	at org.eclipse.debug.internal.core.LaunchManager.verifyConfigurations(LaunchManager.java:2462)
	at org.eclipse.debug.internal.core.LaunchManager.getAllLaunchConfigurations(LaunchManager.java:1140)
	at org.eclipse.debug.internal.core.LaunchManager.getLaunchConfigurations(LaunchManager.java:1444)
	at org.eclipse.debug.internal.core.LaunchManager.getLaunchConfigurations(LaunchManager.java:1439)
	at org.eclipse.launchbar.core.internal.LaunchBarManager.init(LaunchBarManager.java:130)
	at org.eclipse.launchbar.core.internal.LaunchBarManager$1.run(LaunchBarManager.java:96)
	at org.eclipse.core.internal.jobs.Worker.run(Worker.java:63)
Caused by: org.xml.sax.SAXParseException; lineNumber: 11; columnNumber: 83; 在实体引用中, 实体名称必须紧跟在 '&' 后面。
	at com.sun.org.apache.xerces.internal.util.ErrorHandlerWrapper.createSAXParseException(ErrorHandlerWrapper.java:203)
	at com.sun.org.apache.xerces.internal.util.ErrorHandlerWrapper.fatalError(ErrorHandlerWrapper.java:177)
	at com.sun.org.apache.xerces.internal.impl.XMLErrorReporter.reportError(XMLErrorReporter.java:400)
	at com.sun.org.apache.xerces.internal.impl.XMLErrorReporter.reportError(XMLErrorReporter.java:327)
	at com.sun.org.apache.xerces.internal.impl.XMLScanner.reportFatalError(XMLScanner.java:1472)
	at com.sun.org.apache.xerces.internal.impl.XMLScanner.scanAttributeValue(XMLScanner.java:908)
	at com.sun.org.apache.xerces.internal.impl.XMLDocumentFragmentScannerImpl.scanAttribute(XMLDocumentFragmentScannerImpl.java:1548)
	at com.sun.org.apache.xerces.internal.impl.XMLDocumentFragmentScannerImpl.scanStartElement(XMLDocumentFragmentScannerImpl.java:1315)
	at com.sun.org.apache.xerces.internal.impl.XMLDocumentFragmentScannerImpl$FragmentContentDriver.next(XMLDocumentFragmentScannerImpl.java:2784)
	at com.sun.org.apache.xerces.internal.impl.XMLDocumentScannerImpl.next(XMLDocumentScannerImpl.java:602)
	at com.sun.org.apache.xerces.internal.impl.XMLDocumentFragmentScannerImpl.scanDocument(XMLDocumentFragmentScannerImpl.java:505)
	at com.sun.org.apache.xerces.internal.parsers.XML11Configuration.parse(XML11Configuration.java:841)
	at com.sun.org.apache.xerces.internal.parsers.XML11Configuration.parse(XML11Configuration.java:770)
	at com.sun.org.apache.xerces.internal.parsers.XMLParser.parse(XMLParser.java:141)
	at com.sun.org.apache.xerces.internal.parsers.DOMParser.parse(DOMParser.java:243)
	at com.sun.org.apache.xerces.internal.jaxp.DocumentBuilderImpl.parse(DocumentBuilderImpl.java:339)
	at org.eclipse.debug.internal.core.LaunchManager.createInfoFromXML(LaunchManager.java:935)
	at org.eclipse.debug.internal.core.LaunchManager.getInfo(LaunchManager.java:1359)
	... 10 more
!SUBENTRY 1 org.eclipse.debug.core 4 5012 2026-07-28 11:20:41.128
!MESSAGE 读取启动配置文件 F:\code\vibe_project\rollerball\M55\libraries\components\mtb-device-support-pse8xxgp\make\make\recipe\interface_version_3\App\KitProg3\external\&&_MTB_RECIPE__APP_NAME&& Erase All (KitProg3_MiniProg4).launch 时发生了 org.xml.sax.SAXParseException; lineNumber: 11; columnNumber: 83; 在实体引用中, 实体名称必须紧跟在 '&' 后面。。
!STACK 0
org.xml.sax.SAXParseException; lineNumber: 11; columnNumber: 83; 在实体引用中, 实体名称必须紧跟在 '&' 后面。
	at com.sun.org.apache.xerces.internal.util.ErrorHandlerWrapper.createSAXParseException(ErrorHandlerWrapper.java:203)
	at com.sun.org.apache.xerces.internal.util.ErrorHandlerWrapper.fatalError(ErrorHandlerWrapper.java:177)
	at com.sun.org.apache.xerces.internal.impl.XMLErrorReporter.reportError(XMLErrorReporter.java:400)
	at com.sun.org.apache.xerces.internal.impl.XMLErrorReporter.reportError(XMLErrorReporter.java:327)
	at com.sun.org.apache.xerces.internal.impl.XMLScanner.reportFatalError(XMLScanner.java:1472)
	at com.sun.org.apache.xerces.internal.impl.XMLScanner.scanAttributeValue(XMLScanner.java:908)
	at com.sun.org.apache.xerces.internal.impl.XMLDocumentFragmentScannerImpl.scanAttribute(XMLDocumentFragmentScannerImpl.java:1548)
	at com.sun.org.apache.xerces.internal.impl.XMLDocumentFragmentScannerImpl.scanStartElement(XMLDocumentFragmentScannerImpl.java:1315)
	at com.sun.org.apache.xerces.internal.impl.XMLDocumentFragmentScannerImpl$FragmentContentDriver.next(XMLDocumentFragmentScannerImpl.java:2784)
	at com.sun.org.apache.xerces.internal.impl.XMLDocumentScannerImpl.next(XMLDocumentScannerImpl.java:602)
	at com.sun.org.apache.xerces.internal.impl.XMLDocumentFragmentScannerImpl.scanDocument(XMLDocumentFragmentScannerImpl.java:505)
	at com.sun.org.apache.xerces.internal.parsers.XML11Configuration.parse(XML11Configuration.java:841)
	at com.sun.org.apache.xerces.internal.parsers.XML11Configuration.parse(XML11Configuration.java:770)
	at com.sun.org.apache.xerces.internal.parsers.XMLParser.parse(XMLParser.java:141)
	at com.sun.org.apache.xerces.internal.parsers.DOMParser.parse(DOMParser.java:243)
	at com.sun.org.apache.xerces.internal.jaxp.DocumentBuilderImpl.parse(DocumentBuilderImpl.java:339)
	at org.eclipse.debug.internal.core.LaunchManager.createInfoFromXML(LaunchManager.java:935)
	at org.eclipse.debug.internal.core.LaunchManager.getInfo(LaunchManager.java:1359)
	at org.eclipse.debug.internal.core.LaunchConfiguration.getInfo(LaunchConfiguration.java:490)
	at org.eclipse.debug.internal.core.LaunchConfiguration.getType(LaunchConfiguration.java:645)
	at org.eclipse.debug.internal.core.LaunchManager.isValid(LaunchManager.java:2091)
	at org.eclipse.debug.internal.core.LaunchManager.verifyConfigurations(LaunchManager.java:2462)
	at org.eclipse.debug.internal.core.LaunchManager.getAllLaunchConfigurations(LaunchManager.java:1140)
	at org.eclipse.debug.internal.core.LaunchManager.getLaunchConfigurations(LaunchManager.java:1444)
	at org.eclipse.debug.internal.core.LaunchManager.getLaunchConfigurations(LaunchManager.java:1439)
	at org.eclipse.launchbar.core.internal.LaunchBarManager.init(LaunchBarManager.java:130)
	at org.eclipse.launchbar.core.internal.LaunchBarManager$1.run(LaunchBarManager.java:96)
	at org.eclipse.core.internal.jobs.Worker.run(Worker.java:63)

!ENTRY org.eclipse.debug.core 4 125 2026-07-28 11:20:41.132
!MESSAGE 调试核心所记录的错误：
!STACK 1
org.eclipse.debug.core.DebugException: 读取启动配置文件 F:\code\vibe_project\rollerball\M55\libraries\components\mtb-device-support-pse8xxgp\make\make\recipe\interface_version_3\App\KitProg3\internal\&&_MTB_RECIPE__APP_NAME&& Erase Device (KitProg3_MiniProg4).launch 时发生了 org.xml.sax.SAXParseException; lineNumber: 11; columnNumber: 83; 在实体引用中, 实体名称必须紧跟在 '&' 后面。。
	at org.eclipse.debug.internal.core.LaunchManager.createDebugException(LaunchManager.java:886)
	at org.eclipse.debug.internal.core.LaunchManager.throwException(LaunchManager.java:2448)
	at org.eclipse.debug.internal.core.LaunchManager.getInfo(LaunchManager.java:1366)
	at org.eclipse.debug.internal.core.LaunchConfiguration.getInfo(LaunchConfiguration.java:490)
	at org.eclipse.debug.internal.core.LaunchConfiguration.getType(LaunchConfiguration.java:645)
	at org.eclipse.debug.internal.core.LaunchManager.isValid(LaunchManager.java:2091)
	at org.eclipse.debug.internal.core.LaunchManager.verifyConfigurations(LaunchManager.java:2462)
	at org.eclipse.debug.internal.core.LaunchManager.getAllLaunchConfigurations(LaunchManager.java:1140)
	at org.eclipse.debug.internal.core.LaunchManager.getLaunchConfigurations(LaunchManager.java:1444)
	at org.eclipse.debug.internal.core.LaunchManager.getLaunchConfigurations(LaunchManager.java:1439)
	at org.eclipse.launchbar.core.internal.LaunchBarManager.init(LaunchBarManager.java:130)
	at org.eclipse.launchbar.core.internal.LaunchBarManager$1.run(LaunchBarManager.java:96)
	at org.eclipse.core.internal.jobs.Worker.run(Worker.java:63)
Caused by: org.xml.sax.SAXParseException; lineNumber: 11; columnNumber: 83; 在实体引用中, 实体名称必须紧跟在 '&' 后面。
	at com.sun.org.apache.xerces.internal.util.ErrorHandlerWrapper.createSAXParseException(ErrorHandlerWrapper.java:203)
	at com.sun.org.apache.xerces.internal.util.ErrorHandlerWrapper.fatalError(ErrorHandlerWrapper.java:177)
	at com.sun.org.apache.xerces.internal.impl.XMLErrorReporter.reportError(XMLErrorReporter.java:400)
	at com.sun.org.apache.xerces.internal.impl.XMLErrorReporter.reportError(XMLErrorReporter.java:327)
	at com.sun.org.apache.xerces.internal.impl.XMLScanner.reportFatalError(XMLScanner.java:1472)
	at com.sun.org.apache.xerces.internal.impl.XMLScanner.scanAttributeValue(XMLScanner.java:908)
	at com.sun.org.apache.xerces.internal.impl.XMLDocumentFragmentScannerImpl.scanAttribute(XMLDocumentFragmentScannerImpl.java:1548)
	at com.sun.org.apache.xerces.internal.impl.XMLDocumentFragmentScannerImpl.scanStartElement(XMLDocumentFragmentScannerImpl.java:1315)
	at com.sun.org.apache.xerces.internal.impl.XMLDocumentFragmentScannerImpl$FragmentContentDriver.next(XMLDocumentFragmentScannerImpl.java:2784)
	at com.sun.org.apache.xerces.internal.impl.XMLDocumentScannerImpl.next(XMLDocumentScannerImpl.java:602)
	at com.sun.org.apache.xerces.internal.impl.XMLDocumentFragmentScannerImpl.scanDocument(XMLDocumentFragmentScannerImpl.java:505)
	at com.sun.org.apache.xerces.internal.parsers.XML11Configuration.parse(XML11Configuration.java:841)
	at com.sun.org.apache.xerces.internal.parsers.XML11Configuration.parse(XML11Configuration.java:770)
	at com.sun.org.apache.xerces.internal.parsers.XMLParser.parse(XMLParser.java:141)
	at com.sun.org.apache.xerces.internal.parsers.DOMParser.parse(DOMParser.java:243)
	at com.sun.org.apache.xerces.internal.jaxp.DocumentBuilderImpl.parse(DocumentBuilderImpl.java:339)
	at org.eclipse.debug.internal.core.LaunchManager.createInfoFromXML(LaunchManager.java:935)
	at org.eclipse.debug.internal.core.LaunchManager.getInfo(LaunchManager.java:1359)
	... 10 more
!SUBENTRY 1 org.eclipse.debug.core 4 5012 2026-07-28 11:20:41.132
!MESSAGE 读取启动配置文件 F:\code\vibe_project\rollerball\M55\libraries\components\mtb-device-support-pse8xxgp\make\make\recipe\interface_version_3\App\KitProg3\internal\&&_MTB_RECIPE__APP_NAME&& Erase Device (KitProg3_MiniProg4).launch 时发生了 org.xml.sax.SAXParseException; lineNumber: 11; columnNumber: 83; 在实体引用中, 实体名称必须紧跟在 '&' 后面。。
!STACK 0
org.xml.sax.SAXParseException; lineNumber: 11; columnNumber: 83; 在实体引用中, 实体名称必须紧跟在 '&' 后面。
	at com.sun.org.apache.xerces.internal.util.ErrorHandlerWrapper.createSAXParseException(ErrorHandlerWrapper.java:203)
	at com.sun.org.apache.xerces.internal.util.ErrorHandlerWrapper.fatalError(ErrorHandlerWrapper.java:177)
	at com.sun.org.apache.xerces.internal.impl.XMLErrorReporter.reportError(XMLErrorReporter.java:400)
	at com.sun.org.apache.xerces.internal.impl.XMLErrorReporter.reportError(XMLErrorReporter.java:327)
	at com.sun.org.apache.xerces.internal.impl.XMLScanner.reportFatalError(XMLScanner.java:1472)
	at com.sun.org.apache.xerces.internal.impl.XMLScanner.scanAttributeValue(XMLScanner.java:908)
	at com.sun.org.apache.xerces.internal.impl.XMLDocumentFragmentScannerImpl.scanAttribute(XMLDocumentFragmentScannerImpl.java:1548)
	at com.sun.org.apache.xerces.internal.impl.XMLDocumentFragmentScannerImpl.scanStartElement(XMLDocumentFragmentScannerImpl.java:1315)
	at com.sun.org.apache.xerces.internal.impl.XMLDocumentFragmentScannerImpl$FragmentContentDriver.next(XMLDocumentFragmentScannerImpl.java:2784)
	at com.sun.org.apache.xerces.internal.impl.XMLDocumentScannerImpl.next(XMLDocumentScannerImpl.java:602)
	at com.sun.org.apache.xerces.internal.impl.XMLDocumentFragmentScannerImpl.scanDocument(XMLDocumentFragmentScannerImpl.java:505)
	at com.sun.org.apache.xerces.internal.parsers.XML11Configuration.parse(XML11Configuration.java:841)
	at com.sun.org.apache.xerces.internal.parsers.XML11Configuration.parse(XML11Configuration.java:770)
	at com.sun.org.apache.xerces.internal.parsers.XMLParser.parse(XMLParser.java:141)
	at com.sun.org.apache.xerces.internal.parsers.DOMParser.parse(DOMParser.java:243)
	at com.sun.org.apache.xerces.internal.jaxp.DocumentBuilderImpl.parse(DocumentBuilderImpl.java:339)
	at org.eclipse.debug.internal.core.LaunchManager.createInfoFromXML(LaunchManager.java:935)
	at org.eclipse.debug.internal.core.LaunchManager.getInfo(LaunchManager.java:1359)
	at org.eclipse.debug.internal.core.LaunchConfiguration.getInfo(LaunchConfiguration.java:490)
	at org.eclipse.debug.internal.core.LaunchConfiguration.getType(LaunchConfiguration.java:645)
	at org.eclipse.debug.internal.core.LaunchManager.isValid(LaunchManager.java:2091)
	at org.eclipse.debug.internal.core.LaunchManager.verifyConfigurations(LaunchManager.java:2462)
	at org.eclipse.debug.internal.core.LaunchManager.getAllLaunchConfigurations(LaunchManager.java:1140)
	at org.eclipse.debug.internal.core.LaunchManager.getLaunchConfigurations(LaunchManager.java:1444)
	at org.eclipse.debug.internal.core.LaunchManager.getLaunchConfigurations(LaunchManager.java:1439)
	at org.eclipse.launchbar.core.internal.LaunchBarManager.init(LaunchBarManager.java:130)
	at org.eclipse.launchbar.core.internal.LaunchBarManager$1.run(LaunchBarManager.java:96)
	at org.eclipse.core.internal.jobs.Worker.run(Worker.java:63)

!ENTRY org.eclipse.debug.core 4 125 2026-07-28 11:20:41.132
!MESSAGE 调试核心所记录的错误：
!STACK 1
org.eclipse.debug.core.DebugException: 读取启动配置文件 F:\code\vibe_project\rollerball\M55\libraries\components\mtb-device-support-pse8xxgp\make\make\recipe\interface_version_3\App\KitProg3\internal\&&_MTB_RECIPE__APP_NAME&& Program Application (KitProg3_MiniProg4).launch 时发生了 org.xml.sax.SAXParseException; lineNumber: 10; columnNumber: 83; 在实体引用中, 实体名称必须紧跟在 '&' 后面。。
	at org.eclipse.debug.internal.core.LaunchManager.createDebugException(LaunchManager.java:886)
	at org.eclipse.debug.internal.core.LaunchManager.throwException(LaunchManager.java:2448)
	at org.eclipse.debug.internal.core.LaunchManager.getInfo(LaunchManager.java:1366)
	at org.eclipse.debug.internal.core.LaunchConfiguration.getInfo(LaunchConfiguration.java:490)
	at org.eclipse.debug.internal.core.LaunchConfiguration.getType(LaunchConfiguration.java:645)
	at org.eclipse.debug.internal.core.LaunchManager.isValid(LaunchManager.java:2091)
	at org.eclipse.debug.internal.core.LaunchManager.verifyConfigurations(LaunchManager.java:2462)
	at org.eclipse.debug.internal.core.LaunchManager.getAllLaunchConfigurations(LaunchManager.java:1140)
	at org.eclipse.debug.internal.core.LaunchManager.getLaunchConfigurations(LaunchManager.java:1444)
	at org.eclipse.debug.internal.core.LaunchManager.getLaunchConfigurations(LaunchManager.java:1439)
	at org.eclipse.launchbar.core.internal.LaunchBarManager.init(LaunchBarManager.java:130)
	at org.eclipse.launchbar.core.internal.LaunchBarManager$1.run(LaunchBarManager.java:96)
	at org.eclipse.core.internal.jobs.Worker.run(Worker.java:63)
Caused by: org.xml.sax.SAXParseException; lineNumber: 10; columnNumber: 83; 在实体引用中, 实体名称必须紧跟在 '&' 后面。
	at com.sun.org.apache.xerces.internal.util.ErrorHandlerWrapper.createSAXParseException(ErrorHandlerWrapper.java:203)
	at com.sun.org.apache.xerces.internal.util.ErrorHandlerWrapper.fatalError(ErrorHandlerWrapper.java:177)
	at com.sun.org.apache.xerces.internal.impl.XMLErrorReporter.reportError(XMLErrorReporter.java:400)
	at com.sun.org.apache.xerces.internal.impl.XMLErrorReporter.reportError(XMLErrorReporter.java:327)
	at com.sun.org.apache.xerces.internal.impl.XMLScanner.reportFatalError(XMLScanner.java:1472)
	at com.sun.org.apache.xerces.internal.impl.XMLScanner.scanAttributeValue(XMLScanner.java:908)
	at com.sun.org.apache.xerces.internal.impl.XMLDocumentFragmentScannerImpl.scanAttribute(XMLDocumentFragmentScannerImpl.java:1548)
	at com.sun.org.apache.xerces.internal.impl.XMLDocumentFragmentScannerImpl.scanStartElement(XMLDocumentFragmentScannerImpl.java:1315)
	at com.sun.org.apache.xerces.internal.impl.XMLDocumentFragmentScannerImpl$FragmentContentDriver.next(XMLDocumentFragmentScannerImpl.java:2784)
	at com.sun.org.apache.xerces.internal.impl.XMLDocumentScannerImpl.next(XMLDocumentScannerImpl.java:602)
	at com.sun.org.apache.xerces.internal.impl.XMLDocumentFragmentScannerImpl.scanDocument(XMLDocumentFragmentScannerImpl.java:505)
	at com.sun.org.apache.xerces.internal.parsers.XML11Configuration.parse(XML11Configuration.java:841)
	at com.sun.org.apache.xerces.internal.parsers.XML11Configuration.parse(XML11Configuration.java:770)
	at com.sun.org.apache.xerces.internal.parsers.XMLParser.parse(XMLParser.java:141)
	at com.sun.org.apache.xerces.internal.parsers.DOMParser.parse(DOMParser.java:243)
	at com.sun.org.apache.xerces.internal.jaxp.DocumentBuilderImpl.parse(DocumentBuilderImpl.java:339)
	at org.eclipse.debug.internal.core.LaunchManager.createInfoFromXML(LaunchManager.java:935)
	at org.eclipse.debug.internal.core.LaunchManager.getInfo(LaunchManager.java:1359)
	... 10 more
!SUBENTRY 1 org.eclipse.debug.core 4 5012 2026-07-28 11:20:41.132
!MESSAGE 读取启动配置文件 F:\code\vibe_project\rollerball\M55\libraries\components\mtb-device-support-pse8xxgp\make\make\recipe\interface_version_3\App\KitProg3\internal\&&_MTB_RECIPE__APP_NAME&& Program Application (KitProg3_MiniProg4).launch 时发生了 org.xml.sax.SAXParseException; lineNumber: 10; columnNumber: 83; 在实体引用中, 实体名称必须紧跟在 '&' 后面。。
!STACK 0
org.xml.sax.SAXParseException; lineNumber: 10; columnNumber: 83; 在实体引用中, 实体名称必须紧跟在 '&' 后面。
	at com.sun.org.apache.xerces.internal.util.ErrorHandlerWrapper.createSAXParseException(ErrorHandlerWrapper.java:203)
	at com.sun.org.apache.xerces.internal.util.ErrorHandlerWrapper.fatalError(ErrorHandlerWrapper.java:177)
	at com.sun.org.apache.xerces.internal.impl.XMLErrorReporter.reportError(XMLErrorReporter.java:400)
	at com.sun.org.apache.xerces.internal.impl.XMLErrorReporter.reportError(XMLErrorReporter.java:327)
	at com.sun.org.apache.xerces.internal.impl.XMLScanner.reportFatalError(XMLScanner.java:1472)
	at com.sun.org.apache.xerces.internal.impl.XMLScanner.scanAttributeValue(XMLScanner.java:908)
	at com.sun.org.apache.xerces.internal.impl.XMLDocumentFragmentScannerImpl.scanAttribute(XMLDocumentFragmentScannerImpl.java:1548)
	at com.sun.org.apache.xerces.internal.impl.XMLDocumentFragmentScannerImpl.scanStartElement(XMLDocumentFragmentScannerImpl.java:1315)
	at com.sun.org.apache.xerces.internal.impl.XMLDocumentFragmentScannerImpl$FragmentContentDriver.next(XMLDocumentFragmentScannerImpl.java:2784)
	at com.sun.org.apache.xerces.internal.impl.XMLDocumentScannerImpl.next(XMLDocumentScannerImpl.java:602)
	at com.sun.org.apache.xerces.internal.impl.XMLDocumentFragmentScannerImpl.scanDocument(XMLDocumentFragmentScannerImpl.java:505)
	at com.sun.org.apache.xerces.internal.parsers.XML11Configuration.parse(XML11Configuration.java:841)
	at com.sun.org.apache.xerces.internal.parsers.XML11Configuration.parse(XML11Configuration.java:770)
	at com.sun.org.apache.xerces.internal.parsers.XMLParser.parse(XMLParser.java:141)
	at com.sun.org.apache.xerces.internal.parsers.DOMParser.parse(DOMParser.java:243)
	at com.sun.org.apache.xerces.internal.jaxp.DocumentBuilderImpl.parse(DocumentBuilderImpl.java:339)
	at org.eclipse.debug.internal.core.LaunchManager.createInfoFromXML(LaunchManager.java:935)
	at org.eclipse.debug.internal.core.LaunchManager.getInfo(LaunchManager.java:1359)
	at org.eclipse.debug.internal.core.LaunchConfiguration.getInfo(LaunchConfiguration.java:490)
	at org.eclipse.debug.internal.core.LaunchConfiguration.getType(LaunchConfiguration.java:645)
	at org.eclipse.debug.internal.core.LaunchManager.isValid(LaunchManager.java:2091)
	at org.eclipse.debug.internal.core.LaunchManager.verifyConfigurations(LaunchManager.java:2462)
	at org.eclipse.debug.internal.core.LaunchManager.getAllLaunchConfigurations(LaunchManager.java:1140)
	at org.eclipse.debug.internal.core.LaunchManager.getLaunchConfigurations(LaunchManager.java:1444)
	at org.eclipse.debug.internal.core.LaunchManager.getLaunchConfigurations(LaunchManager.java:1439)
	at org.eclipse.launchbar.core.internal.LaunchBarManager.init(LaunchBarManager.java:130)
	at org.eclipse.launchbar.core.internal.LaunchBarManager$1.run(LaunchBarManager.java:96)
	at org.eclipse.core.internal.jobs.Worker.run(Worker.java:63)

!ENTRY org.eclipse.debug.core 4 125 2026-07-28 11:20:41.132
!MESSAGE 调试核心所记录的错误：
!STACK 1
org.eclipse.debug.core.DebugException: 读取启动配置文件 F:\code\vibe_project\rollerball\M55\libraries\components\mtb-device-support-pse8xxgp\make\make\recipe\interface_version_3\Proj\FTDI\any\&&_MTB_RECIPE__PRJ_NAME&& Program (FTDI).launch 时发生了 org.xml.sax.SAXParseException; lineNumber: 10; columnNumber: 83; 在实体引用中, 实体名称必须紧跟在 '&' 后面。。
	at org.eclipse.debug.internal.core.LaunchManager.createDebugException(LaunchManager.java:886)
	at org.eclipse.debug.internal.core.LaunchManager.throwException(LaunchManager.java:2448)
	at org.eclipse.debug.internal.core.LaunchManager.getInfo(LaunchManager.java:1366)
	at org.eclipse.debug.internal.core.LaunchConfiguration.getInfo(LaunchConfiguration.java:490)
	at org.eclipse.debug.internal.core.LaunchConfiguration.getType(LaunchConfiguration.java:645)
	at org.eclipse.debug.internal.core.LaunchManager.isValid(LaunchManager.java:2091)
	at org.eclipse.debug.internal.core.LaunchManager.verifyConfigurations(LaunchManager.java:2462)
	at org.eclipse.debug.internal.core.LaunchManager.getAllLaunchConfigurations(LaunchManager.java:1140)
	at org.eclipse.debug.internal.core.LaunchManager.getLaunchConfigurations(LaunchManager.java:1444)
	at org.eclipse.debug.internal.core.LaunchManager.getLaunchConfigurations(LaunchManager.java:1439)
	at org.eclipse.launchbar.core.internal.LaunchBarManager.init(LaunchBarManager.java:130)
	at org.eclipse.launchbar.core.internal.LaunchBarManager$1.run(LaunchBarManager.java:96)
	at org.eclipse.core.internal.jobs.Worker.run(Worker.java:63)
Caused by: org.xml.sax.SAXParseException; lineNumber: 10; columnNumber: 83; 在实体引用中, 实体名称必须紧跟在 '&' 后面。
	at com.sun.org.apache.xerces.internal.util.ErrorHandlerWrapper.createSAXParseException(ErrorHandlerWrapper.java:203)
	at com.sun.org.apache.xerces.internal.util.ErrorHandlerWrapper.fatalError(ErrorHandlerWrapper.java:177)
	at com.sun.org.apache.xerces.internal.impl.XMLErrorReporter.reportError(XMLErrorReporter.java:400)
	at com.sun.org.apache.xerces.internal.impl.XMLErrorReporter.reportError(XMLErrorReporter.java:327)
	at com.sun.org.apache.xerces.internal.impl.XMLScanner.reportFatalError(XMLScanner.java:1472)
	at com.sun.org.apache.xerces.internal.impl.XMLScanner.scanAttributeValue(XMLScanner.java:908)
	at com.sun.org.apache.xerces.internal.impl.XMLDocumentFragmentScannerImpl.scanAttribute(XMLDocumentFragmentScannerImpl.java:1548)
	at com.sun.org.apache.xerces.internal.impl.XMLDocumentFragmentScannerImpl.scanStartElement(XMLDocumentFragmentScannerImpl.java:1315)
	at com.sun.org.apache.xerces.internal.impl.XMLDocumentFragmentScannerImpl$FragmentContentDriver.next(XMLDocumentFragmentScannerImpl.java:2784)
	at com.sun.org.apache.xerces.internal.impl.XMLDocumentScannerImpl.next(XMLDocumentScannerImpl.java:602)
	at com.sun.org.apache.xerces.internal.impl.XMLDocumentFragmentScannerImpl.scanDocument(XMLDocumentFragmentScannerImpl.java:505)
	at com.sun.org.apache.xerces.internal.parsers.XML11Configuration.parse(XML11Configuration.java:841)
	at com.sun.org.apache.xerces.internal.parsers.XML11Configuration.parse(XML11Configuration.java:770)
	at com.sun.org.apache.xerces.internal.parsers.XMLParser.parse(XMLParser.java:141)
	at com.sun.org.apache.xerces.internal.parsers.DOMParser.parse(DOMParser.java:243)
	at com.sun.org.apache.xerces.internal.jaxp.DocumentBuilderImpl.parse(DocumentBuilderImpl.java:339)
	at org.eclipse.debug.internal.core.LaunchManager.createInfoFromXML(LaunchManager.java:935)
	at org.eclipse.debug.internal.core.LaunchManager.getInfo(LaunchManager.java:1359)
	... 10 more
!SUBENTRY 1 org.eclipse.debug.core 4 5012 2026-07-28 11:20:41.136
!MESSAGE 读取启动配置文件 F:\code\vibe_project\rollerball\M55\libraries\components\mtb-device-support-pse8xxgp\make\make\recipe\interface_version_3\Proj\FTDI\any\&&_MTB_RECIPE__PRJ_NAME&& Program (FTDI).launch 时发生了 org.xml.sax.SAXParseException; lineNumber: 10; columnNumber: 83; 在实体引用中, 实体名称必须紧跟在 '&' 后面。。
!STACK 0
org.xml.sax.SAXParseException; lineNumber: 10; columnNumber: 83; 在实体引用中, 实体名称必须紧跟在 '&' 后面。
	at com.sun.org.apache.xerces.internal.util.ErrorHandlerWrapper.createSAXParseException(ErrorHandlerWrapper.java:203)
	at com.sun.org.apache.xerces.internal.util.ErrorHandlerWrapper.fatalError(ErrorHandlerWrapper.java:177)
	at com.sun.org.apache.xerces.internal.impl.XMLErrorReporter.reportError(XMLErrorReporter.java:400)
	at com.sun.org.apache.xerces.internal.impl.XMLErrorReporter.reportError(XMLErrorReporter.java:327)
	at com.sun.org.apache.xerces.internal.impl.XMLScanner.reportFatalError(XMLScanner.java:1472)
	at com.sun.org.apache.xerces.internal.impl.XMLScanner.scanAttributeValue(XMLScanner.java:908)
	at com.sun.org.apache.xerces.internal.impl.XMLDocumentFragmentScannerImpl.scanAttribute(XMLDocumentFragmentScannerImpl.java:1548)
	at com.sun.org.apache.xerces.internal.impl.XMLDocumentFragmentScannerImpl.scanStartElement(XMLDocumentFragmentScannerImpl.java:1315)
	at com.sun.org.apache.xerces.internal.impl.XMLDocumentFragmentScannerImpl$FragmentContentDriver.next(XMLDocumentFragmentScannerImpl.java:2784)
	at com.sun.org.apache.xerces.internal.impl.XMLDocumentScannerImpl.next(XMLDocumentScannerImpl.java:602)
	at com.sun.org.apache.xerces.internal.impl.XMLDocumentFragmentScannerImpl.scanDocument(XMLDocumentFragmentScannerImpl.java:505)
	at com.sun.org.apache.xerces.internal.parsers.XML11Configuration.parse(XML11Configuration.java:841)
	at com.sun.org.apache.xerces.internal.parsers.XML11Configuration.parse(XML11Configuration.java:770)
	at com.sun.org.apache.xerces.internal.parsers.XMLParser.parse(XMLParser.java:141)
	at com.sun.org.apache.xerces.internal.parsers.DOMParser.parse(DOMParser.java:243)
	at com.sun.org.apache.xerces.internal.jaxp.DocumentBuilderImpl.parse(DocumentBuilderImpl.java:339)
	at org.eclipse.debug.internal.core.LaunchManager.createInfoFromXML(LaunchManager.java:935)
	at org.eclipse.debug.internal.core.LaunchManager.getInfo(LaunchManager.java:1359)
	at org.eclipse.debug.internal.core.LaunchConfiguration.getInfo(LaunchConfiguration.java:490)
	at org.eclipse.debug.internal.core.LaunchConfiguration.getType(LaunchConfiguration.java:645)
	at org.eclipse.debug.internal.core.LaunchManager.isValid(LaunchManager.java:2091)
	at org.eclipse.debug.internal.core.LaunchManager.verifyConfigurations(LaunchManager.java:2462)
	at org.eclipse.debug.internal.core.LaunchManager.getAllLaunchConfigurations(LaunchManager.java:1140)
	at org.eclipse.debug.internal.core.LaunchManager.getLaunchConfigurations(LaunchManager.java:1444)
	at org.eclipse.debug.internal.core.LaunchManager.getLaunchConfigurations(LaunchManager.java:1439)
	at org.eclipse.launchbar.core.internal.LaunchBarManager.init(LaunchBarManager.java:130)
	at org.eclipse.launchbar.core.internal.LaunchBarManager$1.run(LaunchBarManager.java:96)
	at org.eclipse.core.internal.jobs.Worker.run(Worker.java:63)

!ENTRY org.eclipse.debug.core 4 125 2026-07-28 11:20:41.136
!MESSAGE 调试核心所记录的错误：
!STACK 1
org.eclipse.debug.core.DebugException: 读取启动配置文件 F:\code\vibe_project\rollerball\M55\libraries\components\mtb-device-support-pse8xxgp\make\make\recipe\interface_version_3\Proj\FTDI\combine_sign\Program.launch 时发生了 org.xml.sax.SAXParseException; lineNumber: 10; columnNumber: 83; 在实体引用中, 实体名称必须紧跟在 '&' 后面。。
	at org.eclipse.debug.internal.core.LaunchManager.createDebugException(LaunchManager.java:886)
	at org.eclipse.debug.internal.core.LaunchManager.throwException(LaunchManager.java:2448)
	at org.eclipse.debug.internal.core.LaunchManager.getInfo(LaunchManager.java:1366)
	at org.eclipse.debug.internal.core.LaunchConfiguration.getInfo(LaunchConfiguration.java:490)
	at org.eclipse.debug.internal.core.LaunchConfiguration.getType(LaunchConfiguration.java:645)
	at org.eclipse.debug.internal.core.LaunchManager.isValid(LaunchManager.java:2091)
	at org.eclipse.debug.internal.core.LaunchManager.verifyConfigurations(LaunchManager.java:2462)
	at org.eclipse.debug.internal.core.LaunchManager.getAllLaunchConfigurations(LaunchManager.java:1140)
	at org.eclipse.debug.internal.core.LaunchManager.getLaunchConfigurations(LaunchManager.java:1444)
	at org.eclipse.debug.internal.core.LaunchManager.getLaunchConfigurations(LaunchManager.java:1439)
	at org.eclipse.launchbar.core.internal.LaunchBarManager.init(LaunchBarManager.java:130)
	at org.eclipse.launchbar.core.internal.LaunchBarManager$1.run(LaunchBarManager.java:96)
	at org.eclipse.core.internal.jobs.Worker.run(Worker.java:63)
Caused by: org.xml.sax.SAXParseException; lineNumber: 10; columnNumber: 83; 在实体引用中, 实体名称必须紧跟在 '&' 后面。
	at com.sun.org.apache.xerces.internal.util.ErrorHandlerWrapper.createSAXParseException(ErrorHandlerWrapper.java:203)
	at com.sun.org.apache.xerces.internal.util.ErrorHandlerWrapper.fatalError(ErrorHandlerWrapper.java:177)
	at com.sun.org.apache.xerces.internal.impl.XMLErrorReporter.reportError(XMLErrorReporter.java:400)
	at com.sun.org.apache.xerces.internal.impl.XMLErrorReporter.reportError(XMLErrorReporter.java:327)
	at com.sun.org.apache.xerces.internal.impl.XMLScanner.reportFatalError(XMLScanner.java:1472)
	at com.sun.org.apache.xerces.internal.impl.XMLScanner.scanAttributeValue(XMLScanner.java:908)
	at com.sun.org.apache.xerces.internal.impl.XMLDocumentFragmentScannerImpl.scanAttribute(XMLDocumentFragmentScannerImpl.java:1548)
	at com.sun.org.apache.xerces.internal.impl.XMLDocumentFragmentScannerImpl.scanStartElement(XMLDocumentFragmentScannerImpl.java:1315)
	at com.sun.org.apache.xerces.internal.impl.XMLDocumentFragmentScannerImpl$FragmentContentDriver.next(XMLDocumentFragmentScannerImpl.java:2784)
	at com.sun.org.apache.xerces.internal.impl.XMLDocumentScannerImpl.next(XMLDocumentScannerImpl.java:602)
	at com.sun.org.apache.xerces.internal.impl.XMLDocumentFragmentScannerImpl.scanDocument(XMLDocumentFragmentScannerImpl.java:505)
	at com.sun.org.apache.xerces.internal.parsers.XML11Configuration.parse(XML11Configuration.java:841)
	at com.sun.org.apache.xerces.internal.parsers.XML11Configuration.parse(XML11Configuration.java:770)
	at com.sun.org.apache.xerces.internal.parsers.XMLParser.parse(XMLParser.java:141)
	at com.sun.org.apache.xerces.internal.parsers.DOMParser.parse(DOMParser.java:243)
	at com.sun.org.apache.xerces.internal.jaxp.DocumentBuilderImpl.parse(DocumentBuilderImpl.java:339)
	at org.eclipse.debug.internal.core.LaunchManager.createInfoFromXML(LaunchManager.java:935)
	at org.eclipse.debug.internal.core.LaunchManager.getInfo(LaunchManager.java:1359)
	... 10 more
!SUBENTRY 1 org.eclipse.debug.core 4 5012 2026-07-28 11:20:41.136
!MESSAGE 读取启动配置文件 F:\code\vibe_project\rollerball\M55\libraries\components\mtb-device-support-pse8xxgp\make\make\recipe\interface_version_3\Proj\FTDI\combine_sign\Program.launch 时发生了 org.xml.sax.SAXParseException; lineNumber: 10; columnNumber: 83; 在实体引用中, 实体名称必须紧跟在 '&' 后面。。
!STACK 0
org.xml.sax.SAXParseException; lineNumber: 10; columnNumber: 83; 在实体引用中, 实体名称必须紧跟在 '&' 后面。
	at com.sun.org.apache.xerces.internal.util.ErrorHandlerWrapper.createSAXParseException(ErrorHandlerWrapper.java:203)
	at com.sun.org.apache.xerces.internal.util.ErrorHandlerWrapper.fatalError(ErrorHandlerWrapper.java:177)
	at com.sun.org.apache.xerces.internal.impl.XMLErrorReporter.reportError(XMLErrorReporter.java:400)
	at com.sun.org.apache.xerces.internal.impl.XMLErrorReporter.reportError(XMLErrorReporter.java:327)
	at com.sun.org.apache.xerces.internal.impl.XMLScanner.reportFatalError(XMLScanner.java:1472)
	at com.sun.org.apache.xerces.internal.impl.XMLScanner.scanAttributeValue(XMLScanner.java:908)
	at com.sun.org.apache.xerces.internal.impl.XMLDocumentFragmentScannerImpl.scanAttribute(XMLDocumentFragmentScannerImpl.java:1548)
	at com.sun.org.apache.xerces.internal.impl.XMLDocumentFragmentScannerImpl.scanStartElement(XMLDocumentFragmentScannerImpl.java:1315)
	at com.sun.org.apache.xerces.internal.impl.XMLDocumentFragmentScannerImpl$FragmentContentDriver.next(XMLDocumentFragmentScannerImpl.java:2784)
	at com.sun.org.apache.xerces.internal.impl.XMLDocumentScannerImpl.next(XMLDocumentScannerImpl.java:602)
	at com.sun.org.apache.xerces.internal.impl.XMLDocumentFragmentScannerImpl.scanDocument(XMLDocumentFragmentScannerImpl.java:505)
	at com.sun.org.apache.xerces.internal.parsers.XML11Configuration.parse(XML11Configuration.java:841)
	at com.sun.org.apache.xerces.internal.parsers.XML11Configuration.parse(XML11Configuration.java:770)
	at com.sun.org.apache.xerces.internal.parsers.XMLParser.parse(XMLParser.java:141)
	at com.sun.org.apache.xerces.internal.parsers.DOMParser.parse(DOMParser.java:243)
	at com.sun.org.apache.xerces.internal.jaxp.DocumentBuilderImpl.parse(DocumentBuilderImpl.java:339)
	at org.eclipse.debug.internal.core.LaunchManager.createInfoFromXML(LaunchManager.java:935)
	at org.eclipse.debug.internal.core.LaunchManager.getInfo(LaunchManager.java:1359)
	at org.eclipse.debug.internal.core.LaunchConfiguration.getInfo(LaunchConfiguration.java:490)
	at org.eclipse.debug.internal.core.LaunchConfiguration.getType(LaunchConfiguration.java:645)
	at org.eclipse.debug.internal.core.LaunchManager.isValid(LaunchManager.java:2091)
	at org.eclipse.debug.internal.core.LaunchManager.verifyConfigurations(LaunchManager.java:2462)
	at org.eclipse.debug.internal.core.LaunchManager.getAllLaunchConfigurations(LaunchManager.java:1140)
	at org.eclipse.debug.internal.core.LaunchManager.getLaunchConfigurations(LaunchManager.java:1444)
	at org.eclipse.debug.internal.core.LaunchManager.getLaunchConfigurations(LaunchManager.java:1439)
	at org.eclipse.launchbar.core.internal.LaunchBarManager.init(LaunchBarManager.java:130)
	at org.eclipse.launchbar.core.internal.LaunchBarManager$1.run(LaunchBarManager.java:96)
	at org.eclipse.core.internal.jobs.Worker.run(Worker.java:63)

!ENTRY org.eclipse.debug.core 4 125 2026-07-28 11:20:41.136
!MESSAGE 调试核心所记录的错误：
!STACK 1
org.eclipse.debug.core.DebugException: 读取启动配置文件 F:\code\vibe_project\rollerball\M55\libraries\components\mtb-device-support-pse8xxgp\make\make\recipe\interface_version_3\Proj\FTDI\single\external\&&_MTB_RECIPE__PRJ_NAME&& Erase All (FTDI).launch 时发生了 org.xml.sax.SAXParseException; lineNumber: 11; columnNumber: 83; 在实体引用中, 实体名称必须紧跟在 '&' 后面。。
	at org.eclipse.debug.internal.core.LaunchManager.createDebugException(LaunchManager.java:886)
	at org.eclipse.debug.internal.core.LaunchManager.throwException(LaunchManager.java:2448)
	at org.eclipse.debug.internal.core.LaunchManager.getInfo(LaunchManager.java:1366)
	at org.eclipse.debug.internal.core.LaunchConfiguration.getInfo(LaunchConfiguration.java:490)
	at org.eclipse.debug.internal.core.LaunchConfiguration.getType(LaunchConfiguration.java:645)
	at org.eclipse.debug.internal.core.LaunchManager.isValid(LaunchManager.java:2091)
	at org.eclipse.debug.internal.core.LaunchManager.verifyConfigurations(LaunchManager.java:2462)
	at org.eclipse.debug.internal.core.LaunchManager.getAllLaunchConfigurations(LaunchManager.java:1140)
	at org.eclipse.debug.internal.core.LaunchManager.getLaunchConfigurations(LaunchManager.java:1444)
	at org.eclipse.debug.internal.core.LaunchManager.getLaunchConfigurations(LaunchManager.java:1439)
	at org.eclipse.launchbar.core.internal.LaunchBarManager.init(LaunchBarManager.java:130)
	at org.eclipse.launchbar.core.internal.LaunchBarManager$1.run(LaunchBarManager.java:96)
	at org.eclipse.core.internal.jobs.Worker.run(Worker.java:63)
Caused by: org.xml.sax.SAXParseException; lineNumber: 11; columnNumber: 83; 在实体引用中, 实体名称必须紧跟在 '&' 后面。
	at com.sun.org.apache.xerces.internal.util.ErrorHandlerWrapper.createSAXParseException(ErrorHandlerWrapper.java:203)
	at com.sun.org.apache.xerces.internal.util.ErrorHandlerWrapper.fatalError(ErrorHandlerWrapper.java:177)
	at com.sun.org.apache.xerces.internal.impl.XMLErrorReporter.reportError(XMLErrorReporter.java:400)
	at com.sun.org.apache.xerces.internal.impl.XMLErrorReporter.reportError(XMLErrorReporter.java:327)
	at com.sun.org.apache.xerces.internal.impl.XMLScanner.reportFatalError(XMLScanner.java:1472)
	at com.sun.org.apache.xerces.internal.impl.XMLScanner.scanAttributeValue(XMLScanner.java:908)
	at com.sun.org.apache.xerces.internal.impl.XMLDocumentFragmentScannerImpl.scanAttribute(XMLDocumentFragmentScannerImpl.java:1548)
	at com.sun.org.apache.xerces.internal.impl.XMLDocumentFragmentScannerImpl.scanStartElement(XMLDocumentFragmentScannerImpl.java:1315)
	at com.sun.org.apache.xerces.internal.impl.XMLDocumentFragmentScannerImpl$FragmentContentDriver.next(XMLDocumentFragmentScannerImpl.java:2784)
	at com.sun.org.apache.xerces.internal.impl.XMLDocumentScannerImpl.next(XMLDocumentScannerImpl.java:602)
	at com.sun.org.apache.xerces.internal.impl.XMLDocumentFragmentScannerImpl.scanDocument(XMLDocumentFragmentScannerImpl.java:505)
	at com.sun.org.apache.xerces.internal.parsers.XML11Configuration.parse(XML11Configuration.java:841)
	at com.sun.org.apache.xerces.internal.parsers.XML11Configuration.parse(XML11Configuration.java:770)
	at com.sun.org.apache.xerces.internal.parsers.XMLParser.parse(XMLParser.java:141)
	at com.sun.org.apache.xerces.internal.parsers.DOMParser.parse(DOMParser.java:243)
	at com.sun.org.apache.xerces.internal.jaxp.DocumentBuilderImpl.parse(DocumentBuilderImpl.java:339)
	at org.eclipse.debug.internal.core.LaunchManager.createInfoFromXML(LaunchManager.java:935)
	at org.eclipse.debug.internal.core.LaunchManager.getInfo(LaunchManager.java:1359)
	... 10 more
!SUBENTRY 1 org.eclipse.debug.core 4 5012 2026-07-28 11:20:41.136
!MESSAGE 读取启动配置文件 F:\code\vibe_project\rollerball\M55\libraries\components\mtb-device-support-pse8xxgp\make\make\recipe\interface_version_3\Proj\FTDI\single\external\&&_MTB_RECIPE__PRJ_NAME&& Erase All (FTDI).launch 时发生了 org.xml.sax.SAXParseException; lineNumber: 11; columnNumber: 83; 在实体引用中, 实体名称必须紧跟在 '&' 后面。。
!STACK 0
org.xml.sax.SAXParseException; lineNumber: 11; columnNumber: 83; 在实体引用中, 实体名称必须紧跟在 '&' 后面。
	at com.sun.org.apache.xerces.internal.util.ErrorHandlerWrapper.createSAXParseException(ErrorHandlerWrapper.java:203)
	at com.sun.org.apache.xerces.internal.util.ErrorHandlerWrapper.fatalError(ErrorHandlerWrapper.java:177)
	at com.sun.org.apache.xerces.internal.impl.XMLErrorReporter.reportError(XMLErrorReporter.java:400)
	at com.sun.org.apache.xerces.internal.impl.XMLErrorReporter.reportError(XMLErrorReporter.java:327)
	at com.sun.org.apache.xerces.internal.impl.XMLScanner.reportFatalError(XMLScanner.java:1472)
	at com.sun.org.apache.xerces.internal.impl.XMLScanner.scanAttributeValue(XMLScanner.java:908)
	at com.sun.org.apache.xerces.internal.impl.XMLDocumentFragmentScannerImpl.scanAttribute(XMLDocumentFragmentScannerImpl.java:1548)
	at com.sun.org.apache.xerces.internal.impl.XMLDocumentFragmentScannerImpl.scanStartElement(XMLDocumentFragmentScannerImpl.java:1315)
	at com.sun.org.apache.xerces.internal.impl.XMLDocumentFragmentScannerImpl$FragmentContentDriver.next(XMLDocumentFragmentScannerImpl.java:2784)
	at com.sun.org.apache.xerces.internal.impl.XMLDocumentScannerImpl.next(XMLDocumentScannerImpl.java:602)
	at com.sun.org.apache.xerces.internal.impl.XMLDocumentFragmentScannerImpl.scanDocument(XMLDocumentFragmentScannerImpl.java:505)
	at com.sun.org.apache.xerces.internal.parsers.XML11Configuration.parse(XML11Configuration.java:841)
	at com.sun.org.apache.xerces.internal.parsers.XML11Configuration.parse(XML11Configuration.java:770)
	at com.sun.org.apache.xerces.internal.parsers.XMLParser.parse(XMLParser.java:141)
	at com.sun.org.apache.xerces.internal.parsers.DOMParser.parse(DOMParser.java:243)
	at com.sun.org.apache.xerces.internal.jaxp.DocumentBuilderImpl.parse(DocumentBuilderImpl.java:339)
	at org.eclipse.debug.internal.core.LaunchManager.createInfoFromXML(LaunchManager.java:935)
	at org.eclipse.debug.internal.core.LaunchManager.getInfo(LaunchManager.java:1359)
	at org.eclipse.debug.internal.core.LaunchConfiguration.getInfo(LaunchConfiguration.java:490)
	at org.eclipse.debug.internal.core.LaunchConfiguration.getType(LaunchConfiguration.java:645)
	at org.eclipse.debug.internal.core.LaunchManager.isValid(LaunchManager.java:2091)
	at org.eclipse.debug.internal.core.LaunchManager.verifyConfigurations(LaunchManager.java:2462)
	at org.eclipse.debug.internal.core.LaunchManager.getAllLaunchConfigurations(LaunchManager.java:1140)
	at org.eclipse.debug.internal.core.LaunchManager.getLaunchConfigurations(LaunchManager.java:1444)
	at org.eclipse.debug.internal.core.LaunchManager.getLaunchConfigurations(LaunchManager.java:1439)
	at org.eclipse.launchbar.core.internal.LaunchBarManager.init(LaunchBarManager.java:130)
	at org.eclipse.launchbar.core.internal.LaunchBarManager$1.run(LaunchBarManager.java:96)
	at org.eclipse.core.internal.jobs.Worker.run(Worker.java:63)

!ENTRY org.eclipse.debug.core 4 125 2026-07-28 11:20:41.141
!MESSAGE 调试核心所记录的错误：
!STACK 1
org.eclipse.debug.core.DebugException: 读取启动配置文件 F:\code\vibe_project\rollerball\M55\libraries\components\mtb-device-support-pse8xxgp\make\make\recipe\interface_version_3\Proj\FTDI\single\internal\&&_MTB_RECIPE__PRJ_NAME&& Erase Device (FTDI).launch 时发生了 org.xml.sax.SAXParseException; lineNumber: 11; columnNumber: 83; 在实体引用中, 实体名称必须紧跟在 '&' 后面。。
	at org.eclipse.debug.internal.core.LaunchManager.createDebugException(LaunchManager.java:886)
	at org.eclipse.debug.internal.core.LaunchManager.throwException(LaunchManager.java:2448)
	at org.eclipse.debug.internal.core.LaunchManager.getInfo(LaunchManager.java:1366)
	at org.eclipse.debug.internal.core.LaunchConfiguration.getInfo(LaunchConfiguration.java:490)
	at org.eclipse.debug.internal.core.LaunchConfiguration.getType(LaunchConfiguration.java:645)
	at org.eclipse.debug.internal.core.LaunchManager.isValid(LaunchManager.java:2091)
	at org.eclipse.debug.internal.core.LaunchManager.verifyConfigurations(LaunchManager.java:2462)
	at org.eclipse.debug.internal.core.LaunchManager.getAllLaunchConfigurations(LaunchManager.java:1140)
	at org.eclipse.debug.internal.core.LaunchManager.getLaunchConfigurations(LaunchManager.java:1444)
	at org.eclipse.debug.internal.core.LaunchManager.getLaunchConfigurations(LaunchManager.java:1439)
	at org.eclipse.launchbar.core.internal.LaunchBarManager.init(LaunchBarManager.java:130)
	at org.eclipse.launchbar.core.internal.LaunchBarManager$1.run(LaunchBarManager.java:96)
	at org.eclipse.core.internal.jobs.Worker.run(Worker.java:63)
Caused by: org.xml.sax.SAXParseException; lineNumber: 11; columnNumber: 83; 在实体引用中, 实体名称必须紧跟在 '&' 后面。
	at com.sun.org.apache.xerces.internal.util.ErrorHandlerWrapper.createSAXParseException(ErrorHandlerWrapper.java:203)
	at com.sun.org.apache.xerces.internal.util.ErrorHandlerWrapper.fatalError(ErrorHandlerWrapper.java:177)
	at com.sun.org.apache.xerces.internal.impl.XMLErrorReporter.reportError(XMLErrorReporter.java:400)
	at com.sun.org.apache.xerces.internal.impl.XMLErrorReporter.reportError(XMLErrorReporter.java:327)
	at com.sun.org.apache.xerces.internal.impl.XMLScanner.reportFatalError(XMLScanner.java:1472)
	at com.sun.org.apache.xerces.internal.impl.XMLScanner.scanAttributeValue(XMLScanner.java:908)
	at com.sun.org.apache.xerces.internal.impl.XMLDocumentFragmentScannerImpl.scanAttribute(XMLDocumentFragmentScannerImpl.java:1548)
	at com.sun.org.apache.xerces.internal.impl.XMLDocumentFragmentScannerImpl.scanStartElement(XMLDocumentFragmentScannerImpl.java:1315)
	at com.sun.org.apache.xerces.internal.impl.XMLDocumentFragmentScannerImpl$FragmentContentDriver.next(XMLDocumentFragmentScannerImpl.java:2784)
	at com.sun.org.apache.xerces.internal.impl.XMLDocumentScannerImpl.next(XMLDocumentScannerImpl.java:602)
	at com.sun.org.apache.xerces.internal.impl.XMLDocumentFragmentScannerImpl.scanDocument(XMLDocumentFragmentScannerImpl.java:505)
	at com.sun.org.apache.xerces.internal.parsers.XML11Configuration.parse(XML11Configuration.java:841)
	at com.sun.org.apache.xerces.internal.parsers.XML11Configuration.parse(XML11Configuration.java:770)
	at com.sun.org.apache.xerces.internal.parsers.XMLParser.parse(XMLParser.java:141)
	at com.sun.org.apache.xerces.internal.parsers.DOMParser.parse(DOMParser.java:243)
	at com.sun.org.apache.xerces.internal.jaxp.DocumentBuilderImpl.parse(DocumentBuilderImpl.java:339)
	at org.eclipse.debug.internal.core.LaunchManager.createInfoFromXML(LaunchManager.java:935)
	at org.eclipse.debug.internal.core.LaunchManager.getInfo(LaunchManager.java:1359)
	... 10 more
!SUBENTRY 1 org.eclipse.debug.core 4 5012 2026-07-28 11:20:41.141
!MESSAGE 读取启动配置文件 F:\code\vibe_project\rollerball\M55\libraries\components\mtb-device-support-pse8xxgp\make\make\recipe\interface_version_3\Proj\FTDI\single\internal\&&_MTB_RECIPE__PRJ_NAME&& Erase Device (FTDI).launch 时发生了 org.xml.sax.SAXParseException; lineNumber: 11; columnNumber: 83; 在实体引用中, 实体名称必须紧跟在 '&' 后面。。
!STACK 0
org.xml.sax.SAXParseException; lineNumber: 11; columnNumber: 83; 在实体引用中, 实体名称必须紧跟在 '&' 后面。
	at com.sun.org.apache.xerces.internal.util.ErrorHandlerWrapper.createSAXParseException(ErrorHandlerWrapper.java:203)
	at com.sun.org.apache.xerces.internal.util.ErrorHandlerWrapper.fatalError(ErrorHandlerWrapper.java:177)
	at com.sun.org.apache.xerces.internal.impl.XMLErrorReporter.reportError(XMLErrorReporter.java:400)
	at com.sun.org.apache.xerces.internal.impl.XMLErrorReporter.reportError(XMLErrorReporter.java:327)
	at com.sun.org.apache.xerces.internal.impl.XMLScanner.reportFatalError(XMLScanner.java:1472)
	at com.sun.org.apache.xerces.internal.impl.XMLScanner.scanAttributeValue(XMLScanner.java:908)
	at com.sun.org.apache.xerces.internal.impl.XMLDocumentFragmentScannerImpl.scanAttribute(XMLDocumentFragmentScannerImpl.java:1548)
	at com.sun.org.apache.xerces.internal.impl.XMLDocumentFragmentScannerImpl.scanStartElement(XMLDocumentFragmentScannerImpl.java:1315)
	at com.sun.org.apache.xerces.internal.impl.XMLDocumentFragmentScannerImpl$FragmentContentDriver.next(XMLDocumentFragmentScannerImpl.java:2784)
	at com.sun.org.apache.xerces.internal.impl.XMLDocumentScannerImpl.next(XMLDocumentScannerImpl.java:602)
	at com.sun.org.apache.xerces.internal.impl.XMLDocumentFragmentScannerImpl.scanDocument(XMLDocumentFragmentScannerImpl.java:505)
	at com.sun.org.apache.xerces.internal.parsers.XML11Configuration.parse(XML11Configuration.java:841)
	at com.sun.org.apache.xerces.internal.parsers.XML11Configuration.parse(XML11Configuration.java:770)
	at com.sun.org.apache.xerces.internal.parsers.XMLParser.parse(XMLParser.java:141)
	at com.sun.org.apache.xerces.internal.parsers.DOMParser.parse(DOMParser.java:243)
	at com.sun.org.apache.xerces.internal.jaxp.DocumentBuilderImpl.parse(DocumentBuilderImpl.java:339)
	at org.eclipse.debug.internal.core.LaunchManager.createInfoFromXML(LaunchManager.java:935)
	at org.eclipse.debug.internal.core.LaunchManager.getInfo(LaunchManager.java:1359)
	at org.eclipse.debug.internal.core.LaunchConfiguration.getInfo(LaunchConfiguration.java:490)
	at org.eclipse.debug.internal.core.LaunchConfiguration.getType(LaunchConfiguration.java:645)
	at org.eclipse.debug.internal.core.LaunchManager.isValid(LaunchManager.java:2091)
	at org.eclipse.debug.internal.core.LaunchManager.verifyConfigurations(LaunchManager.java:2462)
	at org.eclipse.debug.internal.core.LaunchManager.getAllLaunchConfigurations(LaunchManager.java:1140)
	at org.eclipse.debug.internal.core.LaunchManager.getLaunchConfigurations(LaunchManager.java:1444)
	at org.eclipse.debug.internal.core.LaunchManager.getLaunchConfigurations(LaunchManager.java:1439)
	at org.eclipse.launchbar.core.internal.LaunchBarManager.init(LaunchBarManager.java:130)
	at org.eclipse.launchbar.core.internal.LaunchBarManager$1.run(LaunchBarManager.java:96)
	at org.eclipse.core.internal.jobs.Worker.run(Worker.java:63)

!ENTRY org.eclipse.debug.core 4 125 2026-07-28 11:20:41.144
!MESSAGE 调试核心所记录的错误：
!STACK 1
org.eclipse.debug.core.DebugException: 读取启动配置文件 F:\code\vibe_project\rollerball\M55\libraries\components\mtb-device-support-pse8xxgp\make\make\recipe\interface_version_3\Proj\JLink\any\&&_MTB_RECIPE__PRJ_NAME&& Program (JLink).launch 时发生了 org.xml.sax.SAXParseException; lineNumber: 10; columnNumber: 83; 在实体引用中, 实体名称必须紧跟在 '&' 后面。。
	at org.eclipse.debug.internal.core.LaunchManager.createDebugException(LaunchManager.java:886)
	at org.eclipse.debug.internal.core.LaunchManager.throwException(LaunchManager.java:2448)
	at org.eclipse.debug.internal.core.LaunchManager.getInfo(LaunchManager.java:1366)
	at org.eclipse.debug.internal.core.LaunchConfiguration.getInfo(LaunchConfiguration.java:490)
	at org.eclipse.debug.internal.core.LaunchConfiguration.getType(LaunchConfiguration.java:645)
	at org.eclipse.debug.internal.core.LaunchManager.isValid(LaunchManager.java:2091)
	at org.eclipse.debug.internal.core.LaunchManager.verifyConfigurations(LaunchManager.java:2462)
	at org.eclipse.debug.internal.core.LaunchManager.getAllLaunchConfigurations(LaunchManager.java:1140)
	at org.eclipse.debug.internal.core.LaunchManager.getLaunchConfigurations(LaunchManager.java:1444)
	at org.eclipse.debug.internal.core.LaunchManager.getLaunchConfigurations(LaunchManager.java:1439)
	at org.eclipse.launchbar.core.internal.LaunchBarManager.init(LaunchBarManager.java:130)
	at org.eclipse.launchbar.core.internal.LaunchBarManager$1.run(LaunchBarManager.java:96)
	at org.eclipse.core.internal.jobs.Worker.run(Worker.java:63)
Caused by: org.xml.sax.SAXParseException; lineNumber: 10; columnNumber: 83; 在实体引用中, 实体名称必须紧跟在 '&' 后面。
	at com.sun.org.apache.xerces.internal.util.ErrorHandlerWrapper.createSAXParseException(ErrorHandlerWrapper.java:203)
	at com.sun.org.apache.xerces.internal.util.ErrorHandlerWrapper.fatalError(ErrorHandlerWrapper.java:177)
	at com.sun.org.apache.xerces.internal.impl.XMLErrorReporter.reportError(XMLErrorReporter.java:400)
	at com.sun.org.apache.xerces.internal.impl.XMLErrorReporter.reportError(XMLErrorReporter.java:327)
	at com.sun.org.apache.xerces.internal.impl.XMLScanner.reportFatalError(XMLScanner.java:1472)
	at com.sun.org.apache.xerces.internal.impl.XMLScanner.scanAttributeValue(XMLScanner.java:908)
	at com.sun.org.apache.xerces.internal.impl.XMLDocumentFragmentScannerImpl.scanAttribute(XMLDocumentFragmentScannerImpl.java:1548)
	at com.sun.org.apache.xerces.internal.impl.XMLDocumentFragmentScannerImpl.scanStartElement(XMLDocumentFragmentScannerImpl.java:1315)
	at com.sun.org.apache.xerces.internal.impl.XMLDocumentFragmentScannerImpl$FragmentContentDriver.next(XMLDocumentFragmentScannerImpl.java:2784)
	at com.sun.org.apache.xerces.internal.impl.XMLDocumentScannerImpl.next(XMLDocumentScannerImpl.java:602)
	at com.sun.org.apache.xerces.internal.impl.XMLDocumentFragmentScannerImpl.scanDocument(XMLDocumentFragmentScannerImpl.java:505)
	at com.sun.org.apache.xerces.internal.parsers.XML11Configuration.parse(XML11Configuration.java:841)
	at com.sun.org.apache.xerces.internal.parsers.XML11Configuration.parse(XML11Configuration.java:770)
	at com.sun.org.apache.xerces.internal.parsers.XMLParser.parse(XMLParser.java:141)
	at com.sun.org.apache.xerces.internal.parsers.DOMParser.parse(DOMParser.java:243)
	at com.sun.org.apache.xerces.internal.jaxp.DocumentBuilderImpl.parse(DocumentBuilderImpl.java:339)
	at org.eclipse.debug.internal.core.LaunchManager.createInfoFromXML(LaunchManager.java:935)
	at org.eclipse.debug.internal.core.LaunchManager.getInfo(LaunchManager.java:1359)
	... 10 more
!SUBENTRY 1 org.eclipse.debug.core 4 5012 2026-07-28 11:20:41.144
!MESSAGE 读取启动配置文件 F:\code\vibe_project\rollerball\M55\libraries\components\mtb-device-support-pse8xxgp\make\make\recipe\interface_version_3\Proj\JLink\any\&&_MTB_RECIPE__PRJ_NAME&& Program (JLink).launch 时发生了 org.xml.sax.SAXParseException; lineNumber: 10; columnNumber: 83; 在实体引用中, 实体名称必须紧跟在 '&' 后面。。
!STACK 0
org.xml.sax.SAXParseException; lineNumber: 10; columnNumber: 83; 在实体引用中, 实体名称必须紧跟在 '&' 后面。
	at com.sun.org.apache.xerces.internal.util.ErrorHandlerWrapper.createSAXParseException(ErrorHandlerWrapper.java:203)
	at com.sun.org.apache.xerces.internal.util.ErrorHandlerWrapper.fatalError(ErrorHandlerWrapper.java:177)
	at com.sun.org.apache.xerces.internal.impl.XMLErrorReporter.reportError(XMLErrorReporter.java:400)
	at com.sun.org.apache.xerces.internal.impl.XMLErrorReporter.reportError(XMLErrorReporter.java:327)
	at com.sun.org.apache.xerces.internal.impl.XMLScanner.reportFatalError(XMLScanner.java:1472)
	at com.sun.org.apache.xerces.internal.impl.XMLScanner.scanAttributeValue(XMLScanner.java:908)
	at com.sun.org.apache.xerces.internal.impl.XMLDocumentFragmentScannerImpl.scanAttribute(XMLDocumentFragmentScannerImpl.java:1548)
	at com.sun.org.apache.xerces.internal.impl.XMLDocumentFragmentScannerImpl.scanStartElement(XMLDocumentFragmentScannerImpl.java:1315)
	at com.sun.org.apache.xerces.internal.impl.XMLDocumentFragmentScannerImpl$FragmentContentDriver.next(XMLDocumentFragmentScannerImpl.java:2784)
	at com.sun.org.apache.xerces.internal.impl.XMLDocumentScannerImpl.next(XMLDocumentScannerImpl.java:602)
	at com.sun.org.apache.xerces.internal.impl.XMLDocumentFragmentScannerImpl.scanDocument(XMLDocumentFragmentScannerImpl.java:505)
	at com.sun.org.apache.xerces.internal.parsers.XML11Configuration.parse(XML11Configuration.java:841)
	at com.sun.org.apache.xerces.internal.parsers.XML11Configuration.parse(XML11Configuration.java:770)
	at com.sun.org.apache.xerces.internal.parsers.XMLParser.parse(XMLParser.java:141)
	at com.sun.org.apache.xerces.internal.parsers.DOMParser.parse(DOMParser.java:243)
	at com.sun.org.apache.xerces.internal.jaxp.DocumentBuilderImpl.parse(DocumentBuilderImpl.java:339)
	at org.eclipse.debug.internal.core.LaunchManager.createInfoFromXML(LaunchManager.java:935)
	at org.eclipse.debug.internal.core.LaunchManager.getInfo(LaunchManager.java:1359)
	at org.eclipse.debug.internal.core.LaunchConfiguration.getInfo(LaunchConfiguration.java:490)
	at org.eclipse.debug.internal.core.LaunchConfiguration.getType(LaunchConfiguration.java:645)
	at org.eclipse.debug.internal.core.LaunchManager.isValid(LaunchManager.java:2091)
	at org.eclipse.debug.internal.core.LaunchManager.verifyConfigurations(LaunchManager.java:2462)
	at org.eclipse.debug.internal.core.LaunchManager.getAllLaunchConfigurations(LaunchManager.java:1140)
	at org.eclipse.debug.internal.core.LaunchManager.getLaunchConfigurations(LaunchManager.java:1444)
	at org.eclipse.debug.internal.core.LaunchManager.getLaunchConfigurations(LaunchManager.java:1439)
	at org.eclipse.launchbar.core.internal.LaunchBarManager.init(LaunchBarManager.java:130)
	at org.eclipse.launchbar.core.internal.LaunchBarManager$1.run(LaunchBarManager.java:96)
	at org.eclipse.core.internal.jobs.Worker.run(Worker.java:63)

!ENTRY org.eclipse.debug.core 4 125 2026-07-28 11:20:41.146
!MESSAGE 调试核心所记录的错误：
!STACK 1
org.eclipse.debug.core.DebugException: 读取启动配置文件 F:\code\vibe_project\rollerball\M55\libraries\components\mtb-device-support-pse8xxgp\make\make\recipe\interface_version_3\Proj\JLink\combine_sign\Program.launch 时发生了 org.xml.sax.SAXParseException; lineNumber: 10; columnNumber: 83; 在实体引用中, 实体名称必须紧跟在 '&' 后面。。
	at org.eclipse.debug.internal.core.LaunchManager.createDebugException(LaunchManager.java:886)
	at org.eclipse.debug.internal.core.LaunchManager.throwException(LaunchManager.java:2448)
	at org.eclipse.debug.internal.core.LaunchManager.getInfo(LaunchManager.java:1366)
	at org.eclipse.debug.internal.core.LaunchConfiguration.getInfo(LaunchConfiguration.java:490)
	at org.eclipse.debug.internal.core.LaunchConfiguration.getType(LaunchConfiguration.java:645)
	at org.eclipse.debug.internal.core.LaunchManager.isValid(LaunchManager.java:2091)
	at org.eclipse.debug.internal.core.LaunchManager.verifyConfigurations(LaunchManager.java:2462)
	at org.eclipse.debug.internal.core.LaunchManager.getAllLaunchConfigurations(LaunchManager.java:1140)
	at org.eclipse.debug.internal.core.LaunchManager.getLaunchConfigurations(LaunchManager.java:1444)
	at org.eclipse.debug.internal.core.LaunchManager.getLaunchConfigurations(LaunchManager.java:1439)
	at org.eclipse.launchbar.core.internal.LaunchBarManager.init(LaunchBarManager.java:130)
	at org.eclipse.launchbar.core.internal.LaunchBarManager$1.run(LaunchBarManager.java:96)
	at org.eclipse.core.internal.jobs.Worker.run(Worker.java:63)
Caused by: org.xml.sax.SAXParseException; lineNumber: 10; columnNumber: 83; 在实体引用中, 实体名称必须紧跟在 '&' 后面。
	at com.sun.org.apache.xerces.internal.util.ErrorHandlerWrapper.createSAXParseException(ErrorHandlerWrapper.java:203)
	at com.sun.org.apache.xerces.internal.util.ErrorHandlerWrapper.fatalError(ErrorHandlerWrapper.java:177)
	at com.sun.org.apache.xerces.internal.impl.XMLErrorReporter.reportError(XMLErrorReporter.java:400)
	at com.sun.org.apache.xerces.internal.impl.XMLErrorReporter.reportError(XMLErrorReporter.java:327)
	at com.sun.org.apache.xerces.internal.impl.XMLScanner.reportFatalError(XMLScanner.java:1472)
	at com.sun.org.apache.xerces.internal.impl.XMLScanner.scanAttributeValue(XMLScanner.java:908)
	at com.sun.org.apache.xerces.internal.impl.XMLDocumentFragmentScannerImpl.scanAttribute(XMLDocumentFragmentScannerImpl.java:1548)
	at com.sun.org.apache.xerces.internal.impl.XMLDocumentFragmentScannerImpl.scanStartElement(XMLDocumentFragmentScannerImpl.java:1315)
	at com.sun.org.apache.xerces.internal.impl.XMLDocumentFragmentScannerImpl$FragmentContentDriver.next(XMLDocumentFragmentScannerImpl.java:2784)
	at com.sun.org.apache.xerces.internal.impl.XMLDocumentScannerImpl.next(XMLDocumentScannerImpl.java:602)
	at com.sun.org.apache.xerces.internal.impl.XMLDocumentFragmentScannerImpl.scanDocument(XMLDocumentFragmentScannerImpl.java:505)
	at com.sun.org.apache.xerces.internal.parsers.XML11Configuration.parse(XML11Configuration.java:841)
	at com.sun.org.apache.xerces.internal.parsers.XML11Configuration.parse(XML11Configuration.java:770)
	at com.sun.org.apache.xerces.internal.parsers.XMLParser.parse(XMLParser.java:141)
	at com.sun.org.apache.xerces.internal.parsers.DOMParser.parse(DOMParser.java:243)
	at com.sun.org.apache.xerces.internal.jaxp.DocumentBuilderImpl.parse(DocumentBuilderImpl.java:339)
	at org.eclipse.debug.internal.core.LaunchManager.createInfoFromXML(LaunchManager.java:935)
	at org.eclipse.debug.internal.core.LaunchManager.getInfo(LaunchManager.java:1359)
	... 10 more
!SUBENTRY 1 org.eclipse.debug.core 4 5012 2026-07-28 11:20:41.146
!MESSAGE 读取启动配置文件 F:\code\vibe_project\rollerball\M55\libraries\components\mtb-device-support-pse8xxgp\make\make\recipe\interface_version_3\Proj\JLink\combine_sign\Program.launch 时发生了 org.xml.sax.SAXParseException; lineNumber: 10; columnNumber: 83; 在实体引用中, 实体名称必须紧跟在 '&' 后面。。
!STACK 0
org.xml.sax.SAXParseException; lineNumber: 10; columnNumber: 83; 在实体引用中, 实体名称必须紧跟在 '&' 后面。
	at com.sun.org.apache.xerces.internal.util.ErrorHandlerWrapper.createSAXParseException(ErrorHandlerWrapper.java:203)
	at com.sun.org.apache.xerces.internal.util.ErrorHandlerWrapper.fatalError(ErrorHandlerWrapper.java:177)
	at com.sun.org.apache.xerces.internal.impl.XMLErrorReporter.reportError(XMLErrorReporter.java:400)
	at com.sun.org.apache.xerces.internal.impl.XMLErrorReporter.reportError(XMLErrorReporter.java:327)
	at com.sun.org.apache.xerces.internal.impl.XMLScanner.reportFatalError(XMLScanner.java:1472)
	at com.sun.org.apache.xerces.internal.impl.XMLScanner.scanAttributeValue(XMLScanner.java:908)
	at com.sun.org.apache.xerces.internal.impl.XMLDocumentFragmentScannerImpl.scanAttribute(XMLDocumentFragmentScannerImpl.java:1548)
	at com.sun.org.apache.xerces.internal.impl.XMLDocumentFragmentScannerImpl.scanStartElement(XMLDocumentFragmentScannerImpl.java:1315)
	at com.sun.org.apache.xerces.internal.impl.XMLDocumentFragmentScannerImpl$FragmentContentDriver.next(XMLDocumentFragmentScannerImpl.java:2784)
	at com.sun.org.apache.xerces.internal.impl.XMLDocumentScannerImpl.next(XMLDocumentScannerImpl.java:602)
	at com.sun.org.apache.xerces.internal.impl.XMLDocumentFragmentScannerImpl.scanDocument(XMLDocumentFragmentScannerImpl.java:505)
	at com.sun.org.apache.xerces.internal.parsers.XML11Configuration.parse(XML11Configuration.java:841)
	at com.sun.org.apache.xerces.internal.parsers.XML11Configuration.parse(XML11Configuration.java:770)
	at com.sun.org.apache.xerces.internal.parsers.XMLParser.parse(XMLParser.java:141)
	at com.sun.org.apache.xerces.internal.parsers.DOMParser.parse(DOMParser.java:243)
	at com.sun.org.apache.xerces.internal.jaxp.DocumentBuilderImpl.parse(DocumentBuilderImpl.java:339)
	at org.eclipse.debug.internal.core.LaunchManager.createInfoFromXML(LaunchManager.java:935)
	at org.eclipse.debug.internal.core.LaunchManager.getInfo(LaunchManager.java:1359)
	at org.eclipse.debug.internal.core.LaunchConfiguration.getInfo(LaunchConfiguration.java:490)
	at org.eclipse.debug.internal.core.LaunchConfiguration.getType(LaunchConfiguration.java:645)
	at org.eclipse.debug.internal.core.LaunchManager.isValid(LaunchManager.java:2091)
	at org.eclipse.debug.internal.core.LaunchManager.verifyConfigurations(LaunchManager.java:2462)
	at org.eclipse.debug.internal.core.LaunchManager.getAllLaunchConfigurations(LaunchManager.java:1140)
	at org.eclipse.debug.internal.core.LaunchManager.getLaunchConfigurations(LaunchManager.java:1444)
	at org.eclipse.debug.internal.core.LaunchManager.getLaunchConfigurations(LaunchManager.java:1439)
	at org.eclipse.launchbar.core.internal.LaunchBarManager.init(LaunchBarManager.java:130)
	at org.eclipse.launchbar.core.internal.LaunchBarManager$1.run(LaunchBarManager.java:96)
	at org.eclipse.core.internal.jobs.Worker.run(Worker.java:63)

!ENTRY org.eclipse.debug.core 4 125 2026-07-28 11:20:41.146
!MESSAGE 调试核心所记录的错误：
!STACK 1
org.eclipse.debug.core.DebugException: 读取启动配置文件 F:\code\vibe_project\rollerball\M55\libraries\components\mtb-device-support-pse8xxgp\make\make\recipe\interface_version_3\Proj\JLink\single\external\&&_MTB_RECIPE__PRJ_NAME&& Erase All (JLink).launch 时发生了 org.xml.sax.SAXParseException; lineNumber: 11; columnNumber: 83; 在实体引用中, 实体名称必须紧跟在 '&' 后面。。
	at org.eclipse.debug.internal.core.LaunchManager.createDebugException(LaunchManager.java:886)
	at org.eclipse.debug.internal.core.LaunchManager.throwException(LaunchManager.java:2448)
	at org.eclipse.debug.internal.core.LaunchManager.getInfo(LaunchManager.java:1366)
	at org.eclipse.debug.internal.core.LaunchConfiguration.getInfo(LaunchConfiguration.java:490)
	at org.eclipse.debug.internal.core.LaunchConfiguration.getType(LaunchConfiguration.java:645)
	at org.eclipse.debug.internal.core.LaunchManager.isValid(LaunchManager.java:2091)
	at org.eclipse.debug.internal.core.LaunchManager.verifyConfigurations(LaunchManager.java:2462)
	at org.eclipse.debug.internal.core.LaunchManager.getAllLaunchConfigurations(LaunchManager.java:1140)
	at org.eclipse.debug.internal.core.LaunchManager.getLaunchConfigurations(LaunchManager.java:1444)
	at org.eclipse.debug.internal.core.LaunchManager.getLaunchConfigurations(LaunchManager.java:1439)
	at org.eclipse.launchbar.core.internal.LaunchBarManager.init(LaunchBarManager.java:130)
	at org.eclipse.launchbar.core.internal.LaunchBarManager$1.run(LaunchBarManager.java:96)
	at org.eclipse.core.internal.jobs.Worker.run(Worker.java:63)
Caused by: org.xml.sax.SAXParseException; lineNumber: 11; columnNumber: 83; 在实体引用中, 实体名称必须紧跟在 '&' 后面。
	at com.sun.org.apache.xerces.internal.util.ErrorHandlerWrapper.createSAXParseException(ErrorHandlerWrapper.java:203)
	at com.sun.org.apache.xerces.internal.util.ErrorHandlerWrapper.fatalError(ErrorHandlerWrapper.java:177)
	at com.sun.org.apache.xerces.internal.impl.XMLErrorReporter.reportError(XMLErrorReporter.java:400)
	at com.sun.org.apache.xerces.internal.impl.XMLErrorReporter.reportError(XMLErrorReporter.java:327)
	at com.sun.org.apache.xerces.internal.impl.XMLScanner.reportFatalError(XMLScanner.java:1472)
	at com.sun.org.apache.xerces.internal.impl.XMLScanner.scanAttributeValue(XMLScanner.java:908)
	at com.sun.org.apache.xerces.internal.impl.XMLDocumentFragmentScannerImpl.scanAttribute(XMLDocumentFragmentScannerImpl.java:1548)
	at com.sun.org.apache.xerces.internal.impl.XMLDocumentFragmentScannerImpl.scanStartElement(XMLDocumentFragmentScannerImpl.java:1315)
	at com.sun.org.apache.xerces.internal.impl.XMLDocumentFragmentScannerImpl$FragmentContentDriver.next(XMLDocumentFragmentScannerImpl.java:2784)
	at com.sun.org.apache.xerces.internal.impl.XMLDocumentScannerImpl.next(XMLDocumentScannerImpl.java:602)
	at com.sun.org.apache.xerces.internal.impl.XMLDocumentFragmentScannerImpl.scanDocument(XMLDocumentFragmentScannerImpl.java:505)
	at com.sun.org.apache.xerces.internal.parsers.XML11Configuration.parse(XML11Configuration.java:841)
	at com.sun.org.apache.xerces.internal.parsers.XML11Configuration.parse(XML11Configuration.java:770)
	at com.sun.org.apache.xerces.internal.parsers.XMLParser.parse(XMLParser.java:141)
	at com.sun.org.apache.xerces.internal.parsers.DOMParser.parse(DOMParser.java:243)
	at com.sun.org.apache.xerces.internal.jaxp.DocumentBuilderImpl.parse(DocumentBuilderImpl.java:339)
	at org.eclipse.debug.internal.core.LaunchManager.createInfoFromXML(LaunchManager.java:935)
	at org.eclipse.debug.internal.core.LaunchManager.getInfo(LaunchManager.java:1359)
	... 10 more
!SUBENTRY 1 org.eclipse.debug.core 4 5012 2026-07-28 11:20:41.146
!MESSAGE 读取启动配置文件 F:\code\vibe_project\rollerball\M55\libraries\components\mtb-device-support-pse8xxgp\make\make\recipe\interface_version_3\Proj\JLink\single\external\&&_MTB_RECIPE__PRJ_NAME&& Erase All (JLink).launch 时发生了 org.xml.sax.SAXParseException; lineNumber: 11; columnNumber: 83; 在实体引用中, 实体名称必须紧跟在 '&' 后面。。
!STACK 0
org.xml.sax.SAXParseException; lineNumber: 11; columnNumber: 83; 在实体引用中, 实体名称必须紧跟在 '&' 后面。
	at com.sun.org.apache.xerces.internal.util.ErrorHandlerWrapper.createSAXParseException(ErrorHandlerWrapper.java:203)
	at com.sun.org.apache.xerces.internal.util.ErrorHandlerWrapper.fatalError(ErrorHandlerWrapper.java:177)
	at com.sun.org.apache.xerces.internal.impl.XMLErrorReporter.reportError(XMLErrorReporter.java:400)
	at com.sun.org.apache.xerces.internal.impl.XMLErrorReporter.reportError(XMLErrorReporter.java:327)
	at com.sun.org.apache.xerces.internal.impl.XMLScanner.reportFatalError(XMLScanner.java:1472)
	at com.sun.org.apache.xerces.internal.impl.XMLScanner.scanAttributeValue(XMLScanner.java:908)
	at com.sun.org.apache.xerces.internal.impl.XMLDocumentFragmentScannerImpl.scanAttribute(XMLDocumentFragmentScannerImpl.java:1548)
	at com.sun.org.apache.xerces.internal.impl.XMLDocumentFragmentScannerImpl.scanStartElement(XMLDocumentFragmentScannerImpl.java:1315)
	at com.sun.org.apache.xerces.internal.impl.XMLDocumentFragmentScannerImpl$FragmentContentDriver.next(XMLDocumentFragmentScannerImpl.java:2784)
	at com.sun.org.apache.xerces.internal.impl.XMLDocumentScannerImpl.next(XMLDocumentScannerImpl.java:602)
	at com.sun.org.apache.xerces.internal.impl.XMLDocumentFragmentScannerImpl.scanDocument(XMLDocumentFragmentScannerImpl.java:505)
	at com.sun.org.apache.xerces.internal.parsers.XML11Configuration.parse(XML11Configuration.java:841)
	at com.sun.org.apache.xerces.internal.parsers.XML11Configuration.parse(XML11Configuration.java:770)
	at com.sun.org.apache.xerces.internal.parsers.XMLParser.parse(XMLParser.java:141)
	at com.sun.org.apache.xerces.internal.parsers.DOMParser.parse(DOMParser.java:243)
	at com.sun.org.apache.xerces.internal.jaxp.DocumentBuilderImpl.parse(DocumentBuilderImpl.java:339)
	at org.eclipse.debug.internal.core.LaunchManager.createInfoFromXML(LaunchManager.java:935)
	at org.eclipse.debug.internal.core.LaunchManager.getInfo(LaunchManager.java:1359)
	at org.eclipse.debug.internal.core.LaunchConfiguration.getInfo(LaunchConfiguration.java:490)
	at org.eclipse.debug.internal.core.LaunchConfiguration.getType(LaunchConfiguration.java:645)
	at org.eclipse.debug.internal.core.LaunchManager.isValid(LaunchManager.java:2091)
	at org.eclipse.debug.internal.core.LaunchManager.verifyConfigurations(LaunchManager.java:2462)
	at org.eclipse.debug.internal.core.LaunchManager.getAllLaunchConfigurations(LaunchManager.java:1140)
	at org.eclipse.debug.internal.core.LaunchManager.getLaunchConfigurations(LaunchManager.java:1444)
	at org.eclipse.debug.internal.core.LaunchManager.getLaunchConfigurations(LaunchManager.java:1439)
	at org.eclipse.launchbar.core.internal.LaunchBarManager.init(LaunchBarManager.java:130)
	at org.eclipse.launchbar.core.internal.LaunchBarManager$1.run(LaunchBarManager.java:96)
	at org.eclipse.core.internal.jobs.Worker.run(Worker.java:63)

!ENTRY org.eclipse.debug.core 4 125 2026-07-28 11:20:41.148
!MESSAGE 调试核心所记录的错误：
!STACK 1
org.eclipse.debug.core.DebugException: 读取启动配置文件 F:\code\vibe_project\rollerball\M55\libraries\components\mtb-device-support-pse8xxgp\make\make\recipe\interface_version_3\Proj\JLink\single\internal\&&_MTB_RECIPE__PRJ_NAME&& Erase Device (JLink).launch 时发生了 org.xml.sax.SAXParseException; lineNumber: 11; columnNumber: 83; 在实体引用中, 实体名称必须紧跟在 '&' 后面。。
	at org.eclipse.debug.internal.core.LaunchManager.createDebugException(LaunchManager.java:886)
	at org.eclipse.debug.internal.core.LaunchManager.throwException(LaunchManager.java:2448)
	at org.eclipse.debug.internal.core.LaunchManager.getInfo(LaunchManager.java:1366)
	at org.eclipse.debug.internal.core.LaunchConfiguration.getInfo(LaunchConfiguration.java:490)
	at org.eclipse.debug.internal.core.LaunchConfiguration.getType(LaunchConfiguration.java:645)
	at org.eclipse.debug.internal.core.LaunchManager.isValid(LaunchManager.java:2091)
	at org.eclipse.debug.internal.core.LaunchManager.verifyConfigurations(LaunchManager.java:2462)
	at org.eclipse.debug.internal.core.LaunchManager.getAllLaunchConfigurations(LaunchManager.java:1140)
	at org.eclipse.debug.internal.core.LaunchManager.getLaunchConfigurations(LaunchManager.java:1444)
	at org.eclipse.debug.internal.core.LaunchManager.getLaunchConfigurations(LaunchManager.java:1439)
	at org.eclipse.launchbar.core.internal.LaunchBarManager.init(LaunchBarManager.java:130)
	at org.eclipse.launchbar.core.internal.LaunchBarManager$1.run(LaunchBarManager.java:96)
	at org.eclipse.core.internal.jobs.Worker.run(Worker.java:63)
Caused by: org.xml.sax.SAXParseException; lineNumber: 11; columnNumber: 83; 在实体引用中, 实体名称必须紧跟在 '&' 后面。
	at com.sun.org.apache.xerces.internal.util.ErrorHandlerWrapper.createSAXParseException(ErrorHandlerWrapper.java:203)
	at com.sun.org.apache.xerces.internal.util.ErrorHandlerWrapper.fatalError(ErrorHandlerWrapper.java:177)
	at com.sun.org.apache.xerces.internal.impl.XMLErrorReporter.reportError(XMLErrorReporter.java:400)
	at com.sun.org.apache.xerces.internal.impl.XMLErrorReporter.reportError(XMLErrorReporter.java:327)
	at com.sun.org.apache.xerces.internal.impl.XMLScanner.reportFatalError(XMLScanner.java:1472)
	at com.sun.org.apache.xerces.internal.impl.XMLScanner.scanAttributeValue(XMLScanner.java:908)
	at com.sun.org.apache.xerces.internal.impl.XMLDocumentFragmentScannerImpl.scanAttribute(XMLDocumentFragmentScannerImpl.java:1548)
	at com.sun.org.apache.xerces.internal.impl.XMLDocumentFragmentScannerImpl.scanStartElement(XMLDocumentFragmentScannerImpl.java:1315)
	at com.sun.org.apache.xerces.internal.impl.XMLDocumentFragmentScannerImpl$FragmentContentDriver.next(XMLDocumentFragmentScannerImpl.java:2784)
	at com.sun.org.apache.xerces.internal.impl.XMLDocumentScannerImpl.next(XMLDocumentScannerImpl.java:602)
	at com.sun.org.apache.xerces.internal.impl.XMLDocumentFragmentScannerImpl.scanDocument(XMLDocumentFragmentScannerImpl.java:505)
	at com.sun.org.apache.xerces.internal.parsers.XML11Configuration.parse(XML11Configuration.java:841)
	at com.sun.org.apache.xerces.internal.parsers.XML11Configuration.parse(XML11Configuration.java:770)
	at com.sun.org.apache.xerces.internal.parsers.XMLParser.parse(XMLParser.java:141)
	at com.sun.org.apache.xerces.internal.parsers.DOMParser.parse(DOMParser.java:243)
	at com.sun.org.apache.xerces.internal.jaxp.DocumentBuilderImpl.parse(DocumentBuilderImpl.java:339)
	at org.eclipse.debug.internal.core.LaunchManager.createInfoFromXML(LaunchManager.java:935)
	at org.eclipse.debug.internal.core.LaunchManager.getInfo(LaunchManager.java:1359)
	... 10 more
!SUBENTRY 1 org.eclipse.debug.core 4 5012 2026-07-28 11:20:41.148
!MESSAGE 读取启动配置文件 F:\code\vibe_project\rollerball\M55\libraries\components\mtb-device-support-pse8xxgp\make\make\recipe\interface_version_3\Proj\JLink\single\internal\&&_MTB_RECIPE__PRJ_NAME&& Erase Device (JLink).launch 时发生了 org.xml.sax.SAXParseException; lineNumber: 11; columnNumber: 83; 在实体引用中, 实体名称必须紧跟在 '&' 后面。。
!STACK 0
org.xml.sax.SAXParseException; lineNumber: 11; columnNumber: 83; 在实体引用中, 实体名称必须紧跟在 '&' 后面。
	at com.sun.org.apache.xerces.internal.util.ErrorHandlerWrapper.createSAXParseException(ErrorHandlerWrapper.java:203)
	at com.sun.org.apache.xerces.internal.util.ErrorHandlerWrapper.fatalError(ErrorHandlerWrapper.java:177)
	at com.sun.org.apache.xerces.internal.impl.XMLErrorReporter.reportError(XMLErrorReporter.java:400)
	at com.sun.org.apache.xerces.internal.impl.XMLErrorReporter.reportError(XMLErrorReporter.java:327)
	at com.sun.org.apache.xerces.internal.impl.XMLScanner.reportFatalError(XMLScanner.java:1472)
	at com.sun.org.apache.xerces.internal.impl.XMLScanner.scanAttributeValue(XMLScanner.java:908)
	at com.sun.org.apache.xerces.internal.impl.XMLDocumentFragmentScannerImpl.scanAttribute(XMLDocumentFragmentScannerImpl.java:1548)
	at com.sun.org.apache.xerces.internal.impl.XMLDocumentFragmentScannerImpl.scanStartElement(XMLDocumentFragmentScannerImpl.java:1315)
	at com.sun.org.apache.xerces.internal.impl.XMLDocumentFragmentScannerImpl$FragmentContentDriver.next(XMLDocumentFragmentScannerImpl.java:2784)
	at com.sun.org.apache.xerces.internal.impl.XMLDocumentScannerImpl.next(XMLDocumentScannerImpl.java:602)
	at com.sun.org.apache.xerces.internal.impl.XMLDocumentFragmentScannerImpl.scanDocument(XMLDocumentFragmentScannerImpl.java:505)
	at com.sun.org.apache.xerces.internal.parsers.XML11Configuration.parse(XML11Configuration.java:841)
	at com.sun.org.apache.xerces.internal.parsers.XML11Configuration.parse(XML11Configuration.java:770)
	at com.sun.org.apache.xerces.internal.parsers.XMLParser.parse(XMLParser.java:141)
	at com.sun.org.apache.xerces.internal.parsers.DOMParser.parse(DOMParser.java:243)
	at com.sun.org.apache.xerces.internal.jaxp.DocumentBuilderImpl.parse(DocumentBuilderImpl.java:339)
	at org.eclipse.debug.internal.core.LaunchManager.createInfoFromXML(LaunchManager.java:935)
	at org.eclipse.debug.internal.core.LaunchManager.getInfo(LaunchManager.java:1359)
	at org.eclipse.debug.internal.core.LaunchConfiguration.getInfo(LaunchConfiguration.java:490)
	at org.eclipse.debug.internal.core.LaunchConfiguration.getType(LaunchConfiguration.java:645)
	at org.eclipse.debug.internal.core.LaunchManager.isValid(LaunchManager.java:2091)
	at org.eclipse.debug.internal.core.LaunchManager.verifyConfigurations(LaunchManager.java:2462)
	at org.eclipse.debug.internal.core.LaunchManager.getAllLaunchConfigurations(LaunchManager.java:1140)
	at org.eclipse.debug.internal.core.LaunchManager.getLaunchConfigurations(LaunchManager.java:1444)
	at org.eclipse.debug.internal.core.LaunchManager.getLaunchConfigurations(LaunchManager.java:1439)
	at org.eclipse.launchbar.core.internal.LaunchBarManager.init(LaunchBarManager.java:130)
	at org.eclipse.launchbar.core.internal.LaunchBarManager$1.run(LaunchBarManager.java:96)
	at org.eclipse.core.internal.jobs.Worker.run(Worker.java:63)

!ENTRY org.eclipse.debug.core 4 125 2026-07-28 11:20:41.150
!MESSAGE 调试核心所记录的错误：
!STACK 1
org.eclipse.debug.core.DebugException: 读取启动配置文件 F:\code\vibe_project\rollerball\M55\libraries\components\mtb-device-support-pse8xxgp\make\make\recipe\interface_version_3\Proj\KitProg3\any\&&_MTB_RECIPE__PRJ_NAME&& Program (KitProg3_MiniProg4).launch 时发生了 org.xml.sax.SAXParseException; lineNumber: 10; columnNumber: 83; 在实体引用中, 实体名称必须紧跟在 '&' 后面。。
	at org.eclipse.debug.internal.core.LaunchManager.createDebugException(LaunchManager.java:886)
	at org.eclipse.debug.internal.core.LaunchManager.throwException(LaunchManager.java:2448)
	at org.eclipse.debug.internal.core.LaunchManager.getInfo(LaunchManager.java:1366)
	at org.eclipse.debug.internal.core.LaunchConfiguration.getInfo(LaunchConfiguration.java:490)
	at org.eclipse.debug.internal.core.LaunchConfiguration.getType(LaunchConfiguration.java:645)
	at org.eclipse.debug.internal.core.LaunchManager.isValid(LaunchManager.java:2091)
	at org.eclipse.debug.internal.core.LaunchManager.verifyConfigurations(LaunchManager.java:2462)
	at org.eclipse.debug.internal.core.LaunchManager.getAllLaunchConfigurations(LaunchManager.java:1140)
	at org.eclipse.debug.internal.core.LaunchManager.getLaunchConfigurations(LaunchManager.java:1444)
	at org.eclipse.debug.internal.core.LaunchManager.getLaunchConfigurations(LaunchManager.java:1439)
	at org.eclipse.launchbar.core.internal.LaunchBarManager.init(LaunchBarManager.java:130)
	at org.eclipse.launchbar.core.internal.LaunchBarManager$1.run(LaunchBarManager.java:96)
	at org.eclipse.core.internal.jobs.Worker.run(Worker.java:63)
Caused by: org.xml.sax.SAXParseException; lineNumber: 10; columnNumber: 83; 在实体引用中, 实体名称必须紧跟在 '&' 后面。
	at com.sun.org.apache.xerces.internal.util.ErrorHandlerWrapper.createSAXParseException(ErrorHandlerWrapper.java:203)
	at com.sun.org.apache.xerces.internal.util.ErrorHandlerWrapper.fatalError(ErrorHandlerWrapper.java:177)
	at com.sun.org.apache.xerces.internal.impl.XMLErrorReporter.reportError(XMLErrorReporter.java:400)
	at com.sun.org.apache.xerces.internal.impl.XMLErrorReporter.reportError(XMLErrorReporter.java:327)
	at com.sun.org.apache.xerces.internal.impl.XMLScanner.reportFatalError(XMLScanner.java:1472)
	at com.sun.org.apache.xerces.internal.impl.XMLScanner.scanAttributeValue(XMLScanner.java:908)
	at com.sun.org.apache.xerces.internal.impl.XMLDocumentFragmentScannerImpl.scanAttribute(XMLDocumentFragmentScannerImpl.java:1548)
	at com.sun.org.apache.xerces.internal.impl.XMLDocumentFragmentScannerImpl.scanStartElement(XMLDocumentFragmentScannerImpl.java:1315)
	at com.sun.org.apache.xerces.internal.impl.XMLDocumentFragmentScannerImpl$FragmentContentDriver.next(XMLDocumentFragmentScannerImpl.java:2784)
	at com.sun.org.apache.xerces.internal.impl.XMLDocumentScannerImpl.next(XMLDocumentScannerImpl.java:602)
	at com.sun.org.apache.xerces.internal.impl.XMLDocumentFragmentScannerImpl.scanDocument(XMLDocumentFragmentScannerImpl.java:505)
	at com.sun.org.apache.xerces.internal.parsers.XML11Configuration.parse(XML11Configuration.java:841)
	at com.sun.org.apache.xerces.internal.parsers.XML11Configuration.parse(XML11Configuration.java:770)
	at com.sun.org.apache.xerces.internal.parsers.XMLParser.parse(XMLParser.java:141)
	at com.sun.org.apache.xerces.internal.parsers.DOMParser.parse(DOMParser.java:243)
	at com.sun.org.apache.xerces.internal.jaxp.DocumentBuilderImpl.parse(DocumentBuilderImpl.java:339)
	at org.eclipse.debug.internal.core.LaunchManager.createInfoFromXML(LaunchManager.java:935)
	at org.eclipse.debug.internal.core.LaunchManager.getInfo(LaunchManager.java:1359)
	... 10 more
!SUBENTRY 1 org.eclipse.debug.core 4 5012 2026-07-28 11:20:41.152
!MESSAGE 读取启动配置文件 F:\code\vibe_project\rollerball\M55\libraries\components\mtb-device-support-pse8xxgp\make\make\recipe\interface_version_3\Proj\KitProg3\any\&&_MTB_RECIPE__PRJ_NAME&& Program (KitProg3_MiniProg4).launch 时发生了 org.xml.sax.SAXParseException; lineNumber: 10; columnNumber: 83; 在实体引用中, 实体名称必须紧跟在 '&' 后面。。
!STACK 0
org.xml.sax.SAXParseException; lineNumber: 10; columnNumber: 83; 在实体引用中, 实体名称必须紧跟在 '&' 后面。
	at com.sun.org.apache.xerces.internal.util.ErrorHandlerWrapper.createSAXParseException(ErrorHandlerWrapper.java:203)
	at com.sun.org.apache.xerces.internal.util.ErrorHandlerWrapper.fatalError(ErrorHandlerWrapper.java:177)
	at com.sun.org.apache.xerces.internal.impl.XMLErrorReporter.reportError(XMLErrorReporter.java:400)
	at com.sun.org.apache.xerces.internal.impl.XMLErrorReporter.reportError(XMLErrorReporter.java:327)
	at com.sun.org.apache.xerces.internal.impl.XMLScanner.reportFatalError(XMLScanner.java:1472)
	at com.sun.org.apache.xerces.internal.impl.XMLScanner.scanAttributeValue(XMLScanner.java:908)
	at com.sun.org.apache.xerces.internal.impl.XMLDocumentFragmentScannerImpl.scanAttribute(XMLDocumentFragmentScannerImpl.java:1548)
	at com.sun.org.apache.xerces.internal.impl.XMLDocumentFragmentScannerImpl.scanStartElement(XMLDocumentFragmentScannerImpl.java:1315)
	at com.sun.org.apache.xerces.internal.impl.XMLDocumentFragmentScannerImpl$FragmentContentDriver.next(XMLDocumentFragmentScannerImpl.java:2784)
	at com.sun.org.apache.xerces.internal.impl.XMLDocumentScannerImpl.next(XMLDocumentScannerImpl.java:602)
	at com.sun.org.apache.xerces.internal.impl.XMLDocumentFragmentScannerImpl.scanDocument(XMLDocumentFragmentScannerImpl.java:505)
	at com.sun.org.apache.xerces.internal.parsers.XML11Configuration.parse(XML11Configuration.java:841)
	at com.sun.org.apache.xerces.internal.parsers.XML11Configuration.parse(XML11Configuration.java:770)
	at com.sun.org.apache.xerces.internal.parsers.XMLParser.parse(XMLParser.java:141)
	at com.sun.org.apache.xerces.internal.parsers.DOMParser.parse(DOMParser.java:243)
	at com.sun.org.apache.xerces.internal.jaxp.DocumentBuilderImpl.parse(DocumentBuilderImpl.java:339)
	at org.eclipse.debug.internal.core.LaunchManager.createInfoFromXML(LaunchManager.java:935)
	at org.eclipse.debug.internal.core.LaunchManager.getInfo(LaunchManager.java:1359)
	at org.eclipse.debug.internal.core.LaunchConfiguration.getInfo(LaunchConfiguration.java:490)
	at org.eclipse.debug.internal.core.LaunchConfiguration.getType(LaunchConfiguration.java:645)
	at org.eclipse.debug.internal.core.LaunchManager.isValid(LaunchManager.java:2091)
	at org.eclipse.debug.internal.core.LaunchManager.verifyConfigurations(LaunchManager.java:2462)
	at org.eclipse.debug.internal.core.LaunchManager.getAllLaunchConfigurations(LaunchManager.java:1140)
	at org.eclipse.debug.internal.core.LaunchManager.getLaunchConfigurations(LaunchManager.java:1444)
	at org.eclipse.debug.internal.core.LaunchManager.getLaunchConfigurations(LaunchManager.java:1439)
	at org.eclipse.launchbar.core.internal.LaunchBarManager.init(LaunchBarManager.java:130)
	at org.eclipse.launchbar.core.internal.LaunchBarManager$1.run(LaunchBarManager.java:96)
	at org.eclipse.core.internal.jobs.Worker.run(Worker.java:63)

!ENTRY org.eclipse.debug.core 4 125 2026-07-28 11:20:41.152
!MESSAGE 调试核心所记录的错误：
!STACK 1
org.eclipse.debug.core.DebugException: 读取启动配置文件 F:\code\vibe_project\rollerball\M55\libraries\components\mtb-device-support-pse8xxgp\make\make\recipe\interface_version_3\Proj\KitProg3\combine_sign\Program.launch 时发生了 org.xml.sax.SAXParseException; lineNumber: 10; columnNumber: 83; 在实体引用中, 实体名称必须紧跟在 '&' 后面。。
	at org.eclipse.debug.internal.core.LaunchManager.createDebugException(LaunchManager.java:886)
	at org.eclipse.debug.internal.core.LaunchManager.throwException(LaunchManager.java:2448)
	at org.eclipse.debug.internal.core.LaunchManager.getInfo(LaunchManager.java:1366)
	at org.eclipse.debug.internal.core.LaunchConfiguration.getInfo(LaunchConfiguration.java:490)
	at org.eclipse.debug.internal.core.LaunchConfiguration.getType(LaunchConfiguration.java:645)
	at org.eclipse.debug.internal.core.LaunchManager.isValid(LaunchManager.java:2091)
	at org.eclipse.debug.internal.core.LaunchManager.verifyConfigurations(LaunchManager.java:2462)
	at org.eclipse.debug.internal.core.LaunchManager.getAllLaunchConfigurations(LaunchManager.java:1140)
	at org.eclipse.debug.internal.core.LaunchManager.getLaunchConfigurations(LaunchManager.java:1444)
	at org.eclipse.debug.internal.core.LaunchManager.getLaunchConfigurations(LaunchManager.java:1439)
	at org.eclipse.launchbar.core.internal.LaunchBarManager.init(LaunchBarManager.java:130)
	at org.eclipse.launchbar.core.internal.LaunchBarManager$1.run(LaunchBarManager.java:96)
	at org.eclipse.core.internal.jobs.Worker.run(Worker.java:63)
Caused by: org.xml.sax.SAXParseException; lineNumber: 10; columnNumber: 83; 在实体引用中, 实体名称必须紧跟在 '&' 后面。
	at com.sun.org.apache.xerces.internal.util.ErrorHandlerWrapper.createSAXParseException(ErrorHandlerWrapper.java:203)
	at com.sun.org.apache.xerces.internal.util.ErrorHandlerWrapper.fatalError(ErrorHandlerWrapper.java:177)
	at com.sun.org.apache.xerces.internal.impl.XMLErrorReporter.reportError(XMLErrorReporter.java:400)
	at com.sun.org.apache.xerces.internal.impl.XMLErrorReporter.reportError(XMLErrorReporter.java:327)
	at com.sun.org.apache.xerces.internal.impl.XMLScanner.reportFatalError(XMLScanner.java:1472)
	at com.sun.org.apache.xerces.internal.impl.XMLScanner.scanAttributeValue(XMLScanner.java:908)
	at com.sun.org.apache.xerces.internal.impl.XMLDocumentFragmentScannerImpl.scanAttribute(XMLDocumentFragmentScannerImpl.java:1548)
	at com.sun.org.apache.xerces.internal.impl.XMLDocumentFragmentScannerImpl.scanStartElement(XMLDocumentFragmentScannerImpl.java:1315)
	at com.sun.org.apache.xerces.internal.impl.XMLDocumentFragmentScannerImpl$FragmentContentDriver.next(XMLDocumentFragmentScannerImpl.java:2784)
	at com.sun.org.apache.xerces.internal.impl.XMLDocumentScannerImpl.next(XMLDocumentScannerImpl.java:602)
	at com.sun.org.apache.xerces.internal.impl.XMLDocumentFragmentScannerImpl.scanDocument(XMLDocumentFragmentScannerImpl.java:505)
	at com.sun.org.apache.xerces.internal.parsers.XML11Configuration.parse(XML11Configuration.java:841)
	at com.sun.org.apache.xerces.internal.parsers.XML11Configuration.parse(XML11Configuration.java:770)
	at com.sun.org.apache.xerces.internal.parsers.XMLParser.parse(XMLParser.java:141)
	at com.sun.org.apache.xerces.internal.parsers.DOMParser.parse(DOMParser.java:243)
	at com.sun.org.apache.xerces.internal.jaxp.DocumentBuilderImpl.parse(DocumentBuilderImpl.java:339)
	at org.eclipse.debug.internal.core.LaunchManager.createInfoFromXML(LaunchManager.java:935)
	at org.eclipse.debug.internal.core.LaunchManager.getInfo(LaunchManager.java:1359)
	... 10 more
!SUBENTRY 1 org.eclipse.debug.core 4 5012 2026-07-28 11:20:41.152
!MESSAGE 读取启动配置文件 F:\code\vibe_project\rollerball\M55\libraries\components\mtb-device-support-pse8xxgp\make\make\recipe\interface_version_3\Proj\KitProg3\combine_sign\Program.launch 时发生了 org.xml.sax.SAXParseException; lineNumber: 10; columnNumber: 83; 在实体引用中, 实体名称必须紧跟在 '&' 后面。。
!STACK 0
org.xml.sax.SAXParseException; lineNumber: 10; columnNumber: 83; 在实体引用中, 实体名称必须紧跟在 '&' 后面。
	at com.sun.org.apache.xerces.internal.util.ErrorHandlerWrapper.createSAXParseException(ErrorHandlerWrapper.java:203)
	at com.sun.org.apache.xerces.internal.util.ErrorHandlerWrapper.fatalError(ErrorHandlerWrapper.java:177)
	at com.sun.org.apache.xerces.internal.impl.XMLErrorReporter.reportError(XMLErrorReporter.java:400)
	at com.sun.org.apache.xerces.internal.impl.XMLErrorReporter.reportError(XMLErrorReporter.java:327)
	at com.sun.org.apache.xerces.internal.impl.XMLScanner.reportFatalError(XMLScanner.java:1472)
	at com.sun.org.apache.xerces.internal.impl.XMLScanner.scanAttributeValue(XMLScanner.java:908)
	at com.sun.org.apache.xerces.internal.impl.XMLDocumentFragmentScannerImpl.scanAttribute(XMLDocumentFragmentScannerImpl.java:1548)
	at com.sun.org.apache.xerces.internal.impl.XMLDocumentFragmentScannerImpl.scanStartElement(XMLDocumentFragmentScannerImpl.java:1315)
	at com.sun.org.apache.xerces.internal.impl.XMLDocumentFragmentScannerImpl$FragmentContentDriver.next(XMLDocumentFragmentScannerImpl.java:2784)
	at com.sun.org.apache.xerces.internal.impl.XMLDocumentScannerImpl.next(XMLDocumentScannerImpl.java:602)
	at com.sun.org.apache.xerces.internal.impl.XMLDocumentFragmentScannerImpl.scanDocument(XMLDocumentFragmentScannerImpl.java:505)
	at com.sun.org.apache.xerces.internal.parsers.XML11Configuration.parse(XML11Configuration.java:841)
	at com.sun.org.apache.xerces.internal.parsers.XML11Configuration.parse(XML11Configuration.java:770)
	at com.sun.org.apache.xerces.internal.parsers.XMLParser.parse(XMLParser.java:141)
	at com.sun.org.apache.xerces.internal.parsers.DOMParser.parse(DOMParser.java:243)
	at com.sun.org.apache.xerces.internal.jaxp.DocumentBuilderImpl.parse(DocumentBuilderImpl.java:339)
	at org.eclipse.debug.internal.core.LaunchManager.createInfoFromXML(LaunchManager.java:935)
	at org.eclipse.debug.internal.core.LaunchManager.getInfo(LaunchManager.java:1359)
	at org.eclipse.debug.internal.core.LaunchConfiguration.getInfo(LaunchConfiguration.java:490)
	at org.eclipse.debug.internal.core.LaunchConfiguration.getType(LaunchConfiguration.java:645)
	at org.eclipse.debug.internal.core.LaunchManager.isValid(LaunchManager.java:2091)
	at org.eclipse.debug.internal.core.LaunchManager.verifyConfigurations(LaunchManager.java:2462)
	at org.eclipse.debug.internal.core.LaunchManager.getAllLaunchConfigurations(LaunchManager.java:1140)
	at org.eclipse.debug.internal.core.LaunchManager.getLaunchConfigurations(LaunchManager.java:1444)
	at org.eclipse.debug.internal.core.LaunchManager.getLaunchConfigurations(LaunchManager.java:1439)
	at org.eclipse.launchbar.core.internal.LaunchBarManager.init(LaunchBarManager.java:130)
	at org.eclipse.launchbar.core.internal.LaunchBarManager$1.run(LaunchBarManager.java:96)
	at org.eclipse.core.internal.jobs.Worker.run(Worker.java:63)

!ENTRY org.eclipse.debug.core 4 125 2026-07-28 11:20:41.157
!MESSAGE 调试核心所记录的错误：
!STACK 1
org.eclipse.debug.core.DebugException: 读取启动配置文件 F:\code\vibe_project\rollerball\M55\libraries\components\mtb-device-support-pse8xxgp\make\make\recipe\interface_version_3\Proj\KitProg3\single\external\&&_MTB_RECIPE__PRJ_NAME&& Erase All (KitProg3_MiniProg4).launch 时发生了 org.xml.sax.SAXParseException; lineNumber: 11; columnNumber: 83; 在实体引用中, 实体名称必须紧跟在 '&' 后面。。
	at org.eclipse.debug.internal.core.LaunchManager.createDebugException(LaunchManager.java:886)
	at org.eclipse.debug.internal.core.LaunchManager.throwException(LaunchManager.java:2448)
	at org.eclipse.debug.internal.core.LaunchManager.getInfo(LaunchManager.java:1366)
	at org.eclipse.debug.internal.core.LaunchConfiguration.getInfo(LaunchConfiguration.java:490)
	at org.eclipse.debug.internal.core.LaunchConfiguration.getType(LaunchConfiguration.java:645)
	at org.eclipse.debug.internal.core.LaunchManager.isValid(LaunchManager.java:2091)
	at org.eclipse.debug.internal.core.LaunchManager.verifyConfigurations(LaunchManager.java:2462)
	at org.eclipse.debug.internal.core.LaunchManager.getAllLaunchConfigurations(LaunchManager.java:1140)
	at org.eclipse.debug.internal.core.LaunchManager.getLaunchConfigurations(LaunchManager.java:1444)
	at org.eclipse.debug.internal.core.LaunchManager.getLaunchConfigurations(LaunchManager.java:1439)
	at org.eclipse.launchbar.core.internal.LaunchBarManager.init(LaunchBarManager.java:130)
	at org.eclipse.launchbar.core.internal.LaunchBarManager$1.run(LaunchBarManager.java:96)
	at org.eclipse.core.internal.jobs.Worker.run(Worker.java:63)
Caused by: org.xml.sax.SAXParseException; lineNumber: 11; columnNumber: 83; 在实体引用中, 实体名称必须紧跟在 '&' 后面。
	at com.sun.org.apache.xerces.internal.util.ErrorHandlerWrapper.createSAXParseException(ErrorHandlerWrapper.java:203)
	at com.sun.org.apache.xerces.internal.util.ErrorHandlerWrapper.fatalError(ErrorHandlerWrapper.java:177)
	at com.sun.org.apache.xerces.internal.impl.XMLErrorReporter.reportError(XMLErrorReporter.java:400)
	at com.sun.org.apache.xerces.internal.impl.XMLErrorReporter.reportError(XMLErrorReporter.java:327)
	at com.sun.org.apache.xerces.internal.impl.XMLScanner.reportFatalError(XMLScanner.java:1472)
	at com.sun.org.apache.xerces.internal.impl.XMLScanner.scanAttributeValue(XMLScanner.java:908)
	at com.sun.org.apache.xerces.internal.impl.XMLDocumentFragmentScannerImpl.scanAttribute(XMLDocumentFragmentScannerImpl.java:1548)
	at com.sun.org.apache.xerces.internal.impl.XMLDocumentFragmentScannerImpl.scanStartElement(XMLDocumentFragmentScannerImpl.java:1315)
	at com.sun.org.apache.xerces.internal.impl.XMLDocumentFragmentScannerImpl$FragmentContentDriver.next(XMLDocumentFragmentScannerImpl.java:2784)
	at com.sun.org.apache.xerces.internal.impl.XMLDocumentScannerImpl.next(XMLDocumentScannerImpl.java:602)
	at com.sun.org.apache.xerces.internal.impl.XMLDocumentFragmentScannerImpl.scanDocument(XMLDocumentFragmentScannerImpl.java:505)
	at com.sun.org.apache.xerces.internal.parsers.XML11Configuration.parse(XML11Configuration.java:841)
	at com.sun.org.apache.xerces.internal.parsers.XML11Configuration.parse(XML11Configuration.java:770)
	at com.sun.org.apache.xerces.internal.parsers.XMLParser.parse(XMLParser.java:141)
	at com.sun.org.apache.xerces.internal.parsers.DOMParser.parse(DOMParser.java:243)
	at com.sun.org.apache.xerces.internal.jaxp.DocumentBuilderImpl.parse(DocumentBuilderImpl.java:339)
	at org.eclipse.debug.internal.core.LaunchManager.createInfoFromXML(LaunchManager.java:935)
	at org.eclipse.debug.internal.core.LaunchManager.getInfo(LaunchManager.java:1359)
	... 10 more
!SUBENTRY 1 org.eclipse.debug.core 4 5012 2026-07-28 11:20:41.157
!MESSAGE 读取启动配置文件 F:\code\vibe_project\rollerball\M55\libraries\components\mtb-device-support-pse8xxgp\make\make\recipe\interface_version_3\Proj\KitProg3\single\external\&&_MTB_RECIPE__PRJ_NAME&& Erase All (KitProg3_MiniProg4).launch 时发生了 org.xml.sax.SAXParseException; lineNumber: 11; columnNumber: 83; 在实体引用中, 实体名称必须紧跟在 '&' 后面。。
!STACK 0
org.xml.sax.SAXParseException; lineNumber: 11; columnNumber: 83; 在实体引用中, 实体名称必须紧跟在 '&' 后面。
	at com.sun.org.apache.xerces.internal.util.ErrorHandlerWrapper.createSAXParseException(ErrorHandlerWrapper.java:203)
	at com.sun.org.apache.xerces.internal.util.ErrorHandlerWrapper.fatalError(ErrorHandlerWrapper.java:177)
	at com.sun.org.apache.xerces.internal.impl.XMLErrorReporter.reportError(XMLErrorReporter.java:400)
	at com.sun.org.apache.xerces.internal.impl.XMLErrorReporter.reportError(XMLErrorReporter.java:327)
	at com.sun.org.apache.xerces.internal.impl.XMLScanner.reportFatalError(XMLScanner.java:1472)
	at com.sun.org.apache.xerces.internal.impl.XMLScanner.scanAttributeValue(XMLScanner.java:908)
	at com.sun.org.apache.xerces.internal.impl.XMLDocumentFragmentScannerImpl.scanAttribute(XMLDocumentFragmentScannerImpl.java:1548)
	at com.sun.org.apache.xerces.internal.impl.XMLDocumentFragmentScannerImpl.scanStartElement(XMLDocumentFragmentScannerImpl.java:1315)
	at com.sun.org.apache.xerces.internal.impl.XMLDocumentFragmentScannerImpl$FragmentContentDriver.next(XMLDocumentFragmentScannerImpl.java:2784)
	at com.sun.org.apache.xerces.internal.impl.XMLDocumentScannerImpl.next(XMLDocumentScannerImpl.java:602)
	at com.sun.org.apache.xerces.internal.impl.XMLDocumentFragmentScannerImpl.scanDocument(XMLDocumentFragmentScannerImpl.java:505)
	at com.sun.org.apache.xerces.internal.parsers.XML11Configuration.parse(XML11Configuration.java:841)
	at com.sun.org.apache.xerces.internal.parsers.XML11Configuration.parse(XML11Configuration.java:770)
	at com.sun.org.apache.xerces.internal.parsers.XMLParser.parse(XMLParser.java:141)
	at com.sun.org.apache.xerces.internal.parsers.DOMParser.parse(DOMParser.java:243)
	at com.sun.org.apache.xerces.internal.jaxp.DocumentBuilderImpl.parse(DocumentBuilderImpl.java:339)
	at org.eclipse.debug.internal.core.LaunchManager.createInfoFromXML(LaunchManager.java:935)
	at org.eclipse.debug.internal.core.LaunchManager.getInfo(LaunchManager.java:1359)
	at org.eclipse.debug.internal.core.LaunchConfiguration.getInfo(LaunchConfiguration.java:490)
	at org.eclipse.debug.internal.core.LaunchConfiguration.getType(LaunchConfiguration.java:645)
	at org.eclipse.debug.internal.core.LaunchManager.isValid(LaunchManager.java:2091)
	at org.eclipse.debug.internal.core.LaunchManager.verifyConfigurations(LaunchManager.java:2462)
	at org.eclipse.debug.internal.core.LaunchManager.getAllLaunchConfigurations(LaunchManager.java:1140)
	at org.eclipse.debug.internal.core.LaunchManager.getLaunchConfigurations(LaunchManager.java:1444)
	at org.eclipse.debug.internal.core.LaunchManager.getLaunchConfigurations(LaunchManager.java:1439)
	at org.eclipse.launchbar.core.internal.LaunchBarManager.init(LaunchBarManager.java:130)
	at org.eclipse.launchbar.core.internal.LaunchBarManager$1.run(LaunchBarManager.java:96)
	at org.eclipse.core.internal.jobs.Worker.run(Worker.java:63)

!ENTRY org.eclipse.debug.core 4 125 2026-07-28 11:20:41.157
!MESSAGE 调试核心所记录的错误：
!STACK 1
org.eclipse.debug.core.DebugException: 读取启动配置文件 F:\code\vibe_project\rollerball\M55\libraries\components\mtb-device-support-pse8xxgp\make\make\recipe\interface_version_3\Proj\KitProg3\single\internal\&&_MTB_RECIPE__PRJ_NAME&& Erase Device (KitProg3_MiniProg4).launch 时发生了 org.xml.sax.SAXParseException; lineNumber: 11; columnNumber: 83; 在实体引用中, 实体名称必须紧跟在 '&' 后面。。
	at org.eclipse.debug.internal.core.LaunchManager.createDebugException(LaunchManager.java:886)
	at org.eclipse.debug.internal.core.LaunchManager.throwException(LaunchManager.java:2448)
	at org.eclipse.debug.internal.core.LaunchManager.getInfo(LaunchManager.java:1366)
	at org.eclipse.debug.internal.core.LaunchConfiguration.getInfo(LaunchConfiguration.java:490)
	at org.eclipse.debug.internal.core.LaunchConfiguration.getType(LaunchConfiguration.java:645)
	at org.eclipse.debug.internal.core.LaunchManager.isValid(LaunchManager.java:2091)
	at org.eclipse.debug.internal.core.LaunchManager.verifyConfigurations(LaunchManager.java:2462)
	at org.eclipse.debug.internal.core.LaunchManager.getAllLaunchConfigurations(LaunchManager.java:1140)
	at org.eclipse.debug.internal.core.LaunchManager.getLaunchConfigurations(LaunchManager.java:1444)
	at org.eclipse.debug.internal.core.LaunchManager.getLaunchConfigurations(LaunchManager.java:1439)
	at org.eclipse.launchbar.core.internal.LaunchBarManager.init(LaunchBarManager.java:130)
	at org.eclipse.launchbar.core.internal.LaunchBarManager$1.run(LaunchBarManager.java:96)
	at org.eclipse.core.internal.jobs.Worker.run(Worker.java:63)
Caused by: org.xml.sax.SAXParseException; lineNumber: 11; columnNumber: 83; 在实体引用中, 实体名称必须紧跟在 '&' 后面。
	at com.sun.org.apache.xerces.internal.util.ErrorHandlerWrapper.createSAXParseException(ErrorHandlerWrapper.java:203)
	at com.sun.org.apache.xerces.internal.util.ErrorHandlerWrapper.fatalError(ErrorHandlerWrapper.java:177)
	at com.sun.org.apache.xerces.internal.impl.XMLErrorReporter.reportError(XMLErrorReporter.java:400)
	at com.sun.org.apache.xerces.internal.impl.XMLErrorReporter.reportError(XMLErrorReporter.java:327)
	at com.sun.org.apache.xerces.internal.impl.XMLScanner.reportFatalError(XMLScanner.java:1472)
	at com.sun.org.apache.xerces.internal.impl.XMLScanner.scanAttributeValue(XMLScanner.java:908)
	at com.sun.org.apache.xerces.internal.impl.XMLDocumentFragmentScannerImpl.scanAttribute(XMLDocumentFragmentScannerImpl.java:1548)
	at com.sun.org.apache.xerces.internal.impl.XMLDocumentFragmentScannerImpl.scanStartElement(XMLDocumentFragmentScannerImpl.java:1315)
	at com.sun.org.apache.xerces.internal.impl.XMLDocumentFragmentScannerImpl$FragmentContentDriver.next(XMLDocumentFragmentScannerImpl.java:2784)
	at com.sun.org.apache.xerces.internal.impl.XMLDocumentScannerImpl.next(XMLDocumentScannerImpl.java:602)
	at com.sun.org.apache.xerces.internal.impl.XMLDocumentFragmentScannerImpl.scanDocument(XMLDocumentFragmentScannerImpl.java:505)
	at com.sun.org.apache.xerces.internal.parsers.XML11Configuration.parse(XML11Configuration.java:841)
	at com.sun.org.apache.xerces.internal.parsers.XML11Configuration.parse(XML11Configuration.java:770)
	at com.sun.org.apache.xerces.internal.parsers.XMLParser.parse(XMLParser.java:141)
	at com.sun.org.apache.xerces.internal.parsers.DOMParser.parse(DOMParser.java:243)
	at com.sun.org.apache.xerces.internal.jaxp.DocumentBuilderImpl.parse(DocumentBuilderImpl.java:339)
	at org.eclipse.debug.internal.core.LaunchManager.createInfoFromXML(LaunchManager.java:935)
	at org.eclipse.debug.internal.core.LaunchManager.getInfo(LaunchManager.java:1359)
	... 10 more
!SUBENTRY 1 org.eclipse.debug.core 4 5012 2026-07-28 11:20:41.157
!MESSAGE 读取启动配置文件 F:\code\vibe_project\rollerball\M55\libraries\components\mtb-device-support-pse8xxgp\make\make\recipe\interface_version_3\Proj\KitProg3\single\internal\&&_MTB_RECIPE__PRJ_NAME&& Erase Device (KitProg3_MiniProg4).launch 时发生了 org.xml.sax.SAXParseException; lineNumber: 11; columnNumber: 83; 在实体引用中, 实体名称必须紧跟在 '&' 后面。。
!STACK 0
org.xml.sax.SAXParseException; lineNumber: 11; columnNumber: 83; 在实体引用中, 实体名称必须紧跟在 '&' 后面。
	at com.sun.org.apache.xerces.internal.util.ErrorHandlerWrapper.createSAXParseException(ErrorHandlerWrapper.java:203)
	at com.sun.org.apache.xerces.internal.util.ErrorHandlerWrapper.fatalError(ErrorHandlerWrapper.java:177)
	at com.sun.org.apache.xerces.internal.impl.XMLErrorReporter.reportError(XMLErrorReporter.java:400)
	at com.sun.org.apache.xerces.internal.impl.XMLErrorReporter.reportError(XMLErrorReporter.java:327)
	at com.sun.org.apache.xerces.internal.impl.XMLScanner.reportFatalError(XMLScanner.java:1472)
	at com.sun.org.apache.xerces.internal.impl.XMLScanner.scanAttributeValue(XMLScanner.java:908)
	at com.sun.org.apache.xerces.internal.impl.XMLDocumentFragmentScannerImpl.scanAttribute(XMLDocumentFragmentScannerImpl.java:1548)
	at com.sun.org.apache.xerces.internal.impl.XMLDocumentFragmentScannerImpl.scanStartElement(XMLDocumentFragmentScannerImpl.java:1315)
	at com.sun.org.apache.xerces.internal.impl.XMLDocumentFragmentScannerImpl$FragmentContentDriver.next(XMLDocumentFragmentScannerImpl.java:2784)
	at com.sun.org.apache.xerces.internal.impl.XMLDocumentScannerImpl.next(XMLDocumentScannerImpl.java:602)
	at com.sun.org.apache.xerces.internal.impl.XMLDocumentFragmentScannerImpl.scanDocument(XMLDocumentFragmentScannerImpl.java:505)
	at com.sun.org.apache.xerces.internal.parsers.XML11Configuration.parse(XML11Configuration.java:841)
	at com.sun.org.apache.xerces.internal.parsers.XML11Configuration.parse(XML11Configuration.java:770)
	at com.sun.org.apache.xerces.internal.parsers.XMLParser.parse(XMLParser.java:141)
	at com.sun.org.apache.xerces.internal.parsers.DOMParser.parse(DOMParser.java:243)
	at com.sun.org.apache.xerces.internal.jaxp.DocumentBuilderImpl.parse(DocumentBuilderImpl.java:339)
	at org.eclipse.debug.internal.core.LaunchManager.createInfoFromXML(LaunchManager.java:935)
	at org.eclipse.debug.internal.core.LaunchManager.getInfo(LaunchManager.java:1359)
	at org.eclipse.debug.internal.core.LaunchConfiguration.getInfo(LaunchConfiguration.java:490)
	at org.eclipse.debug.internal.core.LaunchConfiguration.getType(LaunchConfiguration.java:645)
	at org.eclipse.debug.internal.core.LaunchManager.isValid(LaunchManager.java:2091)
	at org.eclipse.debug.internal.core.LaunchManager.verifyConfigurations(LaunchManager.java:2462)
	at org.eclipse.debug.internal.core.LaunchManager.getAllLaunchConfigurations(LaunchManager.java:1140)
	at org.eclipse.debug.internal.core.LaunchManager.getLaunchConfigurations(LaunchManager.java:1444)
	at org.eclipse.debug.internal.core.LaunchManager.getLaunchConfigurations(LaunchManager.java:1439)
	at org.eclipse.launchbar.core.internal.LaunchBarManager.init(LaunchBarManager.java:130)
	at org.eclipse.launchbar.core.internal.LaunchBarManager$1.run(LaunchBarManager.java:96)
	at org.eclipse.core.internal.jobs.Worker.run(Worker.java:63)

!ENTRY org.eclipse.debug.core 4 125 2026-07-28 11:20:41.161
!MESSAGE 调试核心所记录的错误：
!STACK 1
org.eclipse.debug.core.DebugException: 读取启动配置文件 F:\code\vibe_project\rollerball\M55\libraries\components\mtb-device-support-pse8xxgp\make\make\recipe\interface_version_4\App\external\&&_MTB_RECIPE__APP_NAME&& Erase All.launch 时发生了 org.xml.sax.SAXParseException; lineNumber: 11; columnNumber: 83; 在实体引用中, 实体名称必须紧跟在 '&' 后面。。
	at org.eclipse.debug.internal.core.LaunchManager.createDebugException(LaunchManager.java:886)
	at org.eclipse.debug.internal.core.LaunchManager.throwException(LaunchManager.java:2448)
	at org.eclipse.debug.internal.core.LaunchManager.getInfo(LaunchManager.java:1366)
	at org.eclipse.debug.internal.core.LaunchConfiguration.getInfo(LaunchConfiguration.java:490)
	at org.eclipse.debug.internal.core.LaunchConfiguration.getType(LaunchConfiguration.java:645)
	at org.eclipse.debug.internal.core.LaunchManager.isValid(LaunchManager.java:2091)
	at org.eclipse.debug.internal.core.LaunchManager.verifyConfigurations(LaunchManager.java:2462)
	at org.eclipse.debug.internal.core.LaunchManager.getAllLaunchConfigurations(LaunchManager.java:1140)
	at org.eclipse.debug.internal.core.LaunchManager.getLaunchConfigurations(LaunchManager.java:1444)
	at org.eclipse.debug.internal.core.LaunchManager.getLaunchConfigurations(LaunchManager.java:1439)
	at org.eclipse.launchbar.core.internal.LaunchBarManager.init(LaunchBarManager.java:130)
	at org.eclipse.launchbar.core.internal.LaunchBarManager$1.run(LaunchBarManager.java:96)
	at org.eclipse.core.internal.jobs.Worker.run(Worker.java:63)
Caused by: org.xml.sax.SAXParseException; lineNumber: 11; columnNumber: 83; 在实体引用中, 实体名称必须紧跟在 '&' 后面。
	at com.sun.org.apache.xerces.internal.util.ErrorHandlerWrapper.createSAXParseException(ErrorHandlerWrapper.java:203)
	at com.sun.org.apache.xerces.internal.util.ErrorHandlerWrapper.fatalError(ErrorHandlerWrapper.java:177)
	at com.sun.org.apache.xerces.internal.impl.XMLErrorReporter.reportError(XMLErrorReporter.java:400)
	at com.sun.org.apache.xerces.internal.impl.XMLErrorReporter.reportError(XMLErrorReporter.java:327)
	at com.sun.org.apache.xerces.internal.impl.XMLScanner.reportFatalError(XMLScanner.java:1472)
	at com.sun.org.apache.xerces.internal.impl.XMLScanner.scanAttributeValue(XMLScanner.java:908)
	at com.sun.org.apache.xerces.internal.impl.XMLDocumentFragmentScannerImpl.scanAttribute(XMLDocumentFragmentScannerImpl.java:1548)
	at com.sun.org.apache.xerces.internal.impl.XMLDocumentFragmentScannerImpl.scanStartElement(XMLDocumentFragmentScannerImpl.java:1315)
	at com.sun.org.apache.xerces.internal.impl.XMLDocumentFragmentScannerImpl$FragmentContentDriver.next(XMLDocumentFragmentScannerImpl.java:2784)
	at com.sun.org.apache.xerces.internal.impl.XMLDocumentScannerImpl.next(XMLDocumentScannerImpl.java:602)
	at com.sun.org.apache.xerces.internal.impl.XMLDocumentFragmentScannerImpl.scanDocument(XMLDocumentFragmentScannerImpl.java:505)
	at com.sun.org.apache.xerces.internal.parsers.XML11Configuration.parse(XML11Configuration.java:841)
	at com.sun.org.apache.xerces.internal.parsers.XML11Configuration.parse(XML11Configuration.java:770)
	at com.sun.org.apache.xerces.internal.parsers.XMLParser.parse(XMLParser.java:141)
	at com.sun.org.apache.xerces.internal.parsers.DOMParser.parse(DOMParser.java:243)
	at com.sun.org.apache.xerces.internal.jaxp.DocumentBuilderImpl.parse(DocumentBuilderImpl.java:339)
	at org.eclipse.debug.internal.core.LaunchManager.createInfoFromXML(LaunchManager.java:935)
	at org.eclipse.debug.internal.core.LaunchManager.getInfo(LaunchManager.java:1359)
	... 10 more
!SUBENTRY 1 org.eclipse.debug.core 4 5012 2026-07-28 11:20:41.161
!MESSAGE 读取启动配置文件 F:\code\vibe_project\rollerball\M55\libraries\components\mtb-device-support-pse8xxgp\make\make\recipe\interface_version_4\App\external\&&_MTB_RECIPE__APP_NAME&& Erase All.launch 时发生了 org.xml.sax.SAXParseException; lineNumber: 11; columnNumber: 83; 在实体引用中, 实体名称必须紧跟在 '&' 后面。。
!STACK 0
org.xml.sax.SAXParseException; lineNumber: 11; columnNumber: 83; 在实体引用中, 实体名称必须紧跟在 '&' 后面。
	at com.sun.org.apache.xerces.internal.util.ErrorHandlerWrapper.createSAXParseException(ErrorHandlerWrapper.java:203)
	at com.sun.org.apache.xerces.internal.util.ErrorHandlerWrapper.fatalError(ErrorHandlerWrapper.java:177)
	at com.sun.org.apache.xerces.internal.impl.XMLErrorReporter.reportError(XMLErrorReporter.java:400)
	at com.sun.org.apache.xerces.internal.impl.XMLErrorReporter.reportError(XMLErrorReporter.java:327)
	at com.sun.org.apache.xerces.internal.impl.XMLScanner.reportFatalError(XMLScanner.java:1472)
	at com.sun.org.apache.xerces.internal.impl.XMLScanner.scanAttributeValue(XMLScanner.java:908)
	at com.sun.org.apache.xerces.internal.impl.XMLDocumentFragmentScannerImpl.scanAttribute(XMLDocumentFragmentScannerImpl.java:1548)
	at com.sun.org.apache.xerces.internal.impl.XMLDocumentFragmentScannerImpl.scanStartElement(XMLDocumentFragmentScannerImpl.java:1315)
	at com.sun.org.apache.xerces.internal.impl.XMLDocumentFragmentScannerImpl$FragmentContentDriver.next(XMLDocumentFragmentScannerImpl.java:2784)
	at com.sun.org.apache.xerces.internal.impl.XMLDocumentScannerImpl.next(XMLDocumentScannerImpl.java:602)
	at com.sun.org.apache.xerces.internal.impl.XMLDocumentFragmentScannerImpl.scanDocument(XMLDocumentFragmentScannerImpl.java:505)
	at com.sun.org.apache.xerces.internal.parsers.XML11Configuration.parse(XML11Configuration.java:841)
	at com.sun.org.apache.xerces.internal.parsers.XML11Configuration.parse(XML11Configuration.java:770)
	at com.sun.org.apache.xerces.internal.parsers.XMLParser.parse(XMLParser.java:141)
	at com.sun.org.apache.xerces.internal.parsers.DOMParser.parse(DOMParser.java:243)
	at com.sun.org.apache.xerces.internal.jaxp.DocumentBuilderImpl.parse(DocumentBuilderImpl.java:339)
	at org.eclipse.debug.internal.core.LaunchManager.createInfoFromXML(LaunchManager.java:935)
	at org.eclipse.debug.internal.core.LaunchManager.getInfo(LaunchManager.java:1359)
	at org.eclipse.debug.internal.core.LaunchConfiguration.getInfo(LaunchConfiguration.java:490)
	at org.eclipse.debug.internal.core.LaunchConfiguration.getType(LaunchConfiguration.java:645)
	at org.eclipse.debug.internal.core.LaunchManager.isValid(LaunchManager.java:2091)
	at org.eclipse.debug.internal.core.LaunchManager.verifyConfigurations(LaunchManager.java:2462)
	at org.eclipse.debug.internal.core.LaunchManager.getAllLaunchConfigurations(LaunchManager.java:1140)
	at org.eclipse.debug.internal.core.LaunchManager.getLaunchConfigurations(LaunchManager.java:1444)
	at org.eclipse.debug.internal.core.LaunchManager.getLaunchConfigurations(LaunchManager.java:1439)
	at org.eclipse.launchbar.core.internal.LaunchBarManager.init(LaunchBarManager.java:130)
	at org.eclipse.launchbar.core.internal.LaunchBarManager$1.run(LaunchBarManager.java:96)
	at org.eclipse.core.internal.jobs.Worker.run(Worker.java:63)

!ENTRY org.eclipse.debug.core 4 125 2026-07-28 11:20:41.161
!MESSAGE 调试核心所记录的错误：
!STACK 1
org.eclipse.debug.core.DebugException: 读取启动配置文件 F:\code\vibe_project\rollerball\M55\libraries\components\mtb-device-support-pse8xxgp\make\make\recipe\interface_version_4\App\internal\&&_MTB_RECIPE__APP_NAME&& Erase Device.launch 时发生了 org.xml.sax.SAXParseException; lineNumber: 11; columnNumber: 83; 在实体引用中, 实体名称必须紧跟在 '&' 后面。。
	at org.eclipse.debug.internal.core.LaunchManager.createDebugException(LaunchManager.java:886)
	at org.eclipse.debug.internal.core.LaunchManager.throwException(LaunchManager.java:2448)
	at org.eclipse.debug.internal.core.LaunchManager.getInfo(LaunchManager.java:1366)
	at org.eclipse.debug.internal.core.LaunchConfiguration.getInfo(LaunchConfiguration.java:490)
	at org.eclipse.debug.internal.core.LaunchConfiguration.getType(LaunchConfiguration.java:645)
	at org.eclipse.debug.internal.core.LaunchManager.isValid(LaunchManager.java:2091)
	at org.eclipse.debug.internal.core.LaunchManager.verifyConfigurations(LaunchManager.java:2462)
	at org.eclipse.debug.internal.core.LaunchManager.getAllLaunchConfigurations(LaunchManager.java:1140)
	at org.eclipse.debug.internal.core.LaunchManager.getLaunchConfigurations(LaunchManager.java:1444)
	at org.eclipse.debug.internal.core.LaunchManager.getLaunchConfigurations(LaunchManager.java:1439)
	at org.eclipse.launchbar.core.internal.LaunchBarManager.init(LaunchBarManager.java:130)
	at org.eclipse.launchbar.core.internal.LaunchBarManager$1.run(LaunchBarManager.java:96)
	at org.eclipse.core.internal.jobs.Worker.run(Worker.java:63)
Caused by: org.xml.sax.SAXParseException; lineNumber: 11; columnNumber: 83; 在实体引用中, 实体名称必须紧跟在 '&' 后面。
	at com.sun.org.apache.xerces.internal.util.ErrorHandlerWrapper.createSAXParseException(ErrorHandlerWrapper.java:203)
	at com.sun.org.apache.xerces.internal.util.ErrorHandlerWrapper.fatalError(ErrorHandlerWrapper.java:177)
	at com.sun.org.apache.xerces.internal.impl.XMLErrorReporter.reportError(XMLErrorReporter.java:400)
	at com.sun.org.apache.xerces.internal.impl.XMLErrorReporter.reportError(XMLErrorReporter.java:327)
	at com.sun.org.apache.xerces.internal.impl.XMLScanner.reportFatalError(XMLScanner.java:1472)
	at com.sun.org.apache.xerces.internal.impl.XMLScanner.scanAttributeValue(XMLScanner.java:908)
	at com.sun.org.apache.xerces.internal.impl.XMLDocumentFragmentScannerImpl.scanAttribute(XMLDocumentFragmentScannerImpl.java:1548)
	at com.sun.org.apache.xerces.internal.impl.XMLDocumentFragmentScannerImpl.scanStartElement(XMLDocumentFragmentScannerImpl.java:1315)
	at com.sun.org.apache.xerces.internal.impl.XMLDocumentFragmentScannerImpl$FragmentContentDriver.next(XMLDocumentFragmentScannerImpl.java:2784)
	at com.sun.org.apache.xerces.internal.impl.XMLDocumentScannerImpl.next(XMLDocumentScannerImpl.java:602)
	at com.sun.org.apache.xerces.internal.impl.XMLDocumentFragmentScannerImpl.scanDocument(XMLDocumentFragmentScannerImpl.java:505)
	at com.sun.org.apache.xerces.internal.parsers.XML11Configuration.parse(XML11Configuration.java:841)
	at com.sun.org.apache.xerces.internal.parsers.XML11Configuration.parse(XML11Configuration.java:770)
	at com.sun.org.apache.xerces.internal.parsers.XMLParser.parse(XMLParser.java:141)
	at com.sun.org.apache.xerces.internal.parsers.DOMParser.parse(DOMParser.java:243)
	at com.sun.org.apache.xerces.internal.jaxp.DocumentBuilderImpl.parse(DocumentBuilderImpl.java:339)
	at org.eclipse.debug.internal.core.LaunchManager.createInfoFromXML(LaunchManager.java:935)
	at org.eclipse.debug.internal.core.LaunchManager.getInfo(LaunchManager.java:1359)
	... 10 more
!SUBENTRY 1 org.eclipse.debug.core 4 5012 2026-07-28 11:20:41.161
!MESSAGE 读取启动配置文件 F:\code\vibe_project\rollerball\M55\libraries\components\mtb-device-support-pse8xxgp\make\make\recipe\interface_version_4\App\internal\&&_MTB_RECIPE__APP_NAME&& Erase Device.launch 时发生了 org.xml.sax.SAXParseException; lineNumber: 11; columnNumber: 83; 在实体引用中, 实体名称必须紧跟在 '&' 后面。。
!STACK 0
org.xml.sax.SAXParseException; lineNumber: 11; columnNumber: 83; 在实体引用中, 实体名称必须紧跟在 '&' 后面。
	at com.sun.org.apache.xerces.internal.util.ErrorHandlerWrapper.createSAXParseException(ErrorHandlerWrapper.java:203)
	at com.sun.org.apache.xerces.internal.util.ErrorHandlerWrapper.fatalError(ErrorHandlerWrapper.java:177)
	at com.sun.org.apache.xerces.internal.impl.XMLErrorReporter.reportError(XMLErrorReporter.java:400)
	at com.sun.org.apache.xerces.internal.impl.XMLErrorReporter.reportError(XMLErrorReporter.java:327)
	at com.sun.org.apache.xerces.internal.impl.XMLScanner.reportFatalError(XMLScanner.java:1472)
	at com.sun.org.apache.xerces.internal.impl.XMLScanner.scanAttributeValue(XMLScanner.java:908)
	at com.sun.org.apache.xerces.internal.impl.XMLDocumentFragmentScannerImpl.scanAttribute(XMLDocumentFragmentScannerImpl.java:1548)
	at com.sun.org.apache.xerces.internal.impl.XMLDocumentFragmentScannerImpl.scanStartElement(XMLDocumentFragmentScannerImpl.java:1315)
	at com.sun.org.apache.xerces.internal.impl.XMLDocumentFragmentScannerImpl$FragmentContentDriver.next(XMLDocumentFragmentScannerImpl.java:2784)
	at com.sun.org.apache.xerces.internal.impl.XMLDocumentScannerImpl.next(XMLDocumentScannerImpl.java:602)
	at com.sun.org.apache.xerces.internal.impl.XMLDocumentFragmentScannerImpl.scanDocument(XMLDocumentFragmentScannerImpl.java:505)
	at com.sun.org.apache.xerces.internal.parsers.XML11Configuration.parse(XML11Configuration.java:841)
	at com.sun.org.apache.xerces.internal.parsers.XML11Configuration.parse(XML11Configuration.java:770)
	at com.sun.org.apache.xerces.internal.parsers.XMLParser.parse(XMLParser.java:141)
	at com.sun.org.apache.xerces.internal.parsers.DOMParser.parse(DOMParser.java:243)
	at com.sun.org.apache.xerces.internal.jaxp.DocumentBuilderImpl.parse(DocumentBuilderImpl.java:339)
	at org.eclipse.debug.internal.core.LaunchManager.createInfoFromXML(LaunchManager.java:935)
	at org.eclipse.debug.internal.core.LaunchManager.getInfo(LaunchManager.java:1359)
	at org.eclipse.debug.internal.core.LaunchConfiguration.getInfo(LaunchConfiguration.java:490)
	at org.eclipse.debug.internal.core.LaunchConfiguration.getType(LaunchConfiguration.java:645)
	at org.eclipse.debug.internal.core.LaunchManager.isValid(LaunchManager.java:2091)
	at org.eclipse.debug.internal.core.LaunchManager.verifyConfigurations(LaunchManager.java:2462)
	at org.eclipse.debug.internal.core.LaunchManager.getAllLaunchConfigurations(LaunchManager.java:1140)
	at org.eclipse.debug.internal.core.LaunchManager.getLaunchConfigurations(LaunchManager.java:1444)
	at org.eclipse.debug.internal.core.LaunchManager.getLaunchConfigurations(LaunchManager.java:1439)
	at org.eclipse.launchbar.core.internal.LaunchBarManager.init(LaunchBarManager.java:130)
	at org.eclipse.launchbar.core.internal.LaunchBarManager$1.run(LaunchBarManager.java:96)
	at org.eclipse.core.internal.jobs.Worker.run(Worker.java:63)

!ENTRY org.eclipse.debug.core 4 125 2026-07-28 11:20:41.165
!MESSAGE 调试核心所记录的错误：
!STACK 1
org.eclipse.debug.core.DebugException: 读取启动配置文件 F:\code\vibe_project\rollerball\M55\libraries\components\mtb-device-support-pse8xxgp\make\make\recipe\interface_version_4\App\internal\&&_MTB_RECIPE__APP_NAME&& Program Application.launch 时发生了 org.xml.sax.SAXParseException; lineNumber: 10; columnNumber: 83; 在实体引用中, 实体名称必须紧跟在 '&' 后面。。
	at org.eclipse.debug.internal.core.LaunchManager.createDebugException(LaunchManager.java:886)
	at org.eclipse.debug.internal.core.LaunchManager.throwException(LaunchManager.java:2448)
	at org.eclipse.debug.internal.core.LaunchManager.getInfo(LaunchManager.java:1366)
	at org.eclipse.debug.internal.core.LaunchConfiguration.getInfo(LaunchConfiguration.java:490)
	at org.eclipse.debug.internal.core.LaunchConfiguration.getType(LaunchConfiguration.java:645)
	at org.eclipse.debug.internal.core.LaunchManager.isValid(LaunchManager.java:2091)
	at org.eclipse.debug.internal.core.LaunchManager.verifyConfigurations(LaunchManager.java:2462)
	at org.eclipse.debug.internal.core.LaunchManager.getAllLaunchConfigurations(LaunchManager.java:1140)
	at org.eclipse.debug.internal.core.LaunchManager.getLaunchConfigurations(LaunchManager.java:1444)
	at org.eclipse.debug.internal.core.LaunchManager.getLaunchConfigurations(LaunchManager.java:1439)
	at org.eclipse.launchbar.core.internal.LaunchBarManager.init(LaunchBarManager.java:130)
	at org.eclipse.launchbar.core.internal.LaunchBarManager$1.run(LaunchBarManager.java:96)
	at org.eclipse.core.internal.jobs.Worker.run(Worker.java:63)
Caused by: org.xml.sax.SAXParseException; lineNumber: 10; columnNumber: 83; 在实体引用中, 实体名称必须紧跟在 '&' 后面。
	at com.sun.org.apache.xerces.internal.util.ErrorHandlerWrapper.createSAXParseException(ErrorHandlerWrapper.java:203)
	at com.sun.org.apache.xerces.internal.util.ErrorHandlerWrapper.fatalError(ErrorHandlerWrapper.java:177)
	at com.sun.org.apache.xerces.internal.impl.XMLErrorReporter.reportError(XMLErrorReporter.java:400)
	at com.sun.org.apache.xerces.internal.impl.XMLErrorReporter.reportError(XMLErrorReporter.java:327)
	at com.sun.org.apache.xerces.internal.impl.XMLScanner.reportFatalError(XMLScanner.java:1472)
	at com.sun.org.apache.xerces.internal.impl.XMLScanner.scanAttributeValue(XMLScanner.java:908)
	at com.sun.org.apache.xerces.internal.impl.XMLDocumentFragmentScannerImpl.scanAttribute(XMLDocumentFragmentScannerImpl.java:1548)
	at com.sun.org.apache.xerces.internal.impl.XMLDocumentFragmentScannerImpl.scanStartElement(XMLDocumentFragmentScannerImpl.java:1315)
	at com.sun.org.apache.xerces.internal.impl.XMLDocumentFragmentScannerImpl$FragmentContentDriver.next(XMLDocumentFragmentScannerImpl.java:2784)
	at com.sun.org.apache.xerces.internal.impl.XMLDocumentScannerImpl.next(XMLDocumentScannerImpl.java:602)
	at com.sun.org.apache.xerces.internal.impl.XMLDocumentFragmentScannerImpl.scanDocument(XMLDocumentFragmentScannerImpl.java:505)
	at com.sun.org.apache.xerces.internal.parsers.XML11Configuration.parse(XML11Configuration.java:841)
	at com.sun.org.apache.xerces.internal.parsers.XML11Configuration.parse(XML11Configuration.java:770)
	at com.sun.org.apache.xerces.internal.parsers.XMLParser.parse(XMLParser.java:141)
	at com.sun.org.apache.xerces.internal.parsers.DOMParser.parse(DOMParser.java:243)
	at com.sun.org.apache.xerces.internal.jaxp.DocumentBuilderImpl.parse(DocumentBuilderImpl.java:339)
	at org.eclipse.debug.internal.core.LaunchManager.createInfoFromXML(LaunchManager.java:935)
	at org.eclipse.debug.internal.core.LaunchManager.getInfo(LaunchManager.java:1359)
	... 10 more
!SUBENTRY 1 org.eclipse.debug.core 4 5012 2026-07-28 11:20:41.165
!MESSAGE 读取启动配置文件 F:\code\vibe_project\rollerball\M55\libraries\components\mtb-device-support-pse8xxgp\make\make\recipe\interface_version_4\App\internal\&&_MTB_RECIPE__APP_NAME&& Program Application.launch 时发生了 org.xml.sax.SAXParseException; lineNumber: 10; columnNumber: 83; 在实体引用中, 实体名称必须紧跟在 '&' 后面。。
!STACK 0
org.xml.sax.SAXParseException; lineNumber: 10; columnNumber: 83; 在实体引用中, 实体名称必须紧跟在 '&' 后面。
	at com.sun.org.apache.xerces.internal.util.ErrorHandlerWrapper.createSAXParseException(ErrorHandlerWrapper.java:203)
	at com.sun.org.apache.xerces.internal.util.ErrorHandlerWrapper.fatalError(ErrorHandlerWrapper.java:177)
	at com.sun.org.apache.xerces.internal.impl.XMLErrorReporter.reportError(XMLErrorReporter.java:400)
	at com.sun.org.apache.xerces.internal.impl.XMLErrorReporter.reportError(XMLErrorReporter.java:327)
	at com.sun.org.apache.xerces.internal.impl.XMLScanner.reportFatalError(XMLScanner.java:1472)
	at com.sun.org.apache.xerces.internal.impl.XMLScanner.scanAttributeValue(XMLScanner.java:908)
	at com.sun.org.apache.xerces.internal.impl.XMLDocumentFragmentScannerImpl.scanAttribute(XMLDocumentFragmentScannerImpl.java:1548)
	at com.sun.org.apache.xerces.internal.impl.XMLDocumentFragmentScannerImpl.scanStartElement(XMLDocumentFragmentScannerImpl.java:1315)
	at com.sun.org.apache.xerces.internal.impl.XMLDocumentFragmentScannerImpl$FragmentContentDriver.next(XMLDocumentFragmentScannerImpl.java:2784)
	at com.sun.org.apache.xerces.internal.impl.XMLDocumentScannerImpl.next(XMLDocumentScannerImpl.java:602)
	at com.sun.org.apache.xerces.internal.impl.XMLDocumentFragmentScannerImpl.scanDocument(XMLDocumentFragmentScannerImpl.java:505)
	at com.sun.org.apache.xerces.internal.parsers.XML11Configuration.parse(XML11Configuration.java:841)
	at com.sun.org.apache.xerces.internal.parsers.XML11Configuration.parse(XML11Configuration.java:770)
	at com.sun.org.apache.xerces.internal.parsers.XMLParser.parse(XMLParser.java:141)
	at com.sun.org.apache.xerces.internal.parsers.DOMParser.parse(DOMParser.java:243)
	at com.sun.org.apache.xerces.internal.jaxp.DocumentBuilderImpl.parse(DocumentBuilderImpl.java:339)
	at org.eclipse.debug.internal.core.LaunchManager.createInfoFromXML(LaunchManager.java:935)
	at org.eclipse.debug.internal.core.LaunchManager.getInfo(LaunchManager.java:1359)
	at org.eclipse.debug.internal.core.LaunchConfiguration.getInfo(LaunchConfiguration.java:490)
	at org.eclipse.debug.internal.core.LaunchConfiguration.getType(LaunchConfiguration.java:645)
	at org.eclipse.debug.internal.core.LaunchManager.isValid(LaunchManager.java:2091)
	at org.eclipse.debug.internal.core.LaunchManager.verifyConfigurations(LaunchManager.java:2462)
	at org.eclipse.debug.internal.core.LaunchManager.getAllLaunchConfigurations(LaunchManager.java:1140)
	at org.eclipse.debug.internal.core.LaunchManager.getLaunchConfigurations(LaunchManager.java:1444)
	at org.eclipse.debug.internal.core.LaunchManager.getLaunchConfigurations(LaunchManager.java:1439)
	at org.eclipse.launchbar.core.internal.LaunchBarManager.init(LaunchBarManager.java:130)
	at org.eclipse.launchbar.core.internal.LaunchBarManager$1.run(LaunchBarManager.java:96)
	at org.eclipse.core.internal.jobs.Worker.run(Worker.java:63)

!ENTRY org.eclipse.debug.core 4 125 2026-07-28 11:20:41.169
!MESSAGE 调试核心所记录的错误：
!STACK 1
org.eclipse.debug.core.DebugException: 读取启动配置文件 F:\code\vibe_project\rollerball\M55\libraries\components\mtb-device-support-pse8xxgp\make\make\recipe\interface_version_4\Proj\any\&&_MTB_RECIPE__PRJ_NAME&& Program.launch 时发生了 org.xml.sax.SAXParseException; lineNumber: 10; columnNumber: 83; 在实体引用中, 实体名称必须紧跟在 '&' 后面。。
	at org.eclipse.debug.internal.core.LaunchManager.createDebugException(LaunchManager.java:886)
	at org.eclipse.debug.internal.core.LaunchManager.throwException(LaunchManager.java:2448)
	at org.eclipse.debug.internal.core.LaunchManager.getInfo(LaunchManager.java:1366)
	at org.eclipse.debug.internal.core.LaunchConfiguration.getInfo(LaunchConfiguration.java:490)
	at org.eclipse.debug.internal.core.LaunchConfiguration.getType(LaunchConfiguration.java:645)
	at org.eclipse.debug.internal.core.LaunchManager.isValid(LaunchManager.java:2091)
	at org.eclipse.debug.internal.core.LaunchManager.verifyConfigurations(LaunchManager.java:2462)
	at org.eclipse.debug.internal.core.LaunchManager.getAllLaunchConfigurations(LaunchManager.java:1140)
	at org.eclipse.debug.internal.core.LaunchManager.getLaunchConfigurations(LaunchManager.java:1444)
	at org.eclipse.debug.internal.core.LaunchManager.getLaunchConfigurations(LaunchManager.java:1439)
	at org.eclipse.launchbar.core.internal.LaunchBarManager.init(LaunchBarManager.java:130)
	at org.eclipse.launchbar.core.internal.LaunchBarManager$1.run(LaunchBarManager.java:96)
	at org.eclipse.core.internal.jobs.Worker.run(Worker.java:63)
Caused by: org.xml.sax.SAXParseException; lineNumber: 10; columnNumber: 83; 在实体引用中, 实体名称必须紧跟在 '&' 后面。
	at com.sun.org.apache.xerces.internal.util.ErrorHandlerWrapper.createSAXParseException(ErrorHandlerWrapper.java:203)
	at com.sun.org.apache.xerces.internal.util.ErrorHandlerWrapper.fatalError(ErrorHandlerWrapper.java:177)
	at com.sun.org.apache.xerces.internal.impl.XMLErrorReporter.reportError(XMLErrorReporter.java:400)
	at com.sun.org.apache.xerces.internal.impl.XMLErrorReporter.reportError(XMLErrorReporter.java:327)
	at com.sun.org.apache.xerces.internal.impl.XMLScanner.reportFatalError(XMLScanner.java:1472)
	at com.sun.org.apache.xerces.internal.impl.XMLScanner.scanAttributeValue(XMLScanner.java:908)
	at com.sun.org.apache.xerces.internal.impl.XMLDocumentFragmentScannerImpl.scanAttribute(XMLDocumentFragmentScannerImpl.java:1548)
	at com.sun.org.apache.xerces.internal.impl.XMLDocumentFragmentScannerImpl.scanStartElement(XMLDocumentFragmentScannerImpl.java:1315)
	at com.sun.org.apache.xerces.internal.impl.XMLDocumentFragmentScannerImpl$FragmentContentDriver.next(XMLDocumentFragmentScannerImpl.java:2784)
	at com.sun.org.apache.xerces.internal.impl.XMLDocumentScannerImpl.next(XMLDocumentScannerImpl.java:602)
	at com.sun.org.apache.xerces.internal.impl.XMLDocumentFragmentScannerImpl.scanDocument(XMLDocumentFragmentScannerImpl.java:505)
	at com.sun.org.apache.xerces.internal.parsers.XML11Configuration.parse(XML11Configuration.java:841)
	at com.sun.org.apache.xerces.internal.parsers.XML11Configuration.parse(XML11Configuration.java:770)
	at com.sun.org.apache.xerces.internal.parsers.XMLParser.parse(XMLParser.java:141)
	at com.sun.org.apache.xerces.internal.parsers.DOMParser.parse(DOMParser.java:243)
	at com.sun.org.apache.xerces.internal.jaxp.DocumentBuilderImpl.parse(DocumentBuilderImpl.java:339)
	at org.eclipse.debug.internal.core.LaunchManager.createInfoFromXML(LaunchManager.java:935)
	at org.eclipse.debug.internal.core.LaunchManager.getInfo(LaunchManager.java:1359)
	... 10 more
!SUBENTRY 1 org.eclipse.debug.core 4 5012 2026-07-28 11:20:41.169
!MESSAGE 读取启动配置文件 F:\code\vibe_project\rollerball\M55\libraries\components\mtb-device-support-pse8xxgp\make\make\recipe\interface_version_4\Proj\any\&&_MTB_RECIPE__PRJ_NAME&& Program.launch 时发生了 org.xml.sax.SAXParseException; lineNumber: 10; columnNumber: 83; 在实体引用中, 实体名称必须紧跟在 '&' 后面。。
!STACK 0
org.xml.sax.SAXParseException; lineNumber: 10; columnNumber: 83; 在实体引用中, 实体名称必须紧跟在 '&' 后面。
	at com.sun.org.apache.xerces.internal.util.ErrorHandlerWrapper.createSAXParseException(ErrorHandlerWrapper.java:203)
	at com.sun.org.apache.xerces.internal.util.ErrorHandlerWrapper.fatalError(ErrorHandlerWrapper.java:177)
	at com.sun.org.apache.xerces.internal.impl.XMLErrorReporter.reportError(XMLErrorReporter.java:400)
	at com.sun.org.apache.xerces.internal.impl.XMLErrorReporter.reportError(XMLErrorReporter.java:327)
	at com.sun.org.apache.xerces.internal.impl.XMLScanner.reportFatalError(XMLScanner.java:1472)
	at com.sun.org.apache.xerces.internal.impl.XMLScanner.scanAttributeValue(XMLScanner.java:908)
	at com.sun.org.apache.xerces.internal.impl.XMLDocumentFragmentScannerImpl.scanAttribute(XMLDocumentFragmentScannerImpl.java:1548)
	at com.sun.org.apache.xerces.internal.impl.XMLDocumentFragmentScannerImpl.scanStartElement(XMLDocumentFragmentScannerImpl.java:1315)
	at com.sun.org.apache.xerces.internal.impl.XMLDocumentFragmentScannerImpl$FragmentContentDriver.next(XMLDocumentFragmentScannerImpl.java:2784)
	at com.sun.org.apache.xerces.internal.impl.XMLDocumentScannerImpl.next(XMLDocumentScannerImpl.java:602)
	at com.sun.org.apache.xerces.internal.impl.XMLDocumentFragmentScannerImpl.scanDocument(XMLDocumentFragmentScannerImpl.java:505)
	at com.sun.org.apache.xerces.internal.parsers.XML11Configuration.parse(XML11Configuration.java:841)
	at com.sun.org.apache.xerces.internal.parsers.XML11Configuration.parse(XML11Configuration.java:770)
	at com.sun.org.apache.xerces.internal.parsers.XMLParser.parse(XMLParser.java:141)
	at com.sun.org.apache.xerces.internal.parsers.DOMParser.parse(DOMParser.java:243)
	at com.sun.org.apache.xerces.internal.jaxp.DocumentBuilderImpl.parse(DocumentBuilderImpl.java:339)
	at org.eclipse.debug.internal.core.LaunchManager.createInfoFromXML(LaunchManager.java:935)
	at org.eclipse.debug.internal.core.LaunchManager.getInfo(LaunchManager.java:1359)
	at org.eclipse.debug.internal.core.LaunchConfiguration.getInfo(LaunchConfiguration.java:490)
	at org.eclipse.debug.internal.core.LaunchConfiguration.getType(LaunchConfiguration.java:645)
	at org.eclipse.debug.internal.core.LaunchManager.isValid(LaunchManager.java:2091)
	at org.eclipse.debug.internal.core.LaunchManager.verifyConfigurations(LaunchManager.java:2462)
	at org.eclipse.debug.internal.core.LaunchManager.getAllLaunchConfigurations(LaunchManager.java:1140)
	at org.eclipse.debug.internal.core.LaunchManager.getLaunchConfigurations(LaunchManager.java:1444)
	at org.eclipse.debug.internal.core.LaunchManager.getLaunchConfigurations(LaunchManager.java:1439)
	at org.eclipse.launchbar.core.internal.LaunchBarManager.init(LaunchBarManager.java:130)
	at org.eclipse.launchbar.core.internal.LaunchBarManager$1.run(LaunchBarManager.java:96)
	at org.eclipse.core.internal.jobs.Worker.run(Worker.java:63)

!ENTRY org.eclipse.debug.core 4 125 2026-07-28 11:20:41.169
!MESSAGE 调试核心所记录的错误：
!STACK 1
org.eclipse.debug.core.DebugException: 读取启动配置文件 F:\code\vibe_project\rollerball\M55\libraries\components\mtb-device-support-pse8xxgp\make\make\recipe\interface_version_4\Proj\combine_sign\Program.launch 时发生了 org.xml.sax.SAXParseException; lineNumber: 10; columnNumber: 83; 在实体引用中, 实体名称必须紧跟在 '&' 后面。。
	at org.eclipse.debug.internal.core.LaunchManager.createDebugException(LaunchManager.java:886)
	at org.eclipse.debug.internal.core.LaunchManager.throwException(LaunchManager.java:2448)
	at org.eclipse.debug.internal.core.LaunchManager.getInfo(LaunchManager.java:1366)
	at org.eclipse.debug.internal.core.LaunchConfiguration.getInfo(LaunchConfiguration.java:490)
	at org.eclipse.debug.internal.core.LaunchConfiguration.getType(LaunchConfiguration.java:645)
	at org.eclipse.debug.internal.core.LaunchManager.isValid(LaunchManager.java:2091)
	at org.eclipse.debug.internal.core.LaunchManager.verifyConfigurations(LaunchManager.java:2462)
	at org.eclipse.debug.internal.core.LaunchManager.getAllLaunchConfigurations(LaunchManager.java:1140)
	at org.eclipse.debug.internal.core.LaunchManager.getLaunchConfigurations(LaunchManager.java:1444)
	at org.eclipse.debug.internal.core.LaunchManager.getLaunchConfigurations(LaunchManager.java:1439)
	at org.eclipse.launchbar.core.internal.LaunchBarManager.init(LaunchBarManager.java:130)
	at org.eclipse.launchbar.core.internal.LaunchBarManager$1.run(LaunchBarManager.java:96)
	at org.eclipse.core.internal.jobs.Worker.run(Worker.java:63)
Caused by: org.xml.sax.SAXParseException; lineNumber: 10; columnNumber: 83; 在实体引用中, 实体名称必须紧跟在 '&' 后面。
	at com.sun.org.apache.xerces.internal.util.ErrorHandlerWrapper.createSAXParseException(ErrorHandlerWrapper.java:203)
	at com.sun.org.apache.xerces.internal.util.ErrorHandlerWrapper.fatalError(ErrorHandlerWrapper.java:177)
	at com.sun.org.apache.xerces.internal.impl.XMLErrorReporter.reportError(XMLErrorReporter.java:400)
	at com.sun.org.apache.xerces.internal.impl.XMLErrorReporter.reportError(XMLErrorReporter.java:327)
	at com.sun.org.apache.xerces.internal.impl.XMLScanner.reportFatalError(XMLScanner.java:1472)
	at com.sun.org.apache.xerces.internal.impl.XMLScanner.scanAttributeValue(XMLScanner.java:908)
	at com.sun.org.apache.xerces.internal.impl.XMLDocumentFragmentScannerImpl.scanAttribute(XMLDocumentFragmentScannerImpl.java:1548)
	at com.sun.org.apache.xerces.internal.impl.XMLDocumentFragmentScannerImpl.scanStartElement(XMLDocumentFragmentScannerImpl.java:1315)
	at com.sun.org.apache.xerces.internal.impl.XMLDocumentFragmentScannerImpl$FragmentContentDriver.next(XMLDocumentFragmentScannerImpl.java:2784)
	at com.sun.org.apache.xerces.internal.impl.XMLDocumentScannerImpl.next(XMLDocumentScannerImpl.java:602)
	at com.sun.org.apache.xerces.internal.impl.XMLDocumentFragmentScannerImpl.scanDocument(XMLDocumentFragmentScannerImpl.java:505)
	at com.sun.org.apache.xerces.internal.parsers.XML11Configuration.parse(XML11Configuration.java:841)
	at com.sun.org.apache.xerces.internal.parsers.XML11Configuration.parse(XML11Configuration.java:770)
	at com.sun.org.apache.xerces.internal.parsers.XMLParser.parse(XMLParser.java:141)
	at com.sun.org.apache.xerces.internal.parsers.DOMParser.parse(DOMParser.java:243)
	at com.sun.org.apache.xerces.internal.jaxp.DocumentBuilderImpl.parse(DocumentBuilderImpl.java:339)
	at org.eclipse.debug.internal.core.LaunchManager.createInfoFromXML(LaunchManager.java:935)
	at org.eclipse.debug.internal.core.LaunchManager.getInfo(LaunchManager.java:1359)
	... 10 more
!SUBENTRY 1 org.eclipse.debug.core 4 5012 2026-07-28 11:20:41.169
!MESSAGE 读取启动配置文件 F:\code\vibe_project\rollerball\M55\libraries\components\mtb-device-support-pse8xxgp\make\make\recipe\interface_version_4\Proj\combine_sign\Program.launch 时发生了 org.xml.sax.SAXParseException; lineNumber: 10; columnNumber: 83; 在实体引用中, 实体名称必须紧跟在 '&' 后面。。
!STACK 0
org.xml.sax.SAXParseException; lineNumber: 10; columnNumber: 83; 在实体引用中, 实体名称必须紧跟在 '&' 后面。
	at com.sun.org.apache.xerces.internal.util.ErrorHandlerWrapper.createSAXParseException(ErrorHandlerWrapper.java:203)
	at com.sun.org.apache.xerces.internal.util.ErrorHandlerWrapper.fatalError(ErrorHandlerWrapper.java:177)
	at com.sun.org.apache.xerces.internal.impl.XMLErrorReporter.reportError(XMLErrorReporter.java:400)
	at com.sun.org.apache.xerces.internal.impl.XMLErrorReporter.reportError(XMLErrorReporter.java:327)
	at com.sun.org.apache.xerces.internal.impl.XMLScanner.reportFatalError(XMLScanner.java:1472)
	at com.sun.org.apache.xerces.internal.impl.XMLScanner.scanAttributeValue(XMLScanner.java:908)
	at com.sun.org.apache.xerces.internal.impl.XMLDocumentFragmentScannerImpl.scanAttribute(XMLDocumentFragmentScannerImpl.java:1548)
	at com.sun.org.apache.xerces.internal.impl.XMLDocumentFragmentScannerImpl.scanStartElement(XMLDocumentFragmentScannerImpl.java:1315)
	at com.sun.org.apache.xerces.internal.impl.XMLDocumentFragmentScannerImpl$FragmentContentDriver.next(XMLDocumentFragmentScannerImpl.java:2784)
	at com.sun.org.apache.xerces.internal.impl.XMLDocumentScannerImpl.next(XMLDocumentScannerImpl.java:602)
	at com.sun.org.apache.xerces.internal.impl.XMLDocumentFragmentScannerImpl.scanDocument(XMLDocumentFragmentScannerImpl.java:505)
	at com.sun.org.apache.xerces.internal.parsers.XML11Configuration.parse(XML11Configuration.java:841)
	at com.sun.org.apache.xerces.internal.parsers.XML11Configuration.parse(XML11Configuration.java:770)
	at com.sun.org.apache.xerces.internal.parsers.XMLParser.parse(XMLParser.java:141)
	at com.sun.org.apache.xerces.internal.parsers.DOMParser.parse(DOMParser.java:243)
	at com.sun.org.apache.xerces.internal.jaxp.DocumentBuilderImpl.parse(DocumentBuilderImpl.java:339)
	at org.eclipse.debug.internal.core.LaunchManager.createInfoFromXML(LaunchManager.java:935)
	at org.eclipse.debug.internal.core.LaunchManager.getInfo(LaunchManager.java:1359)
	at org.eclipse.debug.internal.core.LaunchConfiguration.getInfo(LaunchConfiguration.java:490)
	at org.eclipse.debug.internal.core.LaunchConfiguration.getType(LaunchConfiguration.java:645)
	at org.eclipse.debug.internal.core.LaunchManager.isValid(LaunchManager.java:2091)
	at org.eclipse.debug.internal.core.LaunchManager.verifyConfigurations(LaunchManager.java:2462)
	at org.eclipse.debug.internal.core.LaunchManager.getAllLaunchConfigurations(LaunchManager.java:1140)
	at org.eclipse.debug.internal.core.LaunchManager.getLaunchConfigurations(LaunchManager.java:1444)
	at org.eclipse.debug.internal.core.LaunchManager.getLaunchConfigurations(LaunchManager.java:1439)
	at org.eclipse.launchbar.core.internal.LaunchBarManager.init(LaunchBarManager.java:130)
	at org.eclipse.launchbar.core.internal.LaunchBarManager$1.run(LaunchBarManager.java:96)
	at org.eclipse.core.internal.jobs.Worker.run(Worker.java:63)

!ENTRY org.eclipse.debug.core 4 125 2026-07-28 11:20:41.173
!MESSAGE 调试核心所记录的错误：
!STACK 1
org.eclipse.debug.core.DebugException: 读取启动配置文件 F:\code\vibe_project\rollerball\M55\libraries\components\mtb-device-support-pse8xxgp\make\make\recipe\interface_version_4\Proj\single\external\&&_MTB_RECIPE__PRJ_NAME&& Erase All.launch 时发生了 org.xml.sax.SAXParseException; lineNumber: 11; columnNumber: 83; 在实体引用中, 实体名称必须紧跟在 '&' 后面。。
	at org.eclipse.debug.internal.core.LaunchManager.createDebugException(LaunchManager.java:886)
	at org.eclipse.debug.internal.core.LaunchManager.throwException(LaunchManager.java:2448)
	at org.eclipse.debug.internal.core.LaunchManager.getInfo(LaunchManager.java:1366)
	at org.eclipse.debug.internal.core.LaunchConfiguration.getInfo(LaunchConfiguration.java:490)
	at org.eclipse.debug.internal.core.LaunchConfiguration.getType(LaunchConfiguration.java:645)
	at org.eclipse.debug.internal.core.LaunchManager.isValid(LaunchManager.java:2091)
	at org.eclipse.debug.internal.core.LaunchManager.verifyConfigurations(LaunchManager.java:2462)
	at org.eclipse.debug.internal.core.LaunchManager.getAllLaunchConfigurations(LaunchManager.java:1140)
	at org.eclipse.debug.internal.core.LaunchManager.getLaunchConfigurations(LaunchManager.java:1444)
	at org.eclipse.debug.internal.core.LaunchManager.getLaunchConfigurations(LaunchManager.java:1439)
	at org.eclipse.launchbar.core.internal.LaunchBarManager.init(LaunchBarManager.java:130)
	at org.eclipse.launchbar.core.internal.LaunchBarManager$1.run(LaunchBarManager.java:96)
	at org.eclipse.core.internal.jobs.Worker.run(Worker.java:63)
Caused by: org.xml.sax.SAXParseException; lineNumber: 11; columnNumber: 83; 在实体引用中, 实体名称必须紧跟在 '&' 后面。
	at com.sun.org.apache.xerces.internal.util.ErrorHandlerWrapper.createSAXParseException(ErrorHandlerWrapper.java:203)
	at com.sun.org.apache.xerces.internal.util.ErrorHandlerWrapper.fatalError(ErrorHandlerWrapper.java:177)
	at com.sun.org.apache.xerces.internal.impl.XMLErrorReporter.reportError(XMLErrorReporter.java:400)
	at com.sun.org.apache.xerces.internal.impl.XMLErrorReporter.reportError(XMLErrorReporter.java:327)
	at com.sun.org.apache.xerces.internal.impl.XMLScanner.reportFatalError(XMLScanner.java:1472)
	at com.sun.org.apache.xerces.internal.impl.XMLScanner.scanAttributeValue(XMLScanner.java:908)
	at com.sun.org.apache.xerces.internal.impl.XMLDocumentFragmentScannerImpl.scanAttribute(XMLDocumentFragmentScannerImpl.java:1548)
	at com.sun.org.apache.xerces.internal.impl.XMLDocumentFragmentScannerImpl.scanStartElement(XMLDocumentFragmentScannerImpl.java:1315)
	at com.sun.org.apache.xerces.internal.impl.XMLDocumentFragmentScannerImpl$FragmentContentDriver.next(XMLDocumentFragmentScannerImpl.java:2784)
	at com.sun.org.apache.xerces.internal.impl.XMLDocumentScannerImpl.next(XMLDocumentScannerImpl.java:602)
	at com.sun.org.apache.xerces.internal.impl.XMLDocumentFragmentScannerImpl.scanDocument(XMLDocumentFragmentScannerImpl.java:505)
	at com.sun.org.apache.xerces.internal.parsers.XML11Configuration.parse(XML11Configuration.java:841)
	at com.sun.org.apache.xerces.internal.parsers.XML11Configuration.parse(XML11Configuration.java:770)
	at com.sun.org.apache.xerces.internal.parsers.XMLParser.parse(XMLParser.java:141)
	at com.sun.org.apache.xerces.internal.parsers.DOMParser.parse(DOMParser.java:243)
	at com.sun.org.apache.xerces.internal.jaxp.DocumentBuilderImpl.parse(DocumentBuilderImpl.java:339)
	at org.eclipse.debug.internal.core.LaunchManager.createInfoFromXML(LaunchManager.java:935)
	at org.eclipse.debug.internal.core.LaunchManager.getInfo(LaunchManager.java:1359)
	... 10 more
!SUBENTRY 1 org.eclipse.debug.core 4 5012 2026-07-28 11:20:41.173
!MESSAGE 读取启动配置文件 F:\code\vibe_project\rollerball\M55\libraries\components\mtb-device-support-pse8xxgp\make\make\recipe\interface_version_4\Proj\single\external\&&_MTB_RECIPE__PRJ_NAME&& Erase All.launch 时发生了 org.xml.sax.SAXParseException; lineNumber: 11; columnNumber: 83; 在实体引用中, 实体名称必须紧跟在 '&' 后面。。
!STACK 0
org.xml.sax.SAXParseException; lineNumber: 11; columnNumber: 83; 在实体引用中, 实体名称必须紧跟在 '&' 后面。
	at com.sun.org.apache.xerces.internal.util.ErrorHandlerWrapper.createSAXParseException(ErrorHandlerWrapper.java:203)
	at com.sun.org.apache.xerces.internal.util.ErrorHandlerWrapper.fatalError(ErrorHandlerWrapper.java:177)
	at com.sun.org.apache.xerces.internal.impl.XMLErrorReporter.reportError(XMLErrorReporter.java:400)
	at com.sun.org.apache.xerces.internal.impl.XMLErrorReporter.reportError(XMLErrorReporter.java:327)
	at com.sun.org.apache.xerces.internal.impl.XMLScanner.reportFatalError(XMLScanner.java:1472)
	at com.sun.org.apache.xerces.internal.impl.XMLScanner.scanAttributeValue(XMLScanner.java:908)
	at com.sun.org.apache.xerces.internal.impl.XMLDocumentFragmentScannerImpl.scanAttribute(XMLDocumentFragmentScannerImpl.java:1548)
	at com.sun.org.apache.xerces.internal.impl.XMLDocumentFragmentScannerImpl.scanStartElement(XMLDocumentFragmentScannerImpl.java:1315)
	at com.sun.org.apache.xerces.internal.impl.XMLDocumentFragmentScannerImpl$FragmentContentDriver.next(XMLDocumentFragmentScannerImpl.java:2784)
	at com.sun.org.apache.xerces.internal.impl.XMLDocumentScannerImpl.next(XMLDocumentScannerImpl.java:602)
	at com.sun.org.apache.xerces.internal.impl.XMLDocumentFragmentScannerImpl.scanDocument(XMLDocumentFragmentScannerImpl.java:505)
	at com.sun.org.apache.xerces.internal.parsers.XML11Configuration.parse(XML11Configuration.java:841)
	at com.sun.org.apache.xerces.internal.parsers.XML11Configuration.parse(XML11Configuration.java:770)
	at com.sun.org.apache.xerces.internal.parsers.XMLParser.parse(XMLParser.java:141)
	at com.sun.org.apache.xerces.internal.parsers.DOMParser.parse(DOMParser.java:243)
	at com.sun.org.apache.xerces.internal.jaxp.DocumentBuilderImpl.parse(DocumentBuilderImpl.java:339)
	at org.eclipse.debug.internal.core.LaunchManager.createInfoFromXML(LaunchManager.java:935)
	at org.eclipse.debug.internal.core.LaunchManager.getInfo(LaunchManager.java:1359)
	at org.eclipse.debug.internal.core.LaunchConfiguration.getInfo(LaunchConfiguration.java:490)
	at org.eclipse.debug.internal.core.LaunchConfiguration.getType(LaunchConfiguration.java:645)
	at org.eclipse.debug.internal.core.LaunchManager.isValid(LaunchManager.java:2091)
	at org.eclipse.debug.internal.core.LaunchManager.verifyConfigurations(LaunchManager.java:2462)
	at org.eclipse.debug.internal.core.LaunchManager.getAllLaunchConfigurations(LaunchManager.java:1140)
	at org.eclipse.debug.internal.core.LaunchManager.getLaunchConfigurations(LaunchManager.java:1444)
	at org.eclipse.debug.internal.core.LaunchManager.getLaunchConfigurations(LaunchManager.java:1439)
	at org.eclipse.launchbar.core.internal.LaunchBarManager.init(LaunchBarManager.java:130)
	at org.eclipse.launchbar.core.internal.LaunchBarManager$1.run(LaunchBarManager.java:96)
	at org.eclipse.core.internal.jobs.Worker.run(Worker.java:63)

!ENTRY org.eclipse.debug.core 4 125 2026-07-28 11:20:41.178
!MESSAGE 调试核心所记录的错误：
!STACK 1
org.eclipse.debug.core.DebugException: 读取启动配置文件 F:\code\vibe_project\rollerball\M55\libraries\components\mtb-device-support-pse8xxgp\make\make\recipe\interface_version_4\Proj\single\internal\&&_MTB_RECIPE__PRJ_NAME&& Erase Device.launch 时发生了 org.xml.sax.SAXParseException; lineNumber: 11; columnNumber: 83; 在实体引用中, 实体名称必须紧跟在 '&' 后面。。
	at org.eclipse.debug.internal.core.LaunchManager.createDebugException(LaunchManager.java:886)
	at org.eclipse.debug.internal.core.LaunchManager.throwException(LaunchManager.java:2448)
	at org.eclipse.debug.internal.core.LaunchManager.getInfo(LaunchManager.java:1366)
	at org.eclipse.debug.internal.core.LaunchConfiguration.getInfo(LaunchConfiguration.java:490)
	at org.eclipse.debug.internal.core.LaunchConfiguration.getType(LaunchConfiguration.java:645)
	at org.eclipse.debug.internal.core.LaunchManager.isValid(LaunchManager.java:2091)
	at org.eclipse.debug.internal.core.LaunchManager.verifyConfigurations(LaunchManager.java:2462)
	at org.eclipse.debug.internal.core.LaunchManager.getAllLaunchConfigurations(LaunchManager.java:1140)
	at org.eclipse.debug.internal.core.LaunchManager.getLaunchConfigurations(LaunchManager.java:1444)
	at org.eclipse.debug.internal.core.LaunchManager.getLaunchConfigurations(LaunchManager.java:1439)
	at org.eclipse.launchbar.core.internal.LaunchBarManager.init(LaunchBarManager.java:130)
	at org.eclipse.launchbar.core.internal.LaunchBarManager$1.run(LaunchBarManager.java:96)
	at org.eclipse.core.internal.jobs.Worker.run(Worker.java:63)
Caused by: org.xml.sax.SAXParseException; lineNumber: 11; columnNumber: 83; 在实体引用中, 实体名称必须紧跟在 '&' 后面。
	at com.sun.org.apache.xerces.internal.util.ErrorHandlerWrapper.createSAXParseException(ErrorHandlerWrapper.java:203)
	at com.sun.org.apache.xerces.internal.util.ErrorHandlerWrapper.fatalError(ErrorHandlerWrapper.java:177)
	at com.sun.org.apache.xerces.internal.impl.XMLErrorReporter.reportError(XMLErrorReporter.java:400)
	at com.sun.org.apache.xerces.internal.impl.XMLErrorReporter.reportError(XMLErrorReporter.java:327)
	at com.sun.org.apache.xerces.internal.impl.XMLScanner.reportFatalError(XMLScanner.java:1472)
	at com.sun.org.apache.xerces.internal.impl.XMLScanner.scanAttributeValue(XMLScanner.java:908)
	at com.sun.org.apache.xerces.internal.impl.XMLDocumentFragmentScannerImpl.scanAttribute(XMLDocumentFragmentScannerImpl.java:1548)
	at com.sun.org.apache.xerces.internal.impl.XMLDocumentFragmentScannerImpl.scanStartElement(XMLDocumentFragmentScannerImpl.java:1315)
	at com.sun.org.apache.xerces.internal.impl.XMLDocumentFragmentScannerImpl$FragmentContentDriver.next(XMLDocumentFragmentScannerImpl.java:2784)
	at com.sun.org.apache.xerces.internal.impl.XMLDocumentScannerImpl.next(XMLDocumentScannerImpl.java:602)
	at com.sun.org.apache.xerces.internal.impl.XMLDocumentFragmentScannerImpl.scanDocument(XMLDocumentFragmentScannerImpl.java:505)
	at com.sun.org.apache.xerces.internal.parsers.XML11Configuration.parse(XML11Configuration.java:841)
	at com.sun.org.apache.xerces.internal.parsers.XML11Configuration.parse(XML11Configuration.java:770)
	at com.sun.org.apache.xerces.internal.parsers.XMLParser.parse(XMLParser.java:141)
	at com.sun.org.apache.xerces.internal.parsers.DOMParser.parse(DOMParser.java:243)
	at com.sun.org.apache.xerces.internal.jaxp.DocumentBuilderImpl.parse(DocumentBuilderImpl.java:339)
	at org.eclipse.debug.internal.core.LaunchManager.createInfoFromXML(LaunchManager.java:935)
	at org.eclipse.debug.internal.core.LaunchManager.getInfo(LaunchManager.java:1359)
	... 10 more
!SUBENTRY 1 org.eclipse.debug.core 4 5012 2026-07-28 11:20:41.178
!MESSAGE 读取启动配置文件 F:\code\vibe_project\rollerball\M55\libraries\components\mtb-device-support-pse8xxgp\make\make\recipe\interface_version_4\Proj\single\internal\&&_MTB_RECIPE__PRJ_NAME&& Erase Device.launch 时发生了 org.xml.sax.SAXParseException; lineNumber: 11; columnNumber: 83; 在实体引用中, 实体名称必须紧跟在 '&' 后面。。
!STACK 0
org.xml.sax.SAXParseException; lineNumber: 11; columnNumber: 83; 在实体引用中, 实体名称必须紧跟在 '&' 后面。
	at com.sun.org.apache.xerces.internal.util.ErrorHandlerWrapper.createSAXParseException(ErrorHandlerWrapper.java:203)
	at com.sun.org.apache.xerces.internal.util.ErrorHandlerWrapper.fatalError(ErrorHandlerWrapper.java:177)
	at com.sun.org.apache.xerces.internal.impl.XMLErrorReporter.reportError(XMLErrorReporter.java:400)
	at com.sun.org.apache.xerces.internal.impl.XMLErrorReporter.reportError(XMLErrorReporter.java:327)
	at com.sun.org.apache.xerces.internal.impl.XMLScanner.reportFatalError(XMLScanner.java:1472)
	at com.sun.org.apache.xerces.internal.impl.XMLScanner.scanAttributeValue(XMLScanner.java:908)
	at com.sun.org.apache.xerces.internal.impl.XMLDocumentFragmentScannerImpl.scanAttribute(XMLDocumentFragmentScannerImpl.java:1548)
	at com.sun.org.apache.xerces.internal.impl.XMLDocumentFragmentScannerImpl.scanStartElement(XMLDocumentFragmentScannerImpl.java:1315)
	at com.sun.org.apache.xerces.internal.impl.XMLDocumentFragmentScannerImpl$FragmentContentDriver.next(XMLDocumentFragmentScannerImpl.java:2784)
	at com.sun.org.apache.xerces.internal.impl.XMLDocumentScannerImpl.next(XMLDocumentScannerImpl.java:602)
	at com.sun.org.apache.xerces.internal.impl.XMLDocumentFragmentScannerImpl.scanDocument(XMLDocumentFragmentScannerImpl.java:505)
	at com.sun.org.apache.xerces.internal.parsers.XML11Configuration.parse(XML11Configuration.java:841)
	at com.sun.org.apache.xerces.internal.parsers.XML11Configuration.parse(XML11Configuration.java:770)
	at com.sun.org.apache.xerces.internal.parsers.XMLParser.parse(XMLParser.java:141)
	at com.sun.org.apache.xerces.internal.parsers.DOMParser.parse(DOMParser.java:243)
	at com.sun.org.apache.xerces.internal.jaxp.DocumentBuilderImpl.parse(DocumentBuilderImpl.java:339)
	at org.eclipse.debug.internal.core.LaunchManager.createInfoFromXML(LaunchManager.java:935)
	at org.eclipse.debug.internal.core.LaunchManager.getInfo(LaunchManager.java:1359)
	at org.eclipse.debug.internal.core.LaunchConfiguration.getInfo(LaunchConfiguration.java:490)
	at org.eclipse.debug.internal.core.LaunchConfiguration.getType(LaunchConfiguration.java:645)
	at org.eclipse.debug.internal.core.LaunchManager.isValid(LaunchManager.java:2091)
	at org.eclipse.debug.internal.core.LaunchManager.verifyConfigurations(LaunchManager.java:2462)
	at org.eclipse.debug.internal.core.LaunchManager.getAllLaunchConfigurations(LaunchManager.java:1140)
	at org.eclipse.debug.internal.core.LaunchManager.getLaunchConfigurations(LaunchManager.java:1444)
	at org.eclipse.debug.internal.core.LaunchManager.getLaunchConfigurations(LaunchManager.java:1439)
	at org.eclipse.launchbar.core.internal.LaunchBarManager.init(LaunchBarManager.java:130)
	at org.eclipse.launchbar.core.internal.LaunchBarManager$1.run(LaunchBarManager.java:96)
	at org.eclipse.core.internal.jobs.Worker.run(Worker.java:63)

!ENTRY org.eclipse.debug.core 4 125 2026-07-28 11:20:41.182
!MESSAGE 调试核心所记录的错误：
!STACK 1
org.eclipse.debug.core.DebugException: 读取启动配置文件 F:\code\vibe_project\rollerball\M55\libraries\components\mtb-device-support-pse8xxgp\make\make\scripts\interface_version_3\eclipse\Application\flash\_normal\JLink\&&_APP_NAME&& Debug RAM MultiCore (JLink).launch 时发生了 org.xml.sax.SAXParseException; lineNumber: 3; columnNumber: 66; 在实体引用中, 实体名称必须紧跟在 '&' 后面。。
	at org.eclipse.debug.internal.core.LaunchManager.createDebugException(LaunchManager.java:886)
	at org.eclipse.debug.internal.core.LaunchManager.throwException(LaunchManager.java:2448)
	at org.eclipse.debug.internal.core.LaunchManager.getInfo(LaunchManager.java:1366)
	at org.eclipse.debug.internal.core.LaunchConfiguration.getInfo(LaunchConfiguration.java:490)
	at org.eclipse.debug.internal.core.LaunchConfiguration.getType(LaunchConfiguration.java:645)
	at org.eclipse.debug.internal.core.LaunchManager.isValid(LaunchManager.java:2091)
	at org.eclipse.debug.internal.core.LaunchManager.verifyConfigurations(LaunchManager.java:2462)
	at org.eclipse.debug.internal.core.LaunchManager.getAllLaunchConfigurations(LaunchManager.java:1140)
	at org.eclipse.debug.internal.core.LaunchManager.getLaunchConfigurations(LaunchManager.java:1444)
	at org.eclipse.debug.internal.core.LaunchManager.getLaunchConfigurations(LaunchManager.java:1439)
	at org.eclipse.launchbar.core.internal.LaunchBarManager.init(LaunchBarManager.java:130)
	at org.eclipse.launchbar.core.internal.LaunchBarManager$1.run(LaunchBarManager.java:96)
	at org.eclipse.core.internal.jobs.Worker.run(Worker.java:63)
Caused by: org.xml.sax.SAXParseException; lineNumber: 3; columnNumber: 66; 在实体引用中, 实体名称必须紧跟在 '&' 后面。
	at com.sun.org.apache.xerces.internal.util.ErrorHandlerWrapper.createSAXParseException(ErrorHandlerWrapper.java:203)
	at com.sun.org.apache.xerces.internal.util.ErrorHandlerWrapper.fatalError(ErrorHandlerWrapper.java:177)
	at com.sun.org.apache.xerces.internal.impl.XMLErrorReporter.reportError(XMLErrorReporter.java:400)
	at com.sun.org.apache.xerces.internal.impl.XMLErrorReporter.reportError(XMLErrorReporter.java:327)
	at com.sun.org.apache.xerces.internal.impl.XMLScanner.reportFatalError(XMLScanner.java:1472)
	at com.sun.org.apache.xerces.internal.impl.XMLScanner.scanAttributeValue(XMLScanner.java:908)
	at com.sun.org.apache.xerces.internal.impl.XMLDocumentFragmentScannerImpl.scanAttribute(XMLDocumentFragmentScannerImpl.java:1548)
	at com.sun.org.apache.xerces.internal.impl.XMLDocumentFragmentScannerImpl.scanStartElement(XMLDocumentFragmentScannerImpl.java:1315)
	at com.sun.org.apache.xerces.internal.impl.XMLDocumentFragmentScannerImpl$FragmentContentDriver.next(XMLDocumentFragmentScannerImpl.java:2784)
	at com.sun.org.apache.xerces.internal.impl.XMLDocumentScannerImpl.next(XMLDocumentScannerImpl.java:602)
	at com.sun.org.apache.xerces.internal.impl.XMLDocumentFragmentScannerImpl.scanDocument(XMLDocumentFragmentScannerImpl.java:505)
	at com.sun.org.apache.xerces.internal.parsers.XML11Configuration.parse(XML11Configuration.java:841)
	at com.sun.org.apache.xerces.internal.parsers.XML11Configuration.parse(XML11Configuration.java:770)
	at com.sun.org.apache.xerces.internal.parsers.XMLParser.parse(XMLParser.java:141)
	at com.sun.org.apache.xerces.internal.parsers.DOMParser.parse(DOMParser.java:243)
	at com.sun.org.apache.xerces.internal.jaxp.DocumentBuilderImpl.parse(DocumentBuilderImpl.java:339)
	at org.eclipse.debug.internal.core.LaunchManager.createInfoFromXML(LaunchManager.java:935)
	at org.eclipse.debug.internal.core.LaunchManager.getInfo(LaunchManager.java:1359)
	... 10 more
!SUBENTRY 1 org.eclipse.debug.core 4 5012 2026-07-28 11:20:41.182
!MESSAGE 读取启动配置文件 F:\code\vibe_project\rollerball\M55\libraries\components\mtb-device-support-pse8xxgp\make\make\scripts\interface_version_3\eclipse\Application\flash\_normal\JLink\&&_APP_NAME&& Debug RAM MultiCore (JLink).launch 时发生了 org.xml.sax.SAXParseException; lineNumber: 3; columnNumber: 66; 在实体引用中, 实体名称必须紧跟在 '&' 后面。。
!STACK 0
org.xml.sax.SAXParseException; lineNumber: 3; columnNumber: 66; 在实体引用中, 实体名称必须紧跟在 '&' 后面。
	at com.sun.org.apache.xerces.internal.util.ErrorHandlerWrapper.createSAXParseException(ErrorHandlerWrapper.java:203)
	at com.sun.org.apache.xerces.internal.util.ErrorHandlerWrapper.fatalError(ErrorHandlerWrapper.java:177)
	at com.sun.org.apache.xerces.internal.impl.XMLErrorReporter.reportError(XMLErrorReporter.java:400)
	at com.sun.org.apache.xerces.internal.impl.XMLErrorReporter.reportError(XMLErrorReporter.java:327)
	at com.sun.org.apache.xerces.internal.impl.XMLScanner.reportFatalError(XMLScanner.java:1472)
	at com.sun.org.apache.xerces.internal.impl.XMLScanner.scanAttributeValue(XMLScanner.java:908)
	at com.sun.org.apache.xerces.internal.impl.XMLDocumentFragmentScannerImpl.scanAttribute(XMLDocumentFragmentScannerImpl.java:1548)
	at com.sun.org.apache.xerces.internal.impl.XMLDocumentFragmentScannerImpl.scanStartElement(XMLDocumentFragmentScannerImpl.java:1315)
	at com.sun.org.apache.xerces.internal.impl.XMLDocumentFragmentScannerImpl$FragmentContentDriver.next(XMLDocumentFragmentScannerImpl.java:2784)
	at com.sun.org.apache.xerces.internal.impl.XMLDocumentScannerImpl.next(XMLDocumentScannerImpl.java:602)
	at com.sun.org.apache.xerces.internal.impl.XMLDocumentFragmentScannerImpl.scanDocument(XMLDocumentFragmentScannerImpl.java:505)
	at com.sun.org.apache.xerces.internal.parsers.XML11Configuration.parse(XML11Configuration.java:841)
	at com.sun.org.apache.xerces.internal.parsers.XML11Configuration.parse(XML11Configuration.java:770)
	at com.sun.org.apache.xerces.internal.parsers.XMLParser.parse(XMLParser.java:141)
	at com.sun.org.apache.xerces.internal.parsers.DOMParser.parse(DOMParser.java:243)
	at com.sun.org.apache.xerces.internal.jaxp.DocumentBuilderImpl.parse(DocumentBuilderImpl.java:339)
	at org.eclipse.debug.internal.core.LaunchManager.createInfoFromXML(LaunchManager.java:935)
	at org.eclipse.debug.internal.core.LaunchManager.getInfo(LaunchManager.java:1359)
	at org.eclipse.debug.internal.core.LaunchConfiguration.getInfo(LaunchConfiguration.java:490)
	at org.eclipse.debug.internal.core.LaunchConfiguration.getType(LaunchConfiguration.java:645)
	at org.eclipse.debug.internal.core.LaunchManager.isValid(LaunchManager.java:2091)
	at org.eclipse.debug.internal.core.LaunchManager.verifyConfigurations(LaunchManager.java:2462)
	at org.eclipse.debug.internal.core.LaunchManager.getAllLaunchConfigurations(LaunchManager.java:1140)
	at org.eclipse.debug.internal.core.LaunchManager.getLaunchConfigurations(LaunchManager.java:1444)
	at org.eclipse.debug.internal.core.LaunchManager.getLaunchConfigurations(LaunchManager.java:1439)
	at org.eclipse.launchbar.core.internal.LaunchBarManager.init(LaunchBarManager.java:130)
	at org.eclipse.launchbar.core.internal.LaunchBarManager$1.run(LaunchBarManager.java:96)
	at org.eclipse.core.internal.jobs.Worker.run(Worker.java:63)

!ENTRY org.eclipse.debug.core 4 125 2026-07-28 11:20:41.182
!MESSAGE 调试核心所记录的错误：
!STACK 1
org.eclipse.debug.core.DebugException: 读取启动配置文件 F:\code\vibe_project\rollerball\M55\libraries\components\mtb-device-support-pse8xxgp\make\make\scripts\interface_version_3\eclipse\Application\flash\_normal\JLink\&&_APP_NAME&& Program RAM Application (JLink).launch 时发生了 org.xml.sax.SAXParseException; lineNumber: 3; columnNumber: 66; 在实体引用中, 实体名称必须紧跟在 '&' 后面。。
	at org.eclipse.debug.internal.core.LaunchManager.createDebugException(LaunchManager.java:886)
	at org.eclipse.debug.internal.core.LaunchManager.throwException(LaunchManager.java:2448)
	at org.eclipse.debug.internal.core.LaunchManager.getInfo(LaunchManager.java:1366)
	at org.eclipse.debug.internal.core.LaunchConfiguration.getInfo(LaunchConfiguration.java:490)
	at org.eclipse.debug.internal.core.LaunchConfiguration.getType(LaunchConfiguration.java:645)
	at org.eclipse.debug.internal.core.LaunchManager.isValid(LaunchManager.java:2091)
	at org.eclipse.debug.internal.core.LaunchManager.verifyConfigurations(LaunchManager.java:2462)
	at org.eclipse.debug.internal.core.LaunchManager.getAllLaunchConfigurations(LaunchManager.java:1140)
	at org.eclipse.debug.internal.core.LaunchManager.getLaunchConfigurations(LaunchManager.java:1444)
	at org.eclipse.debug.internal.core.LaunchManager.getLaunchConfigurations(LaunchManager.java:1439)
	at org.eclipse.launchbar.core.internal.LaunchBarManager.init(LaunchBarManager.java:130)
	at org.eclipse.launchbar.core.internal.LaunchBarManager$1.run(LaunchBarManager.java:96)
	at org.eclipse.core.internal.jobs.Worker.run(Worker.java:63)
Caused by: org.xml.sax.SAXParseException; lineNumber: 3; columnNumber: 66; 在实体引用中, 实体名称必须紧跟在 '&' 后面。
	at com.sun.org.apache.xerces.internal.util.ErrorHandlerWrapper.createSAXParseException(ErrorHandlerWrapper.java:203)
	at com.sun.org.apache.xerces.internal.util.ErrorHandlerWrapper.fatalError(ErrorHandlerWrapper.java:177)
	at com.sun.org.apache.xerces.internal.impl.XMLErrorReporter.reportError(XMLErrorReporter.java:400)
	at com.sun.org.apache.xerces.internal.impl.XMLErrorReporter.reportError(XMLErrorReporter.java:327)
	at com.sun.org.apache.xerces.internal.impl.XMLScanner.reportFatalError(XMLScanner.java:1472)
	at com.sun.org.apache.xerces.internal.impl.XMLScanner.scanAttributeValue(XMLScanner.java:908)
	at com.sun.org.apache.xerces.internal.impl.XMLDocumentFragmentScannerImpl.scanAttribute(XMLDocumentFragmentScannerImpl.java:1548)
	at com.sun.org.apache.xerces.internal.impl.XMLDocumentFragmentScannerImpl.scanStartElement(XMLDocumentFragmentScannerImpl.java:1315)
	at com.sun.org.apache.xerces.internal.impl.XMLDocumentFragmentScannerImpl$FragmentContentDriver.next(XMLDocumentFragmentScannerImpl.java:2784)
	at com.sun.org.apache.xerces.internal.impl.XMLDocumentScannerImpl.next(XMLDocumentScannerImpl.java:602)
	at com.sun.org.apache.xerces.internal.impl.XMLDocumentFragmentScannerImpl.scanDocument(XMLDocumentFragmentScannerImpl.java:505)
	at com.sun.org.apache.xerces.internal.parsers.XML11Configuration.parse(XML11Configuration.java:841)
	at com.sun.org.apache.xerces.internal.parsers.XML11Configuration.parse(XML11Configuration.java:770)
	at com.sun.org.apache.xerces.internal.parsers.XMLParser.parse(XMLParser.java:141)
	at com.sun.org.apache.xerces.internal.parsers.DOMParser.parse(DOMParser.java:243)
	at com.sun.org.apache.xerces.internal.jaxp.DocumentBuilderImpl.parse(DocumentBuilderImpl.java:339)
	at org.eclipse.debug.internal.core.LaunchManager.createInfoFromXML(LaunchManager.java:935)
	at org.eclipse.debug.internal.core.LaunchManager.getInfo(LaunchManager.java:1359)
	... 10 more
!SUBENTRY 1 org.eclipse.debug.core 4 5012 2026-07-28 11:20:41.182
!MESSAGE 读取启动配置文件 F:\code\vibe_project\rollerball\M55\libraries\components\mtb-device-support-pse8xxgp\make\make\scripts\interface_version_3\eclipse\Application\flash\_normal\JLink\&&_APP_NAME&& Program RAM Application (JLink).launch 时发生了 org.xml.sax.SAXParseException; lineNumber: 3; columnNumber: 66; 在实体引用中, 实体名称必须紧跟在 '&' 后面。。
!STACK 0
org.xml.sax.SAXParseException; lineNumber: 3; columnNumber: 66; 在实体引用中, 实体名称必须紧跟在 '&' 后面。
	at com.sun.org.apache.xerces.internal.util.ErrorHandlerWrapper.createSAXParseException(ErrorHandlerWrapper.java:203)
	at com.sun.org.apache.xerces.internal.util.ErrorHandlerWrapper.fatalError(ErrorHandlerWrapper.java:177)
	at com.sun.org.apache.xerces.internal.impl.XMLErrorReporter.reportError(XMLErrorReporter.java:400)
	at com.sun.org.apache.xerces.internal.impl.XMLErrorReporter.reportError(XMLErrorReporter.java:327)
	at com.sun.org.apache.xerces.internal.impl.XMLScanner.reportFatalError(XMLScanner.java:1472)
	at com.sun.org.apache.xerces.internal.impl.XMLScanner.scanAttributeValue(XMLScanner.java:908)
	at com.sun.org.apache.xerces.internal.impl.XMLDocumentFragmentScannerImpl.scanAttribute(XMLDocumentFragmentScannerImpl.java:1548)
	at com.sun.org.apache.xerces.internal.impl.XMLDocumentFragmentScannerImpl.scanStartElement(XMLDocumentFragmentScannerImpl.java:1315)
	at com.sun.org.apache.xerces.internal.impl.XMLDocumentFragmentScannerImpl$FragmentContentDriver.next(XMLDocumentFragmentScannerImpl.java:2784)
	at com.sun.org.apache.xerces.internal.impl.XMLDocumentScannerImpl.next(XMLDocumentScannerImpl.java:602)
	at com.sun.org.apache.xerces.internal.impl.XMLDocumentFragmentScannerImpl.scanDocument(XMLDocumentFragmentScannerImpl.java:505)
	at com.sun.org.apache.xerces.internal.parsers.XML11Configuration.parse(XML11Configuration.java:841)
	at com.sun.org.apache.xerces.internal.parsers.XML11Configuration.parse(XML11Configuration.java:770)
	at com.sun.org.apache.xerces.internal.parsers.XMLParser.parse(XMLParser.java:141)
	at com.sun.org.apache.xerces.internal.parsers.DOMParser.parse(DOMParser.java:243)
	at com.sun.org.apache.xerces.internal.jaxp.DocumentBuilderImpl.parse(DocumentBuilderImpl.java:339)
	at org.eclipse.debug.internal.core.LaunchManager.createInfoFromXML(LaunchManager.java:935)
	at org.eclipse.debug.internal.core.LaunchManager.getInfo(LaunchManager.java:1359)
	at org.eclipse.debug.internal.core.LaunchConfiguration.getInfo(LaunchConfiguration.java:490)
	at org.eclipse.debug.internal.core.LaunchConfiguration.getType(LaunchConfiguration.java:645)
	at org.eclipse.debug.internal.core.LaunchManager.isValid(LaunchManager.java:2091)
	at org.eclipse.debug.internal.core.LaunchManager.verifyConfigurations(LaunchManager.java:2462)
	at org.eclipse.debug.internal.core.LaunchManager.getAllLaunchConfigurations(LaunchManager.java:1140)
	at org.eclipse.debug.internal.core.LaunchManager.getLaunchConfigurations(LaunchManager.java:1444)
	at org.eclipse.debug.internal.core.LaunchManager.getLaunchConfigurations(LaunchManager.java:1439)
	at org.eclipse.launchbar.core.internal.LaunchBarManager.init(LaunchBarManager.java:130)
	at org.eclipse.launchbar.core.internal.LaunchBarManager$1.run(LaunchBarManager.java:96)
	at org.eclipse.core.internal.jobs.Worker.run(Worker.java:63)

!ENTRY org.eclipse.debug.core 4 125 2026-07-28 11:20:41.186
!MESSAGE 调试核心所记录的错误：
!STACK 1
org.eclipse.debug.core.DebugException: 读取启动配置文件 F:\code\vibe_project\rollerball\M55\libraries\components\mtb-device-support-pse8xxgp\make\make\scripts\interface_version_3\eclipse\Application\flash\_normal\KitProg3\&&_APP_NAME&& Debug MultiCore (KitProg3_MiniProg4).launch 时发生了 org.xml.sax.SAXParseException; lineNumber: 3; columnNumber: 66; 在实体引用中, 实体名称必须紧跟在 '&' 后面。。
	at org.eclipse.debug.internal.core.LaunchManager.createDebugException(LaunchManager.java:886)
	at org.eclipse.debug.internal.core.LaunchManager.throwException(LaunchManager.java:2448)
	at org.eclipse.debug.internal.core.LaunchManager.getInfo(LaunchManager.java:1366)
	at org.eclipse.debug.internal.core.LaunchConfiguration.getInfo(LaunchConfiguration.java:490)
	at org.eclipse.debug.internal.core.LaunchConfiguration.getType(LaunchConfiguration.java:645)
	at org.eclipse.debug.internal.core.LaunchManager.isValid(LaunchManager.java:2091)
	at org.eclipse.debug.internal.core.LaunchManager.verifyConfigurations(LaunchManager.java:2462)
	at org.eclipse.debug.internal.core.LaunchManager.getAllLaunchConfigurations(LaunchManager.java:1140)
	at org.eclipse.debug.internal.core.LaunchManager.getLaunchConfigurations(LaunchManager.java:1444)
	at org.eclipse.debug.internal.core.LaunchManager.getLaunchConfigurations(LaunchManager.java:1439)
	at org.eclipse.launchbar.core.internal.LaunchBarManager.init(LaunchBarManager.java:130)
	at org.eclipse.launchbar.core.internal.LaunchBarManager$1.run(LaunchBarManager.java:96)
	at org.eclipse.core.internal.jobs.Worker.run(Worker.java:63)
Caused by: org.xml.sax.SAXParseException; lineNumber: 3; columnNumber: 66; 在实体引用中, 实体名称必须紧跟在 '&' 后面。
	at com.sun.org.apache.xerces.internal.util.ErrorHandlerWrapper.createSAXParseException(ErrorHandlerWrapper.java:203)
	at com.sun.org.apache.xerces.internal.util.ErrorHandlerWrapper.fatalError(ErrorHandlerWrapper.java:177)
	at com.sun.org.apache.xerces.internal.impl.XMLErrorReporter.reportError(XMLErrorReporter.java:400)
	at com.sun.org.apache.xerces.internal.impl.XMLErrorReporter.reportError(XMLErrorReporter.java:327)
	at com.sun.org.apache.xerces.internal.impl.XMLScanner.reportFatalError(XMLScanner.java:1472)
	at com.sun.org.apache.xerces.internal.impl.XMLScanner.scanAttributeValue(XMLScanner.java:908)
	at com.sun.org.apache.xerces.internal.impl.XMLDocumentFragmentScannerImpl.scanAttribute(XMLDocumentFragmentScannerImpl.java:1548)
	at com.sun.org.apache.xerces.internal.impl.XMLDocumentFragmentScannerImpl.scanStartElement(XMLDocumentFragmentScannerImpl.java:1315)
	at com.sun.org.apache.xerces.internal.impl.XMLDocumentFragmentScannerImpl$FragmentContentDriver.next(XMLDocumentFragmentScannerImpl.java:2784)
	at com.sun.org.apache.xerces.internal.impl.XMLDocumentScannerImpl.next(XMLDocumentScannerImpl.java:602)
	at com.sun.org.apache.xerces.internal.impl.XMLDocumentFragmentScannerImpl.scanDocument(XMLDocumentFragmentScannerImpl.java:505)
	at com.sun.org.apache.xerces.internal.parsers.XML11Configuration.parse(XML11Configuration.java:841)
	at com.sun.org.apache.xerces.internal.parsers.XML11Configuration.parse(XML11Configuration.java:770)
	at com.sun.org.apache.xerces.internal.parsers.XMLParser.parse(XMLParser.java:141)
	at com.sun.org.apache.xerces.internal.parsers.DOMParser.parse(DOMParser.java:243)
	at com.sun.org.apache.xerces.internal.jaxp.DocumentBuilderImpl.parse(DocumentBuilderImpl.java:339)
	at org.eclipse.debug.internal.core.LaunchManager.createInfoFromXML(LaunchManager.java:935)
	at org.eclipse.debug.internal.core.LaunchManager.getInfo(LaunchManager.java:1359)
	... 10 more
!SUBENTRY 1 org.eclipse.debug.core 4 5012 2026-07-28 11:20:41.186
!MESSAGE 读取启动配置文件 F:\code\vibe_project\rollerball\M55\libraries\components\mtb-device-support-pse8xxgp\make\make\scripts\interface_version_3\eclipse\Application\flash\_normal\KitProg3\&&_APP_NAME&& Debug MultiCore (KitProg3_MiniProg4).launch 时发生了 org.xml.sax.SAXParseException; lineNumber: 3; columnNumber: 66; 在实体引用中, 实体名称必须紧跟在 '&' 后面。。
!STACK 0
org.xml.sax.SAXParseException; lineNumber: 3; columnNumber: 66; 在实体引用中, 实体名称必须紧跟在 '&' 后面。
	at com.sun.org.apache.xerces.internal.util.ErrorHandlerWrapper.createSAXParseException(ErrorHandlerWrapper.java:203)
	at com.sun.org.apache.xerces.internal.util.ErrorHandlerWrapper.fatalError(ErrorHandlerWrapper.java:177)
	at com.sun.org.apache.xerces.internal.impl.XMLErrorReporter.reportError(XMLErrorReporter.java:400)
	at com.sun.org.apache.xerces.internal.impl.XMLErrorReporter.reportError(XMLErrorReporter.java:327)
	at com.sun.org.apache.xerces.internal.impl.XMLScanner.reportFatalError(XMLScanner.java:1472)
	at com.sun.org.apache.xerces.internal.impl.XMLScanner.scanAttributeValue(XMLScanner.java:908)
	at com.sun.org.apache.xerces.internal.impl.XMLDocumentFragmentScannerImpl.scanAttribute(XMLDocumentFragmentScannerImpl.java:1548)
	at com.sun.org.apache.xerces.internal.impl.XMLDocumentFragmentScannerImpl.scanStartElement(XMLDocumentFragmentScannerImpl.java:1315)
	at com.sun.org.apache.xerces.internal.impl.XMLDocumentFragmentScannerImpl$FragmentContentDriver.next(XMLDocumentFragmentScannerImpl.java:2784)
	at com.sun.org.apache.xerces.internal.impl.XMLDocumentScannerImpl.next(XMLDocumentScannerImpl.java:602)
	at com.sun.org.apache.xerces.internal.impl.XMLDocumentFragmentScannerImpl.scanDocument(XMLDocumentFragmentScannerImpl.java:505)
	at com.sun.org.apache.xerces.internal.parsers.XML11Configuration.parse(XML11Configuration.java:841)
	at com.sun.org.apache.xerces.internal.parsers.XML11Configuration.parse(XML11Configuration.java:770)
	at com.sun.org.apache.xerces.internal.parsers.XMLParser.parse(XMLParser.java:141)
	at com.sun.org.apache.xerces.internal.parsers.DOMParser.parse(DOMParser.java:243)
	at com.sun.org.apache.xerces.internal.jaxp.DocumentBuilderImpl.parse(DocumentBuilderImpl.java:339)
	at org.eclipse.debug.internal.core.LaunchManager.createInfoFromXML(LaunchManager.java:935)
	at org.eclipse.debug.internal.core.LaunchManager.getInfo(LaunchManager.java:1359)
	at org.eclipse.debug.internal.core.LaunchConfiguration.getInfo(LaunchConfiguration.java:490)
	at org.eclipse.debug.internal.core.LaunchConfiguration.getType(LaunchConfiguration.java:645)
	at org.eclipse.debug.internal.core.LaunchManager.isValid(LaunchManager.java:2091)
	at org.eclipse.debug.internal.core.LaunchManager.verifyConfigurations(LaunchManager.java:2462)
	at org.eclipse.debug.internal.core.LaunchManager.getAllLaunchConfigurations(LaunchManager.java:1140)
	at org.eclipse.debug.internal.core.LaunchManager.getLaunchConfigurations(LaunchManager.java:1444)
	at org.eclipse.debug.internal.core.LaunchManager.getLaunchConfigurations(LaunchManager.java:1439)
	at org.eclipse.launchbar.core.internal.LaunchBarManager.init(LaunchBarManager.java:130)
	at org.eclipse.launchbar.core.internal.LaunchBarManager$1.run(LaunchBarManager.java:96)
	at org.eclipse.core.internal.jobs.Worker.run(Worker.java:63)

!ENTRY org.eclipse.debug.core 4 125 2026-07-28 11:20:41.186
!MESSAGE 调试核心所记录的错误：
!STACK 1
org.eclipse.debug.core.DebugException: 读取启动配置文件 F:\code\vibe_project\rollerball\M55\libraries\components\mtb-device-support-pse8xxgp\make\make\scripts\interface_version_3\eclipse\Application\flash\normal\JLink\&&_APP_NAME&& Debug MultiCore (JLink).launch 时发生了 org.xml.sax.SAXParseException; lineNumber: 3; columnNumber: 66; 在实体引用中, 实体名称必须紧跟在 '&' 后面。。
	at org.eclipse.debug.internal.core.LaunchManager.createDebugException(LaunchManager.java:886)
	at org.eclipse.debug.internal.core.LaunchManager.throwException(LaunchManager.java:2448)
	at org.eclipse.debug.internal.core.LaunchManager.getInfo(LaunchManager.java:1366)
	at org.eclipse.debug.internal.core.LaunchConfiguration.getInfo(LaunchConfiguration.java:490)
	at org.eclipse.debug.internal.core.LaunchConfiguration.getType(LaunchConfiguration.java:645)
	at org.eclipse.debug.internal.core.LaunchManager.isValid(LaunchManager.java:2091)
	at org.eclipse.debug.internal.core.LaunchManager.verifyConfigurations(LaunchManager.java:2462)
	at org.eclipse.debug.internal.core.LaunchManager.getAllLaunchConfigurations(LaunchManager.java:1140)
	at org.eclipse.debug.internal.core.LaunchManager.getLaunchConfigurations(LaunchManager.java:1444)
	at org.eclipse.debug.internal.core.LaunchManager.getLaunchConfigurations(LaunchManager.java:1439)
	at org.eclipse.launchbar.core.internal.LaunchBarManager.init(LaunchBarManager.java:130)
	at org.eclipse.launchbar.core.internal.LaunchBarManager$1.run(LaunchBarManager.java:96)
	at org.eclipse.core.internal.jobs.Worker.run(Worker.java:63)
Caused by: org.xml.sax.SAXParseException; lineNumber: 3; columnNumber: 66; 在实体引用中, 实体名称必须紧跟在 '&' 后面。
	at com.sun.org.apache.xerces.internal.util.ErrorHandlerWrapper.createSAXParseException(ErrorHandlerWrapper.java:203)
	at com.sun.org.apache.xerces.internal.util.ErrorHandlerWrapper.fatalError(ErrorHandlerWrapper.java:177)
	at com.sun.org.apache.xerces.internal.impl.XMLErrorReporter.reportError(XMLErrorReporter.java:400)
	at com.sun.org.apache.xerces.internal.impl.XMLErrorReporter.reportError(XMLErrorReporter.java:327)
	at com.sun.org.apache.xerces.internal.impl.XMLScanner.reportFatalError(XMLScanner.java:1472)
	at com.sun.org.apache.xerces.internal.impl.XMLScanner.scanAttributeValue(XMLScanner.java:908)
	at com.sun.org.apache.xerces.internal.impl.XMLDocumentFragmentScannerImpl.scanAttribute(XMLDocumentFragmentScannerImpl.java:1548)
	at com.sun.org.apache.xerces.internal.impl.XMLDocumentFragmentScannerImpl.scanStartElement(XMLDocumentFragmentScannerImpl.java:1315)
	at com.sun.org.apache.xerces.internal.impl.XMLDocumentFragmentScannerImpl$FragmentContentDriver.next(XMLDocumentFragmentScannerImpl.java:2784)
	at com.sun.org.apache.xerces.internal.impl.XMLDocumentScannerImpl.next(XMLDocumentScannerImpl.java:602)
	at com.sun.org.apache.xerces.internal.impl.XMLDocumentFragmentScannerImpl.scanDocument(XMLDocumentFragmentScannerImpl.java:505)
	at com.sun.org.apache.xerces.internal.parsers.XML11Configuration.parse(XML11Configuration.java:841)
	at com.sun.org.apache.xerces.internal.parsers.XML11Configuration.parse(XML11Configuration.java:770)
	at com.sun.org.apache.xerces.internal.parsers.XMLParser.parse(XMLParser.java:141)
	at com.sun.org.apache.xerces.internal.parsers.DOMParser.parse(DOMParser.java:243)
	at com.sun.org.apache.xerces.internal.jaxp.DocumentBuilderImpl.parse(DocumentBuilderImpl.java:339)
	at org.eclipse.debug.internal.core.LaunchManager.createInfoFromXML(LaunchManager.java:935)
	at org.eclipse.debug.internal.core.LaunchManager.getInfo(LaunchManager.java:1359)
	... 10 more
!SUBENTRY 1 org.eclipse.debug.core 4 5012 2026-07-28 11:20:41.186
!MESSAGE 读取启动配置文件 F:\code\vibe_project\rollerball\M55\libraries\components\mtb-device-support-pse8xxgp\make\make\scripts\interface_version_3\eclipse\Application\flash\normal\JLink\&&_APP_NAME&& Debug MultiCore (JLink).launch 时发生了 org.xml.sax.SAXParseException; lineNumber: 3; columnNumber: 66; 在实体引用中, 实体名称必须紧跟在 '&' 后面。。
!STACK 0
org.xml.sax.SAXParseException; lineNumber: 3; columnNumber: 66; 在实体引用中, 实体名称必须紧跟在 '&' 后面。
	at com.sun.org.apache.xerces.internal.util.ErrorHandlerWrapper.createSAXParseException(ErrorHandlerWrapper.java:203)
	at com.sun.org.apache.xerces.internal.util.ErrorHandlerWrapper.fatalError(ErrorHandlerWrapper.java:177)
	at com.sun.org.apache.xerces.internal.impl.XMLErrorReporter.reportError(XMLErrorReporter.java:400)
	at com.sun.org.apache.xerces.internal.impl.XMLErrorReporter.reportError(XMLErrorReporter.java:327)
	at com.sun.org.apache.xerces.internal.impl.XMLScanner.reportFatalError(XMLScanner.java:1472)
	at com.sun.org.apache.xerces.internal.impl.XMLScanner.scanAttributeValue(XMLScanner.java:908)
	at com.sun.org.apache.xerces.internal.impl.XMLDocumentFragmentScannerImpl.scanAttribute(XMLDocumentFragmentScannerImpl.java:1548)
	at com.sun.org.apache.xerces.internal.impl.XMLDocumentFragmentScannerImpl.scanStartElement(XMLDocumentFragmentScannerImpl.java:1315)
	at com.sun.org.apache.xerces.internal.impl.XMLDocumentFragmentScannerImpl$FragmentContentDriver.next(XMLDocumentFragmentScannerImpl.java:2784)
	at com.sun.org.apache.xerces.internal.impl.XMLDocumentScannerImpl.next(XMLDocumentScannerImpl.java:602)
	at com.sun.org.apache.xerces.internal.impl.XMLDocumentFragmentScannerImpl.scanDocument(XMLDocumentFragmentScannerImpl.java:505)
	at com.sun.org.apache.xerces.internal.parsers.XML11Configuration.parse(XML11Configuration.java:841)
	at com.sun.org.apache.xerces.internal.parsers.XML11Configuration.parse(XML11Configuration.java:770)
	at com.sun.org.apache.xerces.internal.parsers.XMLParser.parse(XMLParser.java:141)
	at com.sun.org.apache.xerces.internal.parsers.DOMParser.parse(DOMParser.java:243)
	at com.sun.org.apache.xerces.internal.jaxp.DocumentBuilderImpl.parse(DocumentBuilderImpl.java:339)
	at org.eclipse.debug.internal.core.LaunchManager.createInfoFromXML(LaunchManager.java:935)
	at org.eclipse.debug.internal.core.LaunchManager.getInfo(LaunchManager.java:1359)
	at org.eclipse.debug.internal.core.LaunchConfiguration.getInfo(LaunchConfiguration.java:490)
	at org.eclipse.debug.internal.core.LaunchConfiguration.getType(LaunchConfiguration.java:645)
	at org.eclipse.debug.internal.core.LaunchManager.isValid(LaunchManager.java:2091)
	at org.eclipse.debug.internal.core.LaunchManager.verifyConfigurations(LaunchManager.java:2462)
	at org.eclipse.debug.internal.core.LaunchManager.getAllLaunchConfigurations(LaunchManager.java:1140)
	at org.eclipse.debug.internal.core.LaunchManager.getLaunchConfigurations(LaunchManager.java:1444)
	at org.eclipse.debug.internal.core.LaunchManager.getLaunchConfigurations(LaunchManager.java:1439)
	at org.eclipse.launchbar.core.internal.LaunchBarManager.init(LaunchBarManager.java:130)
	at org.eclipse.launchbar.core.internal.LaunchBarManager$1.run(LaunchBarManager.java:96)
	at org.eclipse.core.internal.jobs.Worker.run(Worker.java:63)

!ENTRY org.eclipse.debug.core 4 125 2026-07-28 11:20:41.186
!MESSAGE 调试核心所记录的错误：
!STACK 1
org.eclipse.debug.core.DebugException: 读取启动配置文件 F:\code\vibe_project\rollerball\M55\libraries\components\mtb-device-support-pse8xxgp\make\make\scripts\interface_version_3\eclipse\Application\flash\normal\JLink\&&_PRJ_NAME&& Debug Multicore (JLink).launch 时发生了 org.xml.sax.SAXParseException; lineNumber: 3; columnNumber: 66; 在实体引用中, 实体名称必须紧跟在 '&' 后面。。
	at org.eclipse.debug.internal.core.LaunchManager.createDebugException(LaunchManager.java:886)
	at org.eclipse.debug.internal.core.LaunchManager.throwException(LaunchManager.java:2448)
	at org.eclipse.debug.internal.core.LaunchManager.getInfo(LaunchManager.java:1366)
	at org.eclipse.debug.internal.core.LaunchConfiguration.getInfo(LaunchConfiguration.java:490)
	at org.eclipse.debug.internal.core.LaunchConfiguration.getType(LaunchConfiguration.java:645)
	at org.eclipse.debug.internal.core.LaunchManager.isValid(LaunchManager.java:2091)
	at org.eclipse.debug.internal.core.LaunchManager.verifyConfigurations(LaunchManager.java:2462)
	at org.eclipse.debug.internal.core.LaunchManager.getAllLaunchConfigurations(LaunchManager.java:1140)
	at org.eclipse.debug.internal.core.LaunchManager.getLaunchConfigurations(LaunchManager.java:1444)
	at org.eclipse.debug.internal.core.LaunchManager.getLaunchConfigurations(LaunchManager.java:1439)
	at org.eclipse.launchbar.core.internal.LaunchBarManager.init(LaunchBarManager.java:130)
	at org.eclipse.launchbar.core.internal.LaunchBarManager$1.run(LaunchBarManager.java:96)
	at org.eclipse.core.internal.jobs.Worker.run(Worker.java:63)
Caused by: org.xml.sax.SAXParseException; lineNumber: 3; columnNumber: 66; 在实体引用中, 实体名称必须紧跟在 '&' 后面。
	at com.sun.org.apache.xerces.internal.util.ErrorHandlerWrapper.createSAXParseException(ErrorHandlerWrapper.java:203)
	at com.sun.org.apache.xerces.internal.util.ErrorHandlerWrapper.fatalError(ErrorHandlerWrapper.java:177)
	at com.sun.org.apache.xerces.internal.impl.XMLErrorReporter.reportError(XMLErrorReporter.java:400)
	at com.sun.org.apache.xerces.internal.impl.XMLErrorReporter.reportError(XMLErrorReporter.java:327)
	at com.sun.org.apache.xerces.internal.impl.XMLScanner.reportFatalError(XMLScanner.java:1472)
	at com.sun.org.apache.xerces.internal.impl.XMLScanner.scanAttributeValue(XMLScanner.java:908)
	at com.sun.org.apache.xerces.internal.impl.XMLDocumentFragmentScannerImpl.scanAttribute(XMLDocumentFragmentScannerImpl.java:1548)
	at com.sun.org.apache.xerces.internal.impl.XMLDocumentFragmentScannerImpl.scanStartElement(XMLDocumentFragmentScannerImpl.java:1315)
	at com.sun.org.apache.xerces.internal.impl.XMLDocumentFragmentScannerImpl$FragmentContentDriver.next(XMLDocumentFragmentScannerImpl.java:2784)
	at com.sun.org.apache.xerces.internal.impl.XMLDocumentScannerImpl.next(XMLDocumentScannerImpl.java:602)
	at com.sun.org.apache.xerces.internal.impl.XMLDocumentFragmentScannerImpl.scanDocument(XMLDocumentFragmentScannerImpl.java:505)
	at com.sun.org.apache.xerces.internal.parsers.XML11Configuration.parse(XML11Configuration.java:841)
	at com.sun.org.apache.xerces.internal.parsers.XML11Configuration.parse(XML11Configuration.java:770)
	at com.sun.org.apache.xerces.internal.parsers.XMLParser.parse(XMLParser.java:141)
	at com.sun.org.apache.xerces.internal.parsers.DOMParser.parse(DOMParser.java:243)
	at com.sun.org.apache.xerces.internal.jaxp.DocumentBuilderImpl.parse(DocumentBuilderImpl.java:339)
	at org.eclipse.debug.internal.core.LaunchManager.createInfoFromXML(LaunchManager.java:935)
	at org.eclipse.debug.internal.core.LaunchManager.getInfo(LaunchManager.java:1359)
	... 10 more
!SUBENTRY 1 org.eclipse.debug.core 4 5012 2026-07-28 11:20:41.186
!MESSAGE 读取启动配置文件 F:\code\vibe_project\rollerball\M55\libraries\components\mtb-device-support-pse8xxgp\make\make\scripts\interface_version_3\eclipse\Application\flash\normal\JLink\&&_PRJ_NAME&& Debug Multicore (JLink).launch 时发生了 org.xml.sax.SAXParseException; lineNumber: 3; columnNumber: 66; 在实体引用中, 实体名称必须紧跟在 '&' 后面。。
!STACK 0
org.xml.sax.SAXParseException; lineNumber: 3; columnNumber: 66; 在实体引用中, 实体名称必须紧跟在 '&' 后面。
	at com.sun.org.apache.xerces.internal.util.ErrorHandlerWrapper.createSAXParseException(ErrorHandlerWrapper.java:203)
	at com.sun.org.apache.xerces.internal.util.ErrorHandlerWrapper.fatalError(ErrorHandlerWrapper.java:177)
	at com.sun.org.apache.xerces.internal.impl.XMLErrorReporter.reportError(XMLErrorReporter.java:400)
	at com.sun.org.apache.xerces.internal.impl.XMLErrorReporter.reportError(XMLErrorReporter.java:327)
	at com.sun.org.apache.xerces.internal.impl.XMLScanner.reportFatalError(XMLScanner.java:1472)
	at com.sun.org.apache.xerces.internal.impl.XMLScanner.scanAttributeValue(XMLScanner.java:908)
	at com.sun.org.apache.xerces.internal.impl.XMLDocumentFragmentScannerImpl.scanAttribute(XMLDocumentFragmentScannerImpl.java:1548)
	at com.sun.org.apache.xerces.internal.impl.XMLDocumentFragmentScannerImpl.scanStartElement(XMLDocumentFragmentScannerImpl.java:1315)
	at com.sun.org.apache.xerces.internal.impl.XMLDocumentFragmentScannerImpl$FragmentContentDriver.next(XMLDocumentFragmentScannerImpl.java:2784)
	at com.sun.org.apache.xerces.internal.impl.XMLDocumentScannerImpl.next(XMLDocumentScannerImpl.java:602)
	at com.sun.org.apache.xerces.internal.impl.XMLDocumentFragmentScannerImpl.scanDocument(XMLDocumentFragmentScannerImpl.java:505)
	at com.sun.org.apache.xerces.internal.parsers.XML11Configuration.parse(XML11Configuration.java:841)
	at com.sun.org.apache.xerces.internal.parsers.XML11Configuration.parse(XML11Configuration.java:770)
	at com.sun.org.apache.xerces.internal.parsers.XMLParser.parse(XMLParser.java:141)
	at com.sun.org.apache.xerces.internal.parsers.DOMParser.parse(DOMParser.java:243)
	at com.sun.org.apache.xerces.internal.jaxp.DocumentBuilderImpl.parse(DocumentBuilderImpl.java:339)
	at org.eclipse.debug.internal.core.LaunchManager.createInfoFromXML(LaunchManager.java:935)
	at org.eclipse.debug.internal.core.LaunchManager.getInfo(LaunchManager.java:1359)
	at org.eclipse.debug.internal.core.LaunchConfiguration.getInfo(LaunchConfiguration.java:490)
	at org.eclipse.debug.internal.core.LaunchConfiguration.getType(LaunchConfiguration.java:645)
	at org.eclipse.debug.internal.core.LaunchManager.isValid(LaunchManager.java:2091)
	at org.eclipse.debug.internal.core.LaunchManager.verifyConfigurations(LaunchManager.java:2462)
	at org.eclipse.debug.internal.core.LaunchManager.getAllLaunchConfigurations(LaunchManager.java:1140)
	at org.eclipse.debug.internal.core.LaunchManager.getLaunchConfigurations(LaunchManager.java:1444)
	at org.eclipse.debug.internal.core.LaunchManager.getLaunchConfigurations(LaunchManager.java:1439)
	at org.eclipse.launchbar.core.internal.LaunchBarManager.init(LaunchBarManager.java:130)
	at org.eclipse.launchbar.core.internal.LaunchBarManager$1.run(LaunchBarManager.java:96)
	at org.eclipse.core.internal.jobs.Worker.run(Worker.java:63)

!ENTRY org.eclipse.debug.core 4 125 2026-07-28 11:20:41.191
!MESSAGE 调试核心所记录的错误：
!STACK 1
org.eclipse.debug.core.DebugException: 读取启动配置文件 F:\code\vibe_project\rollerball\M55\libraries\components\mtb-device-support-pse8xxgp\make\make\scripts\interface_version_3\eclipse\Application\flash\normal\KitProg3\&&_APP_NAME&& Debug MultiCore (KitProg3_MiniProg4).launch 时发生了 org.xml.sax.SAXParseException; lineNumber: 3; columnNumber: 66; 在实体引用中, 实体名称必须紧跟在 '&' 后面。。
	at org.eclipse.debug.internal.core.LaunchManager.createDebugException(LaunchManager.java:886)
	at org.eclipse.debug.internal.core.LaunchManager.throwException(LaunchManager.java:2448)
	at org.eclipse.debug.internal.core.LaunchManager.getInfo(LaunchManager.java:1366)
	at org.eclipse.debug.internal.core.LaunchConfiguration.getInfo(LaunchConfiguration.java:490)
	at org.eclipse.debug.internal.core.LaunchConfiguration.getType(LaunchConfiguration.java:645)
	at org.eclipse.debug.internal.core.LaunchManager.isValid(LaunchManager.java:2091)
	at org.eclipse.debug.internal.core.LaunchManager.verifyConfigurations(LaunchManager.java:2462)
	at org.eclipse.debug.internal.core.LaunchManager.getAllLaunchConfigurations(LaunchManager.java:1140)
	at org.eclipse.debug.internal.core.LaunchManager.getLaunchConfigurations(LaunchManager.java:1444)
	at org.eclipse.debug.internal.core.LaunchManager.getLaunchConfigurations(LaunchManager.java:1439)
	at org.eclipse.launchbar.core.internal.LaunchBarManager.init(LaunchBarManager.java:130)
	at org.eclipse.launchbar.core.internal.LaunchBarManager$1.run(LaunchBarManager.java:96)
	at org.eclipse.core.internal.jobs.Worker.run(Worker.java:63)
Caused by: org.xml.sax.SAXParseException; lineNumber: 3; columnNumber: 66; 在实体引用中, 实体名称必须紧跟在 '&' 后面。
	at com.sun.org.apache.xerces.internal.util.ErrorHandlerWrapper.createSAXParseException(ErrorHandlerWrapper.java:203)
	at com.sun.org.apache.xerces.internal.util.ErrorHandlerWrapper.fatalError(ErrorHandlerWrapper.java:177)
	at com.sun.org.apache.xerces.internal.impl.XMLErrorReporter.reportError(XMLErrorReporter.java:400)
	at com.sun.org.apache.xerces.internal.impl.XMLErrorReporter.reportError(XMLErrorReporter.java:327)
	at com.sun.org.apache.xerces.internal.impl.XMLScanner.reportFatalError(XMLScanner.java:1472)
	at com.sun.org.apache.xerces.internal.impl.XMLScanner.scanAttributeValue(XMLScanner.java:908)
	at com.sun.org.apache.xerces.internal.impl.XMLDocumentFragmentScannerImpl.scanAttribute(XMLDocumentFragmentScannerImpl.java:1548)
	at com.sun.org.apache.xerces.internal.impl.XMLDocumentFragmentScannerImpl.scanStartElement(XMLDocumentFragmentScannerImpl.java:1315)
	at com.sun.org.apache.xerces.internal.impl.XMLDocumentFragmentScannerImpl$FragmentContentDriver.next(XMLDocumentFragmentScannerImpl.java:2784)
	at com.sun.org.apache.xerces.internal.impl.XMLDocumentScannerImpl.next(XMLDocumentScannerImpl.java:602)
	at com.sun.org.apache.xerces.internal.impl.XMLDocumentFragmentScannerImpl.scanDocument(XMLDocumentFragmentScannerImpl.java:505)
	at com.sun.org.apache.xerces.internal.parsers.XML11Configuration.parse(XML11Configuration.java:841)
	at com.sun.org.apache.xerces.internal.parsers.XML11Configuration.parse(XML11Configuration.java:770)
	at com.sun.org.apache.xerces.internal.parsers.XMLParser.parse(XMLParser.java:141)
	at com.sun.org.apache.xerces.internal.parsers.DOMParser.parse(DOMParser.java:243)
	at com.sun.org.apache.xerces.internal.jaxp.DocumentBuilderImpl.parse(DocumentBuilderImpl.java:339)
	at org.eclipse.debug.internal.core.LaunchManager.createInfoFromXML(LaunchManager.java:935)
	at org.eclipse.debug.internal.core.LaunchManager.getInfo(LaunchManager.java:1359)
	... 10 more
!SUBENTRY 1 org.eclipse.debug.core 4 5012 2026-07-28 11:20:41.191
!MESSAGE 读取启动配置文件 F:\code\vibe_project\rollerball\M55\libraries\components\mtb-device-support-pse8xxgp\make\make\scripts\interface_version_3\eclipse\Application\flash\normal\KitProg3\&&_APP_NAME&& Debug MultiCore (KitProg3_MiniProg4).launch 时发生了 org.xml.sax.SAXParseException; lineNumber: 3; columnNumber: 66; 在实体引用中, 实体名称必须紧跟在 '&' 后面。。
!STACK 0
org.xml.sax.SAXParseException; lineNumber: 3; columnNumber: 66; 在实体引用中, 实体名称必须紧跟在 '&' 后面。
	at com.sun.org.apache.xerces.internal.util.ErrorHandlerWrapper.createSAXParseException(ErrorHandlerWrapper.java:203)
	at com.sun.org.apache.xerces.internal.util.ErrorHandlerWrapper.fatalError(ErrorHandlerWrapper.java:177)
	at com.sun.org.apache.xerces.internal.impl.XMLErrorReporter.reportError(XMLErrorReporter.java:400)
	at com.sun.org.apache.xerces.internal.impl.XMLErrorReporter.reportError(XMLErrorReporter.java:327)
	at com.sun.org.apache.xerces.internal.impl.XMLScanner.reportFatalError(XMLScanner.java:1472)
	at com.sun.org.apache.xerces.internal.impl.XMLScanner.scanAttributeValue(XMLScanner.java:908)
	at com.sun.org.apache.xerces.internal.impl.XMLDocumentFragmentScannerImpl.scanAttribute(XMLDocumentFragmentScannerImpl.java:1548)
	at com.sun.org.apache.xerces.internal.impl.XMLDocumentFragmentScannerImpl.scanStartElement(XMLDocumentFragmentScannerImpl.java:1315)
	at com.sun.org.apache.xerces.internal.impl.XMLDocumentFragmentScannerImpl$FragmentContentDriver.next(XMLDocumentFragmentScannerImpl.java:2784)
	at com.sun.org.apache.xerces.internal.impl.XMLDocumentScannerImpl.next(XMLDocumentScannerImpl.java:602)
	at com.sun.org.apache.xerces.internal.impl.XMLDocumentFragmentScannerImpl.scanDocument(XMLDocumentFragmentScannerImpl.java:505)
	at com.sun.org.apache.xerces.internal.parsers.XML11Configuration.parse(XML11Configuration.java:841)
	at com.sun.org.apache.xerces.internal.parsers.XML11Configuration.parse(XML11Configuration.java:770)
	at com.sun.org.apache.xerces.internal.parsers.XMLParser.parse(XMLParser.java:141)
	at com.sun.org.apache.xerces.internal.parsers.DOMParser.parse(DOMParser.java:243)
	at com.sun.org.apache.xerces.internal.jaxp.DocumentBuilderImpl.parse(DocumentBuilderImpl.java:339)
	at org.eclipse.debug.internal.core.LaunchManager.createInfoFromXML(LaunchManager.java:935)
	at org.eclipse.debug.internal.core.LaunchManager.getInfo(LaunchManager.java:1359)
	at org.eclipse.debug.internal.core.LaunchConfiguration.getInfo(LaunchConfiguration.java:490)
	at org.eclipse.debug.internal.core.LaunchConfiguration.getType(LaunchConfiguration.java:645)
	at org.eclipse.debug.internal.core.LaunchManager.isValid(LaunchManager.java:2091)
	at org.eclipse.debug.internal.core.LaunchManager.verifyConfigurations(LaunchManager.java:2462)
	at org.eclipse.debug.internal.core.LaunchManager.getAllLaunchConfigurations(LaunchManager.java:1140)
	at org.eclipse.debug.internal.core.LaunchManager.getLaunchConfigurations(LaunchManager.java:1444)
	at org.eclipse.debug.internal.core.LaunchManager.getLaunchConfigurations(LaunchManager.java:1439)
	at org.eclipse.launchbar.core.internal.LaunchBarManager.init(LaunchBarManager.java:130)
	at org.eclipse.launchbar.core.internal.LaunchBarManager$1.run(LaunchBarManager.java:96)
	at org.eclipse.core.internal.jobs.Worker.run(Worker.java:63)

!ENTRY org.eclipse.debug.core 4 125 2026-07-28 11:20:41.193
!MESSAGE 调试核心所记录的错误：
!STACK 1
org.eclipse.debug.core.DebugException: 读取启动配置文件 F:\code\vibe_project\rollerball\M55\libraries\components\mtb-device-support-pse8xxgp\make\make\scripts\interface_version_3\eclipse\Application\flash\normal\KitProg3\&&_PRJ_NAME&& Debug Multicore (KitProg3_MiniProg4).launch 时发生了 org.xml.sax.SAXParseException; lineNumber: 3; columnNumber: 66; 在实体引用中, 实体名称必须紧跟在 '&' 后面。。
	at org.eclipse.debug.internal.core.LaunchManager.createDebugException(LaunchManager.java:886)
	at org.eclipse.debug.internal.core.LaunchManager.throwException(LaunchManager.java:2448)
	at org.eclipse.debug.internal.core.LaunchManager.getInfo(LaunchManager.java:1366)
	at org.eclipse.debug.internal.core.LaunchConfiguration.getInfo(LaunchConfiguration.java:490)
	at org.eclipse.debug.internal.core.LaunchConfiguration.getType(LaunchConfiguration.java:645)
	at org.eclipse.debug.internal.core.LaunchManager.isValid(LaunchManager.java:2091)
	at org.eclipse.debug.internal.core.LaunchManager.verifyConfigurations(LaunchManager.java:2462)
	at org.eclipse.debug.internal.core.LaunchManager.getAllLaunchConfigurations(LaunchManager.java:1140)
	at org.eclipse.debug.internal.core.LaunchManager.getLaunchConfigurations(LaunchManager.java:1444)
	at org.eclipse.debug.internal.core.LaunchManager.getLaunchConfigurations(LaunchManager.java:1439)
	at org.eclipse.launchbar.core.internal.LaunchBarManager.init(LaunchBarManager.java:130)
	at org.eclipse.launchbar.core.internal.LaunchBarManager$1.run(LaunchBarManager.java:96)
	at org.eclipse.core.internal.jobs.Worker.run(Worker.java:63)
Caused by: org.xml.sax.SAXParseException; lineNumber: 3; columnNumber: 66; 在实体引用中, 实体名称必须紧跟在 '&' 后面。
	at com.sun.org.apache.xerces.internal.util.ErrorHandlerWrapper.createSAXParseException(ErrorHandlerWrapper.java:203)
	at com.sun.org.apache.xerces.internal.util.ErrorHandlerWrapper.fatalError(ErrorHandlerWrapper.java:177)
	at com.sun.org.apache.xerces.internal.impl.XMLErrorReporter.reportError(XMLErrorReporter.java:400)
	at com.sun.org.apache.xerces.internal.impl.XMLErrorReporter.reportError(XMLErrorReporter.java:327)
	at com.sun.org.apache.xerces.internal.impl.XMLScanner.reportFatalError(XMLScanner.java:1472)
	at com.sun.org.apache.xerces.internal.impl.XMLScanner.scanAttributeValue(XMLScanner.java:908)
	at com.sun.org.apache.xerces.internal.impl.XMLDocumentFragmentScannerImpl.scanAttribute(XMLDocumentFragmentScannerImpl.java:1548)
	at com.sun.org.apache.xerces.internal.impl.XMLDocumentFragmentScannerImpl.scanStartElement(XMLDocumentFragmentScannerImpl.java:1315)
	at com.sun.org.apache.xerces.internal.impl.XMLDocumentFragmentScannerImpl$FragmentContentDriver.next(XMLDocumentFragmentScannerImpl.java:2784)
	at com.sun.org.apache.xerces.internal.impl.XMLDocumentScannerImpl.next(XMLDocumentScannerImpl.java:602)
	at com.sun.org.apache.xerces.internal.impl.XMLDocumentFragmentScannerImpl.scanDocument(XMLDocumentFragmentScannerImpl.java:505)
	at com.sun.org.apache.xerces.internal.parsers.XML11Configuration.parse(XML11Configuration.java:841)
	at com.sun.org.apache.xerces.internal.parsers.XML11Configuration.parse(XML11Configuration.java:770)
	at com.sun.org.apache.xerces.internal.parsers.XMLParser.parse(XMLParser.java:141)
	at com.sun.org.apache.xerces.internal.parsers.DOMParser.parse(DOMParser.java:243)
	at com.sun.org.apache.xerces.internal.jaxp.DocumentBuilderImpl.parse(DocumentBuilderImpl.java:339)
	at org.eclipse.debug.internal.core.LaunchManager.createInfoFromXML(LaunchManager.java:935)
	at org.eclipse.debug.internal.core.LaunchManager.getInfo(LaunchManager.java:1359)
	... 10 more
!SUBENTRY 1 org.eclipse.debug.core 4 5012 2026-07-28 11:20:41.193
!MESSAGE 读取启动配置文件 F:\code\vibe_project\rollerball\M55\libraries\components\mtb-device-support-pse8xxgp\make\make\scripts\interface_version_3\eclipse\Application\flash\normal\KitProg3\&&_PRJ_NAME&& Debug Multicore (KitProg3_MiniProg4).launch 时发生了 org.xml.sax.SAXParseException; lineNumber: 3; columnNumber: 66; 在实体引用中, 实体名称必须紧跟在 '&' 后面。。
!STACK 0
org.xml.sax.SAXParseException; lineNumber: 3; columnNumber: 66; 在实体引用中, 实体名称必须紧跟在 '&' 后面。
	at com.sun.org.apache.xerces.internal.util.ErrorHandlerWrapper.createSAXParseException(ErrorHandlerWrapper.java:203)
	at com.sun.org.apache.xerces.internal.util.ErrorHandlerWrapper.fatalError(ErrorHandlerWrapper.java:177)
	at com.sun.org.apache.xerces.internal.impl.XMLErrorReporter.reportError(XMLErrorReporter.java:400)
	at com.sun.org.apache.xerces.internal.impl.XMLErrorReporter.reportError(XMLErrorReporter.java:327)
	at com.sun.org.apache.xerces.internal.impl.XMLScanner.reportFatalError(XMLScanner.java:1472)
	at com.sun.org.apache.xerces.internal.impl.XMLScanner.scanAttributeValue(XMLScanner.java:908)
	at com.sun.org.apache.xerces.internal.impl.XMLDocumentFragmentScannerImpl.scanAttribute(XMLDocumentFragmentScannerImpl.java:1548)
	at com.sun.org.apache.xerces.internal.impl.XMLDocumentFragmentScannerImpl.scanStartElement(XMLDocumentFragmentScannerImpl.java:1315)
	at com.sun.org.apache.xerces.internal.impl.XMLDocumentFragmentScannerImpl$FragmentContentDriver.next(XMLDocumentFragmentScannerImpl.java:2784)
	at com.sun.org.apache.xerces.internal.impl.XMLDocumentScannerImpl.next(XMLDocumentScannerImpl.java:602)
	at com.sun.org.apache.xerces.internal.impl.XMLDocumentFragmentScannerImpl.scanDocument(XMLDocumentFragmentScannerImpl.java:505)
	at com.sun.org.apache.xerces.internal.parsers.XML11Configuration.parse(XML11Configuration.java:841)
	at com.sun.org.apache.xerces.internal.parsers.XML11Configuration.parse(XML11Configuration.java:770)
	at com.sun.org.apache.xerces.internal.parsers.XMLParser.parse(XMLParser.java:141)
	at com.sun.org.apache.xerces.internal.parsers.DOMParser.parse(DOMParser.java:243)
	at com.sun.org.apache.xerces.internal.jaxp.DocumentBuilderImpl.parse(DocumentBuilderImpl.java:339)
	at org.eclipse.debug.internal.core.LaunchManager.createInfoFromXML(LaunchManager.java:935)
	at org.eclipse.debug.internal.core.LaunchManager.getInfo(LaunchManager.java:1359)
	at org.eclipse.debug.internal.core.LaunchConfiguration.getInfo(LaunchConfiguration.java:490)
	at org.eclipse.debug.internal.core.LaunchConfiguration.getType(LaunchConfiguration.java:645)
	at org.eclipse.debug.internal.core.LaunchManager.isValid(LaunchManager.java:2091)
	at org.eclipse.debug.internal.core.LaunchManager.verifyConfigurations(LaunchManager.java:2462)
	at org.eclipse.debug.internal.core.LaunchManager.getAllLaunchConfigurations(LaunchManager.java:1140)
	at org.eclipse.debug.internal.core.LaunchManager.getLaunchConfigurations(LaunchManager.java:1444)
	at org.eclipse.debug.internal.core.LaunchManager.getLaunchConfigurations(LaunchManager.java:1439)
	at org.eclipse.launchbar.core.internal.LaunchBarManager.init(LaunchBarManager.java:130)
	at org.eclipse.launchbar.core.internal.LaunchBarManager$1.run(LaunchBarManager.java:96)
	at org.eclipse.core.internal.jobs.Worker.run(Worker.java:63)

!ENTRY org.eclipse.debug.core 4 125 2026-07-28 11:20:41.194
!MESSAGE 调试核心所记录的错误：
!STACK 1
org.eclipse.debug.core.DebugException: 读取启动配置文件 F:\code\vibe_project\rollerball\M55\libraries\components\mtb-device-support-pse8xxgp\make\make\scripts\interface_version_3\eclipse\Application\flash\virgin\JLink\any\&&_PRJ_NAME&& Attach (JLink).launch 时发生了 org.xml.sax.SAXParseException; lineNumber: 3; columnNumber: 66; 在实体引用中, 实体名称必须紧跟在 '&' 后面。。
	at org.eclipse.debug.internal.core.LaunchManager.createDebugException(LaunchManager.java:886)
	at org.eclipse.debug.internal.core.LaunchManager.throwException(LaunchManager.java:2448)
	at org.eclipse.debug.internal.core.LaunchManager.getInfo(LaunchManager.java:1366)
	at org.eclipse.debug.internal.core.LaunchConfiguration.getInfo(LaunchConfiguration.java:490)
	at org.eclipse.debug.internal.core.LaunchConfiguration.getType(LaunchConfiguration.java:645)
	at org.eclipse.debug.internal.core.LaunchManager.isValid(LaunchManager.java:2091)
	at org.eclipse.debug.internal.core.LaunchManager.verifyConfigurations(LaunchManager.java:2462)
	at org.eclipse.debug.internal.core.LaunchManager.getAllLaunchConfigurations(LaunchManager.java:1140)
	at org.eclipse.debug.internal.core.LaunchManager.getLaunchConfigurations(LaunchManager.java:1444)
	at org.eclipse.debug.internal.core.LaunchManager.getLaunchConfigurations(LaunchManager.java:1439)
	at org.eclipse.launchbar.core.internal.LaunchBarManager.init(LaunchBarManager.java:130)
	at org.eclipse.launchbar.core.internal.LaunchBarManager$1.run(LaunchBarManager.java:96)
	at org.eclipse.core.internal.jobs.Worker.run(Worker.java:63)
Caused by: org.xml.sax.SAXParseException; lineNumber: 3; columnNumber: 66; 在实体引用中, 实体名称必须紧跟在 '&' 后面。
	at com.sun.org.apache.xerces.internal.util.ErrorHandlerWrapper.createSAXParseException(ErrorHandlerWrapper.java:203)
	at com.sun.org.apache.xerces.internal.util.ErrorHandlerWrapper.fatalError(ErrorHandlerWrapper.java:177)
	at com.sun.org.apache.xerces.internal.impl.XMLErrorReporter.reportError(XMLErrorReporter.java:400)
	at com.sun.org.apache.xerces.internal.impl.XMLErrorReporter.reportError(XMLErrorReporter.java:327)
	at com.sun.org.apache.xerces.internal.impl.XMLScanner.reportFatalError(XMLScanner.java:1472)
	at com.sun.org.apache.xerces.internal.impl.XMLScanner.scanAttributeValue(XMLScanner.java:908)
	at com.sun.org.apache.xerces.internal.impl.XMLDocumentFragmentScannerImpl.scanAttribute(XMLDocumentFragmentScannerImpl.java:1548)
	at com.sun.org.apache.xerces.internal.impl.XMLDocumentFragmentScannerImpl.scanStartElement(XMLDocumentFragmentScannerImpl.java:1315)
	at com.sun.org.apache.xerces.internal.impl.XMLDocumentFragmentScannerImpl$FragmentContentDriver.next(XMLDocumentFragmentScannerImpl.java:2784)
	at com.sun.org.apache.xerces.internal.impl.XMLDocumentScannerImpl.next(XMLDocumentScannerImpl.java:602)
	at com.sun.org.apache.xerces.internal.impl.XMLDocumentFragmentScannerImpl.scanDocument(XMLDocumentFragmentScannerImpl.java:505)
	at com.sun.org.apache.xerces.internal.parsers.XML11Configuration.parse(XML11Configuration.java:841)
	at com.sun.org.apache.xerces.internal.parsers.XML11Configuration.parse(XML11Configuration.java:770)
	at com.sun.org.apache.xerces.internal.parsers.XMLParser.parse(XMLParser.java:141)
	at com.sun.org.apache.xerces.internal.parsers.DOMParser.parse(DOMParser.java:243)
	at com.sun.org.apache.xerces.internal.jaxp.DocumentBuilderImpl.parse(DocumentBuilderImpl.java:339)
	at org.eclipse.debug.internal.core.LaunchManager.createInfoFromXML(LaunchManager.java:935)
	at org.eclipse.debug.internal.core.LaunchManager.getInfo(LaunchManager.java:1359)
	... 10 more
!SUBENTRY 1 org.eclipse.debug.core 4 5012 2026-07-28 11:20:41.194
!MESSAGE 读取启动配置文件 F:\code\vibe_project\rollerball\M55\libraries\components\mtb-device-support-pse8xxgp\make\make\scripts\interface_version_3\eclipse\Application\flash\virgin\JLink\any\&&_PRJ_NAME&& Attach (JLink).launch 时发生了 org.xml.sax.SAXParseException; lineNumber: 3; columnNumber: 66; 在实体引用中, 实体名称必须紧跟在 '&' 后面。。
!STACK 0
org.xml.sax.SAXParseException; lineNumber: 3; columnNumber: 66; 在实体引用中, 实体名称必须紧跟在 '&' 后面。
	at com.sun.org.apache.xerces.internal.util.ErrorHandlerWrapper.createSAXParseException(ErrorHandlerWrapper.java:203)
	at com.sun.org.apache.xerces.internal.util.ErrorHandlerWrapper.fatalError(ErrorHandlerWrapper.java:177)
	at com.sun.org.apache.xerces.internal.impl.XMLErrorReporter.reportError(XMLErrorReporter.java:400)
	at com.sun.org.apache.xerces.internal.impl.XMLErrorReporter.reportError(XMLErrorReporter.java:327)
	at com.sun.org.apache.xerces.internal.impl.XMLScanner.reportFatalError(XMLScanner.java:1472)
	at com.sun.org.apache.xerces.internal.impl.XMLScanner.scanAttributeValue(XMLScanner.java:908)
	at com.sun.org.apache.xerces.internal.impl.XMLDocumentFragmentScannerImpl.scanAttribute(XMLDocumentFragmentScannerImpl.java:1548)
	at com.sun.org.apache.xerces.internal.impl.XMLDocumentFragmentScannerImpl.scanStartElement(XMLDocumentFragmentScannerImpl.java:1315)
	at com.sun.org.apache.xerces.internal.impl.XMLDocumentFragmentScannerImpl$FragmentContentDriver.next(XMLDocumentFragmentScannerImpl.java:2784)
	at com.sun.org.apache.xerces.internal.impl.XMLDocumentScannerImpl.next(XMLDocumentScannerImpl.java:602)
	at com.sun.org.apache.xerces.internal.impl.XMLDocumentFragmentScannerImpl.scanDocument(XMLDocumentFragmentScannerImpl.java:505)
	at com.sun.org.apache.xerces.internal.parsers.XML11Configuration.parse(XML11Configuration.java:841)
	at com.sun.org.apache.xerces.internal.parsers.XML11Configuration.parse(XML11Configuration.java:770)
	at com.sun.org.apache.xerces.internal.parsers.XMLParser.parse(XMLParser.java:141)
	at com.sun.org.apache.xerces.internal.parsers.DOMParser.parse(DOMParser.java:243)
	at com.sun.org.apache.xerces.internal.jaxp.DocumentBuilderImpl.parse(DocumentBuilderImpl.java:339)
	at org.eclipse.debug.internal.core.LaunchManager.createInfoFromXML(LaunchManager.java:935)
	at org.eclipse.debug.internal.core.LaunchManager.getInfo(LaunchManager.java:1359)
	at org.eclipse.debug.internal.core.LaunchConfiguration.getInfo(LaunchConfiguration.java:490)
	at org.eclipse.debug.internal.core.LaunchConfiguration.getType(LaunchConfiguration.java:645)
	at org.eclipse.debug.internal.core.LaunchManager.isValid(LaunchManager.java:2091)
	at org.eclipse.debug.internal.core.LaunchManager.verifyConfigurations(LaunchManager.java:2462)
	at org.eclipse.debug.internal.core.LaunchManager.getAllLaunchConfigurations(LaunchManager.java:1140)
	at org.eclipse.debug.internal.core.LaunchManager.getLaunchConfigurations(LaunchManager.java:1444)
	at org.eclipse.debug.internal.core.LaunchManager.getLaunchConfigurations(LaunchManager.java:1439)
	at org.eclipse.launchbar.core.internal.LaunchBarManager.init(LaunchBarManager.java:130)
	at org.eclipse.launchbar.core.internal.LaunchBarManager$1.run(LaunchBarManager.java:96)
	at org.eclipse.core.internal.jobs.Worker.run(Worker.java:63)

!ENTRY org.eclipse.debug.core 4 125 2026-07-28 11:20:41.198
!MESSAGE 调试核心所记录的错误：
!STACK 1
org.eclipse.debug.core.DebugException: 读取启动配置文件 F:\code\vibe_project\rollerball\M55\libraries\components\mtb-device-support-pse8xxgp\make\make\scripts\interface_version_3\eclipse\Application\flash\virgin\JLink\any\&&_PRJ_NAME&& Debug (JLink).launch 时发生了 org.xml.sax.SAXParseException; lineNumber: 3; columnNumber: 66; 在实体引用中, 实体名称必须紧跟在 '&' 后面。。
	at org.eclipse.debug.internal.core.LaunchManager.createDebugException(LaunchManager.java:886)
	at org.eclipse.debug.internal.core.LaunchManager.throwException(LaunchManager.java:2448)
	at org.eclipse.debug.internal.core.LaunchManager.getInfo(LaunchManager.java:1366)
	at org.eclipse.debug.internal.core.LaunchConfiguration.getInfo(LaunchConfiguration.java:490)
	at org.eclipse.debug.internal.core.LaunchConfiguration.getType(LaunchConfiguration.java:645)
	at org.eclipse.debug.internal.core.LaunchManager.isValid(LaunchManager.java:2091)
	at org.eclipse.debug.internal.core.LaunchManager.verifyConfigurations(LaunchManager.java:2462)
	at org.eclipse.debug.internal.core.LaunchManager.getAllLaunchConfigurations(LaunchManager.java:1140)
	at org.eclipse.debug.internal.core.LaunchManager.getLaunchConfigurations(LaunchManager.java:1444)
	at org.eclipse.debug.internal.core.LaunchManager.getLaunchConfigurations(LaunchManager.java:1439)
	at org.eclipse.launchbar.core.internal.LaunchBarManager.init(LaunchBarManager.java:130)
	at org.eclipse.launchbar.core.internal.LaunchBarManager$1.run(LaunchBarManager.java:96)
	at org.eclipse.core.internal.jobs.Worker.run(Worker.java:63)
Caused by: org.xml.sax.SAXParseException; lineNumber: 3; columnNumber: 66; 在实体引用中, 实体名称必须紧跟在 '&' 后面。
	at com.sun.org.apache.xerces.internal.util.ErrorHandlerWrapper.createSAXParseException(ErrorHandlerWrapper.java:203)
	at com.sun.org.apache.xerces.internal.util.ErrorHandlerWrapper.fatalError(ErrorHandlerWrapper.java:177)
	at com.sun.org.apache.xerces.internal.impl.XMLErrorReporter.reportError(XMLErrorReporter.java:400)
	at com.sun.org.apache.xerces.internal.impl.XMLErrorReporter.reportError(XMLErrorReporter.java:327)
	at com.sun.org.apache.xerces.internal.impl.XMLScanner.reportFatalError(XMLScanner.java:1472)
	at com.sun.org.apache.xerces.internal.impl.XMLScanner.scanAttributeValue(XMLScanner.java:908)
	at com.sun.org.apache.xerces.internal.impl.XMLDocumentFragmentScannerImpl.scanAttribute(XMLDocumentFragmentScannerImpl.java:1548)
	at com.sun.org.apache.xerces.internal.impl.XMLDocumentFragmentScannerImpl.scanStartElement(XMLDocumentFragmentScannerImpl.java:1315)
	at com.sun.org.apache.xerces.internal.impl.XMLDocumentFragmentScannerImpl$FragmentContentDriver.next(XMLDocumentFragmentScannerImpl.java:2784)
	at com.sun.org.apache.xerces.internal.impl.XMLDocumentScannerImpl.next(XMLDocumentScannerImpl.java:602)
	at com.sun.org.apache.xerces.internal.impl.XMLDocumentFragmentScannerImpl.scanDocument(XMLDocumentFragmentScannerImpl.java:505)
	at com.sun.org.apache.xerces.internal.parsers.XML11Configuration.parse(XML11Configuration.java:841)
	at com.sun.org.apache.xerces.internal.parsers.XML11Configuration.parse(XML11Configuration.java:770)
	at com.sun.org.apache.xerces.internal.parsers.XMLParser.parse(XMLParser.java:141)
	at com.sun.org.apache.xerces.internal.parsers.DOMParser.parse(DOMParser.java:243)
	at com.sun.org.apache.xerces.internal.jaxp.DocumentBuilderImpl.parse(DocumentBuilderImpl.java:339)
	at org.eclipse.debug.internal.core.LaunchManager.createInfoFromXML(LaunchManager.java:935)
	at org.eclipse.debug.internal.core.LaunchManager.getInfo(LaunchManager.java:1359)
	... 10 more
!SUBENTRY 1 org.eclipse.debug.core 4 5012 2026-07-28 11:20:41.198
!MESSAGE 读取启动配置文件 F:\code\vibe_project\rollerball\M55\libraries\components\mtb-device-support-pse8xxgp\make\make\scripts\interface_version_3\eclipse\Application\flash\virgin\JLink\any\&&_PRJ_NAME&& Debug (JLink).launch 时发生了 org.xml.sax.SAXParseException; lineNumber: 3; columnNumber: 66; 在实体引用中, 实体名称必须紧跟在 '&' 后面。。
!STACK 0
org.xml.sax.SAXParseException; lineNumber: 3; columnNumber: 66; 在实体引用中, 实体名称必须紧跟在 '&' 后面。
	at com.sun.org.apache.xerces.internal.util.ErrorHandlerWrapper.createSAXParseException(ErrorHandlerWrapper.java:203)
	at com.sun.org.apache.xerces.internal.util.ErrorHandlerWrapper.fatalError(ErrorHandlerWrapper.java:177)
	at com.sun.org.apache.xerces.internal.impl.XMLErrorReporter.reportError(XMLErrorReporter.java:400)
	at com.sun.org.apache.xerces.internal.impl.XMLErrorReporter.reportError(XMLErrorReporter.java:327)
	at com.sun.org.apache.xerces.internal.impl.XMLScanner.reportFatalError(XMLScanner.java:1472)
	at com.sun.org.apache.xerces.internal.impl.XMLScanner.scanAttributeValue(XMLScanner.java:908)
	at com.sun.org.apache.xerces.internal.impl.XMLDocumentFragmentScannerImpl.scanAttribute(XMLDocumentFragmentScannerImpl.java:1548)
	at com.sun.org.apache.xerces.internal.impl.XMLDocumentFragmentScannerImpl.scanStartElement(XMLDocumentFragmentScannerImpl.java:1315)
	at com.sun.org.apache.xerces.internal.impl.XMLDocumentFragmentScannerImpl$FragmentContentDriver.next(XMLDocumentFragmentScannerImpl.java:2784)
	at com.sun.org.apache.xerces.internal.impl.XMLDocumentScannerImpl.next(XMLDocumentScannerImpl.java:602)
	at com.sun.org.apache.xerces.internal.impl.XMLDocumentFragmentScannerImpl.scanDocument(XMLDocumentFragmentScannerImpl.java:505)
	at com.sun.org.apache.xerces.internal.parsers.XML11Configuration.parse(XML11Configuration.java:841)
	at com.sun.org.apache.xerces.internal.parsers.XML11Configuration.parse(XML11Configuration.java:770)
	at com.sun.org.apache.xerces.internal.parsers.XMLParser.parse(XMLParser.java:141)
	at com.sun.org.apache.xerces.internal.parsers.DOMParser.parse(DOMParser.java:243)
	at com.sun.org.apache.xerces.internal.jaxp.DocumentBuilderImpl.parse(DocumentBuilderImpl.java:339)
	at org.eclipse.debug.internal.core.LaunchManager.createInfoFromXML(LaunchManager.java:935)
	at org.eclipse.debug.internal.core.LaunchManager.getInfo(LaunchManager.java:1359)
	at org.eclipse.debug.internal.core.LaunchConfiguration.getInfo(LaunchConfiguration.java:490)
	at org.eclipse.debug.internal.core.LaunchConfiguration.getType(LaunchConfiguration.java:645)
	at org.eclipse.debug.internal.core.LaunchManager.isValid(LaunchManager.java:2091)
	at org.eclipse.debug.internal.core.LaunchManager.verifyConfigurations(LaunchManager.java:2462)
	at org.eclipse.debug.internal.core.LaunchManager.getAllLaunchConfigurations(LaunchManager.java:1140)
	at org.eclipse.debug.internal.core.LaunchManager.getLaunchConfigurations(LaunchManager.java:1444)
	at org.eclipse.debug.internal.core.LaunchManager.getLaunchConfigurations(LaunchManager.java:1439)
	at org.eclipse.launchbar.core.internal.LaunchBarManager.init(LaunchBarManager.java:130)
	at org.eclipse.launchbar.core.internal.LaunchBarManager$1.run(LaunchBarManager.java:96)
	at org.eclipse.core.internal.jobs.Worker.run(Worker.java:63)

!ENTRY org.eclipse.debug.core 4 125 2026-07-28 11:20:41.199
!MESSAGE 调试核心所记录的错误：
!STACK 1
org.eclipse.debug.core.DebugException: 读取启动配置文件 F:\code\vibe_project\rollerball\M55\libraries\components\mtb-device-support-pse8xxgp\make\make\scripts\interface_version_3\eclipse\Application\flash\virgin\JLink\single\&&_PRJ_NAME&& Erase All (JLink).launch 时发生了 org.xml.sax.SAXParseException; lineNumber: 3; columnNumber: 66; 在实体引用中, 实体名称必须紧跟在 '&' 后面。。
	at org.eclipse.debug.internal.core.LaunchManager.createDebugException(LaunchManager.java:886)
	at org.eclipse.debug.internal.core.LaunchManager.throwException(LaunchManager.java:2448)
	at org.eclipse.debug.internal.core.LaunchManager.getInfo(LaunchManager.java:1366)
	at org.eclipse.debug.internal.core.LaunchConfiguration.getInfo(LaunchConfiguration.java:490)
	at org.eclipse.debug.internal.core.LaunchConfiguration.getType(LaunchConfiguration.java:645)
	at org.eclipse.debug.internal.core.LaunchManager.isValid(LaunchManager.java:2091)
	at org.eclipse.debug.internal.core.LaunchManager.verifyConfigurations(LaunchManager.java:2462)
	at org.eclipse.debug.internal.core.LaunchManager.getAllLaunchConfigurations(LaunchManager.java:1140)
	at org.eclipse.debug.internal.core.LaunchManager.getLaunchConfigurations(LaunchManager.java:1444)
	at org.eclipse.debug.internal.core.LaunchManager.getLaunchConfigurations(LaunchManager.java:1439)
	at org.eclipse.launchbar.core.internal.LaunchBarManager.init(LaunchBarManager.java:130)
	at org.eclipse.launchbar.core.internal.LaunchBarManager$1.run(LaunchBarManager.java:96)
	at org.eclipse.core.internal.jobs.Worker.run(Worker.java:63)
Caused by: org.xml.sax.SAXParseException; lineNumber: 3; columnNumber: 66; 在实体引用中, 实体名称必须紧跟在 '&' 后面。
	at com.sun.org.apache.xerces.internal.util.ErrorHandlerWrapper.createSAXParseException(ErrorHandlerWrapper.java:203)
	at com.sun.org.apache.xerces.internal.util.ErrorHandlerWrapper.fatalError(ErrorHandlerWrapper.java:177)
	at com.sun.org.apache.xerces.internal.impl.XMLErrorReporter.reportError(XMLErrorReporter.java:400)
	at com.sun.org.apache.xerces.internal.impl.XMLErrorReporter.reportError(XMLErrorReporter.java:327)
	at com.sun.org.apache.xerces.internal.impl.XMLScanner.reportFatalError(XMLScanner.java:1472)
	at com.sun.org.apache.xerces.internal.impl.XMLScanner.scanAttributeValue(XMLScanner.java:908)
	at com.sun.org.apache.xerces.internal.impl.XMLDocumentFragmentScannerImpl.scanAttribute(XMLDocumentFragmentScannerImpl.java:1548)
	at com.sun.org.apache.xerces.internal.impl.XMLDocumentFragmentScannerImpl.scanStartElement(XMLDocumentFragmentScannerImpl.java:1315)
	at com.sun.org.apache.xerces.internal.impl.XMLDocumentFragmentScannerImpl$FragmentContentDriver.next(XMLDocumentFragmentScannerImpl.java:2784)
	at com.sun.org.apache.xerces.internal.impl.XMLDocumentScannerImpl.next(XMLDocumentScannerImpl.java:602)
	at com.sun.org.apache.xerces.internal.impl.XMLDocumentFragmentScannerImpl.scanDocument(XMLDocumentFragmentScannerImpl.java:505)
	at com.sun.org.apache.xerces.internal.parsers.XML11Configuration.parse(XML11Configuration.java:841)
	at com.sun.org.apache.xerces.internal.parsers.XML11Configuration.parse(XML11Configuration.java:770)
	at com.sun.org.apache.xerces.internal.parsers.XMLParser.parse(XMLParser.java:141)
	at com.sun.org.apache.xerces.internal.parsers.DOMParser.parse(DOMParser.java:243)
	at com.sun.org.apache.xerces.internal.jaxp.DocumentBuilderImpl.parse(DocumentBuilderImpl.java:339)
	at org.eclipse.debug.internal.core.LaunchManager.createInfoFromXML(LaunchManager.java:935)
	at org.eclipse.debug.internal.core.LaunchManager.getInfo(LaunchManager.java:1359)
	... 10 more
!SUBENTRY 1 org.eclipse.debug.core 4 5012 2026-07-28 11:20:41.199
!MESSAGE 读取启动配置文件 F:\code\vibe_project\rollerball\M55\libraries\components\mtb-device-support-pse8xxgp\make\make\scripts\interface_version_3\eclipse\Application\flash\virgin\JLink\single\&&_PRJ_NAME&& Erase All (JLink).launch 时发生了 org.xml.sax.SAXParseException; lineNumber: 3; columnNumber: 66; 在实体引用中, 实体名称必须紧跟在 '&' 后面。。
!STACK 0
org.xml.sax.SAXParseException; lineNumber: 3; columnNumber: 66; 在实体引用中, 实体名称必须紧跟在 '&' 后面。
	at com.sun.org.apache.xerces.internal.util.ErrorHandlerWrapper.createSAXParseException(ErrorHandlerWrapper.java:203)
	at com.sun.org.apache.xerces.internal.util.ErrorHandlerWrapper.fatalError(ErrorHandlerWrapper.java:177)
	at com.sun.org.apache.xerces.internal.impl.XMLErrorReporter.reportError(XMLErrorReporter.java:400)
	at com.sun.org.apache.xerces.internal.impl.XMLErrorReporter.reportError(XMLErrorReporter.java:327)
	at com.sun.org.apache.xerces.internal.impl.XMLScanner.reportFatalError(XMLScanner.java:1472)
	at com.sun.org.apache.xerces.internal.impl.XMLScanner.scanAttributeValue(XMLScanner.java:908)
	at com.sun.org.apache.xerces.internal.impl.XMLDocumentFragmentScannerImpl.scanAttribute(XMLDocumentFragmentScannerImpl.java:1548)
	at com.sun.org.apache.xerces.internal.impl.XMLDocumentFragmentScannerImpl.scanStartElement(XMLDocumentFragmentScannerImpl.java:1315)
	at com.sun.org.apache.xerces.internal.impl.XMLDocumentFragmentScannerImpl$FragmentContentDriver.next(XMLDocumentFragmentScannerImpl.java:2784)
	at com.sun.org.apache.xerces.internal.impl.XMLDocumentScannerImpl.next(XMLDocumentScannerImpl.java:602)
	at com.sun.org.apache.xerces.internal.impl.XMLDocumentFragmentScannerImpl.scanDocument(XMLDocumentFragmentScannerImpl.java:505)
	at com.sun.org.apache.xerces.internal.parsers.XML11Configuration.parse(XML11Configuration.java:841)
	at com.sun.org.apache.xerces.internal.parsers.XML11Configuration.parse(XML11Configuration.java:770)
	at com.sun.org.apache.xerces.internal.parsers.XMLParser.parse(XMLParser.java:141)
	at com.sun.org.apache.xerces.internal.parsers.DOMParser.parse(DOMParser.java:243)
	at com.sun.org.apache.xerces.internal.jaxp.DocumentBuilderImpl.parse(DocumentBuilderImpl.java:339)
	at org.eclipse.debug.internal.core.LaunchManager.createInfoFromXML(LaunchManager.java:935)
	at org.eclipse.debug.internal.core.LaunchManager.getInfo(LaunchManager.java:1359)
	at org.eclipse.debug.internal.core.LaunchConfiguration.getInfo(LaunchConfiguration.java:490)
	at org.eclipse.debug.internal.core.LaunchConfiguration.getType(LaunchConfiguration.java:645)
	at org.eclipse.debug.internal.core.LaunchManager.isValid(LaunchManager.java:2091)
	at org.eclipse.debug.internal.core.LaunchManager.verifyConfigurations(LaunchManager.java:2462)
	at org.eclipse.debug.internal.core.LaunchManager.getAllLaunchConfigurations(LaunchManager.java:1140)
	at org.eclipse.debug.internal.core.LaunchManager.getLaunchConfigurations(LaunchManager.java:1444)
	at org.eclipse.debug.internal.core.LaunchManager.getLaunchConfigurations(LaunchManager.java:1439)
	at org.eclipse.launchbar.core.internal.LaunchBarManager.init(LaunchBarManager.java:130)
	at org.eclipse.launchbar.core.internal.LaunchBarManager$1.run(LaunchBarManager.java:96)
	at org.eclipse.core.internal.jobs.Worker.run(Worker.java:63)

!ENTRY org.eclipse.debug.core 4 125 2026-07-28 11:20:41.201
!MESSAGE 调试核心所记录的错误：
!STACK 1
org.eclipse.debug.core.DebugException: 读取启动配置文件 F:\code\vibe_project\rollerball\M55\libraries\components\mtb-device-support-pse8xxgp\make\make\scripts\interface_version_3\eclipse\Application\flash\virgin\JLink\single\&&_PRJ_NAME&& Erase Device (JLink).launch 时发生了 org.xml.sax.SAXParseException; lineNumber: 3; columnNumber: 66; 在实体引用中, 实体名称必须紧跟在 '&' 后面。。
	at org.eclipse.debug.internal.core.LaunchManager.createDebugException(LaunchManager.java:886)
	at org.eclipse.debug.internal.core.LaunchManager.throwException(LaunchManager.java:2448)
	at org.eclipse.debug.internal.core.LaunchManager.getInfo(LaunchManager.java:1366)
	at org.eclipse.debug.internal.core.LaunchConfiguration.getInfo(LaunchConfiguration.java:490)
	at org.eclipse.debug.internal.core.LaunchConfiguration.getType(LaunchConfiguration.java:645)
	at org.eclipse.debug.internal.core.LaunchManager.isValid(LaunchManager.java:2091)
	at org.eclipse.debug.internal.core.LaunchManager.verifyConfigurations(LaunchManager.java:2462)
	at org.eclipse.debug.internal.core.LaunchManager.getAllLaunchConfigurations(LaunchManager.java:1140)
	at org.eclipse.debug.internal.core.LaunchManager.getLaunchConfigurations(LaunchManager.java:1444)
	at org.eclipse.debug.internal.core.LaunchManager.getLaunchConfigurations(LaunchManager.java:1439)
	at org.eclipse.launchbar.core.internal.LaunchBarManager.init(LaunchBarManager.java:130)
	at org.eclipse.launchbar.core.internal.LaunchBarManager$1.run(LaunchBarManager.java:96)
	at org.eclipse.core.internal.jobs.Worker.run(Worker.java:63)
Caused by: org.xml.sax.SAXParseException; lineNumber: 3; columnNumber: 66; 在实体引用中, 实体名称必须紧跟在 '&' 后面。
	at com.sun.org.apache.xerces.internal.util.ErrorHandlerWrapper.createSAXParseException(ErrorHandlerWrapper.java:203)
	at com.sun.org.apache.xerces.internal.util.ErrorHandlerWrapper.fatalError(ErrorHandlerWrapper.java:177)
	at com.sun.org.apache.xerces.internal.impl.XMLErrorReporter.reportError(XMLErrorReporter.java:400)
	at com.sun.org.apache.xerces.internal.impl.XMLErrorReporter.reportError(XMLErrorReporter.java:327)
	at com.sun.org.apache.xerces.internal.impl.XMLScanner.reportFatalError(XMLScanner.java:1472)
	at com.sun.org.apache.xerces.internal.impl.XMLScanner.scanAttributeValue(XMLScanner.java:908)
	at com.sun.org.apache.xerces.internal.impl.XMLDocumentFragmentScannerImpl.scanAttribute(XMLDocumentFragmentScannerImpl.java:1548)
	at com.sun.org.apache.xerces.internal.impl.XMLDocumentFragmentScannerImpl.scanStartElement(XMLDocumentFragmentScannerImpl.java:1315)
	at com.sun.org.apache.xerces.internal.impl.XMLDocumentFragmentScannerImpl$FragmentContentDriver.next(XMLDocumentFragmentScannerImpl.java:2784)
	at com.sun.org.apache.xerces.internal.impl.XMLDocumentScannerImpl.next(XMLDocumentScannerImpl.java:602)
	at com.sun.org.apache.xerces.internal.impl.XMLDocumentFragmentScannerImpl.scanDocument(XMLDocumentFragmentScannerImpl.java:505)
	at com.sun.org.apache.xerces.internal.parsers.XML11Configuration.parse(XML11Configuration.java:841)
	at com.sun.org.apache.xerces.internal.parsers.XML11Configuration.parse(XML11Configuration.java:770)
	at com.sun.org.apache.xerces.internal.parsers.XMLParser.parse(XMLParser.java:141)
	at com.sun.org.apache.xerces.internal.parsers.DOMParser.parse(DOMParser.java:243)
	at com.sun.org.apache.xerces.internal.jaxp.DocumentBuilderImpl.parse(DocumentBuilderImpl.java:339)
	at org.eclipse.debug.internal.core.LaunchManager.createInfoFromXML(LaunchManager.java:935)
	at org.eclipse.debug.internal.core.LaunchManager.getInfo(LaunchManager.java:1359)
	... 10 more
!SUBENTRY 1 org.eclipse.debug.core 4 5012 2026-07-28 11:20:41.201
!MESSAGE 读取启动配置文件 F:\code\vibe_project\rollerball\M55\libraries\components\mtb-device-support-pse8xxgp\make\make\scripts\interface_version_3\eclipse\Application\flash\virgin\JLink\single\&&_PRJ_NAME&& Erase Device (JLink).launch 时发生了 org.xml.sax.SAXParseException; lineNumber: 3; columnNumber: 66; 在实体引用中, 实体名称必须紧跟在 '&' 后面。。
!STACK 0
org.xml.sax.SAXParseException; lineNumber: 3; columnNumber: 66; 在实体引用中, 实体名称必须紧跟在 '&' 后面。
	at com.sun.org.apache.xerces.internal.util.ErrorHandlerWrapper.createSAXParseException(ErrorHandlerWrapper.java:203)
	at com.sun.org.apache.xerces.internal.util.ErrorHandlerWrapper.fatalError(ErrorHandlerWrapper.java:177)
	at com.sun.org.apache.xerces.internal.impl.XMLErrorReporter.reportError(XMLErrorReporter.java:400)
	at com.sun.org.apache.xerces.internal.impl.XMLErrorReporter.reportError(XMLErrorReporter.java:327)
	at com.sun.org.apache.xerces.internal.impl.XMLScanner.reportFatalError(XMLScanner.java:1472)
	at com.sun.org.apache.xerces.internal.impl.XMLScanner.scanAttributeValue(XMLScanner.java:908)
	at com.sun.org.apache.xerces.internal.impl.XMLDocumentFragmentScannerImpl.scanAttribute(XMLDocumentFragmentScannerImpl.java:1548)
	at com.sun.org.apache.xerces.internal.impl.XMLDocumentFragmentScannerImpl.scanStartElement(XMLDocumentFragmentScannerImpl.java:1315)
	at com.sun.org.apache.xerces.internal.impl.XMLDocumentFragmentScannerImpl$FragmentContentDriver.next(XMLDocumentFragmentScannerImpl.java:2784)
	at com.sun.org.apache.xerces.internal.impl.XMLDocumentScannerImpl.next(XMLDocumentScannerImpl.java:602)
	at com.sun.org.apache.xerces.internal.impl.XMLDocumentFragmentScannerImpl.scanDocument(XMLDocumentFragmentScannerImpl.java:505)
	at com.sun.org.apache.xerces.internal.parsers.XML11Configuration.parse(XML11Configuration.java:841)
	at com.sun.org.apache.xerces.internal.parsers.XML11Configuration.parse(XML11Configuration.java:770)
	at com.sun.org.apache.xerces.internal.parsers.XMLParser.parse(XMLParser.java:141)
	at com.sun.org.apache.xerces.internal.parsers.DOMParser.parse(DOMParser.java:243)
	at com.sun.org.apache.xerces.internal.jaxp.DocumentBuilderImpl.parse(DocumentBuilderImpl.java:339)
	at org.eclipse.debug.internal.core.LaunchManager.createInfoFromXML(LaunchManager.java:935)
	at org.eclipse.debug.internal.core.LaunchManager.getInfo(LaunchManager.java:1359)
	at org.eclipse.debug.internal.core.LaunchConfiguration.getInfo(LaunchConfiguration.java:490)
	at org.eclipse.debug.internal.core.LaunchConfiguration.getType(LaunchConfiguration.java:645)
	at org.eclipse.debug.internal.core.LaunchManager.isValid(LaunchManager.java:2091)
	at org.eclipse.debug.internal.core.LaunchManager.verifyConfigurations(LaunchManager.java:2462)
	at org.eclipse.debug.internal.core.LaunchManager.getAllLaunchConfigurations(LaunchManager.java:1140)
	at org.eclipse.debug.internal.core.LaunchManager.getLaunchConfigurations(LaunchManager.java:1444)
	at org.eclipse.debug.internal.core.LaunchManager.getLaunchConfigurations(LaunchManager.java:1439)
	at org.eclipse.launchbar.core.internal.LaunchBarManager.init(LaunchBarManager.java:130)
	at org.eclipse.launchbar.core.internal.LaunchBarManager$1.run(LaunchBarManager.java:96)
	at org.eclipse.core.internal.jobs.Worker.run(Worker.java:63)

!ENTRY org.eclipse.debug.core 4 125 2026-07-28 11:20:41.203
!MESSAGE 调试核心所记录的错误：
!STACK 1
org.eclipse.debug.core.DebugException: 读取启动配置文件 F:\code\vibe_project\rollerball\M55\libraries\components\mtb-device-support-pse8xxgp\make\make\scripts\interface_version_3\eclipse\Application\flash\virgin\JLink\single\&&_PRJ_NAME&& Program (JLink).launch 时发生了 org.xml.sax.SAXParseException; lineNumber: 3; columnNumber: 66; 在实体引用中, 实体名称必须紧跟在 '&' 后面。。
	at org.eclipse.debug.internal.core.LaunchManager.createDebugException(LaunchManager.java:886)
	at org.eclipse.debug.internal.core.LaunchManager.throwException(LaunchManager.java:2448)
	at org.eclipse.debug.internal.core.LaunchManager.getInfo(LaunchManager.java:1366)
	at org.eclipse.debug.internal.core.LaunchConfiguration.getInfo(LaunchConfiguration.java:490)
	at org.eclipse.debug.internal.core.LaunchConfiguration.getType(LaunchConfiguration.java:645)
	at org.eclipse.debug.internal.core.LaunchManager.isValid(LaunchManager.java:2091)
	at org.eclipse.debug.internal.core.LaunchManager.verifyConfigurations(LaunchManager.java:2462)
	at org.eclipse.debug.internal.core.LaunchManager.getAllLaunchConfigurations(LaunchManager.java:1140)
	at org.eclipse.debug.internal.core.LaunchManager.getLaunchConfigurations(LaunchManager.java:1444)
	at org.eclipse.debug.internal.core.LaunchManager.getLaunchConfigurations(LaunchManager.java:1439)
	at org.eclipse.launchbar.core.internal.LaunchBarManager.init(LaunchBarManager.java:130)
	at org.eclipse.launchbar.core.internal.LaunchBarManager$1.run(LaunchBarManager.java:96)
	at org.eclipse.core.internal.jobs.Worker.run(Worker.java:63)
Caused by: org.xml.sax.SAXParseException; lineNumber: 3; columnNumber: 66; 在实体引用中, 实体名称必须紧跟在 '&' 后面。
	at com.sun.org.apache.xerces.internal.util.ErrorHandlerWrapper.createSAXParseException(ErrorHandlerWrapper.java:203)
	at com.sun.org.apache.xerces.internal.util.ErrorHandlerWrapper.fatalError(ErrorHandlerWrapper.java:177)
	at com.sun.org.apache.xerces.internal.impl.XMLErrorReporter.reportError(XMLErrorReporter.java:400)
	at com.sun.org.apache.xerces.internal.impl.XMLErrorReporter.reportError(XMLErrorReporter.java:327)
	at com.sun.org.apache.xerces.internal.impl.XMLScanner.reportFatalError(XMLScanner.java:1472)
	at com.sun.org.apache.xerces.internal.impl.XMLScanner.scanAttributeValue(XMLScanner.java:908)
	at com.sun.org.apache.xerces.internal.impl.XMLDocumentFragmentScannerImpl.scanAttribute(XMLDocumentFragmentScannerImpl.java:1548)
	at com.sun.org.apache.xerces.internal.impl.XMLDocumentFragmentScannerImpl.scanStartElement(XMLDocumentFragmentScannerImpl.java:1315)
	at com.sun.org.apache.xerces.internal.impl.XMLDocumentFragmentScannerImpl$FragmentContentDriver.next(XMLDocumentFragmentScannerImpl.java:2784)
	at com.sun.org.apache.xerces.internal.impl.XMLDocumentScannerImpl.next(XMLDocumentScannerImpl.java:602)
	at com.sun.org.apache.xerces.internal.impl.XMLDocumentFragmentScannerImpl.scanDocument(XMLDocumentFragmentScannerImpl.java:505)
	at com.sun.org.apache.xerces.internal.parsers.XML11Configuration.parse(XML11Configuration.java:841)
	at com.sun.org.apache.xerces.internal.parsers.XML11Configuration.parse(XML11Configuration.java:770)
	at com.sun.org.apache.xerces.internal.parsers.XMLParser.parse(XMLParser.java:141)
	at com.sun.org.apache.xerces.internal.parsers.DOMParser.parse(DOMParser.java:243)
	at com.sun.org.apache.xerces.internal.jaxp.DocumentBuilderImpl.parse(DocumentBuilderImpl.java:339)
	at org.eclipse.debug.internal.core.LaunchManager.createInfoFromXML(LaunchManager.java:935)
	at org.eclipse.debug.internal.core.LaunchManager.getInfo(LaunchManager.java:1359)
	... 10 more
!SUBENTRY 1 org.eclipse.debug.core 4 5012 2026-07-28 11:20:41.203
!MESSAGE 读取启动配置文件 F:\code\vibe_project\rollerball\M55\libraries\components\mtb-device-support-pse8xxgp\make\make\scripts\interface_version_3\eclipse\Application\flash\virgin\JLink\single\&&_PRJ_NAME&& Program (JLink).launch 时发生了 org.xml.sax.SAXParseException; lineNumber: 3; columnNumber: 66; 在实体引用中, 实体名称必须紧跟在 '&' 后面。。
!STACK 0
org.xml.sax.SAXParseException; lineNumber: 3; columnNumber: 66; 在实体引用中, 实体名称必须紧跟在 '&' 后面。
	at com.sun.org.apache.xerces.internal.util.ErrorHandlerWrapper.createSAXParseException(ErrorHandlerWrapper.java:203)
	at com.sun.org.apache.xerces.internal.util.ErrorHandlerWrapper.fatalError(ErrorHandlerWrapper.java:177)
	at com.sun.org.apache.xerces.internal.impl.XMLErrorReporter.reportError(XMLErrorReporter.java:400)
	at com.sun.org.apache.xerces.internal.impl.XMLErrorReporter.reportError(XMLErrorReporter.java:327)
	at com.sun.org.apache.xerces.internal.impl.XMLScanner.reportFatalError(XMLScanner.java:1472)
	at com.sun.org.apache.xerces.internal.impl.XMLScanner.scanAttributeValue(XMLScanner.java:908)
	at com.sun.org.apache.xerces.internal.impl.XMLDocumentFragmentScannerImpl.scanAttribute(XMLDocumentFragmentScannerImpl.java:1548)
	at com.sun.org.apache.xerces.internal.impl.XMLDocumentFragmentScannerImpl.scanStartElement(XMLDocumentFragmentScannerImpl.java:1315)
	at com.sun.org.apache.xerces.internal.impl.XMLDocumentFragmentScannerImpl$FragmentContentDriver.next(XMLDocumentFragmentScannerImpl.java:2784)
	at com.sun.org.apache.xerces.internal.impl.XMLDocumentScannerImpl.next(XMLDocumentScannerImpl.java:602)
	at com.sun.org.apache.xerces.internal.impl.XMLDocumentFragmentScannerImpl.scanDocument(XMLDocumentFragmentScannerImpl.java:505)
	at com.sun.org.apache.xerces.internal.parsers.XML11Configuration.parse(XML11Configuration.java:841)
	at com.sun.org.apache.xerces.internal.parsers.XML11Configuration.parse(XML11Configuration.java:770)
	at com.sun.org.apache.xerces.internal.parsers.XMLParser.parse(XMLParser.java:141)
	at com.sun.org.apache.xerces.internal.parsers.DOMParser.parse(DOMParser.java:243)
	at com.sun.org.apache.xerces.internal.jaxp.DocumentBuilderImpl.parse(DocumentBuilderImpl.java:339)
	at org.eclipse.debug.internal.core.LaunchManager.createInfoFromXML(LaunchManager.java:935)
	at org.eclipse.debug.internal.core.LaunchManager.getInfo(LaunchManager.java:1359)
	at org.eclipse.debug.internal.core.LaunchConfiguration.getInfo(LaunchConfiguration.java:490)
	at org.eclipse.debug.internal.core.LaunchConfiguration.getType(LaunchConfiguration.java:645)
	at org.eclipse.debug.internal.core.LaunchManager.isValid(LaunchManager.java:2091)
	at org.eclipse.debug.internal.core.LaunchManager.verifyConfigurations(LaunchManager.java:2462)
	at org.eclipse.debug.internal.core.LaunchManager.getAllLaunchConfigurations(LaunchManager.java:1140)
	at org.eclipse.debug.internal.core.LaunchManager.getLaunchConfigurations(LaunchManager.java:1444)
	at org.eclipse.debug.internal.core.LaunchManager.getLaunchConfigurations(LaunchManager.java:1439)
	at org.eclipse.launchbar.core.internal.LaunchBarManager.init(LaunchBarManager.java:130)
	at org.eclipse.launchbar.core.internal.LaunchBarManager$1.run(LaunchBarManager.java:96)
	at org.eclipse.core.internal.jobs.Worker.run(Worker.java:63)

!ENTRY org.eclipse.debug.core 4 125 2026-07-28 11:20:41.203
!MESSAGE 调试核心所记录的错误：
!STACK 1
org.eclipse.debug.core.DebugException: 读取启动配置文件 F:\code\vibe_project\rollerball\M55\libraries\components\mtb-device-support-pse8xxgp\make\make\scripts\interface_version_3\eclipse\Application\flash\virgin\KitProg3\&&_APP_NAME&& Debug MultiCore (KitProg3_MiniProg4).launch 时发生了 org.xml.sax.SAXParseException; lineNumber: 3; columnNumber: 66; 在实体引用中, 实体名称必须紧跟在 '&' 后面。。
	at org.eclipse.debug.internal.core.LaunchManager.createDebugException(LaunchManager.java:886)
	at org.eclipse.debug.internal.core.LaunchManager.throwException(LaunchManager.java:2448)
	at org.eclipse.debug.internal.core.LaunchManager.getInfo(LaunchManager.java:1366)
	at org.eclipse.debug.internal.core.LaunchConfiguration.getInfo(LaunchConfiguration.java:490)
	at org.eclipse.debug.internal.core.LaunchConfiguration.getType(LaunchConfiguration.java:645)
	at org.eclipse.debug.internal.core.LaunchManager.isValid(LaunchManager.java:2091)
	at org.eclipse.debug.internal.core.LaunchManager.verifyConfigurations(LaunchManager.java:2462)
	at org.eclipse.debug.internal.core.LaunchManager.getAllLaunchConfigurations(LaunchManager.java:1140)
	at org.eclipse.debug.internal.core.LaunchManager.getLaunchConfigurations(LaunchManager.java:1444)
	at org.eclipse.debug.internal.core.LaunchManager.getLaunchConfigurations(LaunchManager.java:1439)
	at org.eclipse.launchbar.core.internal.LaunchBarManager.init(LaunchBarManager.java:130)
	at org.eclipse.launchbar.core.internal.LaunchBarManager$1.run(LaunchBarManager.java:96)
	at org.eclipse.core.internal.jobs.Worker.run(Worker.java:63)
Caused by: org.xml.sax.SAXParseException; lineNumber: 3; columnNumber: 66; 在实体引用中, 实体名称必须紧跟在 '&' 后面。
	at com.sun.org.apache.xerces.internal.util.ErrorHandlerWrapper.createSAXParseException(ErrorHandlerWrapper.java:203)
	at com.sun.org.apache.xerces.internal.util.ErrorHandlerWrapper.fatalError(ErrorHandlerWrapper.java:177)
	at com.sun.org.apache.xerces.internal.impl.XMLErrorReporter.reportError(XMLErrorReporter.java:400)
	at com.sun.org.apache.xerces.internal.impl.XMLErrorReporter.reportError(XMLErrorReporter.java:327)
	at com.sun.org.apache.xerces.internal.impl.XMLScanner.reportFatalError(XMLScanner.java:1472)
	at com.sun.org.apache.xerces.internal.impl.XMLScanner.scanAttributeValue(XMLScanner.java:908)
	at com.sun.org.apache.xerces.internal.impl.XMLDocumentFragmentScannerImpl.scanAttribute(XMLDocumentFragmentScannerImpl.java:1548)
	at com.sun.org.apache.xerces.internal.impl.XMLDocumentFragmentScannerImpl.scanStartElement(XMLDocumentFragmentScannerImpl.java:1315)
	at com.sun.org.apache.xerces.internal.impl.XMLDocumentFragmentScannerImpl$FragmentContentDriver.next(XMLDocumentFragmentScannerImpl.java:2784)
	at com.sun.org.apache.xerces.internal.impl.XMLDocumentScannerImpl.next(XMLDocumentScannerImpl.java:602)
	at com.sun.org.apache.xerces.internal.impl.XMLDocumentFragmentScannerImpl.scanDocument(XMLDocumentFragmentScannerImpl.java:505)
	at com.sun.org.apache.xerces.internal.parsers.XML11Configuration.parse(XML11Configuration.java:841)
	at com.sun.org.apache.xerces.internal.parsers.XML11Configuration.parse(XML11Configuration.java:770)
	at com.sun.org.apache.xerces.internal.parsers.XMLParser.parse(XMLParser.java:141)
	at com.sun.org.apache.xerces.internal.parsers.DOMParser.parse(DOMParser.java:243)
	at com.sun.org.apache.xerces.internal.jaxp.DocumentBuilderImpl.parse(DocumentBuilderImpl.java:339)
	at org.eclipse.debug.internal.core.LaunchManager.createInfoFromXML(LaunchManager.java:935)
	at org.eclipse.debug.internal.core.LaunchManager.getInfo(LaunchManager.java:1359)
	... 10 more
!SUBENTRY 1 org.eclipse.debug.core 4 5012 2026-07-28 11:20:41.203
!MESSAGE 读取启动配置文件 F:\code\vibe_project\rollerball\M55\libraries\components\mtb-device-support-pse8xxgp\make\make\scripts\interface_version_3\eclipse\Application\flash\virgin\KitProg3\&&_APP_NAME&& Debug MultiCore (KitProg3_MiniProg4).launch 时发生了 org.xml.sax.SAXParseException; lineNumber: 3; columnNumber: 66; 在实体引用中, 实体名称必须紧跟在 '&' 后面。。
!STACK 0
org.xml.sax.SAXParseException; lineNumber: 3; columnNumber: 66; 在实体引用中, 实体名称必须紧跟在 '&' 后面。
	at com.sun.org.apache.xerces.internal.util.ErrorHandlerWrapper.createSAXParseException(ErrorHandlerWrapper.java:203)
	at com.sun.org.apache.xerces.internal.util.ErrorHandlerWrapper.fatalError(ErrorHandlerWrapper.java:177)
	at com.sun.org.apache.xerces.internal.impl.XMLErrorReporter.reportError(XMLErrorReporter.java:400)
	at com.sun.org.apache.xerces.internal.impl.XMLErrorReporter.reportError(XMLErrorReporter.java:327)
	at com.sun.org.apache.xerces.internal.impl.XMLScanner.reportFatalError(XMLScanner.java:1472)
	at com.sun.org.apache.xerces.internal.impl.XMLScanner.scanAttributeValue(XMLScanner.java:908)
	at com.sun.org.apache.xerces.internal.impl.XMLDocumentFragmentScannerImpl.scanAttribute(XMLDocumentFragmentScannerImpl.java:1548)
	at com.sun.org.apache.xerces.internal.impl.XMLDocumentFragmentScannerImpl.scanStartElement(XMLDocumentFragmentScannerImpl.java:1315)
	at com.sun.org.apache.xerces.internal.impl.XMLDocumentFragmentScannerImpl$FragmentContentDriver.next(XMLDocumentFragmentScannerImpl.java:2784)
	at com.sun.org.apache.xerces.internal.impl.XMLDocumentScannerImpl.next(XMLDocumentScannerImpl.java:602)
	at com.sun.org.apache.xerces.internal.impl.XMLDocumentFragmentScannerImpl.scanDocument(XMLDocumentFragmentScannerImpl.java:505)
	at com.sun.org.apache.xerces.internal.parsers.XML11Configuration.parse(XML11Configuration.java:841)
	at com.sun.org.apache.xerces.internal.parsers.XML11Configuration.parse(XML11Configuration.java:770)
	at com.sun.org.apache.xerces.internal.parsers.XMLParser.parse(XMLParser.java:141)
	at com.sun.org.apache.xerces.internal.parsers.DOMParser.parse(DOMParser.java:243)
	at com.sun.org.apache.xerces.internal.jaxp.DocumentBuilderImpl.parse(DocumentBuilderImpl.java:339)
	at org.eclipse.debug.internal.core.LaunchManager.createInfoFromXML(LaunchManager.java:935)
	at org.eclipse.debug.internal.core.LaunchManager.getInfo(LaunchManager.java:1359)
	at org.eclipse.debug.internal.core.LaunchConfiguration.getInfo(LaunchConfiguration.java:490)
	at org.eclipse.debug.internal.core.LaunchConfiguration.getType(LaunchConfiguration.java:645)
	at org.eclipse.debug.internal.core.LaunchManager.isValid(LaunchManager.java:2091)
	at org.eclipse.debug.internal.core.LaunchManager.verifyConfigurations(LaunchManager.java:2462)
	at org.eclipse.debug.internal.core.LaunchManager.getAllLaunchConfigurations(LaunchManager.java:1140)
	at org.eclipse.debug.internal.core.LaunchManager.getLaunchConfigurations(LaunchManager.java:1444)
	at org.eclipse.debug.internal.core.LaunchManager.getLaunchConfigurations(LaunchManager.java:1439)
	at org.eclipse.launchbar.core.internal.LaunchBarManager.init(LaunchBarManager.java:130)
	at org.eclipse.launchbar.core.internal.LaunchBarManager$1.run(LaunchBarManager.java:96)
	at org.eclipse.core.internal.jobs.Worker.run(Worker.java:63)

!ENTRY org.eclipse.debug.core 4 125 2026-07-28 11:20:41.203
!MESSAGE 调试核心所记录的错误：
!STACK 1
org.eclipse.debug.core.DebugException: 读取启动配置文件 F:\code\vibe_project\rollerball\M55\libraries\components\mtb-device-support-pse8xxgp\make\make\scripts\interface_version_3\eclipse\Application\flash\virgin\KitProg3\&&_APP_NAME&& Erase All (KitProg3_MiniProg4).launch 时发生了 org.xml.sax.SAXParseException; lineNumber: 3; columnNumber: 66; 在实体引用中, 实体名称必须紧跟在 '&' 后面。。
	at org.eclipse.debug.internal.core.LaunchManager.createDebugException(LaunchManager.java:886)
	at org.eclipse.debug.internal.core.LaunchManager.throwException(LaunchManager.java:2448)
	at org.eclipse.debug.internal.core.LaunchManager.getInfo(LaunchManager.java:1366)
	at org.eclipse.debug.internal.core.LaunchConfiguration.getInfo(LaunchConfiguration.java:490)
	at org.eclipse.debug.internal.core.LaunchConfiguration.getType(LaunchConfiguration.java:645)
	at org.eclipse.debug.internal.core.LaunchManager.isValid(LaunchManager.java:2091)
	at org.eclipse.debug.internal.core.LaunchManager.verifyConfigurations(LaunchManager.java:2462)
	at org.eclipse.debug.internal.core.LaunchManager.getAllLaunchConfigurations(LaunchManager.java:1140)
	at org.eclipse.debug.internal.core.LaunchManager.getLaunchConfigurations(LaunchManager.java:1444)
	at org.eclipse.debug.internal.core.LaunchManager.getLaunchConfigurations(LaunchManager.java:1439)
	at org.eclipse.launchbar.core.internal.LaunchBarManager.init(LaunchBarManager.java:130)
	at org.eclipse.launchbar.core.internal.LaunchBarManager$1.run(LaunchBarManager.java:96)
	at org.eclipse.core.internal.jobs.Worker.run(Worker.java:63)
Caused by: org.xml.sax.SAXParseException; lineNumber: 3; columnNumber: 66; 在实体引用中, 实体名称必须紧跟在 '&' 后面。
	at com.sun.org.apache.xerces.internal.util.ErrorHandlerWrapper.createSAXParseException(ErrorHandlerWrapper.java:203)
	at com.sun.org.apache.xerces.internal.util.ErrorHandlerWrapper.fatalError(ErrorHandlerWrapper.java:177)
	at com.sun.org.apache.xerces.internal.impl.XMLErrorReporter.reportError(XMLErrorReporter.java:400)
	at com.sun.org.apache.xerces.internal.impl.XMLErrorReporter.reportError(XMLErrorReporter.java:327)
	at com.sun.org.apache.xerces.internal.impl.XMLScanner.reportFatalError(XMLScanner.java:1472)
	at com.sun.org.apache.xerces.internal.impl.XMLScanner.scanAttributeValue(XMLScanner.java:908)
	at com.sun.org.apache.xerces.internal.impl.XMLDocumentFragmentScannerImpl.scanAttribute(XMLDocumentFragmentScannerImpl.java:1548)
	at com.sun.org.apache.xerces.internal.impl.XMLDocumentFragmentScannerImpl.scanStartElement(XMLDocumentFragmentScannerImpl.java:1315)
	at com.sun.org.apache.xerces.internal.impl.XMLDocumentFragmentScannerImpl$FragmentContentDriver.next(XMLDocumentFragmentScannerImpl.java:2784)
	at com.sun.org.apache.xerces.internal.impl.XMLDocumentScannerImpl.next(XMLDocumentScannerImpl.java:602)
	at com.sun.org.apache.xerces.internal.impl.XMLDocumentFragmentScannerImpl.scanDocument(XMLDocumentFragmentScannerImpl.java:505)
	at com.sun.org.apache.xerces.internal.parsers.XML11Configuration.parse(XML11Configuration.java:841)
	at com.sun.org.apache.xerces.internal.parsers.XML11Configuration.parse(XML11Configuration.java:770)
	at com.sun.org.apache.xerces.internal.parsers.XMLParser.parse(XMLParser.java:141)
	at com.sun.org.apache.xerces.internal.parsers.DOMParser.parse(DOMParser.java:243)
	at com.sun.org.apache.xerces.internal.jaxp.DocumentBuilderImpl.parse(DocumentBuilderImpl.java:339)
	at org.eclipse.debug.internal.core.LaunchManager.createInfoFromXML(LaunchManager.java:935)
	at org.eclipse.debug.internal.core.LaunchManager.getInfo(LaunchManager.java:1359)
	... 10 more
!SUBENTRY 1 org.eclipse.debug.core 4 5012 2026-07-28 11:20:41.203
!MESSAGE 读取启动配置文件 F:\code\vibe_project\rollerball\M55\libraries\components\mtb-device-support-pse8xxgp\make\make\scripts\interface_version_3\eclipse\Application\flash\virgin\KitProg3\&&_APP_NAME&& Erase All (KitProg3_MiniProg4).launch 时发生了 org.xml.sax.SAXParseException; lineNumber: 3; columnNumber: 66; 在实体引用中, 实体名称必须紧跟在 '&' 后面。。
!STACK 0
org.xml.sax.SAXParseException; lineNumber: 3; columnNumber: 66; 在实体引用中, 实体名称必须紧跟在 '&' 后面。
	at com.sun.org.apache.xerces.internal.util.ErrorHandlerWrapper.createSAXParseException(ErrorHandlerWrapper.java:203)
	at com.sun.org.apache.xerces.internal.util.ErrorHandlerWrapper.fatalError(ErrorHandlerWrapper.java:177)
	at com.sun.org.apache.xerces.internal.impl.XMLErrorReporter.reportError(XMLErrorReporter.java:400)
	at com.sun.org.apache.xerces.internal.impl.XMLErrorReporter.reportError(XMLErrorReporter.java:327)
	at com.sun.org.apache.xerces.internal.impl.XMLScanner.reportFatalError(XMLScanner.java:1472)
	at com.sun.org.apache.xerces.internal.impl.XMLScanner.scanAttributeValue(XMLScanner.java:908)
	at com.sun.org.apache.xerces.internal.impl.XMLDocumentFragmentScannerImpl.scanAttribute(XMLDocumentFragmentScannerImpl.java:1548)
	at com.sun.org.apache.xerces.internal.impl.XMLDocumentFragmentScannerImpl.scanStartElement(XMLDocumentFragmentScannerImpl.java:1315)
	at com.sun.org.apache.xerces.internal.impl.XMLDocumentFragmentScannerImpl$FragmentContentDriver.next(XMLDocumentFragmentScannerImpl.java:2784)
	at com.sun.org.apache.xerces.internal.impl.XMLDocumentScannerImpl.next(XMLDocumentScannerImpl.java:602)
	at com.sun.org.apache.xerces.internal.impl.XMLDocumentFragmentScannerImpl.scanDocument(XMLDocumentFragmentScannerImpl.java:505)
	at com.sun.org.apache.xerces.internal.parsers.XML11Configuration.parse(XML11Configuration.java:841)
	at com.sun.org.apache.xerces.internal.parsers.XML11Configuration.parse(XML11Configuration.java:770)
	at com.sun.org.apache.xerces.internal.parsers.XMLParser.parse(XMLParser.java:141)
	at com.sun.org.apache.xerces.internal.parsers.DOMParser.parse(DOMParser.java:243)
	at com.sun.org.apache.xerces.internal.jaxp.DocumentBuilderImpl.parse(DocumentBuilderImpl.java:339)
	at org.eclipse.debug.internal.core.LaunchManager.createInfoFromXML(LaunchManager.java:935)
	at org.eclipse.debug.internal.core.LaunchManager.getInfo(LaunchManager.java:1359)
	at org.eclipse.debug.internal.core.LaunchConfiguration.getInfo(LaunchConfiguration.java:490)
	at org.eclipse.debug.internal.core.LaunchConfiguration.getType(LaunchConfiguration.java:645)
	at org.eclipse.debug.internal.core.LaunchManager.isValid(LaunchManager.java:2091)
	at org.eclipse.debug.internal.core.LaunchManager.verifyConfigurations(LaunchManager.java:2462)
	at org.eclipse.debug.internal.core.LaunchManager.getAllLaunchConfigurations(LaunchManager.java:1140)
	at org.eclipse.debug.internal.core.LaunchManager.getLaunchConfigurations(LaunchManager.java:1444)
	at org.eclipse.debug.internal.core.LaunchManager.getLaunchConfigurations(LaunchManager.java:1439)
	at org.eclipse.launchbar.core.internal.LaunchBarManager.init(LaunchBarManager.java:130)
	at org.eclipse.launchbar.core.internal.LaunchBarManager$1.run(LaunchBarManager.java:96)
	at org.eclipse.core.internal.jobs.Worker.run(Worker.java:63)

!ENTRY org.eclipse.debug.core 4 125 2026-07-28 11:20:41.207
!MESSAGE 调试核心所记录的错误：
!STACK 1
org.eclipse.debug.core.DebugException: 读取启动配置文件 F:\code\vibe_project\rollerball\M55\libraries\components\mtb-device-support-pse8xxgp\make\make\scripts\interface_version_3\eclipse\Application\flash\virgin\KitProg3\&&_APP_NAME&& Erase Device (KitProg3_MiniProg4).launch 时发生了 org.xml.sax.SAXParseException; lineNumber: 3; columnNumber: 66; 在实体引用中, 实体名称必须紧跟在 '&' 后面。。
	at org.eclipse.debug.internal.core.LaunchManager.createDebugException(LaunchManager.java:886)
	at org.eclipse.debug.internal.core.LaunchManager.throwException(LaunchManager.java:2448)
	at org.eclipse.debug.internal.core.LaunchManager.getInfo(LaunchManager.java:1366)
	at org.eclipse.debug.internal.core.LaunchConfiguration.getInfo(LaunchConfiguration.java:490)
	at org.eclipse.debug.internal.core.LaunchConfiguration.getType(LaunchConfiguration.java:645)
	at org.eclipse.debug.internal.core.LaunchManager.isValid(LaunchManager.java:2091)
	at org.eclipse.debug.internal.core.LaunchManager.verifyConfigurations(LaunchManager.java:2462)
	at org.eclipse.debug.internal.core.LaunchManager.getAllLaunchConfigurations(LaunchManager.java:1140)
	at org.eclipse.debug.internal.core.LaunchManager.getLaunchConfigurations(LaunchManager.java:1444)
	at org.eclipse.debug.internal.core.LaunchManager.getLaunchConfigurations(LaunchManager.java:1439)
	at org.eclipse.launchbar.core.internal.LaunchBarManager.init(LaunchBarManager.java:130)
	at org.eclipse.launchbar.core.internal.LaunchBarManager$1.run(LaunchBarManager.java:96)
	at org.eclipse.core.internal.jobs.Worker.run(Worker.java:63)
Caused by: org.xml.sax.SAXParseException; lineNumber: 3; columnNumber: 66; 在实体引用中, 实体名称必须紧跟在 '&' 后面。
	at com.sun.org.apache.xerces.internal.util.ErrorHandlerWrapper.createSAXParseException(ErrorHandlerWrapper.java:203)
	at com.sun.org.apache.xerces.internal.util.ErrorHandlerWrapper.fatalError(ErrorHandlerWrapper.java:177)
	at com.sun.org.apache.xerces.internal.impl.XMLErrorReporter.reportError(XMLErrorReporter.java:400)
	at com.sun.org.apache.xerces.internal.impl.XMLErrorReporter.reportError(XMLErrorReporter.java:327)
	at com.sun.org.apache.xerces.internal.impl.XMLScanner.reportFatalError(XMLScanner.java:1472)
	at com.sun.org.apache.xerces.internal.impl.XMLScanner.scanAttributeValue(XMLScanner.java:908)
	at com.sun.org.apache.xerces.internal.impl.XMLDocumentFragmentScannerImpl.scanAttribute(XMLDocumentFragmentScannerImpl.java:1548)
	at com.sun.org.apache.xerces.internal.impl.XMLDocumentFragmentScannerImpl.scanStartElement(XMLDocumentFragmentScannerImpl.java:1315)
	at com.sun.org.apache.xerces.internal.impl.XMLDocumentFragmentScannerImpl$FragmentContentDriver.next(XMLDocumentFragmentScannerImpl.java:2784)
	at com.sun.org.apache.xerces.internal.impl.XMLDocumentScannerImpl.next(XMLDocumentScannerImpl.java:602)
	at com.sun.org.apache.xerces.internal.impl.XMLDocumentFragmentScannerImpl.scanDocument(XMLDocumentFragmentScannerImpl.java:505)
	at com.sun.org.apache.xerces.internal.parsers.XML11Configuration.parse(XML11Configuration.java:841)
	at com.sun.org.apache.xerces.internal.parsers.XML11Configuration.parse(XML11Configuration.java:770)
	at com.sun.org.apache.xerces.internal.parsers.XMLParser.parse(XMLParser.java:141)
	at com.sun.org.apache.xerces.internal.parsers.DOMParser.parse(DOMParser.java:243)
	at com.sun.org.apache.xerces.internal.jaxp.DocumentBuilderImpl.parse(DocumentBuilderImpl.java:339)
	at org.eclipse.debug.internal.core.LaunchManager.createInfoFromXML(LaunchManager.java:935)
	at org.eclipse.debug.internal.core.LaunchManager.getInfo(LaunchManager.java:1359)
	... 10 more
!SUBENTRY 1 org.eclipse.debug.core 4 5012 2026-07-28 11:20:41.207
!MESSAGE 读取启动配置文件 F:\code\vibe_project\rollerball\M55\libraries\components\mtb-device-support-pse8xxgp\make\make\scripts\interface_version_3\eclipse\Application\flash\virgin\KitProg3\&&_APP_NAME&& Erase Device (KitProg3_MiniProg4).launch 时发生了 org.xml.sax.SAXParseException; lineNumber: 3; columnNumber: 66; 在实体引用中, 实体名称必须紧跟在 '&' 后面。。
!STACK 0
org.xml.sax.SAXParseException; lineNumber: 3; columnNumber: 66; 在实体引用中, 实体名称必须紧跟在 '&' 后面。
	at com.sun.org.apache.xerces.internal.util.ErrorHandlerWrapper.createSAXParseException(ErrorHandlerWrapper.java:203)
	at com.sun.org.apache.xerces.internal.util.ErrorHandlerWrapper.fatalError(ErrorHandlerWrapper.java:177)
	at com.sun.org.apache.xerces.internal.impl.XMLErrorReporter.reportError(XMLErrorReporter.java:400)
	at com.sun.org.apache.xerces.internal.impl.XMLErrorReporter.reportError(XMLErrorReporter.java:327)
	at com.sun.org.apache.xerces.internal.impl.XMLScanner.reportFatalError(XMLScanner.java:1472)
	at com.sun.org.apache.xerces.internal.impl.XMLScanner.scanAttributeValue(XMLScanner.java:908)
	at com.sun.org.apache.xerces.internal.impl.XMLDocumentFragmentScannerImpl.scanAttribute(XMLDocumentFragmentScannerImpl.java:1548)
	at com.sun.org.apache.xerces.internal.impl.XMLDocumentFragmentScannerImpl.scanStartElement(XMLDocumentFragmentScannerImpl.java:1315)
	at com.sun.org.apache.xerces.internal.impl.XMLDocumentFragmentScannerImpl$FragmentContentDriver.next(XMLDocumentFragmentScannerImpl.java:2784)
	at com.sun.org.apache.xerces.internal.impl.XMLDocumentScannerImpl.next(XMLDocumentScannerImpl.java:602)
	at com.sun.org.apache.xerces.internal.impl.XMLDocumentFragmentScannerImpl.scanDocument(XMLDocumentFragmentScannerImpl.java:505)
	at com.sun.org.apache.xerces.internal.parsers.XML11Configuration.parse(XML11Configuration.java:841)
	at com.sun.org.apache.xerces.internal.parsers.XML11Configuration.parse(XML11Configuration.java:770)
	at com.sun.org.apache.xerces.internal.parsers.XMLParser.parse(XMLParser.java:141)
	at com.sun.org.apache.xerces.internal.parsers.DOMParser.parse(DOMParser.java:243)
	at com.sun.org.apache.xerces.internal.jaxp.DocumentBuilderImpl.parse(DocumentBuilderImpl.java:339)
	at org.eclipse.debug.internal.core.LaunchManager.createInfoFromXML(LaunchManager.java:935)
	at org.eclipse.debug.internal.core.LaunchManager.getInfo(LaunchManager.java:1359)
	at org.eclipse.debug.internal.core.LaunchConfiguration.getInfo(LaunchConfiguration.java:490)
	at org.eclipse.debug.internal.core.LaunchConfiguration.getType(LaunchConfiguration.java:645)
	at org.eclipse.debug.internal.core.LaunchManager.isValid(LaunchManager.java:2091)
	at org.eclipse.debug.internal.core.LaunchManager.verifyConfigurations(LaunchManager.java:2462)
	at org.eclipse.debug.internal.core.LaunchManager.getAllLaunchConfigurations(LaunchManager.java:1140)
	at org.eclipse.debug.internal.core.LaunchManager.getLaunchConfigurations(LaunchManager.java:1444)
	at org.eclipse.debug.internal.core.LaunchManager.getLaunchConfigurations(LaunchManager.java:1439)
	at org.eclipse.launchbar.core.internal.LaunchBarManager.init(LaunchBarManager.java:130)
	at org.eclipse.launchbar.core.internal.LaunchBarManager$1.run(LaunchBarManager.java:96)
	at org.eclipse.core.internal.jobs.Worker.run(Worker.java:63)
